id,SMILES,Tg,FFV,Tc,Density,Rg
87817,CCCCCCOC(=O)c1ccccc1C(C)CC,45.0,0.37464529,0.2056666666666666,,
106919,CCCCCC1CCC(c2ccc([C@@H](CCC)c3ccc(NC)cc3)cc2)(c2ccc([C@@H](CCC)c3ccc(NC)cc3)cc2)CC1,,0.3704102,,,
388772,COc1ccc(S(=O)(=O)c2ccc(Oc3ccc(C4(c5ccc(Oc6ccc(S(=O)(=O)c7ccc(Oc8ccc(C=C9CCCC(=Cc%10ccc(C)cc%10)C9=O)cc8)cc7)cc6)cc5)CCCCC4)cc3)cc2)cc1,,0.37885964,,,
519416,CNc1ccc(-c2c(-c3ccc(C)cc3)c(-c3ccc(C)cc3)c(NC)c(-c3ccc(C)cc3)c2-c2ccc(C)cc2)cc1,,0.3873239,,,
539187,COc1ccc(OC(=O)c2cc(OCCCCCCCCCOCC3CCCN3c3ccc([N+](=O)[O-])cc3)c(C(C)=O)cc2OCCCCCCCCCOCC2CCCN2c2ccc([N+](=O)[O-])cc2)cc1,34.0,0.35547017,,,
950661,COC(=O)CCCCCCCCC(=O)OC1COC2C(C)COC12,3.0,0.33909279,,,
1012066,CNc1ccc([C@H]2[C@@H]3C[C@H]4C[C@@H](C3)C[C@@H]2C4)cc1NC,,0.3476159,,,
1022104,CC(=O)Nc1ccc(Oc2ccc(Oc3ccc(NC(=O)c4ccc5c(c4)C(=O)N(c4ccc(Oc6ccc(C7(c8ccc(Oc9ccc(N%10C(=O)c%11ccc(C)cc%11C%10=O)cc9)cc8)CC8CC7C7CCCC87)cc6)cc4)C5=O)cc3)c(C(C)(C)C)c2)cc1,275.0,0.37754464,,,
1722264,CCC(C)(C)C(=O)OCCCCCCCCCOc1ccc2cc(C(=O)Oc3ccccc3)ccc2c1,18.0,0.35917558,,,
2265305,CNc1ccc(-c2ccc(-c3ccc(NC)cc3)cc2)cc1,,0.341878125,,,
2986007,Cc1ccc(-c2ccc3c(c2)C(CCCCCCC#N)(CCCCCCC#N)c2cc(C)ccc2-3)cc1,90.0,0.40239665,0.487,0.901122805,28.6824407
3013292,CCC(C)c1ccc(C(=O)O)c(C(=O)O)c1,,,0.171,1.184354013,13.53424751
3053950,Cc1cccc(N2C(=O)c3ccc(Oc4ccc5ccc(Oc6ccc7c(c6)C(=O)N(C)C7=O)cc5c4)cc3C2=O)c1,254.0,0.36481552,,,
3128201,CC(=O)c1ccc2c(c1)C(=O)N(c1ccc(C(=O)c3ccc(Cc4ccc(C(=O)c5ccc(N6C(=O)c7ccc(C)cc7C6=O)cc5)cc4)cc3)cc1)C2=O,285.5,0.36956078,,,
3139746,CCCOCCOC(=O)c1ccc(C(=O)OC)cc1,21.9,0.3314918,,,
3254580,CNc1ccc(CCc2ccc(NC)c(C)c2)c(C)c1,,0.34991627,,,
4600132,CNc1ccc(-c2ccc(NC)cc2)cc1,,0.33687015,,,
4658296,CNc1ccc(C(c2ccc(NC(=O)c3ccc(C(C)=O)cc3)cc2)(P2(=O)Oc3ccccc3-c3ccccc32)P2(=O)Oc3ccccc3-c3ccccc32)cc1,245.0,0.36326495,,,
4834929,CNc1ccc2c(c1)[C@H]1CC[C@@H]2c2cc(NC)ccc21,,0.36594162,,,
5118841,CCCCCCCCN(C)c1ccc(C(C)=O)cc1,30.0,0.40101187,,,
5350166,CCC(C)(COC(=O)NCCCCCCNC(=O)OC)C(=O)O,-26.0,0.31898697,,,
5650517,CCOC(=O)C(Cc1ccc(OC)cc1)NC(=O)CCc1ccc(OC(=O)CCCC(C)=O)cc1,70.0,0.33573247,,,
5661484,Cc1ccc(Oc2ccc(S(=O)(=O)c3ccc(Oc4ccc(-c5nc(-c6ccccn6)nnc5C)cc4)cc3)cc2)cc1,265.0,0.38715626,,,
5709902,CNc1ccc(NC(=O)CCCCCCC(C)=O)cc1,138.0,0.33579028,,,
5724071,CNC(=O)Nc1ccc(Cc2ccc(NC(=O)Nc3cccc(C)n3)cc2)cc1,206.5,0.33930299,,,
5857263,Cc1ccc(Oc2ccc(Oc3ccc(Oc4ccc(N5C(=O)c6ccc(-c7ccc8c(c7)C(=O)N(C)C8=O)cc6C5=O)cc4)cc3)cc2)cc1,228.51,0.36614256,,,
5905810,CCc1c(C)c(C)c(CNC(=O)CCCCCC(C)CC(=O)NC)c(C)c1C,211.0,0.34722767,,,
5966923,CCCCNC(=O)OCCc1cc(C)sc1C,67.5,0.36941899,,,
6019988,CCCC(C)C(C)CCNC(=O)c1cccc(C(=O)NC)c1,125.0,0.3407009,,,
6102563,CC(=O)OCCOCCOC(=O)c1ccc(N2C(=O)c3ccc(C)cc3C2=O)cc1,101.0,0.32926001,,,
6259923,CNC1=C(c2ccc(O)cc2OC)[C@@H](NC)c2c(N)ccc(N)c21,,0.32877014,,,
6645418,CCCCCCNC(=O)CCCCC(=O)NC,46.5,0.3327408,0.327,,
6665789,CNc1cccc(C=Cc2ccc(NC(=O)c3cccc(C(C)=O)c3)cc2)c1,,0.35017075,,,
7586800,CC(=O)Nc1ccc(Oc2ccc(C(C)(C)c3ccc(Oc4ccc(NC(=O)c5ccc6c(c5)C(=O)N(c5ccc(-c7sc(-c8ccc(N9C(=O)c%10ccc(C)cc%10C9=O)cc8)c(-c8ccccc8)c7-c7ccccc7)cc5)C6=O)cc4)cc3)cc2)cc1,287.0,0.38518992,,,
7687820,CCCCCCCCCCCCCCCCCCCNC(=O)NCCCCCCNC(=O)NC,,,0.383,,
8689461,CCCCCCCCCCCCCCCCC(C)CC,55.0,0.40787312,0.375,,
8973725,CCC(C)CC(C)(C)CC,,,0.1863333333333333,,
9231170,CCC(C)CC,-24.1,,0.2253333333333333,,13.87291346
9284896,CO[Si](C)(C)CCCNC(=O)C(=O)NCCC[Si](C)(C)C,-46.48,0.38708542,,,
10061985,CCCCCCCCCCCN1C(=O)c2ccc(-c3ccc(-c4ccc5c(c4)C(=O)N(C)C5=O)cc3)cc2C1=O,103.0,0.3487648,,,
10142210,CNC(C)C(=O)NCC(=O)NCC(C)=O,208.6397491,,,,
10557152,CC(C)=[C](C)[Ge]([CH3])([CH3])[CH3],,0.39996108,,,
11301237,Cc1ccc(Oc2ccc(-c3nc4ccc(Oc5ccc(N6C(=O)c7ccc(C(c8ccc9c(c8)C(=O)N(c8ccc(Oc%10ccc%11nc(C)c(-c%12ccccc%12)nc%11c%10)cc8)C9=O)(C(F)(F)F)C(F)(F)F)cc7C6=O)cc5)cc4nc3-c3ccccc3)cc2)cc1,267.0,0.40256926,,,
11664621,COC(COC(C)=O)COC(C)C,,0.35338284,,,
11667291,CC(=O)c1ccc2c(c1)C(=O)N(c1ccc(Cc3ccc(C(=O)c4ccc(N5C(=O)c6ccc(C)cc6C5=O)cc4)cc3)cc1)C2=O,307.0,0.38083463,,,
11796436,CNc1cc2c(c(-c3ccccc3)c1NC)[C@@H](c1ccccc1)c1ccccc1-2,,0.37078536,,,
11894206,CCC(C)C(=O)Oc1ccccc1C,51.5,0.35783052,0.1735,1.061864136,12.7374634
11955349,CC(=Nc1ccccc1)c1ccc(-c2ccc(C)cc2)cc1,,0.39901234,,,
12008966,CCC(C)c1ccc(C(C)(C)C)cc1,138.0,,0.184,,
12265790,CCC(C)C(=O)OC(C)C,-5.0,0.36594213,,,
12381586,CCC(C)C(=O)OCCCCCCOc1ccc(-c2ccc(C#N)cc2)cc1,45.0,0.35839221,,,
12395811,COc1ccc(C(C)=Cc2cc(OC)c(C=C(c3ccc(C)cc3)c3ccc(OC)cc3)cc2OC)cc1,,0.37715059,,,
12627006,CCN(CCOc1ccc(C)cc1-c1cc(-c2ccccc2)c2cc(Oc3ccc4nc(C)cc(-c5ccccc5)c4c3)ccc2n1)c1ccc(C(C#N)=C(C#N)C#N)cc1,200.0,0.39541698,,,
12724819,CC=Cc1ccc2c(c1)Sc1cc(-c3ccc4c(c3)Sc3cc(C)ccc3N4c3ccc(OCCCCCCCCCCCC)cc3)ccc1N2c1ccc(OCCCCCCCCCCCC)cc1,,0.400601,,,
13021733,COCCOCCOCCOCCOCCC[Si](C)(CCCOCCOCCOCCOCCOC)OC,-69.8,0.36551909,,,
13364814,CCCCP(C)(=O)CCCNC(=O)CCCCC(=O)NC,33.0,0.33815952,,,
13630833,Cc1ccc2c(c1)C(=O)N(c1c(C)cc(Cc3cc(C)c(N4C(=O)c5ccc(C(C)(C(F)(F)F)C(F)(F)F)cc5C4=O)c(C(C)C)c3)cc1C(C)C)C2=O,276.0,0.42131241,,,
13838538,CCCCCCCSSCCCCSSC,-41.26672381,,0.192,,
13850404,COC(=O)OCC(O)C(O)COC(=O)OC1COC2C(C)COC12,78.5,0.29768641,,,
13874722,CCCCCCOCOC,-80.0,0.36424093,,,
15891916,Cc1ccc(Oc2ccc(C(=O)c3cccc(C(=O)c4ccc(Oc5ccc(-c6nc(-c7cccc(-c8nc(C)c(-c9ccccc9)[nH]8)c7)[nH]c6-c6ccccc6)cc5)cc4)c3)cc2)cc1,256.5,0.39177495,,,
15979280,COc1ccc(NC(=O)c2cc(NC(=O)CCCCCN3C(=O)c4ccccc4C3=O)cc(C(=O)Nc3ccc(C)cc3)c2)cc1,200.0,0.33547772,,,
16364869,Cc1ccc2c(c1)C(=O)N(c1cc(N3C(=O)c4ccc(C(C)(C(F)(F)F)C(F)(F)F)cc4C3=O)cc(C(F)(F)F)c1)C2=O,284.0,0.39841654,,,
16498242,CC=CCCCCCCCCC,-17.2820223,,0.343357529,0.85471523,22.38144722
16855553,CCC(C)C(=O)Oc1ccccc1,60.0,0.3539411,0.196,1.109388621,13.43533854
17114758,COc1ccc(Cc2ccc(OC(=O)c3ccc(C(C)(C)c4ccc(C(C)=O)cc4)cc3)cc2)cc1,140.0,0.36534872,,,
17899555,C#Cc1ccc(-n2c(=O)c3cc4c(=O)n(-c5ccc(C(C)=CC)cc5)c(=O)c4cc3c2=O)cc1,,0.37446752,,,
18227797,CCCCCCOC(=O)C(Cc1ccc(OC)cc1)NC(=O)CCc1ccc(OC(=O)CCCCCCCCC(C)=O)cc1,22.0,0.35827772,,,
18308835,CO[Si](C)(C)c1ccc2ccc([Si](C)(C)C)cc2c1,26.0,0.41603966,,,
18339242,[2H]C([2H])([2H])OC(=O)C(C)CC,35.0,0.32713966,,,
18520951,CCC(C)(C)C1C(=O)N(c2c(C)cccc2C)C(=O)C1C,237.0,0.36567807,,,
18696710,CCC(O)COc1c(C)cc(S(=O)(=O)c2cc(C)c(OC)c(C)c2)cc1C,152.5,0.36816578,,,
19277692,Cc1ccc(Oc2ccc(-c3cnc4ccc(Oc5ccc6nc(C)cnc6c5)cc4n3)cc2)cc1,270.0,0.39336683,,,
19303052,CCC(C)(C)C(=O)OCc1cc(Cl)ccc1Cl,27.8,0.36119278,0.138323775,1.269736861,16.48420407
19522327,CCC(C)OC(=O)c1cccc(Br)c1,57.5,0.37722551,,,
20039468,COc1ccc(-c2ccc(-c3ccc(Oc4ccc(C(=O)c5cccc(C(=O)c6ccc(C)cc6)c5)cc4)cc3)cc2)cc1,174.0,0.36836692,,,
20273521,CCC(CN1C(=O)C2C3C=CC(C3)C2C1=O)OC,87.5,0.34392035,,,
20627281,CNc1cc2ccccc2c(-c2cccc3ccccc23)c1NC,,0.35509262,,,
20883601,CCc1cc(C)c(CNC(=O)c2ccc(C(=O)NC)cc2)cc1C,225.0,0.33875515,,,
21279513,COc1ccc(C2(c3ccc(OC4(F)C(C)(F)C(F)(F)C4(F)F)cc3)c3ccccc3-c3ccccc32)cc1,228.0,0.38927007,,,
21520341,CC(=O)Nc1ccc(C2(c3ccc(N4C(=O)c5ccc(C)cc5C4=O)cc3)CCC(C)CC2)cc1,322.0,0.37589597,,,
22184710,CCCOC(=O)c1ccc(C(C)CC)cc1,92.0,0.37674615,,,
22597605,Cc1ccc(Oc2ccc(-c3nc4cc(-c5ccc6nc(-c7ccccc7)c(C)nc6c5)ccc4nc3-c3ccccc3)cc2)cc1,300.0,0.41714937,,,
22905078,CCC(C)C(=O)OCC(F)(F)C(F)(F)C(F)(F)C(F)(F)C(F)(F)F,-39.0,0.32506583,,,
22928574,CCC[CH2][Sn]([CH2]CCC)([O]C)[O]C(=O)/C=C/C(C)=O,186.0,0.35027613,,,
22953969,COc1ccc(-c2ccc(OC(=O)CCCCCCCCCCCCC(C)=O)cc2)cc1,95.0,0.35595348,0.279614546,1.055075595,21.23825618
23036398,Cc1ccc(S(=O)(=O)c2ccc(N3C(=O)C(C)C(SCCOCCSC4C(=O)N(c5ccc(S(=O)(=O)c6ccc(N7C(=O)CC(C)(SCCOCCSC8(C)CC(=O)N(C)C8=O)C7=O)cc6)cc5)C(=O)C4C)C3=O)cc2)cc1,157.0,0.34421859,,,
23192453,CCC(C)S(C)(=O)=O,,,,1.293314518,20.99132259
23694396,CN=P(C)(Cl)Cl,-63.0,0.34644364,,,
23713841,CC(=O)Nc1ccc(Oc2ccc(C3(c4ccc(Oc5ccc(NC(=O)c6ccc7c(c6)C(=O)N(c6ccc(Oc8ccc(Oc9ccc(N%10C(=O)c%11ccc(C)cc%11C%10=O)cc9)cc8)cc6)C7=O)cc5)cc4)NC(=O)c4ccccc43)cc2)cc1,284.0,0.36615689,,,
24351648,CNc1ccc(C2(c3ccc(NC)cc3)C=CCCC2)cc1,,0.34884686,,,
24969052,CCCCCCOC(=O)c1cccc(C(=O)OC)c1,7.0,0.34539931,,,
24982830,Cc1ccc(NC(=O)CN2C(=O)c3ccc(C(c4ccc5c(c4)C(=O)N(CC(=O)Nc4ccc(-c6nnc(C)o6)cc4)C5=O)(C(F)(F)F)C(F)(F)F)cc3C2=O)cc1,280.0,0.35544781,,,
25581268,Cc1ccc(S(=O)(=O)c2ccc(N3C(=O)c4ccc(Oc5ccc(C(C)(C)c6ccc(Oc7ccc8c(c7)C(=O)N(C)C8=O)cc6)cc5)cc4C3=O)cc2)cc1,267.0,0.37886829,,,
25596707,Cc1ccc(Oc2ccc(N3C(=O)c4cc(-c5ccc([Si](C)(C)C)cc5)c(-c5cc6c(cc5-c5ccc([Si](C)(C)C)cc5)C(=O)N(C)C6=O)cc4C3=O)cc2)cc1,348.0,0.42813779,,,
25599707,Cc1ccc(Oc2ccc(S(=O)(=O)c3ccc(Oc4ccc(-c5nc(-c6cccc(-c7nc(C)c(-c8ccccc8)[nH]7)c6)[nH]c5-c5ccccc5)cc4)cc3)cc2)cc1,292.0,0.40187067,,,
25748429,Cc1ccc(Cc2ccc(N3C(=O)C4CCC5C(=O)N(C)C(=O)C5C4C3=O)c(C)c2)cc1C,340.0,0.38793304,0.238258763,1.113927188,24.39262553
26299008,CCC(C)c1cc(C(C)C)ccc1C(C)C,,,0.1616666666666666,0.830463672,11.48207818
26367456,C=C[C@](CC)(Cc1cc([C@@](CC)(CCC)Cc2ccc(NC)cc2)ccc1N)c1ccc(NC)cc1,,0.35808156,,,
26995134,CNc1ccc(/C=C/c2ccc(NC)cc2)cc1,,0.34415534,,,
28121925,Cc1ccc(C(c2ccc(N3C(=O)c4ccc(-c5ccc6c(c5)C(=O)N(C)C6=O)cc4C3=O)cc2)(C(F)(F)F)C(F)(F)F)cc1,343.0,0.39361972,,,
28200504,CCCOC(=O)NCCCCCCNC(=O)OC,56.0,0.32916214,,,
28479659,Cc1ccc(Oc2cccc(Oc3ccc(N4C(=O)c5ccc(Oc6ccc(-c7ccc(Oc8ccc9c(c8)C(=O)N(C)C9=O)cc7)cc6)cc5C4=O)cc3)c2)cc1,205.0,0.36156161,,,
29482987,CC(=C(C)c1ccc(Oc2ccccc2)cc1)c1ccccc1,,0.40046864,,,
29766304,CCC(C)(C)C(=O)Oc1ccc(C(=O)c2ccccc2)cc1,118.0,0.35600022,,,
29881762,CCCCCCCN1C(=O)C(=O)N(C)C1=O,55.0,0.31655437,,,
29928066,CCC(C)(C)C(=O)OCCn1c2ccccc2c2ccccc21,148.0,0.35181885,,,
30582999,CCCCCCCCCCCOC(=O)c1ccc(C(=O)NCCNC(=O)c2ccc(C(=O)OC)cc2)cc1,4.250402609,,,,
30682090,Cc1ccc(C(C)(C)c2ccc(N3C(=O)c4ccc(Oc5ccc6cc(Oc7ccc8c(c7)C(=O)N(C)C8=O)ccc6c5)cc4C3=O)cc2)cc1,236.0,0.38208553,,,
31430153,COC(COC(=O)Nc1ccc(Cc2ccc(NC(C)=O)cc2)cc1)c1ccco1,40.0,0.34289328,,,
31529134,CC(=O)Nc1cccc(NC(=O)c2ccc(N3C(=O)c4ccc(C)cc4C3=O)cc2)c1,240.0,0.33798245,0.316497691,1.288525485,29.40900588
31841016,CCC(C)(C)C(=O)OCCOC(=O)c1cc([N+](=O)[O-])cc([N+](=O)[O-])c1,92.0,0.41138901,,,
32316139,CCCN(C)C(=O)c1cc(F)cc(F)c1F,110.0,0.33952456,,,
32586958,C/N=C(\N)C(N)=C(NC)NC,,0.29714034,,,
34026248,CNc1ccc(Cc2ccc(NC(=O)c3ccc(P(=O)(c4ccccc4)c4ccc(C(C)=O)cc4)cc3)cc2)cc1,307.0,0.36719294,,,
34042817,CCCCCCCOC(=O)c1cccc(C(=O)OC)c1,5.5,0.34938247,,,
34234994,Cc1ccc2c(c1)C(=O)N(c1cccc(C(=O)Nc3ccc(Oc4ccc(C(c5ccc(Oc6ccc(NC(=O)c7cccc(N8C(=O)c9ccc(C(C)(C(F)(F)F)C(F)(F)F)cc9C8=O)c7)cc6)cc5)(C(F)(F)F)C(F)(F)F)cc4)cc3)c1)C2=O,266.0,0.36162895,,,
34546505,COc1cccc(Oc2ccc(C(=O)c3ccc(P(=O)(c4ccccc4)c4ccc(C(=O)c5ccc(C)cc5)cc4)cc3)cc2)c1,201.0,0.37794539,,,
35288312,Cc1ccc(C=Nc2ccc(C(c3ccccc3)c3ccc(N=Cc4ccc(-c5ccc(C)s5)cc4)cc3)cc2)cc1,,0.40126347,,,
35380876,Cc1ccc(Oc2ccc(-n3c(=O)c4cc5c(=O)n(-c6ccc(Oc7ccc(-c8nc9cc%10sc(C)nc%10cc9s8)cc7)cc6)c(=O)c5cc4c3=O)cc2)cc1,400.0,0.422749,,,
35399593,CN=P(C)(Oc1ccc(C)cc1)Oc1ccc(C)cc1,5.0,0.39264145,,,
35822036,CCC1(C)CC(N2C(=O)c3ccc(Oc4ccc5c(c4)C(=O)N(C)C5=O)cc3C2=O)CC(C)(C)C1,266.0,0.36993749,,,
36217683,CCCCCCOc1cc(-c2nc3cc4sc(C)nc4cc3s2)c(OCCCCCC)cc1C,168.5263131,,,,
36780446,CCCCc1cc(OC)cc(OC(=O)c2cccc(C(C)=O)c2)c1,97.5,0.36080704,,,
37511814,CCCCCc1ccc(-c2cc3c4ccc(NC)cc4c4ccccc4c3c(-c3ccc(CCCCC)cc3)c2NC)cc1,,0.36461838,,,
37571918,CNc1cc2ccc3ccc4c(NC)cc5ccc6ccc1c1c6c5c4c3c21,,0.33562005,,,
37623475,CNc1ccc(-c2ccc(NC)c(-c3cccc(C)c3)c2-c2cccc(C)c2)cc1,,0.37320004,,,
37727451,CC(=O)Nc1ccc(C)cc1N1C(=O)CC(N2C(=O)c3ccc(C)cc3C2=O)C1=O,237.0,0.34915334,,,
38112797,CNc1cc(C2CCCCC2)c2ccc3c(NC)c(-c4ccccc4)c(C4CCCCC4)c4c(-c5ccccc5)cc1c2c34,,0.39389056,,,
38228922,CC(=O)Nc1cccc(NC(=O)c2ccc3[nH]c(-c4cc(-c5nc6cc(C)ccc6[nH]5)cc(N5C(=O)c6ccccc6C5=O)c4)nc3c2)n1,312.0,0.36599842,,,
38242048,C/C(F)=C(\F)C(F)(C(C)(F)F)C(F)(F)F,-3.0,,0.102,,
39109326,CCCN(CCOC(=O)NCC1(C)CC(NC(=O)OC)CC(C)(C)C1)c1ccc(N=Nc2ccc(P(=O)(c3ccccc3)c3ccccc3)cc2)cc1,,0.36633956,,,
40088405,Cc1ccc(C(c2ccccc2)c2ccc(N3C(=O)c4ccc(S(=O)(=O)c5ccc6c(c5)C(=O)N(C)C6=O)cc4C3=O)cc2)cc1,305.0,0.39645555,,,
40146140,CC(=O)Nc1cc(NC(=O)c2ccc3c(c2)C(=O)N(c2cc(-c4nc5ccccc5o4)cc(N4C(=O)c5ccc(C)cc5C4=O)c2)C3=O)cc(-c2nc3ccccc3[nH]2)c1,371.0,0.37477933,,,
40417262,CNc1ccc(Oc2cccc(NC)c2)cc1,,0.33227609,,,
40655089,CC(=O)Nc1ccc(Oc2ccc(-c3ccc(Oc4ccc(NC(=O)c5ccc6c(c5)C(=O)N(c5ccc(Oc7ccc(S(=O)(=O)c8ccc(Oc9ccc(N%10C(=O)c%11ccc(C)cc%11C%10=O)cc9)cc8)cc7)cc5)C6=O)cc4)cc3)cc2)cc1,267.0,0.36114325,,,
40953121,CC(=O)Nc1ccc(Oc2ccc(C3(c4ccc(Oc5ccc(NC(=O)c6ccc7c(c6)C(=O)N(c6ccc(C)c(N8C(=O)c9ccc(C)cc9C8=O)c6)C7=O)cc5)cc4)NC(=O)c4ccccc43)cc2)cc1,315.0,0.37070669,,,
41386383,CCCCCCC(C)CCCCCC,-76.0,0.40628619,,0.797183169,16.82724961
41421570,Cc1ccc2c(c1)C(=O)N(c1ccc(Oc3ccc(C(=O)c4cccc(C(=O)c5ccc(Oc6ccc(N7C(=O)c8ccc(C(C)(C(F)(F)F)C(F)(F)F)cc8C7=O)cc6)cc5)n4)cc3)cc1)C2=O,226.9,0.36563224,,,
41644742,COc1ccc(OC(=O)c2cc(OCCCCOCC3CCCN3c3ccc([N+](=O)[O-])cc3)c(C(C)=O)cc2OCCCCOCC2CCCN2c2ccc([N+](=O)[O-])cc2)cc1,68.0,0.34909461,,,
41684723,CCCCCCOc1cc(-c2ccc(OC(=O)c3ccc(C(C)=O)cc3)cc2)c(OCCCCCC)cc1-c1ccc(OC)cc1,81.55306128,,,,
41977066,CCC(C)(C)C(=O)NC(=O)Oc1c(Br)cc(S(=O)(=O)c2cc(Br)c(O)c(Br)c2)cc1Br,116.0,0.37549639,0.109,,
42779237,Cc1cccc(OCCCCCCCCCCCOC(=O)CCCCC(=O)OCCCCCCCCCCCOc2cccc(-c3nnc(C)s3)c2)c1,35.51374296,,,,
43489811,CCCCNC(=O)c1ccc(C(=O)NCCCOC)cc1,72.0,0.32981777,,,
43517583,CCC(C)c1ccc(C)c(C)c1,111.0,,0.1905,,
44130721,COc1ccc(OC(=O)c2cccc(Sc3ccc(OC(=O)c4ccc(C(=O)Oc5ccc(Sc6cccc(C(C)=O)c6)cc5)cc4)cc3)c2)cc1C,106.5,0.35931108,,,
44332410,CCCCCCCC(C)CC,-47.0,0.40501273,0.2669999999999999,0.7966448,10.79657738
45108843,CO[Si](C)(CCC(F)(F)F)CCC(F)(F)C(F)(F)C(F)(F)C(F)(F)C(F)(F)C(F)(F)C(F)(F)C(F)(F)C(F)(F)C(F)(F)CC[Si](C)(C)CCC(F)(F)F,-11.0,0.36246435,,,
45704443,COc1ccc(C(C)(C)c2ccc(Oc3ccc(C(=O)c4ccc(C(c5ccc(C(=O)c6ccc(C)cc6)cc5)(C(F)(F)F)C(F)(F)F)cc4)cc3)cc2)cc1,181.0,0.3798743,,,
45818224,COC(F)(F)C(F)(F)C(C)(F)F,-109.0,0.2987695,0.112134181,1.851480396,21.34122545
45908417,CC(=O)c1cccc(C(=O)N(C)c2ccccc2)c1,148.0,0.38456711,,,
46067784,CCCCn1c2ccccc2c2cc(COC(=O)C(C)(C)CC)ccc21,87.0,0.3630391,,,
46369100,CNc1ccccc1C(C)(c1ccccc1N)c1ccccc1NC,,0.35719832,,,
46473006,CC=CC1CC(C)C(C#N)(CCC)C1,,0.39981874,,,
46656995,CCC(C)CCCN(CC(C)C)CC(C)C,,,0.201,0.817146131,9.7283551
47046176,Cc1ccc(Oc2ccc(C(=O)c3ccc(Oc4ccc(N5C(=O)c6ccc(Oc7cccc(Oc8ccc9c(c8)C(=O)N(C)C9=O)c7)cc6C5=O)cc4)cc3)cc2)cc1,201.0,0.36207286,,,
48005195,CC=Nc1cccc(N=Cc2ccc(Sc3ccc(C)o3)o2)c1,122.5813993,,,,
48202315,Cc1ccc(Oc2ccc(Oc3ccc(P(=O)(c4ccccc4)c4ccc(Oc5ccc(Oc6ccc(-c7nc8cc9sc(C)nc9cc8s7)cc6)cc5)cc4)cc3)cc2)cc1,255.0,0.40182864,,,
48308812,CCCCCCCNC(=O)C(=O)NC,250.0,0.3220757,,,
48554956,Cc1ccc(NC=Nc2ccc(S(C)(=O)=O)cc2)cc1,,0.39082082,,,
48717962,CNc1ccc([C@](C)(c2ccccc2)c2cccc(NC)c2)cc1,,0.35081859,,,
49062920,CCCOCCOCCOC(=O)c1cc(N=Nc2ccc(OCC)cc2)ccc1-c1ccc(N=Nc2ccc(OCC)cc2)cc1C(=O)OC,,0.36389929,,,
49325830,CC(=O)c1ccc2c(c1)C(=O)N(c1ccc3c(c1)Cc1cc(N4C(=O)c5ccc(C)cc5C4=O)ccc1-3)C2=O,341.5,0.38603498,0.3325687,1.231381223,29.02493893
49367014,COc1cccc(C(=O)c2ccc(C)cc2)c1,137.0,0.36502137,,,
49737348,CCn1c2ccc(C)cc2c2cc(C)ccc21,206.6525359,,,,
49886836,COc1ccc(C2(c3ccc(Oc4c(F)c(F)c(C(=O)c5c(F)c(F)c(C)c(F)c5F)c(F)c4F)cc3)c3ccccc3-c3ccccc32)cc1,223.0,0.39033829,,,
50053709,CC(=O)c1ccc2c(c1)C(=O)N(c1cccc(C(=O)c3ccc(Oc4ccc(N5C(=O)c6ccc(C)cc6C5=O)cc4C(F)(F)F)cc3)c1)C2=O,242.0,0.37058659,,,
50438012,CCCCCCCCCCOC(=O)c1ccc(C(=O)NCCCCCNC(=O)c2ccc(C(=O)OC)cc2)cc1,,,0.315,,
51223278,CC(=O)Oc1ccc(C(C)(C)c2ccc(OC(=O)c3ccc4c(c3)C(=O)N(c3cccc(N5C(=O)c6ccc(C)cc6C5=O)c3)C4=O)cc2)cc1,225.0,0.3563254,,,
51367162,CC(=O)c1ccc2c(c1)C(=O)N(C1CCC(CC3CCC(N4C(=O)c5ccc(C)cc5C4=O)C(C)C3)CC1C)C2=O,240.0,0.38365388,,,
51939851,Cc1ccc(Oc2ccc(C(c3ccc(Oc4ccc(-c5nnc(C)n5-c5ccccc5)cc4)cc3)(C(F)(F)F)C(F)(F)F)cc2)cc1,203.0,0.38673273,,,
51976096,CCCCCCCCOC(=O)C(Cc1ccc(OC)cc1)NC(=O)Cc1ccc(OC(=O)CC(C)CCC(C)=O)cc1,30.0,0.35062977,,,
52181246,C=C=C=C(COS(=O)(=O)c1ccc(OC)cc1)C(=C)COS(=O)(=O)c1ccc(OC)cc1,55.30555285,,,,
52357313,Cc1ccc(-c2ccc(C(C)(c3ccccc3)C(F)(F)F)cc2)cc1,,,0.233,1.06572076,19.28801766
52649125,COc1ccc(N=CCCCC=Nc2ccc(OC(=O)NC3CC(C)(C)CC(C)(CNC(C)=O)C3)cc2)cc1,,0.35087282,,,
52868719,CCC(C)C(=O)OCCSCCCC#N,-58.0,0.38452978,0.18,1.085387972,12.35091595
53248904,CCCCCCCCCCCn1c(=O)c2cc3c(=O)n(C)c(=O)c3c(Br)c2c1=O,137.1087261,,,,
53311142,CCCOC(=O)CC(C)OC,-37.1,0.33475958,,,
53548350,CNc1ccc(-c2ccc(NC)c3c2CCCC3)cc1,,0.35475566,,,
53844809,CCC(C)(C)C(=O)OCCCCCCCC[n+]1ccc(N(C)C)cc1,,0.36783355,,,
53951865,CNc1c(O)c(N)c(N)c(O)c1NC,,0.31749993,,,
54084083,CCCCCC(C)CC,-45.5,,0.2583999999999999,0.771934125,12.37609961
54206705,CC=C(C)C(CCCCCCC)[Si](C)(C)C,,0.41060554,,,
54625460,Cc1cccc(NC(=O)c2ccc(OCCOc3ccc(C(=O)Nc4ccc5[nH]c(C)nc5c4)cc3)cc2)c1,250.0,0.35047536,,,
55326263,CC(=O)Nc1cccc(S(=O)(=O)c2cccc(NC(=O)c3ccc4c(c3)C(=O)N(c3ccc(-c5sc(-c6ccc(N7C(=O)c8ccc(C)cc8C7=O)cc6)c(-c6ccccc6)c5-c5ccccc5)cc3)C4=O)c2)c1,320.0,0.38854979,,,
55400154,Cc1ccc(Cc2ccc(N3C(=O)c4ccc(Oc5ccc6c(c5)C(=O)N(C)C6=O)cc4C3=O)c(C(C)(C)C)c2)cc1C(C)(C)C,216.0,0.40159385,,,
55701750,CCSC(C)CC,-7.0,0.43094205,,,
55715472,CNc1ccc(Cc2ccc(NC(=O)c3cc(NC(=O)c4ccncc4)cc(C(C)=O)c3)cc2)cc1,302.0,0.34502809,,,
55938751,CN=P(C)(Oc1ccc(Cl)cc1)Oc1ccc(Cl)cc1,4.0,0.39730375,,,
56235690,COc1ccc(C2(c3ccc(Oc4ccc5c(=O)n6c7cc(-c8ccc9c(c8)nc8c%10ccc(C)c%11cccc(c(=O)n98)c%11%10)ccc7nc6c6cccc4c56)cc3)c3ccccc3C(=O)c3ccccc32)cc1,428.0,0.39530481,,,
56319655,COc1cccc2ccc(Oc3ccc(NC(=O)c4cc(C(=O)Nc5ccc(C)cc5)cc(C(C)(C)C)c4)cc3)cc12,263.0,0.36260258,,,
56734204,CCC(C)(C)C(=O)OC1CCCCC1,88.0,,0.2239999999999999,0.91386168,10.8595327
56881469,Cc1ccc2c(c1)C(=O)N(c1ccc(Oc3ccc(C(=O)c4ccc(Oc5ccc(N6C(=O)c7ccc(C(C)(C(F)(F)F)C(F)(F)F)cc7C6=O)cc5)cc4)cc3)cc1)C2=O,266.0,0.38067611,,,
57070808,CC(=O)Nc1ccc(Oc2ccc(NC(=O)c3ccc4c(c3)C(=O)N(c3ccc(-c5sc(-c6ccc(N7C(=O)c8ccc(C)cc8C7=O)cc6)c(-c6ccccc6)c5-c5ccccc5)cc3)C4=O)cc2)cc1,320.0,0.38843318,,,
57222914,CNc1ccc(C2(c3ccc(NC)cc3)C3=CCC=CC3=Cc3ccccc32)cc1,,0.36488932,,,
57727191,CCCCCCCNC(=O)CC/C=C/CCC(=O)NC,,,0.278,,
57989832,COC(COC(C)=O)COc1ccccc1,45.0,0.33796381,,,
58312031,CC(=O)c1ccc(C(=O)N(C)c2ccccc2)c(Sc2ccccc2)c1,152.0,0.3849002,,,
58492814,CC(=O)c1ccc2c(c1)C(=O)N(c1ccc(Cc3cccc(N4C(=O)c5ccc(C)cc5C4=O)c3)cc1)C2=O,281.0,0.37263667,,,
59233337,Cc1cc(N2C(=O)c3ccc(Oc4cc5ccccc5cc4Oc4ccc5c(c4)C(=O)N(C)C5=O)cc3C2=O)cc(C(F)(F)F)c1,250.0,0.37041296,,,
59411967,Cc1ccc(Oc2cc(C(C)(C)C)ccc2Oc2ccc(N3C(=O)c4ccc(-c5ccc6c(c5)C(=O)N(C)C6=O)cc4C3=O)cc2)cc1,257.0,0.37867118,0.288457547,1.171705288,23.28850588
59671897,CC(=O)c1ccc2c(c1)C(=O)N(c1ccc(Oc3ccc(C(C)(C)c4ccc(Oc5ccc(N6C(=O)c7ccc(C)cc7C6=O)cc5)cc4)cc3)cc1)C2=O,306.0,0.37897847,,,
59967073,CNc1cccc(NC(=O)CCCCC(C)=O)c1,114.25,0.32263599,,,
60015302,CCCCCOC(=O)OCC1CCC(COC(=O)OC)CC1,13.0,0.33756711,,,
60029399,COc1ccc(Oc2ccc(C(=O)c3ccccc3)c(-c3cc(C)ccc3C(=O)c3ccccc3)c2)cc1,156.0,0.37726196,,,
60738401,CCCC[Si](C)(C)O[Si](C)(C)CCCOc1ccc(C(=O)Oc2ccc(C#N)cc2)cc1,-19.1,0.38354504,,,
60763059,Cc1ccc(-c2cnc3ccc(S(=O)(=O)c4ccc5ncc(C)nc5c4)cc3n2)cc1,342.0,0.4054389,,,
60840755,CCC(C)c1ccc(OC(C)=O)c(OC)c1,115.0,0.349142,,,
61414691,CCCC(COC(C)=O)OC,,0.35170263,,,
61470142,COc1ccc(Sc2ccc(Oc3ccc(-c4ccc(-c5ccc(-c6ccc(C)c(C(F)(F)F)c6)cc5)cc4)cc3C(F)(F)F)cc2)cc1,176.5,0.37984577,,,
61636599,CNc1ccc(-c2ccc(NC)c(-c3ccc(C)cc3)c2-c2ccc(C)cc2)cc1,,0.37033233,,,
61782925,CCOC(OC(=O)C(C)CC)C(F)(F)F,5.0,0.35306137,0.183494514,1.286700483,16.15183675
61915107,Cc1ccc2c(c1)C(=O)N(c1cc(C)c(-c3c(C)cc(N4C(=O)c5ccc(C(C)(C(F)(F)F)C(F)(F)F)cc5C4=O)cc3C)c(C)c1)C2=O,346.0,0.43074666,,,
62163979,CC(=O)OCCN(CCOC(=O)c1ccc2c(c1)C(=O)N(c1ccc(N=Nc3ccc(C(C#N)=C(C#N)C#N)cc3)c(N3C(=O)c4ccc(C)cc4C3=O)c1)C2=O)c1ccc(N=Nc2ccc(C(C#N)=C(C#N)C#N)cc2)cc1,,0.37162023,,,
62269402,COc1ccc(S(=O)(=O)c2ccc(Oc3c(C)cc(Cc4cc(C)c(C)c(C)c4)cc3C)cc2)cc1,232.0,0.3923948,,1.073138282,20.42938322
62619308,CCC(C)(C)C(=O)OC(C)(C)C,107.0,,0.1525,0.826660163,12.18535631
62619449,COc1ccc(C(=O)Nc2ccc(C(c3ccc(NC(=O)c4ccc(OC(=O)c5cccc(C(C)=O)c5)cc4)cc3)(C(F)(F)F)C(F)(F)F)cc2)cc1,227.0,0.347323,,,
63090033,CCC(C)OC(=O)c1ccc(Cl)cc1,70.25,0.36499516,,,
63333676,CCCCN(Cc1ccccc1)C(=O)SC,27.0,0.36838082,,,
63397318,COc1ccc(Oc2ccc(C(=O)c3ccc(C)cc3)cc2)cc1S(=O)(=O)O,225.0,0.36684049,,,
63969847,CCCCCCc1nc2cc3sc(C)nc3cc2s1,87.36313445,,,,
64606581,CCC1CCC(C)C1,42.35931484,,0.3353333333333333,0.892956655,21.77794424
64725995,CC[C@@H](C)c1cc(C2(c3cc([C@H](C)CC)c(NC)c([C@H](C)CC)c3)c3ccccc3-c3ccccc32)cc([C@H](C)CC)c1NC,,0.41165064,,,
65098291,Cc1ccc(Oc2ccc(Oc3ccc(N4C(=O)c5ccc(Oc6ccccc6Oc6ccc7c(c6)C(=O)N(C)C7=O)cc5C4=O)cc3C(F)(F)F)cc2)c(C(F)(F)F)c1,197.0,0.36614027,0.203445263,1.333812448,23.36798061
66059501,COc1cccc2ccc(Oc3ccc(NC(=O)c4ccc(Oc5ccccc5Oc5ccc(C(=O)Nc6ccc(C)cc6)cc5)cc4)cc3)cc12,180.0,0.35799579,,,
66287866,COc1ccc(C(c2ccccc2)c2ccc(OC(C)=S)cc2)cc1,179.0,0.36796394,,,
66714118,Cc1ccc(Oc2ccc(Oc3ccc(N4C(=O)c5ccc(Oc6cccc7c6C(=O)N(C)C7=O)cc5C4=O)cc3)cc2)cc1,249.0,0.36875438,0.255200829,1.258077327,24.61808327
66764672,CC=CC1CC(C)C(C#N)(C[Si](C)(C)O[Si](C)(C)C)C1,,0.43283262,,,
66797597,CNc1ccc(-c2ccc(C(=Cc3ccccc3)c3ccc(-c4ccc(NC)cc4)cc3)cc2)cc1,,0.36634183,,,
67251636,COC(=O)C(C)NC(=O)CCCCCCCCCCC(=O)NC(C)C(=O)OC1COC2C(C)COC12,28.0,0.34210323,,,
67510171,CC=C(C)c1c(F)c(F)c(CCCC)c(F)c1F,,0.41251953,,,
67637672,CC=CC1CC(C)C2C(=O)N(c3ccccc3Cl)C(=O)C12,,0.39149217,,,
67701587,CCC(c1ccccc1)(c1ccc(OC)cc1)c1ccc(OC(=O)CCCCCCCCC(C)=O)cc1,88.0,0.36176424,,,
67919894,COc1ccc(S(=O)(=O)c2ccc(Oc3ccc(C(C)(c4ccccc4)c4ccc(C)cc4)cc3)cc2)cc1,207.0,0.37844588,,1.144330703,21.53470493
68067670,CNc1ccc(C2(c3ccc(NC(=O)c4ccc(-c5ccc(C(C)=O)c(C)c5)cc4C)cc3)c3ccccc3-c3ccccc32)cc1,293.0,0.38008517,,,
68287641,CNc1ccc(-c2ccc(NC)c(-c3ccccc3-c3cccc4ccccc34)c2-c2ccccc2-c2cccc3ccccc23)cc1,,0.36814299,,,
68342514,CCC(C)(C)C(=O)OCCN(C)c1ccc(C=Cc2ccc([N+](=O)[O-])cc2)cc1,,0.35608042,,,
68581387,CCCCCc1nc(-c2ccc(-c3csc(C)n3)cc2)cs1,110.5188915,,,,
68792546,CCCCCCCCCCCC(=O)NCCCCCCNC(=O)CCCCOC,,,0.3565,0.939635943,24.65708372
68905066,CNc1ccc(CC(C)(C)NC(=O)c2ccc(C(C)=O)cc2)cc1,175.0,0.34949792,,,
69087168,CNc1ccc(-c2cccc(C[C@@H](C)c3ccc(NC)cc3)c2)cc1,,0.35001333,,,
69121777,CCC(O)COc1ccc(C(C)(C)c2ccc(OCC(O)COc3ccc(C(=O)Nc4ccc(OC)cc4)cc3)cc2)cc1,127.0,0.34123375,,,
69694252,CCCOC(=O)CCCCCC(=O)OC,-46.0,0.3344037,,,
70273581,COc1ccc(OC(=O)c2ccc(C(C)=O)cc2)cc1-c1ccccc1,65.88587862,,,,
70329705,CCC(COC(F)(C(F)(F)F)C(F)(F)F)OC,-43.0,0.33503076,,,
70414190,CCC(C)OC(=O)C(Cc1ccc(OC)cc1)NC(=O)CCc1ccc(OC(=O)CCCCC(C)=O)cc1,50.0,0.34508223,,,
71102106,C/C=C/c1ccc(C)cc1,43.3930774,,,1.006135387,25.25187791
71135797,CCCCCCCN1C(=O)c2ccc(C(=O)Oc3ccc(-c4ccc(OC(=O)c5ccc6c(c5)C(=O)N(C)C6=O)cc4)cc3)cc2C1=O,133.0,0.34204989,,,
71203158,COc1ccc(C2(c3ccc(OC(=O)CCCCCCCC(C)=O)cc3)c3ccccc3-c3ccccc32)cc1,150.0,0.3625688,,,
71861682,CC(=O)c1ccc2c(c1)C(=O)N(c1ccc(Cc3ccc(C(=O)c4cccc(N5C(=O)c6ccc(C)cc6C5=O)c4)cc3)cc1)C2=O,290.0,0.36767673,,,
72083210,CCC(C)OC(=O)C(Cc1ccc(OC)cc1)NC(=O)CCc1ccc(OC(=O)COCC(C)=O)cc1,68.0,0.341417,,,
72192148,CC(=O)c1ccc2c(c1)C(=O)N(c1ccc(Cl)c(N3C(=O)c4ccc(C)cc4C3=O)c1)C2=O,305.0,0.38538463,,,
72343609,Cc1ccc(C(=O)NCCCCCCNC(=O)c2ccc(-c3nc4ccccc4nc3C)cc2)cc1,201.0,0.36004959,,,
72459734,COC1C(COCO)OC(C)C(O)C1O,208.0,0.29530816,,,
72780876,COc1ccc(NC(=O)c2ccc(C(=O)Nc3ccc(Oc4ccc(C5(c6ccc(C)cc6)CC6CCC5C6)cc4)cc3)cc2)cc1,281.0,0.36666266,,,
73164224,CNc1cc(NC)c(O)cc1O,,0.30277596,,,
73437424,Cc1ccc(Sc2ccc(S(C)(=O)=O)cc2)cc1,215.0,0.38393848,,,
73489735,CCCN(C)C(=O)c1c(F)c(F)c(F)c(F)c1F,136.0,0.33673412,,,
74066581,COc1ccc2ccc(OC(=O)c3ccc(Oc4ccc(C(C)=O)cc4)cc3)cc2c1,142.0,0.34864845,,,
74313131,COC(COC(=O)c1cccc(-c2ccc(C(C)=O)cc2)c1)COc1ccc(N=Nc2ccc(C#N)cc2)cc1,,0.35765237,,,
74688893,CCCCCOC(=O)CC(C)(CC)C(=O)OCCCCC,2.0,0.38050025,0.215,0.955743343,10.24635518
74865291,COC(=O)OCCOCCOC(=O)OC1COC2C(C)COC12,46.5,0.31603172,,,
75135470,CCC(C)(C)C(=O)OCCCCCCOc1ccc(C(=O)Oc2ccc(N=Nc3ccc(C#N)cc3)c3ccccc23)cc1,,0.35826873,,,
75252869,CO[Si](C)(C)CCCCCCn1c2ccccc2c2ccccc21,-5.0,0.37569363,,,
75381552,Cc1ccc(Oc2ccc(N3C(=O)c4cc(-c5ccc(C(C)(C)C)cc5)c(-c5cc6c(cc5-c5ccc(C(C)(C)C)cc5)C(=O)N(C)C6=O)cc4C3=O)cc2)cc1,370.0,0.40978294,,,
75443529,CCCCCCCCOc1ccc(C=C(C)c2ccc(OC)cc2)cc1,36.76976951,,,,
75466481,CNc1c(NC)c2cccc3ccc4cccc1c4c32,,0.34202194,,,
75536580,COc1ccc(NC(=O)c2ccc(S(=O)(=O)c3ccc(C(=O)Nc4ccc(Oc5ccc(C6(c7ccc(C)cc7)C7CC8CC(C7)CC6C8)cc5)cc4)cc3)cc2)cc1,252.0,0.36857397,,,
75538162,CNc1ccc([C@H]2SC=C(c3ccccc3)[C@@]2(c2ccccc2)c2ccc(NC)cc2)cc1,,0.36360706,,,
75851204,CCCCCC[Si](C)(CC)CCCCCC,-56.0,0.40662633,,,
76090504,CCC(C)OC(=O)C(Cl)(Cl)Cl,59.0,0.35515201,,,
76415472,COc1ccc2cc(Oc3ccc(C(=O)c4ccc(C)cc4)cc3)ccc2c1,247.0,0.37630261,,,
76724169,CCCCC=C(C)c1ccc(OC)cc1,,0.37755684,,,
76990549,CCOCCOCCOC(=O)C(Cc1ccc(OC)cc1)NC(=O)CCc1ccc(OC(=O)CCCCCCCCC(C)=O)cc1,2.0,0.35064415,,,
77456502,Cc1ccc(-c2nc3cc(S(=O)(=O)c4ccc5nc(-c6ccccc6)c(-c6ccc(N7C(=O)C8OC9C(=O)N(C)C(=O)C9C8C7=O)cc6)nc5c4)ccc3nc2-c2ccccc2)cc1,373.476202,,,,
79415769,CCCOC(=O)N(C)c1ccc(C)c(N(C)C(=O)OC)c1,42.46691504,,,,
79940149,CNCCCCCCNc1nc(C)nc(-c2ccccc2)n1,95.0,0.39025113,,,
80116442,CCCOC(=O)CCCCCCCCC(=O)OCCOC(=O)c1ccc(C(=O)OC)cc1,-6.5,0.34043284,,,
80376161,COc1ccc(Oc2ccc(C(=O)c3ccc(C(=O)c4ccc(C)cc4)cc3)cc2)cc1-c1ccc(S(=O)(=O)O)cc1,174.0,0.37247097,,,
80487296,CC=Cc1c(OC(=O)c2ccc(C(=O)Oc3cccc4ccc(C)nc34)cc2)ccc2ccccc12,,0.36132487,,,
80883741,CNC(C#N)=C(C#N)NC(=O)c1ccc(C(C)=O)cc1,,0.34231811,,,
80922127,CNc1ccc(C2(c3ccc(NC)cc3)[C@H]3C[C@@H](C)C[C@@H]2C[C@@H](C)C3)cc1,,0.37552155,,,
80929895,CCC(O)COc1ccc(C(C)(C)c2ccc(OCC(O)CN3CCN(C)CC3)cc2)cc1,100.0,0.35130308,,,
81065395,CNc1ccc(C2(c3ccc(NC)cc3)CCCCCCC2)cc1,,0.35406496,,,
81137216,CCCCCCCCCNC(=O)CCCCCCCCCCCCCCCCCCCCC(=O)NC,48.0,0.37913267,0.425,0.889143617,23.85283439
81531670,CCCCC1CCN(SC(=O)OCCCCOC(=O)SN2CCC(C)CC2)CC1,-6.032415023,,,,
81725470,C/C=C/c1cc(OCC(CC)CCCC)c(C)cc1-c1ccc(N(c2ccc(OC)cc2)c2ccc(OC)cc2)cc1,163.0,,0.242,0.969832402,13.49779574
82529518,CNC1=CC[C@@H](C(c2ccc(N)cc2)(c2ccc(NC)cc2)c2ccc(N)cc2C)C=C1,,0.37144246,,,
82633177,CC1Cc2ccccc2C1C,188.5,0.42698874,0.13,0.889251685,12.77290213
82784880,CCC(C)C(=O)Oc1ccc(C(=O)OC)cc1,67.0,0.3308451,0.246881391,1.200460801,13.6680908
82911538,CNc1ccc(-c2ccc3c(c2-c2ccc(NC)cc2)Cc2ccccc2-3)cc1,,0.35793265,,,
82950702,CCCCCOC(=O)c1ccc2cc(C(=O)OC)ccc2c1,66.0,0.34443591,0.224493248,1.188931644,21.37913238
82977315,CCCCCCCCCCCCCCCCCCCCCOC(=O)CCCCCCCC(=O)OC,,,0.507,0.89522718,20.57750836
83711501,CNCCCCCCNC,,0.328363025,,,
83752896,CCC(C)c1cccc(Br)c1,102.0,0.42093042,,,
83890516,CCC(C)c1ccc(COCC(F)(F)C(F)(F)C(F)(F)C(F)(F)F)cc1,23.0,0.35853406,,,
84000426,Cc1ccc(C(c2ccc(-c3nc4ccc(-c5ccc6nc(C)[nH]c6c5)cc4[nH]3)cc2)(C(F)(F)F)C(F)(F)F)cc1,269.0,0.42292902,0.248861231,1.236638312,27.37230347
84183521,CCCCC(c1ccc([C@@H](CCC)c2ccc(NC)cc2)cc1)c1ccc([C@@H](CCC)c2ccc(NC)cc2)cc1,,0.36924197,,,
84553861,CCC(C)[Si](C)(C)C,137.0,0.41330473,,,
84753546,Cc1ccc(Oc2cccc(Oc3ccc(N4C(=O)c5ccc(Oc6ccc(Sc7ccc(Oc8ccc9c(c8)C(=O)N(C)C9=O)cc7)cc6)cc5C4=O)cc3)c2)cc1,178.0,0.36216048,,,
85350789,COCCOCCC[Si](C)(CCCOCCOC)OC,-55.0,0.37513853,,,
85512320,Cc1ccc(Oc2cccc(N3C(=O)c4ccc(Oc5cc6ccccc6cc5Oc5ccc6c(c5)C(=O)N(C)C6=O)cc4C3=O)c2)cc1,226.0,0.365223,,,
86043004,CCCCCCN1c2ccc(C)cc2Sc2cc(-c3ccc(-c4ccc(C)s4)s3)ccc21,140.0,0.48499786,,,
86169021,CCCC[C@H]1CC[C@H](CCC2CCC(c3ccc(Cc4ccc(NC)cc4)cc3)(c3ccc(Cc4ccc(NC)cc4)cc3)CC2)CC1,,0.36481591,,,
86465615,CCOCCOC(=O)C1CC2CC1C(C)C2C1C(=O)OC(=O)C1C,155.0,0.32509916,,,
86721128,CCCCOC(=O)C(C)(C#N)C(C#N)(C(=O)OCCCC)c1ccc(C)cc1,108.0,0.39356228,,,
86909617,CNc1ccc2c(c1)C1(c3ccccc3-2)c2ccccc2-c2ccc(NC)cc21,,0.37643744,,,
86993682,COc1cccc2c(OC3(F)C(C)(F)C(F)(F)C3(F)F)cccc12,138.0,0.3436634,,,
87338341,CCCCCCCCCOc1cccc(NC(=O)c2cccc(C(=O)Nc3cccc(OC)c3)c2)c1,117.0,0.35145128,,,
87721068,CCC#CCOC(=O)NCCCCCCNC(=O)OC,-45.0,0.34308994,,,
88136935,CC=CC1CC(C)C2C(=O)N(c3ccccc3C)C(=O)C12,,0.36253604,,,
88832421,CCCCC(Cl)C(C)Cl,42.0,0.38583905,,,
89077090,CCc1ccc(CN(CC)C(=O)CCCCCCCCCCCCCCCCC(=O)N(C)CC)cc1,4.279694171,,,,
89099554,CCC(C)(CC(=O)OCCc1ccccc1)C(=O)OCCc1ccccc1,45.0,0.35265054,0.199,1.092735648,10.74609762
89164117,Cc1ccc(Oc2cccc(Oc3ccc(N4C(=O)c5cccc(Oc6ccc(Sc7ccc(Oc8cccc9c8C(=O)N(C)C9=O)cc7)cc6)c5C4=O)cc3)c2)cc1,202.0,0.36405508,,,
89377326,CNc1ccc(-c2ccc(NC)c(-c3ccccc3)c2-c2cccc3ccccc23)cc1,,0.3649896,,,
89692209,Cc1ccc(Oc2ccc(-c3ccc(Oc4ccc(N5C(=O)c6ccc(Oc7cccc(Oc8ccc9c(c8)C(=O)N(C)C9=O)c7)cc6C5=O)cc4)cc3)cc2)cc1,200.0,0.36204045,0.28734094,1.246201454,25.92347148
90074942,COc1ccc(OC(=O)c2ccc(OCCCCCCOc3ccc(C(C)=O)cc3)cc2)cc1S(=O)(=O)c1ccccc1,105.5,0.35188537,,,
90183382,CCC(C)C(=O)OC12CC3CC(CC(C3)C1)C2,183.0,0.38043932,,,
90208491,COc1ccc(NC(=O)c2cc(C(=O)Nc3ccc(C)cc3)cc(C(F)(F)C(F)(F)C(F)(F)C(F)(F)C(F)(F)C(F)(F)C(F)(F)C(F)(F)F)c2)cc1,230.0,0.33785141,,,
90217162,CCC(OC(=O)C(Cc1ccccc1)NC(=O)OC(C)(C)C)C(COC(=O)OC)OC(=O)C(Cc1ccccc1)NC(=O)OC(C)(C)C,82.4,0.35315661,,,
90460674,Cc1cccc(OCCCCCOc2cccc(N3C(=O)c4ccc(-c5ccc6c(c5)C(=O)N(C)C6=O)cc4C3=O)c2)c1,165.0,0.34628726,,,
90954727,CON(C(F)(F)F)C(F)(Cl)C(C)(F)F,-50.0,0.31968065,,,
91029862,Cc1ccc(Oc2ccc(-c3cc(-c4cccc(-c5cc(C)c6ccccc6n5)c4)nc4ccccc34)cc2)cc1,268.0,0.40199506,,,
91669068,COc1ccc(Nc2ccc(S(=O)(=O)c3ccc(Nc4ccc(Oc5ccc(C(C)(C)c6ccc(C)cc6)cc5)cc4)cc3)cc2)cc1,145.0,0.38534918,,,
91718962,CCCC(CCC(C(C)=O)C1OCCCO1)OC,,0.36177328,,,
91927958,CCC(C)(C)C(=O)OCCCN(C)c1ccc(N(C)C)cc1,12.5,0.36463818,,,
92209780,CCCCCCCCCCCCCCCCC(CC)C1C(=O)N(CCCCNC(=O)C(F)(F)C(F)(F)C(F)(F)C(F)(F)C(F)(F)C(F)(F)C(F)(F)F)C(=O)C1C,63.0,0.35619083,,,
92330874,CCCCCOc1cc(C(C)=O)cc(C(=O)Oc2ccc(Cc3ccc(OC)cc3)cc2)c1,110.0,0.3613898,,,
92595615,CCC(C)C(=O)OCCCCCCOC(=O)c1ccc(OC(=O)c2ccc(C#N)cc2)cc1,30.0,0.35001678,,,
92619090,CCC(C)C(=O)Oc1ccc(C)cc1,42.5,0.3609429,0.193,1.051609028,13.5752804
92814383,CCCCCCCCCCCCCCCCCCCCCCC(=O)NC,,,0.4325,0.866351429,21.86411406
92922401,Cc1ccc2c(c1)C(=O)N(c1ccc(C(=O)Nc3ccc(C(c4ccc(NC(=O)c5ccc(N6C(=O)c7ccc(C(C)(C(F)(F)F)C(F)(F)F)cc7C6=O)c(C)c5)cc4)(C(F)(F)F)C(F)(F)F)cc3)cc1C)C2=O,344.0,0.36870251,,,
92946122,CC(=O)Nc1ccc(Oc2ccc(NC(=O)c3ccc4c(c3)C(=O)N(c3ccc(Oc5ccc(N6C(=O)c7ccc(C)cc7C6=O)cc5-c5ccccc5)c(-c5ccccc5)c3)C4=O)cc2)cc1,345.0,0.36600725,,,
93073928,CNc1ccc(-c2c(-c3ccc(NC)c(-c4ccc(N)cc4)c3-c3ccc(N)cc3)ccc(N)c2-c2ccc(N)cc2)cc1,,0.35447107,,,
93319116,CCOCOc1ccc(C(=O)OC(=O)c2ccc(OC)cc2)cc1,57.0,0.32347655,,,
93467042,CNc1ccc(/C=C/c2ccccc2)c(/C=C/c2ccccc2)c1NC,,0.35176694,,,
94248723,CCC(C)C(=O)OCCCOC,-66.5,0.34969049,,,
94344742,Cc1ccc(Oc2ccc(C(=O)c3ccc(Oc4ccc(-c5nnc(C)c6c(-c7ccccc7)c(-c7ccc8ccccc8c7)c(-c7ccc8ccccc8c7)c(-c7ccccc7)c56)cc4)cc3)cc2)cc1,312.0,0.39742985,,,
94543909,CCC(CCCCCCOc1ccc(N=Nc2ccc(Br)cc2)cc1)COC(=O)CCCCC(=O)OC,,0.37066043,,,
95310452,CCOC(=O)c1ccccc1C(C)CC,118.0,0.36304161,0.1816666666666666,,
95396471,CCCCCCC1(CCCCCC)c2cc(C)ccc2-c2ccc(C)cc21,104.0,0.42664647,,,
95579704,CCc1c(C(c2ccccc2)([C@@H]2C[C@@H](C)CC[C@H]2C(C)C)[C@@H]2C[C@@H](C)CC[C@H]2C(C)C)cc(NC)c(NC)c1CC,,0.3914683,,,
95950675,Cc1ccc(Oc2ccc(-c3ccc(Oc4ccc(N5C(=O)c6ccc(Oc7c(C)cc(C(C)(C)c8cc(C)c(Oc9ccc%10c(c9)C(=O)N(C)C%10=O)c(C)c8)cc7C)cc6C5=O)cc4)cc3C)c(C)c2)cc1,257.0,0.3950498,,,
96953852,CNc1cc2ccccc2c(NC)c1-c1ccc2ccccc2c1,,0.3505442,,,
97597340,CCCCCCCCCCCCCCCCCOC(=O)NCCCCCCNC(=O)OC,39.0,0.37330351,0.348,,
97633900,CC=Cc1ccc(N=Nc2ccc(N(C)CCOC(=O)Nc3ccc(C)c(NC(=O)OCCN(C)c4ccc(N=Nc5ccc(C=CC6=CC(=C(C#N)C#N)C=C(C)O6)cc5)cc4)c3)cc2)cc1,,0.37425307,,,
98585154,Cc1ccc(-c2cnc3cc(S(=O)(=O)c4ccc5nc(C)cnc5c4)ccc3n2)cc1,342.0,0.43056013,,,
98641557,COc1ccc(Oc2ccc(C(=O)c3ccc(C(=O)c4ccc(C)cc4)cc3)cc2)cc1-c1ccc(S(=O)(=O)O)c(C)c1,167.0,0.36929236,,,
98940224,COc1ccc(S(=O)(=O)c2ccc(Oc3ccc(NC(=O)c4ccc(-c5ccc(C(=O)Nc6ccc(C)cc6)c(C)c5)cc4C)cc3)cc2)cc1,251.0,0.36387145,,,
99321215,COc1ccc(C(C)(C)c2ccc(OC(=O)OCCN(CCOC(C)=O)c3ccc4[nH]c5ccccc5c4c3)cc2)cc1,90.0,0.3473227,,,
99440116,CCC(C)(C)C(=O)OCCCCCCCCCCOc1ccc(N=Nc2ccc(F)cc2)cc1,,0.37077177,,,
99885429,COc1ccc(C(=O)Nc2ccc(Br)cc2-c2ccc(NC(=O)c3ccc(C)cc3)cc2)cc1,249.0,0.36393423,,,
99908460,CCC(C)(C)C(=O)Oc1ccc(C(=O)Oc2ccc(Oc3ccccc3)cc2)cc1,74.0,0.34257003,,,
100028701,CNc1nnc(-c2nnc(NC)n2N)n1N,,0.3228214,,,
100174621,CCC(C)(C)C(=O)OC1CCC(C(C)(C)C)CC1,100.0,0.38851796,0.153,0.856410503,10.86090269
100767985,CCCCCCCCCCOC(=O)Nc1ccc(C)c(NC(=O)OC)c1,62.0,0.35104794,,,
101151007,CC=Cc1cccc(OC(=O)CCCCCCCCC(=O)Oc2cccc(-c3nnc(C)s3)c2)c1,,0.35908585,,,
101268497,CCC(c1ccccc1)C1C(=O)N(C(C)(C)C)C(=O)C1C,178.0,0.37467147,,,
101351388,CCCc1ccc(CCNC(=O)CCCCCCCCCC(=O)NC)cc1,96.0,0.35500792,,,
101355121,CNc1ccc2c(c1)[C@@H]1c3ccc(N)cc3[C@H]2c2cc(NC)ccc21,,0.38382631,,,
101541565,CCCCCCCCC1(CCCCCCCC)c2cc(C)ccc2-c2ccc(-c3ccc(C)c4nsnc34)cc21,114.5,0.4103927,,,
101762204,Cc1ccc(Oc2ccc(C(=O)c3ccc(Oc4ccc(N5C(=O)c6ccc(-c7ccc8c(c7)C(=O)N(C)C8=O)cc6C5=O)cc4)cc3)cc2)cc1,253.0,0.36946761,,,
102315862,COP(=O)(Oc1ccc(S(=O)(=O)c2ccc(C)cc2)cc1)OC1CCCCC1,120.0,0.36199402,,,
102324503,CCC(C)(c1ccc(C(C)=O)cc1)c1ccc(C(=O)Oc2ccc(C(C)(C)c3ccc(OC)cc3)cc2)cc1,211.0,0.37130166,,,
102434627,COc1ccc(Oc2ccc(NC(=O)c3ccc(Oc4ccc(C(C)(C)c5ccc(C(C)(C)c6ccc(Oc7ccc(C(=O)Nc8ccc(C)cc8)cc7)cc6)cc5)cc4)cc3)cc2)cc1,165.0,0.36683276,,,
102464376,CNc1ccc(/C=C/c2c3ccccc3c(-c3c4ccccc4c(CCc4ccc(NC)cc4)c4ccccc34)c3ccccc23)cc1,,0.36999333,,,
102545459,CCc1ccc(CNC(=O)CCCCCCCCCC(=O)NC)cc1,110.0,0.35148366,,,
102606896,CCCCCCCCCCCC(=O)NC,46.0,0.36981309,,,
102779162,CCCCCCCCCCCCCCCCCCCCCCc1cc(C)sc1C,,,0.39725,0.883511374,15.35786351
103257739,Cc1ccc2c(c1)C(=O)N(c1cccc(C(c3ccccc3)(c3cccc(N4C(=O)c5ccc(C(C)(C(F)(F)F)C(F)(F)F)cc5C4=O)c3)C(F)(F)F)c1)C2=O,305.0,0.38996211,,,
103265366,CCCN(C)C(=O)c1ccc(F)c(F)c1F,102.0,0.34115264,,,
103451865,CO[Si](C)(C)C#C[Si](C)(C)C#C[Si](C)(C)C#C[Si](C)(C)C#C[Si](C)(C)C,-23.0,0.49824253,,,
103929649,COc1ccc(C(C)(C)c2ccc(Oc3ccc4c(c3)C(=O)N(N3C(=O)c5ccc(C)cc5C3=O)C4=O)cc2)cc1,216.7,0.37987007,,,
104251154,CNc1ccc(-c2ccc(NC(=O)c3cccc(C(C)=O)c3)cc2)cc1,294.0,0.34734825,,,
104578958,Cc1cccc(N2C(=O)c3cccc(Oc4c(C)cc(Cc5cc(C)c(Oc6cccc7c6C(=O)N(C)C7=O)c(C)c5)cc4C)c3C2=O)c1,269.0,0.38564585,,,
104743895,CC1CCCCC1S(C)(=O)=O,77.0,0.35327947,,1.174206042,15.15828898
104905382,COc1ccc(S(=O)(=O)c2ccc3cc(S(=O)(=O)c4ccc(Oc5c(C)cc(-c6cc(C)c(C)c(C)c6C)c(C)c5C)cc4)ccc3c2)cc1,300.0,0.39776859,,,
104973461,CCCN(CCOC(=O)NCCCCCCNC(=O)OC)c1ccc(/N=N/c2ccc([N+](=O)[O-])cc2)c(C)c1,75.0,,,1.1275851,
105391120,Cc1ccc(Oc2ccc(N3C(=O)c4ccc(Oc5ccccc5Oc5ccc6c(c5)C(=O)N(C)C6=O)cc4C3=O)cc2)cc1,212.0,0.36153949,,,
105613036,Cc1ccc2c(c1)C(=O)N(c1ccc(OCCN(CCOc3ccc(N4C(=O)c5ccc(C(C)(C(F)(F)F)C(F)(F)F)cc5C4=O)cc3)c3ccc(C(C#N)=C(C#N)C#N)cc3)cc1)C2=O,218.0,0.35967534,,,
105789643,Cc1ccc(Oc2cccc(Oc3ccc(N4C(=O)c5ccc(Oc6cc7ccccc7cc6Oc6ccc7c(c6)C(=O)N(C)C7=O)cc5C4=O)cc3)c2)cc1,208.0,0.36484641,,,
106050783,Cc1ccc(Oc2cc(C(C)(C)C)c(Oc3ccc(N4C(=O)c5ccc(Oc6ccc7c(c6)C(=O)N(C)C7=O)cc5C4=O)cc3)cc2C(C)(C)C)cc1,242.0,0.40376048,,,
106083096,CNc1c(/C=N/O)cc(/C=N/O)c(NC)c1N,,0.3106329,,,
106612314,Cc1ccc(Oc2ccc(S(=O)(=O)c3ccc(Oc4ccc(-c5c6c(c(C)c7ccccc57)C(=O)N(c5ccc(Cl)cc5)C6=O)cc4)cc3)cc2)cc1,280.0,0.38149457,,,
106732867,CC(=O)Nc1ccc(Oc2ccc(C(c3ccc(Oc4ccc(NC(=O)c5ccc6c(c5)C(=O)N(c5ccc(Oc7ccc(C8(c9ccc(Oc%10ccc(N%11C(=O)c%12ccc(C)cc%12C%11=O)cc%10)cc9)CC9CC8C8CCCC98)cc7)cc5)C6=O)cc4)cc3)(C(F)(F)F)C(F)(F)F)cc2)cc1,254.0,0.37100735,,,
106795224,CCCCCCCCCCCCC(=O)Oc1ccc(C2(c3ccc(OC(=O)c4ccc5c(c4)C(=O)N(C)C5=O)cc3)CCCCC2)cc1,96.0,0.35744625,,,
106825904,CCCCCOc1ccc(N=Cc2ccc(OCCCCCCOC(=O)C(C)CC)cc2O)cc1,,0.36508444,,,
106963136,Cc1ccc2c(c1)C(=O)N(c1cccc(C(F)(F)C(F)(F)C(F)(F)c3cccc(N4C(=O)c5ccc(C(F)(F)C(F)(F)C(C)(F)F)cc5C4=O)c3)c1)C2=O,157.0,0.35278394,,,
107158685,COc1ccc(-c2ccc(Oc3ccc(C(=O)c4c(C(=O)c5ccc(C)cc5)c(-c5ccc(F)cc5)c(-c5ccc(F)cc5)c(-c5ccc(F)cc5)c4-c4ccc(F)cc4)cc3)cc2)cc1,275.0,0.40390264,,,
107530968,CCCCCCCCCCCCCOc1ccc(CCc2ccc(OC)cc2C)cc1,0.0,0.37988049,,,
107562247,COc1ccc(C(=O)Nc2cc(C(c3ccc(C)c(NC(=O)c4ccc(OC(=O)c5cccc(C(C)=O)c5)cc4)c3)(C(F)(F)F)C(F)(F)F)ccc2C)cc1,214.0,0.34711182,,,
108528555,CCCCCc1c(NC)c(NC)c2ccc3cccc4ccc1c2c43,,0.34744506,,,
108998578,Cc1ccc(Sc2cccc(Sc3ccc(S(C)=O)cc3)c2)cc1,121.0,0.37723883,,,
109027922,CCCCCCn1c2ccc(N=Cc3ccc(O)c(C)c3)cc2c2cc(N=Cc3cc(C)c(O)c(C)c3)ccc21,,0.37196889,,,
109081671,CCCN(C)C(=O)C(C)C,30.0,0.3630483,,,
109313016,Cc1cc(N2C(=O)c3ccc(Oc4ccc5c(c4)C(=O)N(C)C5=O)cc3C2=O)c(O)cc1O,263.0,0.36149499,,,
109395625,CCC(C)(C)C(=O)Oc1c(Cl)c(Cl)c(Cl)c(Cl)c1Cl,110.0,0.36603626,0.0829999999999999,1.354866985,14.15089535
109705207,C=CC1(C=C)OC(=O)c2c(N)c(N)c(NC)c(NC)c21,,0.32341384,,,
110596247,CCCCCCCCCCCCOC(=O)c1cc(NC(=O)c2ccc(NC(=O)CCCCCCCCC(=O)Nc3ccc(C(C)=O)cc3)cc2)ccc1NC,228.5,0.35205318,,,
110986650,CCCCCCCCCNC(=O)c1ccc(C(=O)NC)c(Sc2ccccc2)c1,110.0,0.3581334,,,
111009795,COc1ccc(NC(=O)CCCCCCC(=O)Nc2ccc(C)cc2)cc1,180.0,0.34325805,,,
111108341,CO[Si](C)(C)O[Si](C)(C)O[Si](C)(C)O[Si](C)(C)O[Si](C)(C)O[Si](C)(C)OC1=C(C)c2cccc3cccc1c23,-93.0,0.42229227,,,
111650158,Cc1cccc(Oc2ccc(Oc3cccc(N4C(=O)c5ccc(Oc6ccc7c(c6)C(=O)N(C)C7=O)cc5C4=O)c3)cc2)c1,204.0,0.35930853,,,
111668732,COc1cccc(OC(=O)Oc2ccc(C(C)(C)c3ccc(OC(C)=O)cc3)cc2)c1,83.1,0.34341642,,,
111707044,C=CC[C@@H]1CCCC(c2ccc(NC)cc2)(c2ccc(NC)cc2)C1,,0.3496808,,,
111708400,CCCC(C)(C)CC(C)COC(=O)CCCCC(=O)OC,-70.0,0.34655026,,,
112017015,CCOC(=O)c1cc(C(=O)OCC)c(C(=O)Nc2ccc(OC)cc2)cc1C(=O)Nc1ccc(C)cc1,208.05,0.34702207,,,
112351140,CCCC(F)(F)C(C)(F)Cl,-41.84388225,,,,
112553722,CNc1ccc(CC(C)=O)cc1,63.68828699,,,,
112989596,CCCOCCOC(=O)CC(=O)OC,-41.5,0.31955507,,,
113181684,CC/C=C\C[Si](C)(C)C,,0.41205158,,,
113263690,CNc1ccc(C(c2ccccc2)(c2ccccc2)c2ccc(NC)cc2)cc1,,0.36641724,,,
113817075,CCC(C)c1ccc(C(Cc2ccccc2)=NO)cc1,,0.35451524,,,
113985401,CNc1ccc(Sc2ccc(NC)cc2)cc1,,0.34614089,,,
114257024,COc1ccc(S(=O)(=O)c2ccc(Oc3ccc(C=Nc4ccc(Oc5ccc(N=Cc6ccc(C)cc6)cc5)cc4)cc3)cc2)cc1,,0.37338058,,,
114287113,CC=Cc1cc(OCC2CC3CC2C2CCCC32)c(C)cc1OC,,0.36979921,,,
114988183,Cc1cc(Cc2cc(C)c(N3C(=O)c4ccc(Oc5c(C)cc(Cc6cc(C)c(Oc7ccc8c(c7)C(=O)N(C)C8=O)c(C)c6)cc5C)cc4C3=O)c(C)c2)cc(C)c1C,264.0,0.40345337,,,
115242060,CCCOC(=O)Nc1ccc(Cc2ccc(NC(=O)OCCOc3ccc(C(C)(C)c4ccc(OC)cc4)cc3)cc2)cc1,127.0,0.3438323,,,
115627985,CCCCCCCCCCCCCCC[C@@H]1CCCC(c2ccc(NC)cc2)(c2ccc(NC)cc2)C1,,0.36007197,,,
116018739,CCCCCC(C)=C(C)C,,0.40782502,,,
116082085,C=CCc1c(NC)ccc(-c2ccc(NC)cc2)c1CC=C,,0.3502113,,,
116488904,CCCCCCCCCCCCCOC(=O)CCCCCCCCCCCCC(=O)OC,,,0.294,0.910678639,20.53765653
116842973,CNc1ccc(-c2cccc(NC)c2-c2ccccc2)cc1,,0.35759716,,,
116907306,CCC(C)(C)C(=O)OCCOCCOc1ccc(N=Nc2ccc(C#N)cc2)cc1,,0.356451,,,
117726673,COc1ccc(OC(=O)c2ccc(C(C)=O)cc2Oc2ccc(C(C)(C)c3ccccc3)cc2)cc1,93.0,0.35725227,,,
118056137,CCC(C)OC(=O)C(F)(F)C(F)(F)C(F)(F)F,27.0,0.33120706,,,
118556246,COc1c(C)cc(-c2cc(CBr)c(Oc3ccc(C(=O)c4ccc(C)cc4)cc3)c(CBr)c2)cc1CBr,163.67,0.4178534,,,
118829848,CCC1CC2CC1C1CCC(CN3C(=O)c4ccc(-c5ccc6c(c5)C(=O)N(C)C6=O)cc4C3=O)C21,230.0,0.3636249,,,
118919299,CC(=C(C)c1ccc(C(C)(C)C)cc1)c1ccccc1,,0.47395904,,,
118991284,CCCOCCOC(=O)C(C)C(=O)OC,-29.0,0.33298601,,,
119301714,CCCNC(=O)CCCCCCCC(=O)NCCNC(=O)C(=O)NC,112.5256843,,,,
119392727,CNc1ccc(C(c2ccc(NC(=O)c3ccc(C(C)=O)cc3)cc2)(C(F)(F)F)C(F)(F)F)cc1,290.0,0.35699838,,,
120060047,COc1ccc(C2(c3ccc(OC(C)=O)cc3)c3cc(N(C)C)ccc3-c3ccc([N+](=O)[O-])cc32)cc1,278.0,0.38701526,,,
120425171,CCCCCCCCCC(c1ccc(O)cc1)C(C)c1ccc(O)cc1C,-12.0,0.37294076,,,
120794322,Cc1ccc(-c2nc3ccc(-c4ccc5nc(C)c(-c6ccccc6)c(-c6ccccc6)c5c4)cc3c(-c3ccccc3)c2-c2ccccc2)cc1,400.0,0.43936443,,,
121214961,COc1ccc(S(=O)(=O)c2ccc(Oc3ccc(C(c4ccc(C)cc4)(C(F)(F)F)C(F)(F)F)cc3)cc2C(O)(C(F)(F)F)C(F)(F)F)c(C(O)(C(F)(F)F)C(F)(F)F)c1,148.0,0.35851232,,,
122170493,Cc1ccc([Si](C)(C)[Si](C)(C)C)s1,15.0,0.46355784,,,
122752033,CCCCCCCCNC(=O)C(OC)C(OC)C(=O)NC,87.0,0.34313577,,,
122815777,COc1ccc(S(=O)(=O)c2ccc(-c3ccc(-c4ccc(S(=O)(=O)c5ccc(Oc6ccc(-c7ccc(C)cc7)cc6)cc5)cc4)cc3)cc2)cc1,264.0,0.3713436,,,
123479038,CCC(C)(CF)C(=O)OC,,,0.1365,1.048000594,18.18607796
123524661,COc1c(F)c(F)c(COC(c2cccc(C(OCc3c(F)c(F)c(Oc4ccc(Cc5ccc(C)cc5)cc4)c(F)c3F)(C(F)(F)F)C(F)(F)F)c2)(C(F)(F)F)C(F)(F)F)c(F)c1F,94.0,0.34625699,,,
123705047,CC=CC1CC(C)C2C(=O)N(CCCCCCCCCC)C(=O)C12,,0.37406215,,,
124053674,CNc1c(Cl)cc(C)cc1Cl,-0.214281278,,,,
124111614,Cc1ccc(Oc2ccc(-c3ccc4nc(Oc5cc(-c6ccccc6)c6cc(C)ccc6n5)cc(-c5ccccc5)c4c3)cc2)cc1,268.5,0.38805343,,,
124665758,CCCCC(C)CC,-50.0,,0.2306666666666666,0.776895965,12.02548488
124836094,CCC(=O)Nc1ccc(Oc2ccc(S(=O)(=O)c3ccc(Oc4ccc(NC(=O)CN5C(=O)c6ccc(C(c7ccc8c(c7)C(=O)N(C)C8=O)(C(F)(F)F)C(F)(F)F)cc6C5=O)cc4)cc3)cc2)cc1,241.0,0.34942241,,,
125425163,Cc1ccc(-c2c(-c3ccccc3)nc3ccc(Oc4ccc5nc(-c6ccccc6)c(C)c(-c6ccccc6)c5c4)cc3c2-c2ccccc2)cc1,311.0,0.40668067,,,
125472122,CCCCNC(=O)OC,26.0,0.31360037,,,
125514208,Cc1ccc(-c2ccc(N3C(=O)c4ccc(Oc5c(C)cc(C(C)(C)c6cc(C)c(Oc7ccc8c(c7)C(=O)N(C)C8=O)c(C)c6)cc5C)cc4C3=O)cc2C(F)(F)F)c(C(F)(F)F)c1,262.0,0.40081529,,,
125846951,CCCCCCCCCCCCCCOc1ccc(OC(=O)c2ccc(C(=O)Oc3ccc(OCCCCCCCCCCCCCC)cc3)c(C(C)CC)c2)cc1,,0.38047103,,,
125969488,CCC(OC(C)=O)C(COC(=O)OC)OC(C)=O,58.6,0.3184913,,,
126334280,Cc1ccc(OC(=O)c2cccc(C(=O)Oc3ccc(-c4nc5ccccc5nc4C)cc3)c2)cc1,245.0,0.3678366,,,
126444620,COP(=O)(Oc1ccccc1)Oc1cccc2c(C)cccc12,138.0,0.34871423,,,
126841859,CCC(=O)NCCCCCCNC(=O)COc1ccc(OC)cc1,67.0,0.3285221,,,
127626732,CCC(C)(Cl)C(=O)OC,125.0,0.32998468,,,
127834200,CCC(C)c1c(F)c(F)c(P(=O)(O)O)c(F)c1F,330.0,0.32683261,,,
127883611,CCC1(CC)CC(C)(C)c2cc(NC)c(NC)cc21,,0.36408964,,,
127891371,COc1ccc(C(=O)c2cccc(C)c2)cc1,,0.36659274,,,
128067074,Cc1ccc2c(c1)C(=O)N(c1ccc(C3(c4ccc(N5C(=O)c6ccc(C(C)(C(F)(F)F)C(F)(F)F)cc6C5=O)c(C(C)C)c4)c4ccccc4-c4ccccc43)cc1C(C)C)C2=O,299.0,0.43454903,,,
128211105,COc1ccc(C2(c3ccc(OC(=O)C45CC6CC(CC(C(C)=O)(C6)C4)C5)cc3)c3ccccc3-c3ccccc32)cc1,335.0,0.38474727,,,
129058504,CCCOC(=O)Nc1cc(NC(=O)OC)ccc1C,52.0,0.32591099,,,
129677973,COc1c(Cl)cc(C(=C(Cl)Cl)c2cc(Cl)c(OC(C)=O)c(Cl)c2)cc1Cl,250.0,0.40362445,,,
130236950,Cc1ccc(Oc2ccc(N3C(=O)c4ccc(Oc5cccc6c(Oc7ccc8c(c7)C(=O)N(C)C8=O)cccc56)cc4C3=O)cc2)cc1,240.0,0.37077884,,,
130348754,CCCC(C)CCC(=O)SC,-50.0,0.38621425,,,
130603875,CNc1ccc(-c2ccc(NC)c3cc4ccccc4cc23)c2cc3ccccc3cc12,,0.3627942,,,
131030961,COc1ccc(C(C)(C)c2ccc(OC(=O)c3ccc([Si](c4ccccc4)(c4ccccc4)c4ccc(C(C)=O)cc4)cc3)cc2)cc1,295.0,0.38062557,,,
131086449,Cc1ccc(Oc2ccc(N3C(=O)c4ccc(Oc5c(C)cc(-c6cc(C)c(Oc7ccc8c(c7)C(=O)N(C)C8=O)c(C)c6)cc5C)cc4C3=O)cc2)cc1,299.0,0.39388382,,,
131094319,[C][Ge]([CH]=CC)([c]1ccccc1)[c]1ccccc1,,0.39302909,,,
131123838,CCCCCCCCCCCNC(=O)c1ccc(C(=O)NC)c(Oc2ccccc2)c1,94.0,0.36034333,,,
131275030,CCC(CC)COC(=O)C(C)CC,,,0.2095,0.91413913,12.27591848
131448132,CNC1=C(NC)C(=Nc2c(C)cccc2C)C(N)=C(N)C1=O,,0.33122927,,,
131486630,COc1ccc(CC(NC(=O)CCc2ccc(OC(=O)CCCCCCC(C)=O)cc2)C(=O)OCC(C)C)cc1,42.0,0.34979846,,,
131992742,Cc1cc(-c2ccccc2)c(C)[nH]1,120.4503456,,,,
132133665,COC(COC(=O)C1CCC(C(C)=O)CC1)COc1ccc(N=Nc2ccc(C#N)cc2)cc1,,0.36227874,,,
132181866,CC(=O)c1ccc2c(c1)C(=O)N(c1cccc(Nc3ncnc(Nc4cccc(N5C(=O)c6ccc(C)cc6C5=O)c4)n3)c1)C2=O,290.0,0.36454415,,,
132706466,Cc1ccc(-c2ccc(-c3ccc(-c4ccc(-c5cc(-c6ccccc6)c6cc(Oc7ccc8nc(C)cc(-c9ccccc9)c8c7)ccc6n5)cc4)cc3)cc2)cc1,310.0,0.40016775,,,
132725176,CC(=O)c1cc2c(cc1Cl)C(=O)N(c1cc(N3C(=O)c4cc(C)c(Cl)cc4C3=O)cc(C(C)(C)C)c1)C2=O,290.0,0.41625991,,,
133123853,CCCNC(=O)c1ccc(OC)cc1,150.0,0.3294033,,,
133124835,CC(=O)Oc1ccc(OC(=O)c2ccc3c(c2)C(=O)N(c2ccc(Oc4ccc(N5C(=O)c6ccc(C)cc6C5=O)cc4)cc2)C3=O)c(C(C)(C)C)c1,189.0,0.36528492,,,
133986624,CC#Cc1ccc(C)c(SCCCCCCCCCCCC)c1,53.41644401,,,,
134240821,CCCCCCCCC1(CCCCCCCC)c2cc(-c3ccc(C)cc3)ccc2-c2ccc(-c3ccc(N(C)c4ccc(N(c5ccc(C(C)(C)c6ccccc6)cc5)c5ccc(C(C)(C)c6ccccc6)cc5)cc4)cc3)cc21,137.0,0.42294334,,,
134957671,COC(=O)C(CC(C)C)NC(=O)CCCCC(=O)NC(CC(C)C)C(=O)OC1COC2C(C)COC12,91.0,0.34245153,,,
135202428,Cc1ccc(Oc2ccc(C(=O)c3ccc(Oc4ccc(C(=O)c5ccc(Oc6ccc(-c7nc(-c8ccccc8)[nH]c7C)cc6)cc5)cc4)cc3)cc2)cc1,230.0,0.38523355,,,
135272498,CCCCCCCCOC(=O)CCC(NC)C(C)=O,-59.5,0.36388977,,,
135399849,COc1ccc(C(c2ccccc2)(c2ccccc2)c2ccc(Oc3ccc(C(=O)Nc4ccc(NC(=O)c5ccc(C)cc5)cc4)cc3)cc2)cc1,254.0,0.37438756,,,
135571738,CNc1ccc(C2(c3ccc(NC)cc3)[C@@H]3C[C@H]4C[C@@H](C3)C[C@]2([C@]23C[C@H]5C[C@H](C[C@H](C5)C2)C3)C4)cc1,,0.36595891,,,
136037972,CCCCC(CC)Cn1c2ccc(C)cc2c2cc(Nc3ccc(-c4ccc(NC)cc4)cc3)ccc21,231.0,0.39144941,,,
136482029,Cc1ccc(Cc2ccc(N3C(=O)c4ccc(OCCN(CCOc5ccc6c(c5)C(=O)N(C)C6=O)c5ccc(C=Cc6ccc([N+](=O)[O-])cc6)cc5)cc4C3=O)cc2)cc1,,0.35258622,,,
136535007,CNc1ccc2c(c1NC)[C@H]1c3ccccc3[C@@H]2c2ccccc21,,0.37638503,,,
136564910,CCCN(CCOC(=O)Nc1ccc(C)c(NC(=O)OC)c1)c1ccc(C=C2NC(=O)NC2=O)cc1,,0.32170639,,,
136668087,CCCCCCCCOC(=O)c1ccc(C(=O)OC)cc1,-1.0,0.35168899,,,
136676580,CCOc1cccc(Oc2cc(N)c3c(c2N)C(=O)c2c(NC)cc(Oc4cccc(OCC)c4)c(NC)c2C3=O)c1,,0.33487592,,,
137060513,CCC1CCC(COP(=O)(N=Nc2ccc(-c3ccc(N=NP(=O)(OC)OC)cc3)cc2)OC)CC1,,0.3611032,,,
137117611,CNc1cc2c(cc1NC)C(C)(C)C(C)(C)C2(C)C,,0.35975635,,,
137415290,CCC(=O)NCCCCCCNC(=O)COC(=O)CCC(=O)OC,30.0,0.31440807,,,
138808143,CCCOCCOC(=O)CCCC(=O)OC,-55.0,0.32465489,,,
138809640,CCC(C)OC(=O)c1ccccc1Cl,55.75,0.35127788,,,
139085360,CCCCC(C)(C)C(=O)O,132.0,0.31720928,0.1985,0.996128545,14.52607342
139188730,COc1ccc(NC(=O)c2ccc([Si](c3ccccc3)(c3ccccc3)c3ccc(C(C)=O)cc3)cc2)cc1,235.0,0.3724538,,,
139200098,COC(C)COC(C)=O,34.6,0.32644555,0.216197061,1.202638184,19.74496917
139585639,COc1ccc(S(=O)(=O)c2ccc(Oc3ccc(C=C4CCC(=Cc5ccc(C)cc5)C4=O)cc3)cc2)cc1,,0.3884516,,,
139914608,CNc1ccc(-c2nc(-c3ccc(N)cc3)nc(-c3ccc(NC)cc3)n2)cc1,,0.388028525,,,
139977598,COc1c(C)cc(C2(c3cc(C)c(OC(=O)c4ccc(C(C)=O)cc4)c(C)c3)CCC3CCCCC3C2)cc1C,287.0,0.40878882,,,
140168832,CCCCCCOC(=O)C(Cc1ccc(OC)cc1)NC(=O)Cc1ccc(OC(=O)CCC(C)=O)cc1,59.0,0.34533311,,,
140415340,CC=CCCCC,,0.41369555,,,
141066783,Cc1ccc(NC(=O)Nc2ccc(NC(=O)Nc3ccc(-c4nc(C#N)c(C#N)nc4C)cc3)cc2)cc1,248.7,0.3670318,,1.154810331,19.52705482
141135744,Cc1cc2cccccc-2c1C,,,0.163,0.814226421,15.84965404
141962685,Cc1ccc(Oc2ccc(Oc3ccc(N4C(=O)c5ccc(Oc6ccc(C7(c8ccc(Oc9ccc%10c(c9)C(=O)N(C)C%10=O)cc8)CCCCCCCCCCC7)cc6)cc5C4=O)cc3)c(C(C)(C)C)c2)cc1,262.0,0.38366054,0.253157391,1.080878734,21.10464722
142147775,CCCCCCCOC(=O)OCCCCOC(=O)OCCCCCCOc1ccc(C(=O)c2ccc(OC)cc2)cc1,2.1,0.3498749,,,
142186672,CCC(C)(C)C,-72.0,,0.2125,,
142224028,Cc1ccc(C(c2ccc(N3C(=O)c4cc(-c5ccc(C(C)(C)C)cc5)c(-c5cc6c(cc5-c5ccc(C(C)(C)C)cc5)C(=O)N(C)C6=O)cc4C3=O)cc2)(C(F)(F)F)C(F)(F)F)cc1,381.0,0.41914206,,,
142367496,CC=C(C)C(CCC)[Si](C)(C)c1ccccc1,,0.39420659,,,
142490647,CC(=O)c1ccc2c(c1)C(=O)N(c1ccc(Cc3ccc(Cc4ccc(Cc5ccc(N6C(=O)c7ccc(C)cc7C6=O)cc5)cc4)cc3)cc1)C2=O,302.0,0.3726534,,,
142802262,CCCN(C)[Si](C)(C)C[Si](C)(C)C,-20.0,0.36931239,,,
143774509,CNc1cc(CCc2ccccc2)cc(-c2c(Cc3ccccc3)cccc2NC)c1,,0.34620954,,,
143809812,CNc1cccc(C2=C(c3ccccc3)C(c3ccccc3)=C[C@@H](c3ccccc3)[C@@]2(c2ccccc2)c2cccc(NC)c2)c1,,0.38536846,,,
143899690,CCCN(CCN1C(=O)c2ccc(C(c3ccc4c(c3)C(=O)N(C)C4=O)(C(F)(F)F)C(F)(F)F)cc2C1=O)c1ccc(N=Nc2ccc([N+](=O)[O-])cc2C)cc1,,0.36754794,,,
143924095,CCCCCCCCCCCCCNC(=O)c1ccc(C(=O)NC)c(Oc2ccccc2)c1,75.0,0.36294756,,,
144238786,CCC(C)C(=O)OCCCCCCCCCOC(=O)c1ccc(OC(=O)c2ccc(C#N)cc2)cc1,15.0,0.35420513,,,
144472572,CNc1ccc(-c2c(-c3ccccc3)c(-c3ccccc3)c(NC)c(-c3cccc(C)c3)c2-c2cccc(C)c2)cc1,,0.3833667,,,
144839830,COc1ccc(OC(=O)c2ccc(-c3ccc(C(C)=O)cc3)cc2-c2ccccc2)cc1-c1ccccc1,148.0,0.36302483,,,
145920765,CNc1ccc(-c2ccccc2)cc1-c1cc(-c2ccccc2)ccc1NC,,0.34380582,,,
146156380,COc1ccc(C(=O)c2ccc(Oc3ccc(C(=O)c4ccc(Oc5ccc(Cc6ccc(C)cc6)cc5)cc4)cc3)cc2)cc1,128.0,0.37347921,,,
146165767,CCOC(=O)c1ccccc1OC(=O)C(C)CC,30.0,0.34193667,0.218273906,1.174569494,13.19656261
146221251,Cc1ccc2c(c1)C(=O)N(c1ccc(Oc3ccc(N4C(=O)c5ccc(C(C)O[Si](C)(C)C)cc5C4=O)cc3)cc1)C2=O,210.0,0.41117013,,,
146716935,CNc1ccc([C@@H](Cc2ccccc2)c2cccc(NC)c2)cc1,,0.348692,,,
147030895,CC(=O)c1cccc(C(=O)c2ccc3c(c2)C(=O)N(c2ccc(C(c4ccc(N5C(=O)c6ccc(C)cc6C5=O)cc4)(C(F)(F)F)C(F)(F)F)cc2)C3=O)c1,262.5,0.37036169,,,
147633092,COC(C)COC(=O)c1ccccc1C(C)=O,95.0,0.33635489,,,
147677118,CCOCCOC(=O)C(C)(C)CC,-16.0,,0.212,1.013471369,12.39029756
148111753,CCCOCCC(=O)OC,-35.0,0.3272277,,,
148248890,CCN(CC)CCOC(=O)C(C)(C)CC,26.0,0.3615965,0.2375,0.960101927,11.45757736
148252767,CCC(C)OC(=O)c1ccc([N+](=O)[O-])cc1,,0.38294962,,,
148616974,CCCCOC(=O)C(C)OC,-33.0,0.34983248,,,
149053950,Cc1ccc2c(c1)C(=O)N(c1ccc(Sc3ccc(Sc4ccc(Sc5ccc(Sc6ccc(N7C(=O)c8ccc(C(C)(C(F)(F)F)C(F)(F)F)cc8C7=O)cc6)cc5)cc4)cc3)cc1)C2=O,216.0,0.38371723,,,
149101883,Cc1ccc(Oc2ccc(C(=O)c3cccc(C(=O)c4ccc(Oc5ccc(-c6nc7ccccc7n6-c6ccc(-n7c(C)nc8ccccc87)cc6)cc5)cc4)c3)cc2)cc1,219.0,0.37557123,,,
149152941,CC(=O)c1ccc(Oc2ccc(Oc3ccc(C(=O)c4ccc5c(c4)C(=O)N(c4ccc(Cc6ccc(N7C(=O)c8ccc(C)cc8C7=O)cc6)cc4)C5=O)cc3)cc2)cc1,225.0,0.37562904,,,
150274872,COc1ccc(C(C)(C)c2ccc(Oc3cccc(C)n3)cc2)cc1,107.0,0.3589821,,,
150383443,CCCOCCOCCOC(=O)CCC(=O)OC,14.21396213,,,,
150398974,CCC(c1ccccc1)C1C(=O)N(CCCN(CC)c2ccc(N=Nc3ccc([N+](=O)[O-])cc3Cl)c(C)c2)C(=O)C1C,,0.37423891,,,
150541495,C=C(C)c1cccc(N2C(=O)c3ccc(C(=O)c4ccc5c(c4)C(=O)N(c4cccc(Oc6cccc(Oc7cccc(N8C(=O)c9ccc(C(=O)c%10ccc%11c(c%10)C(=O)N(c%10cccc(C(C)=CC)c%10)C%11=O)cc9C8=O)c7)c6)c4)C5=O)cc3C2=O)c1,,0.36553114,,,
151009154,COc1cc(Oc2cccc(NC(=O)c3cc(Oc4ccc(C(=O)O)c(C(=O)Nc5cccc(C)c5)c4)ccc3C(=O)O)c2)ccc1C#N,195.8,0.33806241,,,
151282337,Cc1ccc(C(C)(C)c2ccc(C(C)(C)c3ccc(N4C(=O)c5ccc(Oc6ccc7cc(Oc8ccc9c(c8)C(=O)N(C)C9=O)ccc7c6)cc5C4=O)cc3)cc2)cc1,246.0,0.38326204,,,
151355449,CCCOCCOC(=O)CCSCCC(=O)OC,-33.0,0.34050222,,,
151560379,CCC(CCCCCCOc1ccc(N=Nc2ccc(OC)cc2)cc1)COC(=O)CCCCC(=O)OC,,0.35673043,,,
151874358,CCCCCC(=O)Oc1ccc(OC(=O)c2ccc3c(c2)C(=O)N(C)C3=O)c(C)c1,75.76,0.34027795,,,
151905187,CCCOCCOCCOCCOCCOCCOC(=O)NCCCCCCNC(=O)OC,-31.0,0.33926085,,,
152255453,COc1ccc(Oc2ccc(OC(=O)c3cccc(C(C)=O)c3)cc2)cc1,164.5,0.34811185,,,
152289390,Cc1ccc(Oc2cccc(N3C(=O)c4ccc(Oc5ccc6ccc(Oc7ccc8c(c7)C(=O)N(C)C8=O)cc6c5)cc4C3=O)c2)cc1,221.0,0.36602103,,,
152393943,CCCC(c1ccc(N)cc1)(c1ccc(NC)cc1)c1ccc(NC)cc1,,0.36407339,,,
152467749,Cc1cccc(Oc2ccc(S(=O)(=O)c3ccc(Oc4cccc(N5C(=O)c6ccc(Oc7ccc8c(c7)C(=O)N(C)C8=O)cc6C5=O)c4)cc3)cc2)c1,199.6619548,,,,
152612020,CCC(C)(C)C(=O)OCCCCCCCCCCCOc1ccc(C=Nc2ccc(C#N)cc2)cc1,,0.36948879,,,
152623829,COc1ccc(C(C)(C)c2ccc(OC(=O)c3ccc(Oc4ccc(C(C)=O)cc4)cc3)cc2)cc1,220.0,0.36060711,,,
153052486,Cc1ccc(Oc2ccc(-c3ccc(Oc4ccc(-c5nc(C)nc(-c6ccccc6)n5)cc4)cc3)cc2)cc1,241.0,0.40426914,,,
153647431,CCc1cc2cc(C(=O)Nc3ccc(C(c4ccc(NC(=O)c5cc6cc(C)c(OC(=O)COc7ccc8ccc(=O)oc8c7)cc6oc5=O)cc4)(C(F)(F)F)C(F)(F)F)cc3)c(=O)oc2cc1OC(=O)COc1ccc2ccc(=O)oc2c1,257.0,0.32655452,,,
153735651,CNc1cccc2c(NC(=O)c3cc(NC(=O)C(CCSC)N4C(=O)c5ccccc5C4=O)cc(C(C)=O)c3)cccc12,198.0,0.34651154,,,
153736542,COc1ccc(CC(NC(=O)CCc2ccc(OC(=O)CCCCCCC(C)=O)cc2)C(=O)OCc2ccccc2)cc1,47.0,0.34429229,,,
153783159,CCC(C)c1ccc(C(=O)OCCN(C)C)cc1,91.0,0.37142885,0.2314999999999999,1.0222365,11.6806072
153852064,CCCCCCC1(CCCCCC)c2cc(-c3ccccc3NC)ccc2-c2ccc(-c3ccccc3NC)cc21,,0.36887719,,,
154178646,CNc1ccc(-c2ccc([C@@H](C)c3ccc(NC)cc3)cc2)cc1,,0.34963968,,,
154318869,CCC(C)(C)C(=O)NC(=O)OCCOc1c(Br)cc(S(=O)(=O)c2cc(Br)c(OCCO)c(Br)c2)cc1Br,110.0,0.36467521,,,
154607078,COS(=O)(=O)c1cccc(C(=O)Oc2ccc(C(C)(C)c3ccc(C)cc3)cc2)c1,133.0,0.36064897,,,
154881704,Cc1cc(C(=O)O)cc(N2C(=O)CC(C3CC4C(=O)N(C)C(=O)C4c4ccccc43)C2=O)c1,360.0,0.3520042,,,
154956060,CNc1ccc2c(c1)-c1ccc(NC)c3cccc-2c13,,0.33585092,,,
155701787,CC=CC(C(=O)OCC)C(C)C(=O)OCC,,0.36320884,,,
155951033,CCCOC(=O)c1ccc(CCc2ccc(C(=O)OC)cc2)cc1,53.2795594,,,,
156397667,Cc1cc(C)cc(-c2nc3ccccc3o2)c1,250.0,0.39004417,,,
156526173,CCC(C)(C)C(=O)OCCCCCCCCCCn1c2ccccc2c2cc(C=CC3=C(C#N)C(=C(C#N)C#N)OC3(C)C)ccc21,,0.37456116,,,
157448813,CC=C(C#N)C(=O)OCCCCCCOC(=O)C(C#N)=Cc1ccc2c(c1)c1cc(C)ccc1n2CCCCCCCCCCCn1c2ccccc2c2ccccc21,,0.36772669,,,
157842166,CCC(C)c1cccc(C)n1,92.0,0.39815003,,,
157943579,CC=CC1CC(C)C(C#N)([Si](C)(C)C)C1,,0.40700493,,,
158153643,Cc1ccc(Oc2ccc(S(=O)(=O)c3ccc(Oc4ccc(-c5c6c(c(C)c7ccccc57)C(=O)N(c5ccccc5C(F)(F)F)C6=O)cc4)cc3)cc2)cc1,290.0,0.39560548,,,
159062110,Cc1ccc(Oc2ccc(C(=O)c3ccc(C(=O)c4ccc(Oc5ccc(-c6nc(-c7cccc(-c8nc(C)c(-c9ccccc9)[nH]8)c7)[nH]c6-c6ccccc6)cc5)cc4)cc3)cc2)cc1,262.0,0.40285522,,,
159202130,CNCc1c2ccccc2c(CNC)c2c(N)cccc12,,0.33082098,,,
159242278,CCCCCCCOc1ccc(C=C2CCC(=Cc3ccc(OCCCCCCOP(=O)(OC)OC)c(OC)c3)C2=O)cc1OC,,0.35402154,,,
159632571,CNc1ccc(C2=Cc3ccccc3C3(c4ccccc42)c2cc(C(C)(C)C)ccc2-c2ccc(C(C)(C)C)cc23)cc1,,0.38649399,,,
159895291,CCC(=O)Nc1ccc(Oc2ccc(C(C)(C)c3ccc(Oc4ccc(NC(=O)CN5C(=O)c6ccc(C(c7ccc8c(c7)C(=O)N(C)C8=O)(C(F)(F)F)C(F)(F)F)cc6C5=O)cc4)cc3)cc2)cc1,224.0,0.35255561,,,
160086436,CCC(c1ccccc1)(c1ccc(OC)cc1)c1ccc(OC(C)=S)cc1,173.0,0.36657618,,,
160203629,CCC(C)C(=O)OCc1ccc(C#N)cc1,44.0,0.35524043,0.182,1.094513754,11.86407254
160829220,Cc1cccc(/N=C/c2cc(C)c(O)c(C)c2)c1,,,0.192,0.99179579,13.46142519
161010769,CCCC(C)(C)c1ccccc1,93.0,0.38823069,,,
161201125,CCC(C)C(=O)OC1CC(C)CC(C)(C)C1,15.0,0.38012306,0.2205,0.909612952,11.78379961
161607336,COc1ccc(Oc2ccc(Oc3ccc(NC(=O)c4ccc(-c5ccc(C(=O)Nc6ccc(C)cc6)c(C)c5)cc4C)cc3)cc2)cc1,200.0,0.36165997,,,
161723503,Cc1cccc(Oc2cccc(Oc3cccc(Oc4cccc(Oc5cccc(N6C(=O)c7ccc(Oc8ccc9c(c8)C(=O)N(C)C9=O)cc7C6=O)c5)c4C#N)c3)c2C#N)c1,176.0,0.36435311,,,
162025525,COc1ccc(C(C)(C)c2ccc(Oc3ccc(C)nn3)cc2)cc1,180.0,0.36876206,,,
162133188,CCC(CC)(Cc1ccc(NC)cc1)c1ccc(N)c(CC(C)(C)c2ccc(NC)cc2)c1,,0.35644292,,,
163611533,CNc1ccc([C@@H](C2=CCC(N)(NC)C=C2)c2ccccc2)cc1,,0.3443427,,,
163724879,Cc1cccc(N2C(=O)c3cccc(Oc4ccc(C(=O)c5ccc(Oc6cccc7c6C(=O)N(C)C7=O)cc5)cc4)c3C2=O)c1,248.0,0.36803803,,,
163827064,COc1ccc(Oc2ccc(P(=O)(c3ccccc3)c3ccc(Oc4ccc(Oc5cccc(C)n5)cc4)cc3)cc2)cc1,164.0,0.36767472,,,
164182648,CCC(C)OC(=O)c1cccnc1,86.5,0.34320724,,,
164916720,CCCCCCCOC(=O)C(CCCCCCCCCCBr)C(=O)OCCCCCCOc1ccc(-n2on2-c2ccc(OC)cc2)cc1,16.0,0.37107899,,,
164960718,Cc1ccc2c(c1)C(=O)N(c1ccc(Sc3ccc(N4C(=O)c5ccc(C(C)(C(F)(F)F)C(F)(F)F)cc5C4=O)cc3)cc1)C2=O,301.0,0.3879693,,,
165064963,CCc1cc(Cc2cc(CC)c(NC)c3ccccc23)c2ccccc2c1NC,,0.36700436,,,
165170378,CCC(C)Cc1ccc(C)cc1,65.0,0.3852781,,,
165675920,CCC(C)(CC(=O)OC1CCCCCC1)C(=O)OC1CCCCCC1,105.0,0.36822035,,,
165704886,CNc1cc(Cl)c(-c2cc(Cl)c(NC)cc2Cl)cc1Cl,,0.36444978,,,
165718490,COc1ccc(OC(=O)c2cccc(C(C)=O)c2)cc1,186.0,0.34002777,,,
166073456,CCC(C)(C)CS(=O)(=O)CC(C)(C)COC(=O)OC,50.0,0.35691907,0.186,1.089194614,17.59804845
166405771,CCCCCCCCCCCCCCC(C(=O)NC)C(=O)NCCCCCCC,,,0.319,,
166484126,CCc1ccccc1-c1c(-c2ccccc2)ccc(NC)c1NC,,0.35913139,,,
166538508,CCC(O)CN(C)c1cc(C)c(N=Nc2ccc([N+](=O)[O-])cc2C)c(C)c1,,0.37035052,,,
166991206,CCCCCCCCCCCCCCCCCCCCCOC(=O)CCCCC(=O)OC,,,0.3545,0.899322314,23.96801429
167315243,CCCc1ccc(C)c2ccccc12,160.0,0.37967697,,1.050887217,20.17560548
167636925,CSc1ccc2c(c1)Sc1ccc(C)cc1S2,209.9,0.40790715,,,
168537867,Cc1ccc(C=Nc2cccc(N=Cc3ccc(-c4ccc(C)s4)cc3)c2)cc1,,0.39327219,,,
169123787,CNc1c(C)cc(C2(c3cc(C(C)C)c(NC)c(C(C)C)c3)c3ccccc3-c3ccccc32)cc1C,,0.40404304,,,
169172468,Cc1ccc(Cc2ccc(N3C(=O)c4ccc(-c5ccc(-c6ccc(-c7ccc(-c8ccc(-c9ccc%10c(c9)C(=O)N(C)C%10=O)cc8)cc7)cc6)cc5)cc4C3=O)cc2)cc1,244.0,0.37649698,,,
169292990,CCC(C)(C)C(=O)OCCCCCCCCCCOc1ccc(N=Nc2ccc(Cl)cc2)cc1,,0.37292398,,,
169412293,CCCCCCCCCCCOCCCCCCCCCCOCCCCCCOC,,,0.269,,
169491723,Cc1ccc(Oc2cccc3c(Oc4ccc(N5C(=O)c6ccc(-c7ccc8c(c7)C(=O)N(C)C8=O)cc6C5=O)cc4)cccc23)cc1,,0.37148684,,,
169582663,CCC(C)(C)C(=O)OCCN(C)c1ccc(N=Nc2ccc([N+](=O)[O-])cc2)cc1,,0.36754584,,,
169699943,CNNC(=O)c1cc(NC(=O)c2ccc3c(c2)C(=O)N(c2ccc(C)cn2)C3=O)cc(C(=O)NNC(=O)CCCC(C)=O)c1,,0.33325517,,,
169832897,CCC(C)C(=O)c1ccc(Br)c(OC)c1,44.0,0.37684712,,,
170092813,COc1ccc2cc(Oc3ccc(S(=O)(=O)c4ccc(C)cc4)cc3)ccc2c1,231.0,0.36801316,,,
170253465,COc1cccc(Oc2cccc(C)n2)c1,82.0,0.35077616,,,
170762410,CCCCCC1CCC(c2ccc([C@@H](CC)c3ccc(NC)cc3)cc2)(c2ccc([C@@H](CC)c3ccc(NC)cc3)cc2)CC1,,0.3695966,,,
171128702,COc1ccc(C(=O)OCCCCCCCOC(=O)c2ccc(OC(=O)c3ccc(C(C)=O)cc3)cc2)cc1,70.0,0.34460962,,,
171195170,CCC(C)CCCC1CCCCC1,,,0.2463333333333333,,
172004497,Cc1cc(Cc2cc(C)c(N3C(=O)c4ccc(Oc5ccc6ccc(Oc7ccc8c(c7)C(=O)N(C)C8=O)cc6c5)cc4C3=O)c(C)c2)cc(C)c1C,272.0,0.39303801,,,
172704550,CO[Si](C)(C)Oc1ccc(C)cc1,90.0,0.41626444,,,
173018796,COc1ccc(C(=O)c2ccccc2)c(-c2cc(Oc3ccc(C(c4ccc(C)cc4)(C(F)(F)F)C(F)(F)F)cc3)ccc2C(=O)c2ccccc2)c1,164.0,0.37955991,,,
173214636,CNc1ccc(C(c2ccc(NC(=O)c3ccc(C(c4ccc(C(C)=O)cc4)(C(F)(F)F)C(F)(F)F)cc3)cc2)(P2(=O)Oc3ccccc3-c3ccccc32)P2(=O)Oc3ccccc3-c3ccccc32)cc1,235.0,0.36717844,,,
173616711,Cc1ccc2c(c1)C(=O)N(c1cccc3c(N4C(=O)c5ccc(C(C)(C(F)(F)F)C(F)(F)F)cc5C4=O)cccc13)C2=O,390.0,0.40266196,,,
174572139,CCC(C)OC(=O)C(C)(C)CC(C)(C)C,55.0,0.37520737,,,
174718000,CNc1c(C)cc(-c2cc(C)c(NC)c3ccccc23)c2ccccc12,,0.3715986,,,
175197734,CCCCCCOC(=O)C(Cc1ccc(OC)cc1)NC(=O)Cc1ccc(OC(=O)CC(C)CCC(C)=O)cc1,38.0,0.34861668,,,
175226564,CCN1C(=O)c2ccc(C(c3ccc4c(c3)C(=O)N(Cc3nc5cc(-c6ccc7oc(C)nc7c6)ccc5o3)C4=O)(C(F)(F)F)C(F)(F)F)cc2C1=O,231.0,0.36313657,,,
175456331,CC(=O)CCN1CCN(CCC(=O)N2CCN(C)CC2)CC1,40.58060093,,,,
175513548,CCCCCCCCCCCOC(=O)CCC(=O)OC,1.783806133,,0.285,,
175985223,CCC(C)C(=O)OCCCCCCSCC#N,-59.0,0.39181191,0.2175,1.039476536,13.18158821
176911109,CC1C(=O)OC(=O)C1C,,,0.1425,1.365901109,17.04190977
177156003,CCC(C)(C)C(=O)OCCCCCCOc1ccc(OC(=O)c2ccc(OC)cc2)cc1,38.0,0.34368741,,,
177272960,Cc1ccc(C)[nH]1,103.0,0.56389708,,,
177304158,CCC(C)(C)C(=O)OC(C(F)(F)F)(C(F)(F)F)C(F)(F)F,,,0.0465,1.240147043,13.23674474
177634653,CNc1cc(Oc2cc(C)cc(C)c2)c(N)c2c1C(=O)c1c(ccc(Oc3cc(C)cc(C)c3)c1NC)C2=O,,0.35668305,,,
177677392,C=C(C)C(=O)OCC(CC)(CC)COC,40.0,0.35959663,,,
177977769,COc1ccc2nc3c(nc2c1)Sc1cc(-c2ccc4c(c2)Sc2nc5cc(C)ccc5nc2N4)ccc1N3,383.4,,,,
177999649,CO[Si](C)(C)O[Si](C)(C)O[Si](C)(C)O[Si](C)(c1ccccc1)c1cccc([Si](C)(C)c2ccccc2)c1,-42.0,0.41493555,,,
178586120,CC1C(=O)N(CCCCOc2ccc(-c3ccc(C#N)cc3)cc2)C(=O)C1C,115.0,0.34432797,,,
179710096,COC(=O)C(Cc1ccc(OC)cc1)NC(=O)CCc1ccc(OC(=O)COCCOCC(C)=O)cc1,63.0,0.33270357,,,
179732838,COc1ccc(NC(=O)C=CC(=O)NNC(=O)C=CC(=O)Nc2ccc(OC(=O)c3ccccc3C(=O)NNC(=O)c3ccccc3C(C)=O)cc2)cc1,,0.32132816,,,
179923409,CCCCCCCCOC(=O)Nc1ccc(C)c(NC(=O)OC)c1,61.0,0.34462277,,,
179976364,COc1ccc(NC(=O)c2ccc(C(=O)Nc3ccc(Oc4ccc(C(=O)c5ccc(C)cc5)cc4)cc3)cc2)cc1,160.0,0.35575698,,,
180279074,CC(=O)Nc1ccc(Oc2cccc(Oc3ccc(NC(=O)c4ccc5c(c4)C(=O)N(c4ccc(Oc6cccc(Oc7ccc(N8C(=O)c9ccc(C)cc9C8=O)cc7)c6C#N)cc4)C5=O)cc3)c2C#N)cc1,220.0,0.35942779,,,
180321996,CCCCCCCCCCC[N+](C)(C)C,65.9,0.76931541,,,
180324539,CC1OC(C(F)(F)F)(C(F)(F)F)OC1(C)F,256.0,0.36688477,,,
180355416,COc1ccc(C(C)(C)c2ccc(Oc3ccc(C(=O)c4ccc5cc(C(=O)c6ccc(C)cc6)ccc5c4)cc3)cc2)cc1,185.0,0.3816141,,,
180651708,CCCCCCCSC(=O)CCCCCCCCC(=O)SC,-39.13613776,,,,
180714059,CCCCCCCNC(=O)CCP(=O)(CCC(=O)NC)c1ccccc1,29.0,0.34647823,,,
180949734,CN=P(C)(OCCc1ccccc1)OCCc1ccccc1,-32.7,0.36125209,,,
181297795,COc1ccc(NC(=O)c2ccc(Oc3ccc(C(C)(C)c4cccc(C(C)(C)c5ccc(Oc6ccc(C(=O)Nc7ccc(C)cc7)cc6)cc5)c4)cc3)cc2)cc1,155.0,0.36487066,,,
181346795,CCCN(CCOC(=O)NCCCCCCNC(=O)OC)c1ccc(N=Nc2ccc([N+](=O)[O-])cc2)c(C)c1,,0.35275364,,,
181691220,CCC(F)(F)C(F)(F)COC(=O)NCC(F)(F)C(F)(F)C(F)(F)C(F)(F)CNC(=O)OC,38.0,0.30107699,,,
182042962,CC=CC(C)(C)c1ccccc1,,0.37130723,,,
182803961,CNc1ccc(-c2ccc(NC)c(-c3ccccc3)c2-c2cccc3ccccc23)c(-c2cccc3ccccc23)c1-c1ccccc1,,0.37664419,,,
182838821,CCCCC[Si](C)(CC)CCCCC,-55.0,0.41744785,,,
182963487,COc1ccc(-c2ccc(Oc3ccc(C(=O)c4cccc5cccc(C(=O)c6ccc(C)cc6)c45)cc3)cc2)cc1,226.5,0.37806189,,,
183287787,Cc1ccc(Oc2ccc(C(C)(C)c3ccc(Oc4ccc(-c5nnc(C)o5)cc4)cc3)cc2)cc1,180.0,0.38996204,,,
183910750,CCOC(=O)C(=O)OC(CC)C(COC(=O)OC)OC(=O)C(=O)OCC,53.8,0.31291135,,,
184043122,CCCCCC[Si](C)(C)CCCCCC,-11.37918107,,,,
184129336,CNc1cc(-c2ccccc2)c(NC)c(-c2ccccc2)c1-c1ccccc1,,0.36779908,,,
184214887,CC(=O)c1ccc2c(c1)C(=O)N(c1ccc(Cc3ccc(Cc4ccc(N5C(=O)c6ccc(C)cc6C5=O)cc4)cc3)cc1)C2=O,347.0,0.37908759,,,
184273461,COc1ccc(OC(=O)CCCCC(C)=O)cc1,90.0,0.3300236,,,
184399060,CCc1ccc(CSSSC)cc1,8.0,0.41886249,,,
184854748,COC(=O)c1ccccc1N1C(=O)C(C)C(C)C1=O,259.0,0.36145459,0.143,1.070408699,12.24675377
184918589,CCC#CCOC(=O)CCCCCCCCC(=O)OC,-26.5,0.35810319,,,
185502634,CNc1ccc(CCCC(c2ccc(N)cc2)c2ccc(NC)cc2)cc1,,0.34680666,,,
185789282,CCCCCOc1ccc(Br)cc1C(C)CC,49.0,0.41131014,0.1545,,
185974329,CCC(C)c1cc(C)ccc1F,,,0.171,0.955409279,13.40669452
186514002,COc1ccc(C(=O)OCCCCOC(=O)c2ccc(C)cc2)cc1,38.0,0.34336471,,,
187577688,CCCCC(CC)CCNC(=O)c1ccc(C(=O)NC)cc1,135.0,0.34121483,,,
187968183,CCCCN(C)C(=O)C(F)(F)C(F)(F)C(F)(F)C(F)(F)C(F)(F)C(F)(F)C(F)(F)F,25.0,0.3285942,,,
188178084,CC(=O)c1ccc2c(c1)C(=O)N(c1ccc(Cc3ccc(Cc4cccc(N5C(=O)c6ccc(C)cc6C5=O)c4)cc3)cc1)C2=O,317.0,0.36659408,,,
188574710,COc1cccc(NC(=O)CCCCCCCC(=O)Nc2ccc(C)cc2)c1,120.0,0.3432777,,,
188691845,CNc1c(C)cc(-c2cc(C)c(NC)c(C)c2)cc1C,,0.36477351,,,
189225250,CC1CCC(N2C(=O)c3ccc(-c4ccc5c(c4)C(=O)N(C)C5=O)cc3C2=O)CC1,360.0,0.36716787,0.322479304,1.221232144,29.09881388
189385552,CCC(C)(F)C(=O)OCCC(F)(F)C(F)(F)C(F)(F)C(F)(F)F,6.0,0.32470853,,,
189585434,COc1ccc(Oc2ccc(C(=O)Nc3ccc(Cc4ccc(NC(=O)c5ccc(C)cc5)cc4)cc3)cc2)cc1,216.0,0.35716326,,,
189637201,CCC(C)OCc1ccc(C(C)CC)cc1,40.0,0.38400866,,,
189875275,CC#CC(COS(=O)(=O)c1ccc(C)cc1)=C(C)COS(=O)(=O)c1ccc(C)cc1,,0.37237347,,,
189877162,CNc1ccc(C2(c3ccc(NC)cc3)c3cc([C@]45C[C@H]6C[C@H](C[C@H](C6)C4)C5)ccc3-c3ccc([C@]45C[C@H]6C[C@H](C[C@H](C6)C4)C5)cc32)cc1,,0.39779257,,,
190124790,CCCN(C)C(=O)c1ccc2ccccc2c1,130.0,0.35477943,,,
190194752,CCCCCCCCCc1nnc(C)n1N,-41.92176029,,,,
190344544,CNc1ccc(NC(=O)c2cc(C(C)=O)c(C(=O)O)cc2C(=O)O)cc1,283.4,0.29592785,,,
190407869,CCC(C)O,76.5,,0.424,1.081206735,22.51988264
190689808,CCC(C)c1ccccc1COC(C)C,88.0,0.38497632,0.171,0.933317386,12.10539551
190870051,CCC(C)c1ccc(Cn2c3ccccc3c3ccccc32)cc1,166.0,0.36892883,,,
191380298,CCC(C)(C)C(=O)OCCCCCc1ccc(N=Nc2ccc(OC(F)(F)F)cc2)cc1,,0.35838591,,,
191414295,CNc1ccc(-c2cc(NC)c3ccccc3c2/N=N/c2cccc3ccccc23)cc1,,0.35297912,,,
191656364,CCCc1ccc(-c2ccc(C)cc2)cc1,,,,1.042562737,30.03662597
191836476,CCCCC(=O)NNC(=O)c1ccc(C(=O)NNC(=O)CCCOc2ccc(OC)c(C)c2)cc1,139.0,0.33330839,,,
192948428,CCCOCCOCCOC(=O)C1CCC(C(=O)OC)CC1,-25.0,0.33745828,,,
192960125,CNc1ccc2c(NC)c3ccccc3cc2c1,,0.34619216,,,
193203313,CCCCCOC(=O)c1ccc(C(=O)OC)cc1,48.4,0.34023648,,,
193475796,Cc1ccc(Oc2cccc(Oc3ccc(N4C(=O)c5ccc(-c6cccc7c6C(=O)N(C)C7=O)cc5C4=O)cc3)c2)cc1,259.0,0.36194506,0.215328534,1.238084525,22.13429822
193587045,CCC(O)COC,17.0,0.31201093,,,
194134308,CCCOCCOC(=O)CCCCCCC(=O)OC,-66.0,0.34329076,,,
195032699,CNc1ccc(-c2ccc(NC)c(Cc3ccccc3)c2)cc1Cc1ccccc1,,0.3464418,,,
195040498,COc1ccc(C2(c3ccc(Oc4ccc(C(=O)c5ccc(C)cc5)cc4)cc3)CCC3CCCCC3C2)cc1,214.0,0.387972,,,
195313590,CCC(C)(C)C(=O)OCCOc1ccc(N=Nc2ccc(OC)cc2)cc1,,0.36003088,,,
195349220,CCOc1ccc(C(=C(Cl)Cl)c2ccc(OC)cc2)cc1,108.0,0.3737643,,,
195585477,CCCN(C)c1ccc(C(C)=O)cc1,136.0,0.39207045,,,
196134048,CCC(C)c1cc(Br)ccc1OCCC(C)C,37.0,0.40859696,0.1674999999999999,,
196264517,CCCCCCCNC(=O)CCP(CCC(=O)NC)c1ccccc1,9.575432391,,,,
197075441,COc1ccc(S(=O)(=O)c2ccc(Oc3ccc(C45CC6CC(CC(c7ccc(C)cc7)(C6)C4)C5)cc3)cc2)cc1,242.0,0.37269141,,,
197916751,COc1ccc(OC(=O)c2cc(OCCCCCOCC3CCCN3c3ccc([N+](=O)[O-])cc3)c(C(C)=O)cc2OCCCCCOCC2CCCN2c2ccc([N+](=O)[O-])cc2)cc1,63.0,0.35296749,,,
197924325,CCC(C)(C)C(=O)OC1CCCC1,75.0,0.36428861,,,
198466108,COc1ccc(OC(=O)c2ccc(C(C)=O)cc2Oc2ccc(-c3ccccc3)cc2)cc1,117.0,0.35036936,,,
199188552,CNc1ccc(C2(NC)C=CC(c3ccc(N)cc3)(c3ccc(N)cc3)C=C2)cc1,,0.36932897,,,
199261804,Cc1ccc(Oc2ccc3ccccc3c2-c2c(Oc3ccc(N4C(=O)c5ccc(NC(=O)Nc6ccc(Oc7ccc(NC(=O)Nc8ccc9c(c8)C(=O)N(C)C9=O)cc7)cc6)cc5C4=O)cc3)ccc3ccccc23)cc1,274.0,0.36179389,,,
199401973,COc1ccc(OC(=O)c2ccc(OCCCCCCCCCCOc3ccc(C(C)=O)cc3)cc2)cc1S(=O)(=O)c1ccccc1,88.0,0.35673875,,,
199573915,CCC(C)c1c(F)c(F)c(OCC(F)(F)C(F)(F)F)c(F)c1F,61.0,0.35026517,,,
199989730,Cc1ccc(Oc2ccc(Oc3ccc(-c4ccc(Oc5ccc(Oc6ccc(C7(C)OC(=O)c8ccccc87)cc6)cc5)c5ccccc45)c4ccccc34)cc2)cc1,198.0,0.38367366,,,
200483739,Cc1cccc(OCCCCCCCCCCOc2cccc(N3C(=O)c4ccc(-c5ccc6c(c5)C(=O)N(C)C6=O)cc4C3=O)c2)c1,125.0,0.35053912,,,
200513526,CCC#CC#CCOC(=O)c1ccc(C(=O)OC)cc1,143.0,0.37145321,,,
200916875,Cc1cccc(-c2nc3ccc(-c4ccc5nc(C)[nH]c5c4)cc3[nH]2)c1,420.0,0.42946115,,,
200989241,CN=P(C)(Oc1ccccc1)Oc1ccccc1,-8.0,0.40515813,,,
201251785,CC(=O)N1C(=O)N(C(=O)c2ccc3c(c2)C(=O)N(c2ccc(Oc4ccc(N5C(=O)c6ccc(C)cc6C5=O)cc4)cc2)C3=O)C2(CCCCC2)C1=O,277.0792131,,,,
201564281,COc1cccc(Oc2ccc(Oc3cccc(OC(=O)c4ccc(C(C)=O)cc4)c3)cc2)c1,103.0,0.35180531,,,
201596108,CCCCCCCCCCCCCC(C(=O)NC)C(=O)NCCCCCCC,,,0.2925,0.899716416,13.5860206
201709435,Cc1ccc(Oc2ccc(C(=O)c3cccc(C(=O)c4ccc(Oc5ccc(N6C(=O)c7ccc(Oc8ccc(Sc9ccc(Oc%10ccc%11c(c%10)C(=O)N(C)C%11=O)cc9)cc8)cc7C6=O)cc5)cc4)c3)cc2)cc1,192.0,0.36404303,,,
201838282,CCCCCCCCCCC(CC)OC,-41.0,0.40374823,,,
202074426,COc1ccc(Oc2ccc(S(=O)c3ccc(Oc4ccc(Oc5cccc(C)n5)cc4)cc3)cc2)cc1,138.0,0.35458448,,,
202457389,CC(=O)Nc1ccc(-c2ccc(NC(=O)c3ccc4c(c3)C(=O)N(c3c(C)cc(C)c(N5C(=O)c6ccc(C)cc6C5=O)c3C)C4=O)cc2C)c(C)c1,259.0,0.3862015,,,
203166993,CCC(C)(C)C(=O)Oc1ccc(C(=O)Oc2ccc(OC)cc2)cc1,77.0,0.34147075,,,
203328995,CCCCCCCCCCCOCCCCCCCCCCOCCCCCOC,,,0.38525,,
203569820,Cc1cc(C)c(O)c(N=Cc2ccc(F)cc2)c1,,0.37230953,,,
204188551,CCC(C)c1ccc(Cl)c(Cl)c1,128.0,,0.114,,
204433294,CC(=O)OC1CC(C)N(C(=O)OCc2ccccc2)C1,78.0,0.33476928,,,
204583818,CCC(OC)C1(C)C(=O)OC(=O)C1(C)C,260.0,0.31336206,,,
204710529,Cc1ccc(Oc2ccc(P(=O)(c3ccccc3)c3ccc(Oc4ccc(-c5cc(C)[nH]n5)cc4)cc3)cc2)cc1,296.0,0.39032537,,,
204753687,CCCCCCCOC(=O)OCCOC(=O)OCCCCCCOc1ccc(Oc2ccc(OC)cc2)cc1,-4.0,0.35004228,,,
204849258,CCCCOc1ccc(C(=O)Oc2ccc(OCCCCCCCCCCOC(=O)C(C)(C)CC)cc2)cc1,31.0,0.36120255,,,
205078323,CCOc1ccc(C(=O)Oc2ccc(-c3ccc(OC(=O)CCCCCCCCCC[Si](C)(C)OC)cc3)cc2)cc1,103.4,0.36210675,,,
205238044,CCC1(COC(=O)C(C)(C)CC)COC1,105.0,0.36219625,,,
205810542,CNc1ccc(Cc2ccc(NC)c3ccccc23)c2ccccc12,,0.34615054,,,
206145001,Cc1ccc(Oc2ccc(N3C(=O)c4ccc(Oc5ccc(C(=O)c6ccc(Oc7ccc8c(c7)C(=O)N(C)C8=O)cc6)cc5)cc4C3=O)cc2)cc1,210.0,0.37060642,,,
206778782,Cc1cc(C(c2cccc(C(F)(F)F)c2)c2cc(C)c(N3C(=O)c4ccc(-c5ccc6c(c5)C(=O)N(C)C6=O)cc4C3=O)c(C)c2)cc(C)c1C,312.9,0.42612429,,,
207198573,CCC(C)(C)OC(=O)C(C)C,136.5678336,,,,
207258565,CCCCCCC1(CCCCCC)c2cc(C)ccc2-c2ccc(-c3ccc(C)cc3)cc21,106.2,0.41767157,0.376,0.786503256,27.96449264
207627808,CCN1C(=O)c2ccc(C(c3ccc4c(c3)C(=O)N(Cc3nc5cc(C(c6ccc7oc(C)nc7c6)(C(F)(F)F)C(F)(F)F)ccc5o3)C4=O)(C(F)(F)F)C(F)(F)F)cc2C1=O,,0.36859748,,,
207945160,Cc1cccc(P(=O)(c2ccccc2)c2cccc(N3C(=O)c4ccc(Oc5ccc(C(C)(C)c6ccc(Oc7ccc8c(c7)C(=O)N(C)C8=O)cc6)cc5)cc4C3=O)c2)c1,213.0,0.37508167,,,
208376671,Cc1ccc(Oc2ccc(C(c3ccc(Oc4ccc(-c5nnc(C)c6c(-c7ccc(F)cc7)c(-c7ccc(F)cc7)c(-c7ccc(F)cc7)c(-c7ccc(F)cc7)c56)cc4)cc3)(C(F)(F)F)C(F)(F)F)cc2)cc1,288.0,0.40028133,,,
208448147,CCC(C)(C)C(=O)OCc1ccco1,111.0,0.3375562,0.172,1.081813241,12.32614241
208451383,COC(COc1ccccc1)CC(C)=O,20.0,0.3399788,,,
209437861,CCCCCCCCCCCCC(CC)COC(=O)NC(=O)c1ccc(C(=O)NC(=O)OC)cc1,75.0,0.34646463,,,
210091509,CCCCCCCCCOc1c(OC)cc(/C=C/c2ccc(/C=C/c3ccc(/C=C/c4cc(OC)c(OC)c(OC)c4)cc3)cc2)cc1OC,68.1,0.36466644,,,
210562725,COc1ccc(-c2ccc(OC(=O)c3ccc(C(C)=O)cc3)cc2)cc1,68.1,0.34119605,,,
210731746,CNc1nc(N)c(N)c(NC)n1,78.7,0.31899407,,,
210803302,CNC(C(C)=O)C(C)C,153.0278775,,,,
210909359,CCCOCCOP(=O)(N=Nc1ccc(C(=O)c2ccc(N=NP(=O)(OC)OC)cc2)cc1)OC,267.0,0.35159394,,,
210914084,CCCCCCCCCCCOC(=O)Nc1ccc(C)c(NC(=O)OC)c1,,0.35319666,,,
210989195,Cc1ccc(C(C)(C)c2ccc(C(C)(C)c3ccc(N4C(=O)c5ccc(Oc6ccc7ccc(Oc8ccc9c(c8)C(=O)N(C)C9=O)cc7c6)cc5C4=O)cc3)cc2)cc1,18.0,0.37859256,,,
211760119,CC#Cc1cc(C(C)(C)C)cc2c3cc(C(C)(C)C)cc(C)c3n(CCCCCCCCCCCCCCCC)c12,246.0,0.40884949,,,
211825763,COC(C)C,18.0,0.3634429,,,
212654540,CCCCOC(=O)c1ccccc1C(C)CC,246.0,0.37028116,0.1953333333333333,,
212760661,CCCCCCC(=O)Nc1ccc(Oc2cccc(NC(=O)CCCCCN3C(=O)c4ccc(C(=O)c5ccc6c(c5)C(=O)N(C)C6=O)cc4C3=O)c2)cc1,80.0,0.33649448,,,
213054047,CO[Si](O[Si](O[Si](O[Si](CC[Si](C)(C)O[Si](C)(C)O[Si](C)(C)O[Si](C)(C)CC[Si](C)(c1ccccc1)c1ccccc1)(c1ccccc1)c1ccccc1)(c1ccccc1)c1ccccc1)(c1ccccc1)c1ccccc1)(c1ccccc1)c1ccccc1,-19.5,0.4006666,,,
213771383,COc1ccc(Oc2ccc(C(=O)c3cccc(NC(=O)CCCCCCCCC(=O)Nc4cccc(C(=O)c5ccc(C)cc5)c4)c3)cc2)cc1,66.0,0.35474585,,,
213984999,CCCCCCCCCCCCCCCCOc1cc(N2C(=O)c3ccc(C)cc3C2=O)cc(N2C(=O)c3ccc(C(C)(C(F)(F)F)C(F)(F)F)cc3C2=O)c1,170.0,0.37483877,,,
214162824,CCC/C=C(/C)CCC,161.0,,0.2233333333333333,,
214279994,CCCCCCCCCCCC(=O)NCCc1ccc(CCNC(=O)CCCCCCCCCCSC)cc1,144.0,0.38077316,0.296,0.962511767,22.76143272
214573613,CCCC(=O)NCc1c(C)c(C)c(CNC(=O)CCOC)c(C)c1C,161.0,0.336425,,,
214883571,Cc1ccc2c(c1)C(=O)N(c1cccc(Oc3ccc(C(c4ccc(Oc5cccc(N6C(=O)c7ccc(C(C)(C(F)(F)F)C(F)(F)F)cc7C6=O)c5)cc4)(C(F)(F)F)C(F)(F)F)cc3)c1)C2=O,191.0,0.37434007,,,
215105340,Cc1cc(C)c(N2C(=O)c3ccc(S(=O)(=O)c4ccc5c(c4)C(=O)N(C)C5=O)cc3C2=O)c(C)c1C,58.0,0.40691826,,,
215128069,CCCCCCCCCCCNC(=O)CC/C=C/CCC(=O)NC,191.0,,0.3125,0.952363037,18.83632464
215274198,CC#CC#Cc1ccc(C)s1,49.13696662,,,,
215595067,COC(COC(=O)c1ccc(C(C)=O)c2ccccc12)COc1ccc(N=Nc2ccc(C#N)cc2)cc1,418.0,0.353962,,,
215880524,CNc1ccc2[nH]c3ccc(NC)cc3c2c1,,0.33036591,,,
215968936,CCCCCCCCSc1cc(-c2ccc(-c3cc(SCCCCCCCC)c(-c4ccc(C)cc4)s3)cc2)sc1C,,0.46732994,,,
216165703,COc1ccc(S(=O)(=O)c2ccc(Oc3ccc(C(C)(C)c4ccc(C)c(N)c4)cc3N)cc2)c(N)c1,-38.8,0.37345371,,,
216288111,CC(=O)Nc1cccc(Oc2cccc(Oc3cccc(NC(=O)c4ccc5c(c4)C(=O)N(c4cccc(Oc6cccc(Oc7cccc(N8C(=O)c9ccc(C)cc9C8=O)c7)c6C#N)c4)C5=O)c3)c2C#N)c1,237.1,0.35823538,,,
216414863,CNc1cccc([C@](N)(c2ccccc2)c2cccc3ccccc23)c1NC,-38.8,0.35839515,,,
216608930,CCCOC(=O)CCCCCCC(=O)OCCOC(=O)c1ccc(C(=O)OC)cc1,237.1,0.33135087,,,
216626801,C/C=C/c1ccc(C)c2ccc(CCCCCC)cc12,214.0,,0.339,0.946624284,20.81567785
216772383,CCCCOCc1ccccc1C(C)CC,,0.38677194,0.2096666666666666,0.940569983,11.37399833
218059466,C/C(=C(/C)c1ccccc1)c1ccccc1,206.5698859,,,,
218216912,CCCCCOC(=O)OCCCCN1C(=O)c2ccc(-c3ccc4c(c3)C(=O)N(C)C4=O)cc2C1=O,,0.32834937,,,
218350404,CCCCCCCCCCOC(=O)CCCCCCCC(=O)OC,3.667443154,,0.294,0.941870155,20.56975581
219039564,Cc1ccc2c(c1)SC1=Nc3cc(-c4ccc5c(c4)N=C4Sc6cc(C)ccc6N=C4N5)ccc3NC1=N2,418.69,,0.506,1.086875784,27.5268485
219386483,CC(=O)OCCN(CCOC(=O)c1ccc2c(c1)C(=O)N(c1c(C)cc(Cc3cc(C)c(N4C(=O)c5ccc(C)cc5C4=O)c(C)c3)cc1C)C2=O)c1ccccc1,104.0,0.37130199,,,
219718402,CNc1ccc(CCc2cc(CCc3ccc(N)cc3)cc(CCc3ccc(NC)cc3)c2)cc1,177.0,0.35342866,,,
219873035,CO[Si](C)(C)O[Si](C)(C)CCCCOc1ccc(-c2ccc(C#N)cc2)cc1,,0.38755299,,,
220000766,CCCCC(CC)COC(=O)C(C)CC,177.0,0.3869788,0.2309999999999999,0.893389668,10.99379023
220223317,CC(=O)c1ccc2c(c1)C(=O)N(c1ccc(Oc3ccc(N4C(=O)c5ccc(C)cc5C4=O)cc3)cc1)C2=O,-62.0,0.37640128,,,
220286370,CCCCCOC(=O)c1ccc([Si](C)(C)c2ccc(C(=O)OC)cc2)cc1,-5.5,0.36459187,,,
221632888,CO[Si](C)(C)CCc1ccc(O)cc1,-62.0,0.35484533,,,
222144803,CNc1cc2ccc(NC)c3c4cccc5cccc(c(c1)c23)c54,275.5,0.33646603,,,
222164121,CNc1cc(NC(=O)c2cccc(C(C)=O)c2)cc(C(=O)OCCOC(=O)C=Cc2ccc(N(C)C)cc2)c1,42.0,0.34211001,,,
222724508,CCCOC(=O)c1ccccc1C(C)CC,39.0,,0.1929999999999999,,
223538531,CNc1cc(NC(=O)c2ccc(-c3ccc(C(C)=O)cc3)cc2)cc(C(=O)OCCOc2ccc(C=CC(=O)c3ccccc3)cc2)c1,108.0,0.34446761,,,
223648222,CNc1cc2cc3cc4cc5cc6ccccc6cc5cc4cc3cc2cc1NC,,0.34605853,,,
223739255,CCC(C)(C)C(=O)Nc1cccc(-c2nnc(-c3ccccc3)o2)c1,108.0,0.38307246,,,
223791997,CC(C)C=CC(C)S(C)(=O)=O,33.82674704,,,,
224878400,CCC(C)(C)C(=O)OC1CCCCCCCCCCC1,,0.37197293,,,
225113015,CN=P(N=P(N=S(C)(=O)NC)(NC)NC)(NC)NC,65.0,0.34459575,,,
225199973,CNC1=CC=C(c2ccc(NC)cc2)C(C)(C)[C@@H]1c1ccccc1,22.0,0.35401521,,,
225304239,CC(=O)Nc1ccc(Oc2ccc(Oc3ccc(NC(=O)c4ccc5c(c4)C(=O)N(c4ccc(Oc6cccc7c(Oc8ccc(N9C(=O)c%10ccc(C)cc%10C9=O)cc8)cccc67)cc4)C5=O)cc3)cc2)cc1,,0.36000298,,,
225689380,CC(=O)c1ccc2c(c1)C(=O)N(c1cccc(C(=O)c3ccccc3N3C(=O)c4ccc(C)cc4C3=O)c1)C2=O,22.0,0.37500133,,,
225811773,CNc1ccc(-c2ccc(NC)c(-c3ccccc3)c2)cc1,259.0,0.34463445,,,
226076507,CC1C(=O)N(CCCCCCCOc2ccc(-c3ccc(C#N)cc3)cc2)C(=O)C1C,285.0,0.35053641,,,
226216876,CNc1cccc(C(=O)Oc2ccc(OC(=O)c3cccc(NC)c3)c3c2[C@H]2c4ccccc4[C@@H]3c3ccccc32)c1,259.0,0.35943133,,,
226520604,CCC(C)(C)C(=O)Oc1ccc([N+](=O)[O-])c(C)c1,,0.37079204,,,
226546629,CCCCCOC(=O)CCC(NC)C(C)=O,61.0,0.35413594,0.259084812,1.07025453,14.55396667
226561298,COc1ccc2ccc(Oc3ccc(C(=Nc4ccc(Oc5ccc(N=C(c6ccccc6)c6ccc(C)cc6)cc5)cc4)c4ccccc4)cc3)cc2c1,-20.0,0.38273527,,,
226567495,CCC1(CC)c2ccccc2-c2c1ccc(NC)c2NC,101.0,0.35949967,,,
226643768,CCC(C)CC(C)C(F)(F)F,-20.0,,0.148,1.093859396,13.31500903
226759816,CNc1c(-c2ccccc2)cc(/C=C/c2ccccc2)c(/C=C/c2ccccc2)c1NC,,0.36364076,,,
227298587,CCCOCCOC(=O)CCCCCCCC(=O)OC,,0.34727992,,,
227838325,COc1c(Cl)cc(C(c2cc(Cl)c(OC(C)=O)c(Cl)c2)C2CC3CCC2C3)cc1Cl,-71.0,0.4079258,,,
228251537,CCC(c1ccc(Cc2ccc(NC)cc2)cc1)c1ccc(Cc2ccc(NC)cc2)cc1,270.0,0.35878998,,,
228347866,CCCCCCNC(=O)c1ccc(C(=O)NC)cc1,270.0,0.32982991,,,
228476998,Cc1ccc(C(C#N)(C(=O)O)C(C)(C#N)C(=O)O)cc1,177.0,0.35362996,,,
228510296,CCCN(CCOC(=O)NCC1(C)CC(NC(=O)OC)CC(C)(C)C1)c1ccc(N=Nc2ccc(B(c3c(C)cc(C)cc3C)c3c(C)cc(C)cc3C)cc2)cc1,108.0,0.34069727,,,
228992973,COc1ccc(N(c2ccc(C)cc2)c2ccc(N3C(=O)c4ccc(S(=O)(=O)c5ccc6c(c5)C(=O)N(C)C6=O)cc4C3=O)cc2)cc1,177.0,0.40284317,,,
229505065,COS(=O)(=O)c1ccc(Oc2ccc(S(=O)(=O)Oc3ccc(C(C)(C)c4ccc(C)cc4)cc3)cc2)cc1,108.0,0.36351582,,,
229703472,CC(=O)c1ccc(Oc2ccc(-c3ccc(Oc4ccc(C(=O)c5ccc6nc(C)ccc6c5)cc4)cc3)cc2)cc1,,0.38017203,,,
229766352,Cc1ccc2c(c1)C(=O)N(c1ccc(N(C)CCN(C)c3ccc(N4C(=O)c5ccc(C(C)(C(F)(F)F)C(F)(F)F)cc5C4=O)cc3)cc1)C2=O,155.0,0.37991556,,,
230018905,COc1ccc(C(C)(C)c2ccc(Oc3nc(C)nc(Cl)n3)cc2)cc1,227.0,0.36279792,,,
230210475,COc1ccc(C=C2CCC(=Cc3ccc(OC(=O)c4ccc(N=Cc5ccc(C=Nc6ccc(C(C)=O)cc6)cc5)cc4)c(OC)c3)C2=O)cc1OC,155.0,0.36413773,,,
230305493,CCCCCCCCCC(=O)NCCCCCOCCCCCNC(=O)CCCOC,227.0,,0.289,0.958044519,16.89480393
230397925,CCCCCCCCC(C)C,80.0,0.40146108,0.371,0.806729205,19.12833616
230432971,CCN1C(=O)c2ccc(C(c3ccc4c(c3)C(=O)N(Cc3nnc(-c5ccc(-c6nnc(C)o6)c(Oc6ccccc6)c5)o3)C4=O)(C(F)(F)F)C(F)(F)F)cc2C1=O,-58.0,0.36767095,,,
231066951,CNc1cc(C)c(C(c2ccccc2)c2cc(C)c(NC)cc2C)cc1C,208.0,0.37754837,,,
231144775,CNc1ccc2c(c1)C1(c3ccc(C)cc3-2)c2cc(N)ccc2-c2ccc(NC)cc21,-58.0,0.38585396,,,
231347203,CNCCCN(C)CCCNC,208.0,0.32591931,,,
231567628,CCC(C)(C)C(=O)OCc1cccs1,,0.35173384,,,
231654446,COc1ccc(S(=O)(=O)c2ccc3cc(S(=O)(=O)c4ccc(Oc5ccc(-c6ccc(C)cc6)cc5)cc4)ccc3c2)cc1,66.0,0.37364004,,,
232089797,CNc1ccc([C@H](C)Cc2cccc(C[C@@H](C)c3ccc(NC)cc3)c2)cc1,255.0,0.35754875,,,
232335054,Cc1ccc2c(c1)C(=O)N(c1ccc(Oc3ccc(C(c4ccc(Oc5ccc(N6C(=O)c7ccc(C(C)(C(F)(F)F)C(F)(F)F)cc7C6=O)cc5)cc4)(C(F)(F)F)C(F)(F)F)cc3)cc1)C2=O,66.0,0.38115589,0.178824304,1.311751956,23.79313831
232528549,CNc1cc(NC(=O)c2ccc(-c3ccc(C(C)=O)cc3)cc2)cc(-c2nnc(-c3ccccn3)o2)c1,255.0,0.37471715,,,
232607063,CCCCCCCCCCCCOC(=O)Nc1ccc(NC(=O)OCCCCCCCCCCCOc2ccc(-c3ccc(OC)cc3)cc2)c(C)c1,120.0,0.36758677,,,
232782325,COc1ccc(N[Se]Nc2ccc(C)cc2)cc1,260.0,0.38958964,,,
232863145,CCCN(CCOC(=O)Nc1ccc(C)c(NC(=O)OC)c1)c1ccc([N+](=O)[O-])cc1C,120.0,0.33326912,,,
233782359,CC(=O)c1ccc2c(c1)C(=O)N(c1ccc(N(c3ccc(C#N)cc3)c3ccc(N4C(=O)c5ccc(C)cc5C4=O)cc3)cc1)C2=O,77.0,0.41938162,,,
233996434,CCC1(C)C(=O)N(C(C)=O)C(=O)N1C(=O)c1ccc2c(c1)C(=O)N(c1ccc(S(=O)(=O)c3ccc(N4C(=O)c5ccc(C)cc5C4=O)cc3)cc1)C2=O,242.6534046,,,,
234298821,CNc1ccc(-c2ccc(-c3cc(-c4ccc(NC)cc4)cc(-c4ccc(-c5ccc(C)cc5)cc4)c3)cc2)cc1,98.0,0.35439862,,,
234298840,CCC(O)CN(C)c1cc(C)c(N=Nc2ccc(C#N)cc2)c(C)c1,315.0,0.38210588,,,
234377391,CCCCCCCCCCCNC(=O)CCCCCCCCCCCCCCC(=O)NC,,0.37489895,0.368,0.906986266,23.47308455
234483624,CC1CC(C)OC(O)O1,136.0523749,,,,
234538951,C=Nc1cccc(Oc2cccc(Oc3cccc(N=C4OC(=O)c5cc6c(cc54)C(=C)OC6=O)c3)c2)c1,132.5253262,,,,
234724783,CNc1ccc2c(c1)-c1cc(NC)ccc1C21c2ccc(N)cc2-c2cc(N)ccc21,45.0,0.38703609,,,
234741357,CCCCCCCOC(=O)NNC(=O)CCCCCCCCC(=O)NNC(=O)OC,,0.34015211,,,
234747929,CNc1ccc2c(c1)C(C1c3ccccc3-c3ccccc31)c1cc(NC)ccc1-2,45.0,0.36346408,,,
235082589,COc1ccc(-c2ccc(Oc3ccc(C(=O)c4ccc(C)c(S(=O)(=O)O)c4)cc3S(=O)(=O)O)cc2)cc1,,0.36352019,,,
235587729,Cc1ccc(CC(=O)Nc2ccc(S(=O)(=O)c3ccc(NC(=O)Cc4ccc(-c5sc(C)c(-c6ccccc6)c5-c5ccccc5)cc4)cc3)cc2)cc1,45.0,0.37882713,,,
235628108,Cc1ccc(-c2cc(C(C)(C)C)c(Oc3ccc(N4C(=O)c5ccc(Oc6ccc7c(c6)C(=O)N(C)C7=O)cc5C4=O)cc3)c(C(C)(C)C)c2)cc1,252.0,0.40933062,,,
236163730,CCOC(=O)C1=C(C)N(C(=O)c2ccc3c(c2)C(=O)N(c2ccc(Oc4ccc(N5C(=O)c6ccc(C)cc6C5=O)cc4)cc2)C3=O)C(=O)N(C(C)=O)C1c1ccc(Cl)cc1,170.3261787,,,,
236477815,CNc1cccc(C(=C(c2ccccc2)c2ccccc2)c2cccc(NC)c2)c1,252.0,0.37210124,,,
236843078,CC(=O)Nc1cc(C(c2cc(C)c(C)c(NC(=O)c3ccc4c(c3)C(=O)N(c3cccc5c(N6C(=O)c7ccc(C)cc7C6=O)cccc35)C4=O)c2)(C(F)(F)F)C(F)(F)F)cc(C)c1C,342.0,0.3730141,,,
238179937,CNc1ccc(C)c2c(NC)ccc(C)c12,250.0,0.33933851,,,
238223157,CC(=O)N(C)c1ccccc1,150.7130657,,,,
238571886,COc1ccc2cc(OC(=O)c3ccc(Oc4ccc(C(C)=O)cc4)cc3)ccc2c1,250.0,0.34998488,,,
238619204,CC(=O)OCCCCOC(=O)c1ccc(N2C(=O)c3ccc(C)cc3C2=O)cc1,145.0,0.33594994,,,
238997456,COC(=O)Oc1ccc(S(=O)(=O)c2ccc(OC(=O)OC3CC4CC(C)CC(C3)O4)cc2)cc1,145.0,0.3395961,,,
239786978,Cc1ccc(Oc2ccc(N3C(=O)c4ccc(Oc5cccc(Oc6ccc7c(c6)C(=O)N(C)C7=O)c5)cc4C3=O)cc2)cc1,100.5,0.35739857,,,
240082161,CNCCCCCCCCCCCNC,209.0,0.34603548,,,
240111092,CCCC(C)(O)c1ccc(C(C)CC)cc1,184.0,0.37492289,,,
240232361,CCCCCCn1c2ccc(C)cc2c2cc(N=Cc3ccc(-c4ccc(C=NC)s4)s3)ccc21,95.07860424,,,,
240796718,CCOC(=O)C(C)(CC)CF,,0.33962658,0.1684999999999999,1.040351207,13.63736539
241359312,Cc1ccc2c(c1)C(=O)N(c1ccc(Oc3ccccc3Oc3ccc(N4C(=O)c5ccc(C(C)(C(F)(F)F)C(F)(F)F)cc5C4=O)cc3C(F)(F)F)c(C(F)(F)F)c1)C2=O,135.0,0.38315859,,,
241371117,CCCCCCCCCCN1c2ccc(C)cc2Sc2cc(-c3ccc(-c4ccc(C)s4)s3)ccc21,247.0,0.47689077,,,
241512397,CCCOC(=O)Nc1ccc(Cc2ccc(NC(=O)OCCOc3ccc(C4(c5ccc(OC)cc5)c5ccccc5-c5ccccc54)cc3)cc2)cc1,43.0,0.35416456,,,
241814157,CCCCCCCCCCCOC(=O)CCCC(=O)OC,247.0,,0.263,,
241915001,CCCCCCCCOC(=O)C(Cc1ccc(OC)cc1)NC(=O)Cc1ccc(OC(=O)COCC(C)=O)cc1,142.0,0.34542529,,,
242653142,CCc1cc2cc(C(=O)Nc3ccc(NC(=O)c4cc5cc(C)c(OC(=O)COc6ccc7ccc(=O)oc7c6)cc5oc4=O)cc3)c(=O)oc2cc1OC(=O)COc1ccc2ccc(=O)oc2c1,152.0,0.31935888,,,
242836460,CCC(C)C(=O)OCCOCC(F)(F)F,252.0,0.33534513,,,
242840603,CCCCCCCCC(CCCCCCCC)n1c2cc(C)ccc2c2ccc(-c3ccc(-c4ccc(-c5ccc(C)s5)c5nccnc45)s3)cc21,51.0,0.45544781,,,
242927288,CCC(C)C(=O)OCCCCOC(=O)c1ccc(OC(=O)c2ccc(C#N)cc2)cc1,252.0,0.34363418,,,
243127357,CCc1ccccc1CN(CC)c1ccc(/C=C/c2ccc(/C=C(\C#N)C(=O)NC3CCCCC3NC(=O)/C(C#N)=C/c3ccc(/C=C/c4ccc(N(C)CC)cc4)cc3)cc2)cc1,-38.0,0.37544351,,,
243290882,CNc1ccc2c(c1)-c1ccccc1C21c2ccccc2-c2cc(NC)ccc21,116.0,0.38182575,,,
243418714,CCCCOc1ccc(OC(=O)c2ccc(OCCOC(=O)C(C)(C)CC)cc2)cc1,40.0,0.34294351,,,
243622593,COC(=O)C(Cc1ccc(OC)cc1)NC(=O)CCc1ccc(OC(=O)CCC(C)=O)cc1,201.0,0.33521285,,,
243711331,CCCCCCCCCc1cc(OC)cc(OC(=O)c2cccc(C(C)=O)c2)c1,91.5,0.36723846,,,
243853291,Cc1ccc(C(=O)OCCCCCCOC(=O)c2ccc(N3C(=O)CC(SCCOCCSC4CC(=O)N(C)C4=O)C3=O)cc2)cc1,19.42674542,,,,
243952176,CCCCCCCOC(=O)NCC(F)(F)C(F)(F)C(F)(F)C(F)(F)CNC(=O)OC,91.5,0.3240054,,,
244278527,CCCCCCCOC(=O)OCCCCCCCCCCCCOC(=O)OCCCCCCOc1ccc(Oc2ccc(OC)cc2)cc1,41.5,0.36332291,,,
244304146,COc1ccc(C2(c3ccc(Oc4ccc(C(=O)c5cccc(C(=O)c6ccc(C)cc6)c5)cc4)c(C)c3)c3ccccc3-c3ccccc32)cc1C,-22.0,0.3968899,,,
244332189,CCC(C)(C)C(=O)OCCCCCCOc1ccc(C(=O)Oc2ccc(N=Nc3ccc(Br)cc3)c3ccccc23)cc1,5.0,0.36678226,,,
244803582,COc1cc2ccccc2cc1OC(=O)c1ccc(Oc2ccc(C(C)=O)cc2)cc1,-22.0,0.35353153,,,
244913940,COc1ccc(C(=O)c2ccc(NC(=O)c3ccc(C(=O)Nc4ccc(C(=O)c5ccc(C)cc5)cc4)cc3)cc2)cc1,217.0,0.35794829,,,
245591935,COc1cccc(Oc2cccc(NC(=O)c3cc(Oc4ccc(C(=O)O)c(C(=O)Nc5cccc(C)c5)c4)ccc3C(=O)O)c2)c1,187.0,0.32944697,,,
245779778,CC(=O)C(C)(C)C,105.8292511,,,0.919975664,25.84971423
246955408,COc1ccc(NC(=O)c2ccc(Oc3ccc(C(C)(C)c4cccc(C(C)(C)c5ccc(Oc6ccc(C(=O)Nc7ccc(Oc8ccc(C(c9ccc(C)cc9)(C(F)(F)F)C(F)(F)F)cc8)cc7)cc6)cc5)c4)cc3)cc2)cc1,187.0,0.3636083,,,
247237663,Cc1ccc(Oc2ccc(N3C(=O)c4cccc(Oc5cccc6c5C(=O)N(C)C6=O)c4C3=O)cc2)cc1,176.4,0.3708276,0.222053496,1.284526309,21.13399487
247440971,CNCc1cccc(-c2cccc(C/C=C(/c3ccccc3)c3cc4c(cc3NC)C(C)(C)c3ccccc3-4)c2)c1,292.5,0.36399382,,,
247441113,COc1ccc(NC(=O)c2cc(C(=O)Nc3ccc(Oc4ccc(C5(c6ccc(C)cc6)CC6CCC5C6)cc4)cc3)cc(C(C)(C)C)c2)cc1,154.0,0.37881264,,,
247473503,CCC(C)C(=O)OCCSCCC#N,292.5,0.38180613,0.1875,1.111901096,13.24819081
247866107,CC(=O)Nc1ccc(Oc2ccc(N3C(=O)CC(N4C(=O)c5ccc(C)cc5C4=O)C3=O)cc2)cc1,272.0,0.35047717,,,
247996319,CCC(COc1ccc(C(C)(C)c2ccc(OC)cc2)cc1)OC(=O)c1ccccc1,-50.0,0.35589429,,,
248016214,CCC(C)(C)C(=O)OCCc1ccccc1,-46.0,0.35596729,0.168,1.048543977,11.43837267
248038345,CCC(C)(C)C(=O)Oc1c(OC)cc(C=Cc2ccccc2)cc1OC,223.0,0.36033906,,,
248424742,CNc1ccc(-c2ccc(NC)c(-c3ccc4ccccc4c3)c2-c2ccccc2)c(-c2ccccc2)c1-c1ccc2ccccc2c1,65.0,0.37176001,,,
248434754,CCCCC(C)CN1C(=O)c2ccc(C(=O)Oc3ccc(-c4ccc(OC(=O)c5ccc6c(c5)C(=O)N(C)C6=O)cc4)cc3)cc2C1=O,49.0,0.34161456,,,
248544464,CC(=O)Nc1ccc(Cc2ccc(NC(=O)c3ccc4c(c3)C(=O)N(c3cccc(P(=O)(c5ccccc5)c5cccc(N6C(=O)c7ccc(C)cc7C6=O)c5)c3)C4=O)cc2)cc1,155.0,0.36643788,,,
249614010,CNc1ccc(C(c2ccc(NC(=O)c3ccc(-c4ccc(C(C)=O)cc4)cc3)cc2)(P2(=O)Oc3ccccc3-c3ccccc32)P2(=O)Oc3ccccc3-c3ccccc32)cc1,233.0,0.36288949,,,
250010482,CC(=O)Nc1ccc(Oc2ccc(C3(c4ccc(Oc5ccc(NC(=O)c6ccc7c(c6)C(=O)N(c6ccc(Oc8cccc(Oc9ccc(N%10C(=O)c%11ccc(C)cc%11C%10=O)cc9)c8)cc6)C7=O)cc5)cc4)NC(=O)c4ccccc43)cc2)cc1,155.0,0.35957001,,,
250039671,CC(=O)Nc1ccc(Oc2ccc(C3(c4ccc(Oc5ccc(NC(=O)c6ccc7c(c6)C(=O)N(c6ccc(Oc8ccc(S(=O)(=O)c9ccc(Oc%10ccc(N%11C(=O)c%12ccc(C)cc%12C%11=O)cc%10)cc9)cc8)cc6)C7=O)cc5)cc4)NC(=O)c4ccccc43)cc2)cc1,233.0,0.36225862,,,
250587037,Cc1ccc(Oc2ccc(Oc3ccc(N4C(=O)c5ccc(Oc6ccc(C(c7ccccc7)(c7ccccc7)c7ccc(Oc8ccc9c(c8)C(=O)N(C)C9=O)cc7)cc6)cc5C4=O)cc3)c(C(C)(C)C)c2)cc1,251.0,0.39689903,,,
251202338,CCCCCCCCOC(=O)C(Cc1ccc(OC)cc1)NC(=O)Cc1ccc(OC(=O)CCC(C)=O)cc1,267.0,0.34943466,,,
251297590,CC(=O)c1ccc2c(c1)C(=O)N(c1cccc(C(c3ccccc3)(c3cccc(N4C(=O)c5ccc(C)cc5C4=O)c3)C(F)(F)F)c1)C2=O,283.0,0.38575647,,,
252276774,COC(=O)OCCCCCCCCCCOC(=O)OC1COC2C(C)COC12,229.0,0.34183349,,,
252299281,CCC(C)NC(=O)C(C)CC,51.0,,0.2259999999999999,0.92947228,12.6370902
252836035,Cc1ccc(Oc2cccc3c(NC(=O)c4ccc(C(c5ccc(C(=O)Nc6cccc7c(Oc8ccc(-c9nnc(C)o9)cc8)cccc67)cc5)(C(F)(F)F)C(F)(F)F)cc4)cccc23)cc1,311.0,0.37104971,,,
253276168,CCC(C)(C)C(=O)OCC(O)CO,6.5,0.28803561,,,
253355524,CNc1cnc(C)s1,84.4,0.41199988,,,
253518655,CCCC=C(C)CCCCCCC,139.0,0.41315553,,,
253610686,Cc1ccc(-c2ccc3nc(C)cc(-c4ccccc4)c3c2)cc1,84.4,0.41535856,,,
253726027,Cc1ccc(-c2ccc(NC(=O)c3cccc(C(=O)Nc4ccc(-c5ccc(N6C(=O)c7ccc(-c8ccc9c(c8)C(=O)N(C)C9=O)cc7C6=O)cc5)cc4)c3)cc2)cc1,139.0,0.35611323,,,
254267891,CCCCCSSCCCCOC,230.0,0.41742983,0.199,,
254408923,Cc1cccc(OCCCCCCCCCCOc2cccc(N3C(=O)c4ccc(-c5cccc6c5C(=O)N(C)C6=O)cc4C3=O)c2)c1,383.0,0.35408719,,,
254419051,CNc1ccc(NC)c(-c2ccc3ccccc3c2)c1-c1ccc2ccccc2c1,230.0,0.35818164,,,
254630145,CCCCCCC(COc1ccc(N2C(=O)c3ccc(C(C)(C(F)(F)F)C(F)(F)F)cc3C2=O)cc1)Oc1ccc(N2C(=O)c3ccc(C)cc3C2=O)cc1,-76.0,0.36437379,,,
254694603,COC(=O)c1cccc(C(=O)OC2CC3CC(C)CC(C2)O3)c1,127.0,0.34862273,,,
254845509,CCN(CCOC(=O)C(C)(C)CC)S(=O)(=O)C(F)(F)C(F)(F)C(F)(F)C(F)(F)C(F)(F)C(F)(F)C(F)(F)C(F)(F)F,113.0,,0.1095,1.49945764,12.31638522
255108764,Cc1ccc2c(c1)C(=O)N(c1ccc(C(=O)Nc3ccc(Oc4ccc(-c5ccc(Oc6ccc(NC(=O)c7ccc(N8C(=O)c9ccc(C(C)(C(F)(F)F)C(F)(F)F)cc9C8=O)cc7)cc6)cc5)cc4)cc3)cc1)C2=O,182.0,0.36084666,,,
255514575,CC(=O)Nc1cccc(C(=O)c2cccc(NC(=O)c3ccc4c(c3)C(=O)N(c3ccc(-c5sc(-c6ccc(N7C(=O)c8ccc(C)cc8C7=O)cc6)c(-c6ccccc6)c5-c5ccccc5)cc3)C4=O)c2)c1,113.0,0.39087447,,,
255574677,Cc1ccc(Cc2ccc(NC(=O)c3ccc(Oc4ccc5c(c4)C(=O)N(C)C5=O)cc3)cc2)cc1,308.0,0.36146511,,,
255628383,CCCCOC(=O)C(C)(C#N)CC,296.0,0.37262971,0.179,0.98541293,13.85902924
255934897,CCOC(=O)C(Cc1ccc(OC)cc1)NC(=O)CCc1ccc(OC(=O)COCCOCC(C)=O)cc1,308.0,0.33648171,,,
256392827,Cc1ccc(Oc2ccc(-c3nc4cc(Oc5ccc(NC(=O)c6cc(C(=O)Nc7ccc(Oc8ccc9nc(-c%10ccc([N+](=O)[O-])cc%10)c(C)nc9c8)cc7)cc(N7C(=O)c8ccccc8C7=O)c6)cc5)ccc4nc3-c3ccc([N+](=O)[O-])cc3)cc2)cc1,250.0,0.37884475,,,
256452381,CNc1ccc(-c2ccc3ccccc3c2)c(-c2ccc3ccccc3c2)c1NC,117.0,0.35367739,,,
256964530,CC(=O)NC1CCCC(C)O1,53.0,0.32360402,,,
257055666,CC(=O)c1ccc2c(c1)C(=O)N(c1ccc(Oc3ccc(C(c4ccc(Oc5ccc(N6C(=O)c7ccc(C)cc7C6=O)cc5C(F)(F)F)cc4)(C(F)(F)F)C(F)(F)F)cc3)c(C(F)(F)F)c1)C2=O,305.0,0.37771161,,,
257349913,CCCCCCCCOc1ccc(-c2ccc(C(=O)OC)cc2C(C)CC)cc1,220.0,0.37587647,,,
257379568,Cc1ccc(N2C(=O)c3ccc(-c4cccc5c4C(=O)N(C)C5=O)cc3C2=O)cc1,145.0,0.37822963,0.233,1.15692241,22.05257254
257538013,CCC[Si](C)(C)O[Si]1(C)O[Si](C)(C)O[Si](C)(C)O1,220.0,0.44963517,,,
257696451,CCC(F)(F)C(F)(F)C(F)(F)COC(=O)c1cccc(C(=O)OC)c1,126.0,0.32102943,,,
257850952,COc1ccc(C(C)=Cc2ccc(OC(=O)OCCCCCOC(C)=O)cc2)cc1,39.38257392,,,,
258103927,Cc1ccc(-c2ccc(N(C)c3ccc(C)cc3)cc2)cc1,-64.0,0.44281771,,,
258160847,Cc1cccc(C(=O)Nc2ccc(Oc3ccc(Oc4ccc(Oc5ccc(NC(=O)c6cccc(N7C(=O)c8ccc(-c9cccc%10c9C(=O)N(C)C%10=O)cc8C7=O)c6)cc5)cc4)cc3)cc2)c1,23.5,0.36051806,,,
258763444,CCCCCCCCCCCCOc1cc(-c2nc3cc4sc(C)nc4cc3s2)c(OCCCCCCCCCCCC)cc1C,260.0,,0.3647499999999999,0.992488687,22.57173018
258775514,CCCCCCCCCCCCCCCCCCOC(=O)C(C)(C)CC,85.0,0.39721388,0.317,0.861197166,12.32577198
258956403,CNc1ccc(-c2ccc(NC)c(-c3ccc(-c4ccccc4)cc3)c2)cc1,260.0,0.34800933,,,
258994540,CCCN(CCN1C(=O)c2ccc(C(c3ccc4c(c3)C(=O)N(C)C4=O)(C(F)(F)F)C(F)(F)F)cc2C1=O)c1ccc(N=Nc2ccc(C=O)cc2)cc1,,0.35665131,,,
258997794,CCCCCCCc1ccc(-c2c(-c3ccccc3)cc(-c3cccc(-c4cc(-c5ccccc5)c(-c5ccc(C)cc5)c(-c5ccccc5)c4-c4ccccc4)c3)c(-c3ccccc3)c2-c2ccccc2)cc1,-100.0,0.40056446,,,
259074348,CNc1cc(NC(=O)c2cccc(C(C)=O)c2)cc(C(=O)OCCOc2ccc(C=CC(=O)c3ccccc3)cc2)c1,215.0,0.34041504,,,
259180745,CCC(C)C(=O)c1ccc(Br)cc1,,0.39504944,,,
259297341,CSc1ccc(Sc2ccc(Sc3ccc4c(c3)C(=O)N(N3C(=O)c5cccc(C)c5C3=O)C4=O)cc2)cc1,215.0,0.38796769,,,
259345713,CNc1ccc(C(c2ccc(NC)cc2)(C2CCCCC2)C2CCCCC2)cc1,242.0,0.3823599,,,
259345728,COc1ccc(NC(=O)c2cc(C(c3ccc(C(=O)O)c(C(=O)Nc4ccc(Oc5ccc(C(c6ccc(C)cc6)(C(F)(F)F)C(F)(F)F)cc5)cc4)c3)(C(F)(F)F)C(F)(F)F)ccc2C(=O)O)cc1,101.5,0.34130286,0.189394728,1.344511076,21.43355827
259439423,CNc1ccccc1-c1c(NC)cccc1-c1ccccc1-c1ccccc1-c1ccccc1,242.0,0.3650485,,,
259788945,CCCCN1C(=O)C(C)C(CCC)C1=O,,0.3477642,,,
259984370,CCCCCCC1(CCCCCC)c2cc(C)ccc2-c2ccc(-c3ccc4c(c3)C3(CCC(C5=NC(Cc6ccccc6)CO5)(C5=NC(Cc6ccccc6)CO5)CC3)c3cc(C)ccc3-4)cc21,260.0,0.3966168,,,
260073812,CCCc1cc(OC)cc(OC(=O)c2cccc(C(C)=O)c2)c1,,0.35907903,0.234,1.125159714,19.71902254
260077968,CCc1ccc(COC)cc1,67.9,0.35484206,,,
260201518,CCCCCOc1cc(C(=O)OCC(C)(F)F)cc(C(=O)OCC(F)(F)OC)c1,217.0,0.33975909,,,
260366998,CCCCCCCCCCOC(=O)c1ccc(C(=O)OC)cc1,129.0,0.35659382,,,
260773607,Cc1ccc2c(c1)C(=O)N(c1ccc(Oc3ccc(-c4ccc(Oc5ccc(N6C(=O)c7ccc(C(C)(C(F)(F)F)C(F)(F)F)cc7C6=O)cc5)cc4)cc3)cc1)C2=O,217.0,0.37808348,0.192517661,1.257027996,26.10310133
260812845,CCCCCCCCOCc1ccccc1C(C)CC,14.0,0.38758383,,,
261071879,CCC(C)c1ccc(C)cc1C,35.0,,0.1856666666666666,0.894079517,12.1318108
261334701,CNc1ccc(-c2ccc(-c3c(-c4ccc5ccccc5c4)c(-c4ccc5ccccc5c4)c(NC)c(-c4ccc5ccccc5c4)c3-c3ccc4ccccc4c3)cc2)cc1,288.0,0.37406348,,,
262074826,COc1ccc(C(C)(C)c2ccc(OC(=O)c3ccc(S(=O)(=O)c4ccc(C(C)=O)cc4)cc3)cc2)cc1,13.0,0.36927526,,,
262353559,CNc1ccc(C2(c3ccc(NC)c([C@]45C[C@H]6C[C@H](C[C@H](C6)C4)C5)c3)c3ccccc3-c3ccccc32)cc1[C@]12C[C@H]3C[C@H](C[C@H](C3)C1)C2,112.0,0.39273082,,,
262479772,CC(=O)OCC(C)(C)CS(=O)(=O)CC(C)(C)COC(=O)N1CC(C)N(C)CC1C,,0.35492706,,,
262850499,COc1ccc(S(=O)(=O)c2ccc(Oc3c(C)cc(C(C)(C)c4cc(C)c(C)c(C)c4Br)c(Br)c3C)cc2)cc1,220.0,0.41845298,,,
263087206,CCC(C)(C)C(=O)OCCCCCCOc1ccc(OC(=O)c2ccc(OC)c(Br)c2)cc1,85.0,0.35326079,,,
263236795,CNCCOCCOCCOCCOCCNC,275.4,0.3235597,,,
263279017,Cc1ccc(OC(=O)c2cccc(C(=O)Oc3ccc(C4(C)C(=O)Nc5ccccc54)cc3)c2)cc1,,0.35442058,,,
263293393,COc1ccc2ccc(Oc3ccc(C(=Nc4ccc(N=C(c5ccccc5)c5ccc(C)cc5)cc4)c4ccccc4)cc3)cc2c1,51.0,0.38174047,,,
264131865,CC(=O)c1ccc(C(=O)c2ccc(Oc3ccc(C(C)(C)c4ccc(Oc5ccc(C)s5)cc4)cc3)s2)cc1,,0.37349224,,,
264402592,COc1ccc(NC(=O)c2cc(C(=O)Nc3ccc(C)cc3)c(C(=O)O)cc2C(=O)O)cc1,256.0,0.31854458,,,
264552260,CNc1cc(NC)c2cc1N(C)c1cc(C(=O)OC)cc(c1)N(C)c1cc(c(N)cc1N)N(C)c1cc(C(=O)OC)cc(c1)N2C,207.4,0.37551441,,,
264939963,CCOc1ccc(OC(=O)CC(C)(CC)C(=O)Oc2ccc(OCC)cc2)cc1,154.0,0.35102684,,,
265038627,CCCCCCCOCCCCCCOCCCCCOC,-72.01996519,,,,
265862660,COc1ccc(S(=O)(=O)c2ccc(C)cc2)cc1,,0.36689919,0.268,,
265889946,COc1ccc(Oc2ccc(C(=O)c3ccc(Oc4ccc(Oc5cccc(C)n5)cc4)cc3)cc2)cc1,110.5,0.35865674,,,
265939765,CCCCNC,124.0,,0.354,0.92848585,19.40336561
266241866,CCC(C)(C)C(=O)OCCCCCCCCCCCC[n+]1ccc(N(C)C)cc1,225.0,0.37084263,,,
266415058,CCC(C)OC(=O)C(F)(F)C(F)(F)C(F)(F)C(F)(F)F,124.0,0.32424675,,,
266479070,CCC[CH2][Sn]([CH3])([CH3])[CH2]CCOC(=O)C(CCCCCCOc1ccc(-c2ccc(OCc3ccc([N+](=O)[O-])cc3)cc2)cc1)C(=O)OC,20.0,0.35896412,,,
266620737,COc1ccc(-c2ccc(OC(=O)Nc3cccc(P(=O)(c4ccccc4)c4cccc(NC(C)=O)c4)c3)cc2)cc1,40.5,0.35820494,,,
266988735,CCCCCCCOC(=O)OCCCCCCOC(=O)OCCCCCCOc1ccc(C(=O)c2ccc(OC)cc2)cc1,20.0,0.35359242,,,
267049794,CCC(F)(F)C(F)(F)C(F)(F)C(F)(F)COC(=O)CCCC(=O)OC,-64.11657159,,,,
267912832,CCCCCCCCCCCCCn1c(=O)c2cc3c(=O)n(C)c(=O)c3cc2c1=O,73.37639604,,,,
268323392,CNc1cc(C)c(Cc2ccc(CCCc3ccc(Cc4c(C)cc(NC)cc4C)cc3)cc2)c(C)c1,-0.3,0.35627685,,,
268434909,CNc1cc(Br)c(NC)c(Br)c1,,0.37180837,,,
268436916,CCC(CC)S(C)(=O)=O,,0.3604463,,,
268533943,CO[Si](C)(C)c1c(F)c(F)c(F)c(F)c1F,,0.35719446,,,
268805413,Cc1nc(C)nc(N(CCCCCCN(C)c2ccccc2)c2ccccc2)n1,-25.0,0.3854823,0.21,1.056565871,14.20899208
269136469,CNc1cccc2cc3cccc(NC)c3c(N)c12,67.0,0.33466725,,,
269301575,CNc1cccc(CCc2ccc(NC(=O)c3cccc(C(C)=O)c3)cc2)c1,-25.0,0.3513212,,,
269527017,CCCN(CCOC(=O)c1cccc(C(=O)OC)c1)c1ccc(N=Nc2ccc(-c3nc4ccc([N+](=O)[O-])cc4n3CC)cc2)cc1,34.0,0.36042586,,,
270193915,CC=CC(CC)COCC(=O)OCCCCCCCCOc1ccc(C=Cc2ccc([N+](=O)[O-])cc2)cc1,203.0,0.35801119,,,
270468068,Cc1ccc(Oc2ccc(S(=O)(=O)c3ccc(Oc4ccc(N5C(=O)c6ccc(S(=O)(=O)c7ccc8c(c7)C(=O)N(C)C8=O)cc6C5=O)cc4)cc3)cc2)cc1,34.0,0.36832614,,,
270662526,Cc1ccc(Sc2ccc(-c3nc(-c4cccc(-c5nnc(-c6ccccc6)c(C)n5)n4)nnc3-c3ccccc3)cc2)cc1,419.5781202,,,,
270794936,CNc1ccc(-c2ccc(NC)c3ccccc23)c2ccccc12,,0.35345588,,,
271080458,CCC(O)CN(C)S(=O)(=O)c1cccc(S(=O)(=O)N(C)CC(O)COc2ccc(Sc3ccc(OC)cc3)cc2)c1,274.0,0.3444038,,,
271082869,CCC(C)C(=O)OCCOC,90.0,0.33856563,,,
271540328,Cc1ccc2c(c1)C(=O)N(c1ccc(Oc3ccc(N4C(=O)c5ccc(C(C)(C)CCCCCCCCC(C)(C)C)cc5C4=O)cc3)cc1)C2=O,-34.0,0.36399911,0.254763626,1.09921516,23.43880382
271698010,COc1ccc(S(=O)(=O)c2ccc(Oc3ccc(C(C)(C)c4ccc(C)cc4)cc3[N+](=O)[O-])cc2)cc1,90.0,0.37040317,0.20299693,1.208636395,21.49192852
271737793,Cc1ccc(Oc2ccc(N3C(=O)CC4C(CC5C(=O)N(C)C(=O)C54)C3=O)cc2)cc1,-34.0,0.38077271,,,
272150874,CCCCCCCCCCCCCCCCc1ccc(C(C)CC)cc1,123.65,0.40149462,0.3409999999999999,0.848617516,12.88977254
272832139,CCC(C)(C)C(=O)OCCCCOc1ccc2cc(C(=O)Oc3ccccc3)ccc2c1,190.0,0.34243851,,,
273139332,CCCCCCCCCCCCCCCCCCCCOc1c(C)sc(C)c1C,350.0,,0.3747499999999999,0.90435478,14.34826035
273204422,CCc1ccccc1C(C)CC,4.5,,0.1843333333333333,0.918485757,13.27096728
273571217,CN/N=C(\NC)c1c(N)nc2[nH]ncc2c1N,88.0,0.32001736,,,
273593115,Cc1ccc(-c2ccc(N3C(=O)c4ccc(-c5cccc6c5C(=O)N(C)C6=O)cc4C3=O)cc2C)c(C)c1,,0.39155142,0.246966336,1.114377047,24.03607779
273667291,CCC(O)COC(=O)C1CCC(C(=O)OCC(O)COc2ccc(C3(c4ccc(OC)cc4)c4ccccc4-c4ccccc43)cc2)CC1,372.0,0.34780473,,,
274064100,CNc1cccc2cc3ccccc3c(NC)c12,110.0,0.34139872,,,
274098381,COc1ccc(Oc2ccc(C(=O)c3ccc(C)cc3)cc2)cc1-c1cc(C(F)(F)F)cc(C(F)(F)F)c1,372.0,0.37731962,,,
274614510,COC(CC(C)=O)C(C)C,-24.82439314,,,,
275666084,CCC(C)(C)C(=O)OCCCCCCCCOc1ccc(N=Nc2ccc(C3OCC4(CO3)CC3C=CC4C3)cc2)cc1,,0.36026363,,,
276378650,CCCCCCC(C)Oc1ccc(-c2ccc(OC(=O)c3ccc(OCCCCCCCCCCCOC(=O)C(C)CC)cc3)cc2)cc1,146.0,0.37426308,,,
277002638,CCCCCCCCNC(=O)c1ccc(C(=O)NC)cc1,50.0,0.34342057,,,
277986602,COc1ccc(Oc2ccc(C=NCCCCCCCCCCN=Cc3ccc(C)cc3)cc2)cc1,160.0,0.37760079,,,
278061089,COc1ccc(C2(c3ccc(Oc4ccc(C(=O)c5cccc6cccc(C(=O)c7ccc(C)cc7)c56)cc4)cc3)c3ccccc3-c3ccccc32)cc1,50.0,0.38951494,,,
278123349,CCC(C)C(=O)C1CCCCC1,160.0,,0.204,0.931405406,11.28939719
278169291,CCCCCCCNC(=O)c1ccc(C(=O)NC)c(Oc2ccccc2)c1,,0.34618661,,,
278692232,COc1ccc(NC(=O)c2ccc3cc(C(=O)Nc4ccc(Oc5ccc(C6(c7ccc(C)cc7)C7CC8CC(C7)CC6C8)cc5)cc4)ccc3c2)cc1,269.0,0.36862142,,,
278844630,CCCOCCOC(=O)c1cccc(C(=O)OC)c1,266.0,0.33032067,0.215430956,1.245569001,21.09386476
278926278,COc1ccc(C2(c3ccc(OC(=O)c4ccc(C(C)=O)cc4)cc3)CCC3CCCCC3C2)cc1,108.0,0.37490919,,,
279552323,CC(=O)Nc1ccc(Oc2ccc(C(C)(C)c3ccc(Oc4ccc(NC(=O)c5ccc6c(c5)C(=O)N(c5ccc(Oc7cccc8c(Oc9ccc(N%10C(=O)c%11ccc(C)cc%11C%10=O)cc9)cccc78)cc5)C6=O)cc4)cc3)cc2)cc1,266.0,0.36505048,,,
279990409,CCCNC(=O)CCCCCCCCCCCCCCC(=O)NC,275.0,,0.412,,
280111011,CNc1ccc([C@H](C)c2ccc(C(C)c3ccc([C@@H](C)c4ccc(NC)cc4)cc3)cc2)cc1,235.0,0.36122133,,,
280819340,CNc1ccc(C(c2ccccc2)(c2ccccc2)c2ccc(C(c3ccccc3)(c3ccccc3)c3ccc(NC)cc3)cc2)cc1,48.0,0.39075711,,,
280901586,Cc1ccc(Oc2ccc(C(=O)c3ccc(-c4ccc(C(=O)c5ccc(Oc6ccc(-c7nc(-c8ccccc8)[nH]c7C)cc6)cc5)cc4)cc3)cc2)cc1,,0.38363841,,,
281000054,CC(=O)OCCN(CCOC(=O)c1ccc2c(c1)C(=O)N(c1c(C)cc(Cc3cc(C)c(N4C(=O)c5ccc(C)cc5C4=O)c(C)c3)cc1C)C2=O)c1ccc(N=Nc2ccc([N+](=O)[O-])cc2[N+](=O)[O-])cc1,258.0,0.37040323,,,
281136178,CCNC(=O)OCc1ccc(COC(=O)NCc2ccc(C(C)(C)c3ccc(C)o3)o2)o1,,0.33949603,,,
281150361,CO[Si](C)(C)CC[Si](C)(C)Oc1c(C)cc(-c2cc(C)c(C)c(C)c2)cc1C,258.0,0.40021921,,,
281517661,C=C=C=C(Cn1c2ccccc2c2ccccc21)C(=C)Cn1c2ccccc2c2ccccc21,55.0,,,1.114657106,12.21503123
281814625,CC(=O)c1ccc2c(c1)C(=O)N(c1cccc(C(=O)Nc3ccc(N4C(=O)c5ccc(C)cc5C4=O)cc3)c1)C2=O,55.0,0.35895487,0.282680928,1.276055396,25.88451416
281920156,CCC(C)C(=O)OCCCCCC(=O)Oc1ccc(-c2ccc(C#N)cc2)cc1,55.0,0.34688893,0.2299999999999999,1.092668338,12.97526971
281967969,CNc1ccc(C[C@@H](C)c2ccc([C@H](C)Cc3ccc(NC)cc3)cc2)cc1,38.0,0.36054021,,,
282298315,C=C[Si](C)(OC)O[Si](C)(C=C)O[Si](C)(C)c1ccc([Si](C)(C)C)cc1,308.0,0.43139276,,,
282747611,CC=CC1CC(C)C2C(=O)N(c3cccc(C)c3)C(=O)C12,38.0,0.39070984,,,
283523819,CCCCCCCCOc1cc(C(C#N)=Cc2cc(OC)c(C=C(C)C#N)cc2OCCCCCCCC)c(OC)cc1C,,0.39126569,,,
283582804,CCCCOP(C)(=NC)OCCCC,-86.0,0.40534797,,,
284421147,CC(=O)Nc1ccc(C(c2ccc(NC(=O)c3ccc4c(c3)C(=O)N(c3c(C)cc(-c5cc(C)c(N6C(=O)c7ccc(C)cc7C6=O)c6ccccc56)c5ccccc35)C4=O)cc2)(C(F)(F)F)C(F)(F)F)cc1,-105.0,0.37733686,,,
284595179,CCCOC(=O)NCCSCCCCSCCNC(=O)OC,26.25521298,,,,
285133703,CNc1ccc2c(c1)[C@H]1c3cc(NC)ccc3[C@@H]2c2c(N)cccc21,-105.0,0.38618396,,,
285241910,CCC(C)(C)C(=O)OCCN(C)c1ccc(N=Nc2ccc(N=Nc3ccc(C#N)cc3)cc2C)cc1,250.0,0.38137962,,,
285299858,CN[C@@H](O)N[C@@]1(NC)[C@@H](O)N=CNC1(N)N,,0.30799614,,,
285419416,CCCCCOCC(O)CN(CC(O)COC)c1ccc(N(C)C)cc1,,0.35989821,,,
285781116,CCc1ccc(NC)c(C2(c3ccccc3NC)CCCCC2)c1,31.0,0.36032585,,,
286143083,CNc1cc(-c2c(C)cccc2C)cc(-c2c(C)cccc2C)c1NC,,0.36856174,,,
286285970,CCC(C)(F)C(=O)OCCC(F)(F)C(F)(F)C(F)(F)C(F)(F)C(F)(F)C(F)(F)C(F)(F)C(F)(F)F,31.0,0.32305957,,,
286520814,CCC1CC1COC,-28.98581149,,,,
286659449,CCC(C)(C)C(=O)OC(C)Oc1ccccc1,31.196908,,,,
286702486,CNc1ccc(CC(C)(Cc2ccc(N)cc2)Cc2ccc(NC)cc2)cc1,87.5,0.34821769,,,
286760389,Cc1ccc(Oc2ccc(C(C)(C)c3ccc(Oc4ccc(-c5nnc(C)n5-c5ccc(C)cc5)cc4)cc3)cc2)cc1,,0.39161329,,,
286863590,Cc1ccc(Oc2ccc(C(=O)c3ccc(Oc4ccc(-c5nc(-c6ccccn6)nnc5C)cc4)cc3)cc2)cc1,205.0,0.38856425,,,
286904793,CNc1ccc(-c2ccc(NC)cc2/C=C/c2ccccc2)cc1,223.0,0.35172909,,,
286907970,CCO[Si](C)(OCC)c1ccc(C)cc1,7.02246836,,,,
286918876,CCCCCCCCCCCCC(C(=O)NC)C(=O)NCCCCCCCC,223.0,,0.3455,0.900783398,13.84301628
287377564,Cc1ccc(Oc2ccc(N3C(=O)c4ccc(S(=O)(=O)c5ccc6c(c5)C(=O)N(C)C6=O)cc4C3=O)cc2Br)c(Br)c1,,0.40143862,,,
287416791,Cc1ccc(S(=O)(=O)NCCNS(C)(=O)=O)cc1,7.54081281,,,,
287463310,CCC(C)C1=NC(C)(C)C(=O)O1,,0.35364772,,,
287576128,CCCN(CCOC(=O)Nc1ccc(C)c(NC(=O)OC)c1)c1ccc(N=Nc2ccc(N=Nc3cc(OC)c(N=Nc4ccc([N+](=O)[O-])cc4)cc3OC)c(C)c2)cc1,281.0,0.36102011,,,
287781923,C/C=C/c1sc(C)c(OCCCCCCCCCCCC)c1OCCCCCCCCCCCC,,,0.365,0.900179408,11.69721179
288191338,Cc1cccc(P(C)(=O)c2cccc(N3C(=O)c4ccc(NC(=O)OCCOc5ccc(C(C)(C)c6ccc(OCCOC(=O)Nc7ccc8c(c7)C(=O)N(C)C8=O)cc6)cc5)cc4C3=O)c2)c1,,0.34522255,,,
288320875,Cc1ccc(Oc2ccc(C3(c4ccc(Oc5ccc(-c6cccc(C)n6)cc5C(F)(F)F)cc4)c4ccccc4-c4ccccc43)cc2)c(C(F)(F)F)c1,211.0,0.41115337,,,
288350972,COS(=O)(=O)c1cccc(C(=O)c2cccc(S(=O)(=O)Oc3ccc(C(C)(C)c4ccc(C)cc4)cc3)c2)c1,182.5,0.36729276,,1.237872849,16.18613012
288433754,CCC(C)C(=O)Oc1cccc2ccccc12,211.0,0.35105406,0.1644999999999999,1.120527982,12.47317176
288686571,CNc1ccc(C(c2ccc(NC(=O)c3cc(C(C)=O)cc(C(C)(C)C)c3)cc2)(C(F)(F)F)C(F)(F)F)cc1,182.5,0.3682145,,,
288758624,CCCN(C)Cc1ccccc1,122.0,0.36209961,,,
288986880,CCC(COC(=O)CCCCCCCCCCN1C(=O)C2C3C=CC(C3)C2C1=O)OC,85.0,0.34865046,,,
289030100,CNc1ccc2c(c1)-c1ccccc1[C@]21c2ccccc2-c2ccc(NC)cc21,284.1,0.38578532,,,
289287510,CNc1cc2cc3cc4ccccc4cc3cc2cc1NC,-16.0,0.3410204,,,
289478370,COc1cccc(C(=O)Nc2ccc(Oc3ccc(NC(=O)c4cccc(Oc5nc(C)nc(Sc6ccccc6)n5)c4)cc3)cc2)c1,184.9515774,,,,
289637508,CCC(C)(CC(=O)OCC1CCCCC1)C(=O)OCC1CCCCC1,,0.3794888,0.19,1.013959173,11.11893161
289857593,CCCCCCCCCCCCCCCCCCCCCOC(=O)CCCCS(=O)(=O)CCCCC(=O)OC,83.0,,0.322,,
289881295,CCCCCCCCCCCCCCCSC,,,0.34125,0.881232316,22.79770371
289972048,C=Cc1ccc(C=C2SC(=S)N(c3ccc(N4C(=O)C(=C)SC4=S)cc3)C2=O)cc1,187.1036635,,,,
290244345,CNc1cc(S(=O)(=O)c2ccc(O)c(NC)c2)ccc1O,,0.32138495,,,
290253227,COc1ccc(Oc2ccc(C(=O)c3ccc(-c4ccc(C(=O)c5ccc(C)cc5)cc4)cc3)cc2)cc1-c1cccc(C)c1,,0.38116077,,,
290300802,CCC(F)(F)C(F)(F)C(F)(F)COC(=O)NCC(F)(F)C(F)(F)C(F)(F)C(F)(F)CNC(=O)OC,170.0,0.29982078,,,
290418374,CC(=O)c1ccc2c(c1)C(=O)N(c1cccc(C(=O)Nc3cccc(N4C(=O)c5ccc(C)cc5C4=O)c3)c1)C2=O,25.0,0.35769875,,,
291057839,CCC(C)(C)C(=O)OCCCCCCN1CCN(c2ccc(N=Nc3ccc(C=C(C#N)C#N)cc3)cc2)CC1,170.0,0.37590326,,,
291499422,CCCCC(CC)COC(=O)NC(=O)c1cccc(C(=O)NC(=O)OC)c1,25.0,0.32018631,,,
291719291,CCCCC(CC)COc1cc(C=Cc2ccc(C)cc2)c(OC)cc1C=Cc1ccc(N(C)c2ccccc2)cc1,287.0,0.39827635,,,
291812607,CCCN(CCOC(=O)Nc1ccc(Cc2ccc(NC(=O)OC)cc2)cc1)c1ccc(N=Nc2ccc([N+](=O)[O-])cc2)c(C)c1,,0.35280461,,,
292223018,CCCN(C)C(=O)c1c(F)cc(F)cc1F,64.0,0.34607139,,,
292271271,COc1ccc(S(=O)(=O)c2ccc(Oc3cccc(NC(=O)c4ccc(-c5ccc(C(=O)Nc6cccc(C)c6)c(C)c5)cc4C)c3)cc2)cc1,135.0,0.35676805,,,
292300264,CNc1ccc(Nc2ccc(C(=O)c3ccc(C(=O)c4ccc(C)cc4)cc3)cc2)cc1,220.0,0.3913528,,,
292368159,COC(=O)C=CC(=O)OC1COC2C(C)COC12,135.0,0.31212102,,,
292543407,CCc1cccc(CC)c1N1C(=O)C(C)C(C)C1=O,220.0,0.41528164,,,
293023790,CC=Cc1cc(OCCCCCCOc2ccc(C3CCC(CCCCC)CC3)cc2)c(C)cc1OCCCCCCOc1ccc(C2CCC(CCCCC)CC2)cc1,36.67582945,,,,
293350949,Cc1ccc2c(c1)C(=O)N(c1cc(Br)c(Oc3c(Br)cc(N4C(=O)c5ccc(C(C)(C(F)(F)F)C(F)(F)F)cc5C4=O)cc3Br)c(Br)c1)C2=O,,0.43086202,,,
293363115,C/C=C/C(CC)C(C)CC,288.0,,0.203,0.82398912,14.35476002
293508970,CNc1ccc(-c2ccc(NC)cc2-c2ccccc2-c2cccc3ccccc23)cc1,,0.35954171,,,
293562405,CCC(C)(C)C(=O)Oc1cccc(C)c1,303.0,,0.151,1.017456329,12.06665155
293886642,Cc1ccc(C)s1,,0.49681739,0.597038429,1.283756133,48.18828854
294224638,CCC(C)C(=O)C(C)C,89.35,,0.203,0.886596201,12.63604574
294498348,CCCOCCOc1ccc(C=C(C)c2ccc(OC)cc2)cc1,,0.36557344,,,
294894075,Cc1ccc(C2(c3ccc(-c4cc(-c5ccccc5)c5cc(C6(c7ccc8nc(C)cc(-c9ccccc9)c8c7)c7ccccc7C(=O)c7ccccc76)ccc5n4)cc3)c3ccccc3-c3ccccc32)cc1,89.35,0.47578212,,,
295260492,CC[Si](C)(C)CCCOCCOCCOC,405.0,0.36062899,,,
295275980,CCCCCCCCCCCCOc1ccc(C(=O)Oc2ccc(C(=O)Oc3cccc(-c4ccc(OC(=O)c5ccc(OCCCCCCCCCCCCOC(=O)C(C)(C)CC)cc5)cc4)c3)cc2)cc1,-73.3,0.36392032,,,
295305734,CCC(C)(CC(=O)Oc1ccc(C)cc1)C(=O)Oc1ccc(C)cc1,405.0,,0.182,1.062096371,11.04114403
295343824,CCCN(C)c1ccc(Cc2ccc(N(CCC)C(=O)c3ccc(C(C)=O)cc3)c(C)c2)cc1C,179.9023847,,,,
295492872,Cc1cc(Cc2cc(C)c(N3C(=O)c4cccc(Oc5ccc(C(C)(C)c6ccc(Oc7cccc8c7C(=O)N(C)C8=O)cc6)cc5)c4C3=O)c(C)c2)cc(C)c1C,74.5,0.38770631,,,
295884244,COc1ccc(C(=Nc2ccc(N=C(c3ccccc3)c3ccc(Oc4ccc(C(c5ccccc5)(c5ccccc5)c5ccc(C)cc5)cc4)cc3)cc2)c2ccccc2)cc1,223.0,0.39566509,,,
296205481,CCCCCCCCCCCOC(=O)CCCCCCC(=O)OC,,0.36776724,0.3445,0.938959785,22.70955044
296253043,CNc1ccc(CCCCCc2ccc(NC)cc2)cc1,223.0,0.34584996,,,
296446712,CCC(C)C(C)=O,,0.34334548,0.179,0.955845655,17.46864859
296474292,CC(F)(F)C(C)(F)OC(F)(F)C(F)(F)F,-22.0,0.3417127,,,
296559312,COc1ccc2ccc(Oc3ccc(C(=O)Nc4ccc(Oc5ccc(C(c6ccc(Oc7ccc(NC(=O)c8ccc(C)cc8)cc7)cc6)(C(F)(F)F)C(F)(F)F)cc5)cc4)cc3)cc2c1,29.0,0.3598661,,,
296620653,CNc1ccc(Cc2ccc(-c3ccc(NC)cc3)cc2)cc1,115.0,0.34759302,,,
296709911,CNc1ccc(C(c2ccc(N)cc2)(c2ccc(N)cc2)[C@H]2CC[C@H](NC)CC2)cc1,29.0,0.37489694,,,
296780712,CCCCOCCOCCOC(=O)Nc1ccc(C)c(NC(=O)OC)c1,-26.75831261,,,,
296827731,CCCN(CCOC(=O)NC(C)(C)c1cccc(C(C)(C)NC(=O)OC)c1)c1ccc(N=Nc2ccc([N+](=O)[O-])cc2)cc1,,0.34971424,,,
296831504,COc1c(C)cc(-c2cc(C)c(OC(=O)CCCCCCCCC(C)=O)c(C)c2)cc1C,,0.36469857,,,
297020286,C/C=C/c1ccc(C)c(-c2cc(-c3ccccc3)c(OCC(CC)CCCC)cc2OCC(CC)CCCC)c1,57.0,,0.256,0.919376466,12.57676107
297297701,CC1CCC(N2C(=O)c3ccc(S(=O)(=O)c4ccc5c(c4)C(=O)N(C)C5=O)cc3C2=O)CC1,,0.37391211,,,
297474668,CC(=O)Nc1cc(C(F)(F)F)cc(NC(=O)c2ccc3c(c2)C(=O)N(c2cc(C(F)(F)F)cc(N4C(=O)c5ccc(C)cc5C4=O)c2Oc2ccc(C(F)(F)F)cc2)C3=O)c1Oc1ccc(C(F)(F)F)cc1,57.0,0.3682254,,,
297502549,CNCC1CCCC(CNC)C1,,0.33163789,,,
297731512,Cc1ccc(C(=O)Nc2ccc(Oc3ccc(S(=O)(=O)c4ccc(Oc5ccc(NC(=O)c6ccc(N7C(=O)c8ccc(-c9ccc%10c(c9)C(=O)N(C)C%10=O)cc8C7=O)cc6)cc5)cc4)cc3)cc2)cc1,363.0,0.35562062,,,
298003696,CNc1c(C)c(C)c(C(=O)c2ccc(NC(=O)c3ccc(C(C)=O)cc3)cc2)c(C)c1C,258.0,0.37168327,,,
298173145,CNC(=O)NCCCCCCNC(=O)Nc1cccc(C)n1,366.0,0.32647685,,,
298248052,Cc1cccc(Oc2cccc(Oc3cccc(N4C(=O)c5c(c(-c6ccccc6)c(-c6ccc(Oc7ccc(Oc8ccc(-c9c(-c%10ccccc%10)c%10c(c(-c%11ccccc%11)c9-c9ccccc9)C(=O)N(C)C%10=O)cc8)cc7)cc6)c(-c6ccccc6)c5-c5ccccc5)C4=O)c3)c2)c1,258.0,0.38817266,,,
298750870,Cc1c(-c2ccccc2)c(-c2ccccc2)c(C)c2cc(C(c3ccc(C#Cc4ccccc4)c(C#Cc4ccccc4)c3)(C(F)(F)F)C(F)(F)F)ccc12,366.0,,0.103,1.001212493,12.31035991
299097300,COC(=O)C(C)C,170.0,0.33876364,0.222112653,1.150760389,19.45199837
299152684,CCCCCCCCCCNC(=O)CCCCCCCCC(=O)NC,238.0,,0.3485,0.93702543,20.75684225
299349220,CNC(C)C(=O)NCC(C)=O,19.96697332,,,,
299618473,CC(=O)Nc1ccc(C(=O)Nc2ccc(NC(=O)c3ccc4[nH]c(-c5cccc(-c6nc7cc(C)ccc7[nH]6)c5)nc4c3)cc2)cc1,85.75,0.3655908,,,
299922696,Cc1ccc(Oc2ccc(C(=O)c3ccc(C(=O)c4ccc(Oc5ccc(-c6nc(-c7ccccc7)[nH]c6C)cc5)cc4)cc3)cc2)cc1,322.0,0.38697246,,,
300005769,CCC1CC2CC1C1CCC(CN3C(=O)c4ccc(Oc5ccc6c(c5)C(=O)N(C)C6=O)cc4C3=O)C21,248.0,0.36282504,,,
300892142,CCCSCCOC(=O)CCC(=O)OC,322.0,0.34112021,,,
300941372,CCC(=O)Nc1ccc(Oc2ccc(Oc3ccc(NC(=O)c4ccc5c(c4)C(=O)N(C)C5=O)cc3)cc2)cc1,248.0,0.34047754,,,
301268217,CCCCCCCCCCCOC,201.0,,0.353,,
301459957,Cc1cccc(N2C(=O)c3cccc(Oc4c(C)cc(-c5cc(C)c(Oc6cccc7c6C(=O)N(C)C7=O)c(C)c5)cc4C)c3C2=O)c1,,0.38569497,,,
301935252,CC(=O)OCCCCCCCCCCCCOC(=O)c1ccc(N2C(=O)c3ccc(C)cc3C2=O)cc1,242.0,0.35218285,,,
302206099,CC[C@H](C[C@H](C[C@@H](C[C@@H](C)c1ccc(NC)cc1)c1ccc(N)cc1)c1ccc(N)cc1)c1ccc(NC)cc1,47.0,0.36066913,,,
302309984,Cc1ccc(Oc2ccc(N3C(=O)c4ccc(Oc5ccc(Oc6ccc(Oc7ccc8c(c7)C(=O)N(C)C8=O)cc6)cc5)cc4C3=O)cc2)cc1,311.0,0.36551009,,,
302979803,CCCCCCOC(=O)C(Cc1ccc(OC)cc1)NC(=O)CCc1ccc(OC(=O)COCC(C)=O)cc1,47.0,0.34376894,,,
303176560,CNc1ccc(C2(c3ccccc3NC)CCCCC2)cc1,45.0,0.35257654,,,
303191070,CN=P(C)(Oc1ccc(-c2ccccc2)cc1)Oc1ccc(-c2ccccc2)cc1,215.0,0.36538573,,,
303219921,CNc1ccc(-c2ccc(NC)cc2CCCCc2cc(N)ccc2-c2ccc(N)cc2)cc1,45.0,0.35208407,,,
303267980,CCCCCCCN(C)C(=O)CCC(=O)N(C)C,,0.34567408,,,
303343344,CC#Cc1cccc(C#C[SiH2]C)c1,85.0,0.47028838,,,
303682893,COc1ccc(C2(c3ccc(OC(=O)c4cccc(C(C)=O)c4)c(C)c3)CCC3CCCCC3C2)cc1C,72.0,0.38690449,,,
303795473,CCCCC(C)(C)CCCNC(=O)c1ccc(C(=O)NC)cc1,7.5,0.34132981,,,
304139587,CCOC(=O)C(C)(C#N)C(C#N)(C(=O)OCC)c1ccc(C)cc1,72.0,0.38803882,,,
305079648,COc1ccc(SC(=O)Oc2ccc(C(C)(C)c3ccc(OC(=O)Sc4ccc(C)cc4)cc3)cc2)cc1,207.0,0.34795585,0.202245531,1.209562721,22.50500153
305318799,CCCCCCc1cc(-c2ccc3c(c2)C(CCCCCC)(CCCCCC)c2cc(C)ccc2-3)c(CCCCCC)cc1C,152.0,0.42097491,0.46,0.85144236,20.23991085
305819221,CC(=O)c1cc2c(cc1Cl)C(=O)N(c1cc(Cl)cc(N3C(=O)c4cc(C)c(Cl)cc4C3=O)c1)C2=O,108.0,0.39611043,,,
307030577,CNc1ccc2c(c1)[C@@H](c1ccccc1)c1c-2ccc(NC)c1-c1ccccc1,145.0,0.36614228,,,
307396008,CCC(C)OC(=O)CC1CCCC1,78.8,0.3604384,,,
307817942,Cc1ccc(Oc2ccc(Oc3ccc(NC(=O)c4ccc(Oc5cccc6c5C(=O)N(C)C6=O)cc4)cc3)cc2)cc1,311.0,0.35768777,,,
308504449,CCCCCCCCCCCSCCCCCCSC,244.0,,0.3305,0.931588685,28.27457475
308535213,CCC=CN(C=CCC1CC(=O)N(c2ccc(Cc3ccc(N4C(=O)CC(C)C4=O)cc3)cc2)C1=O)c1ccc(N=Nc2ccc([N+](=O)[O-])cc2)cc1,-3.0,0.36429958,,,
308745808,CCC1CCC(COC(=O)NCCSCCCCCSCCNC(=O)OC)CC1,77.84678315,,,,
308992648,CCC(C)C(=O)OCC(F)(F)C(F)(F)C(F)(F)C(F)F,,0.32276362,,,
309072874,COc1ccc(C2(c3ccc(OC(C)=O)c(C)c3)CC3CC2C2CCCC32)cc1C,-35.0,0.40611726,,,
309419979,CC(=O)c1ccc2nc(-c3ccc(-c4cnc5cc(C)ccc5n4)cc3)cnc2c1,217.0,0.42198142,,,
309733373,COC(=O)c1ccc(CCCCCCc2ccc(C(C)=O)cc2)cc1,-35.0,0.36077317,,,
310196546,COc1cccc(NC(=O)CCCCCCCCCC(=O)Nc2ccc(C)cc2)c1,217.0,0.34944602,,,
310395295,Cc1ccc(Oc2ccc(C(=O)c3ccc(Oc4ccc(-c5nc(-c6ccc(-c7nc(C)c(-c8ccccc8)[nH]7)cc6)[nH]c5-c5ccccc5)cc4)cc3)cc2)cc1,318.0,0.40672617,,,
310494439,CCC(C)n1ccnc1,20.0,0.35410749,,,
310611274,CCC(C)COC(=O)c1ccc(C(=O)OC)cc1,110.0,0.3435142,,,
310843241,CCOP(=O)(CC1OCC(COCC2(COC(=O)C(C)(C)CC)COC(CP(=O)(OCC)OCC)OC2)(COC(=O)C(C)CC)CO1)OCC,276.0,0.34782459,,,
310898724,CNc1ccc2ccc3c(NC)c(-c4ccc(C5(c6ccccc6)c6ccccc6-c6ccccc65)cc4)c(-c4ccc(C5(c6ccccc6)c6ccccc6-c6ccccc65)cc4)c4ccc1c2c34,175.0,0.38241769,,,
311037297,CCC(C)(C)C(=O)OCCC(F)(F)C(F)(F)C(F)(F)C(F)(F)C(F)(F)C(F)(F)C(F)(F)C(F)(F)F,55.0,0.32611657,,,
311737289,CCCCCCc1ccc(Oc2ccc(C)cc2)cc1Oc1ccc(Oc2ccc(-c3ccc(OC)c4ccccc34)c3ccccc23)cc1,47.0,0.37973562,,,
311750318,CCC(=O)Nc1ccc(Cc2ccc(NC(=O)COc3ccc4ccccc4c3Sc3c(OC)ccc4ccccc34)cc2)cc1,150.0,0.34521945,,,
312401249,COC(=O)Oc1ccc2c(c1)Oc1cc(C)ccc1C21c2ccccc2-c2ccccc21,47.0,0.39255677,,,
312938401,CNc1ccc(N[Se]C)cc1,150.0,0.39082082,,,
313210022,C/C=C/CCCCCC,241.0,,0.3143333333333333,0.823772683,18.69881957
313256095,CNc1ccc(-c2c(-c3ccccc3)c(-c3ccccc3)c(NC)c(-c3ccc4ccccc4c3)c2-c2ccc3ccccc3c2)cc1,295.0,0.3722511,,,
313737003,COc1ccc(N=Nc2ccc(Cc3ccc(N=Nc4ccc(OC(=O)c5ccc(N=Nc6ccc(C(C)=O)cc6)cc5)cc4)cc3[N+](=O)[O-])c([N+](=O)[O-])c2)cc1,55.0,0.36942122,,,
313765532,CC=CC1CC(C)C(F)(F)C1(F)OC(F)(F)C(F)(F)C(F)(F)F,,0.35218928,,,
313831314,CCC(C)C1CCCCC1,,,0.1906666666666666,,
313842947,Cc1ccc(C2(c3ccc(-c4cc(-c5ccccc5)c5cc(-c6ccc7nc(C)cc(-c8ccccc8)c7c6)ccc5n4)cc3)c3ccccc3-c3ccccc32)cc1,119.7,0.42784564,,,
313907766,CCCCCCCCCc1nc2cc(-c3ccc4oc(C)nc4c3)ccc2o1,61.93714913,,,,
313933456,Cc1ccc(Oc2cccc(Oc3ccc(N4C(=O)c5cccc(Oc6ccc(S(=O)(=O)c7ccc(Oc8cccc9c8C(=O)N(C)C9=O)cc7)cc6)c5C4=O)cc3)c2)cc1,119.7,0.36100204,,,
314234289,CNc1cccc(NC(=O)c2ccc(C(=O)Nc3cccc(NC(=S)NC(=O)c4cccc(C(=O)NC(C)=S)c4)c3)cc2)c1,420.0,0.34075834,,,
314354319,CCCN(CCOC(=O)NCCCCCCNC(=O)OC)c1ccc(N=Nc2ccc(P(=O)(c3ccccc3)c3ccccc3)cc2)cc1,,0.36051644,,,
314797178,CCC(=O)Nc1ccc(Oc2ccc(-c3ccc(Oc4ccc(NC(=O)CN5C(=O)c6ccc(C(c7ccc8c(c7)C(=O)N(C)C8=O)(C(F)(F)F)C(F)(F)F)cc6C5=O)cc4)cc3)cc2)cc1,230.0,0.34625008,,,
314863833,CC=C(C)C(C)(C)C,245.0,0.39086188,,,
314916411,CNc1ccc(NC(=O)c2cc(C(=O)O)c(C(C)=O)cc2C(=O)O)cc1,240.3936293,,,,
315380987,Cc1ccc(C(c2ccc(-c3nc4ccc(-c5ccc6nc(C)oc6c5)cc4o3)cc2)(C(F)(F)F)C(F)(F)F)cc1,245.0,0.41473896,,,
315519001,CCCN(C)C(=O)c1ccc(SC(F)(F)F)cc1,345.0,0.36079153,,,
315538569,Cc1ccc(Oc2ccc(-c3c(-c4ccccc4)c4c(c(-c5ccccc5)c3-c3ccccc3)C(=O)N(c3cccc(N5C(=O)c6c(c(-c7ccccc7)c(-c7ccccc7)c(C)c6-c6ccccc6)C5=O)c3)C4=O)cc2)cc1,100.0,0.40245453,,,
315696598,CCCOCCOC(=O)C(CCC)C(=O)OC,345.0,0.3478015,,,
316809152,Cc1ccc(-c2ccc(-c3cc(-c4ccccc4)c4cc5c(-c6ccccc6)cc(C)nc5cc4n3)cc2)cc1,100.0,0.42319171,,,
317007708,CCCCCCCCCCCCC(=O)Oc1ccc(-c2ccc(OC(=O)c3ccc4c(c3)C(=O)N(C)C4=O)cc2)cc1,357.0,0.35069342,,,
317020980,CCCCCCC[N+](C)(C)CCOC(=O)C(C)(C)CC,-38.0,0.48837644,,,
317112247,C/C=C/c1ccc(C)c(-c2cc(OCC(CC)CCCC)c(OCC(CC)CCCC)cc2-c2ccccc2)c1,392.0,,0.196,0.892538398,13.24845393
317286954,CCC(CC)(CC)CSC,60.0,0.39177135,,,
317794773,COc1ccc(CC(NC(=O)CCc2ccc(OC(=O)CCC(C)=O)cc2)C(=O)OCC(C)C)cc1,-44.0,0.34144884,,,
317893081,CNc1c(NC)c2c3ccccc3ccc2c2ccccc12,75.0,0.33765399,,,
318193611,Cc1ccc(Oc2ccc(S(=O)(=O)c3ccc(Oc4ccc(N5C(=O)c6ccc([Si](C)(C)c7ccc8c(c7)C(=O)N(C)C8=O)cc6C5=O)cc4)cc3)cc2)cc1,-36.25,0.37988388,,,
318514421,C=CCOCC(CC)OC,75.0,0.37390145,,,
318909763,CC(=O)c1ccc2c(c1)C(=O)N(c1ccc(C(=O)c3cccc(C(=O)c4ccc(N5C(=O)c6ccc(C)cc6C5=O)cc4)c3)cc1)C2=O,-75.5,0.35870758,,,
318923469,CCC(O)COC(=O)CCCCC(=O)OCC(O)COc1ccc(OC)cc1,246.0,0.3223982,,,
318933021,Cc1ccc(C(=O)OCCCCCCCCCCOc2ccc(C=C3CCCCC(=Cc4ccc(OCCCCCCCCCCOC(=O)c5ccc(-c6nnc(C)o6)cc5)cc4)C3=O)cc2)cc1,-75.5,0.36697686,,,
319236312,CC=CC1CC(C)C2C(=O)N(c3cccc(Cl)c3)C(=O)C12,276.0,0.38072604,,,
319319228,CCCCCCCCCNC(=O)Cc1ccc(CC(=O)NC)cc1,19.0,0.34606066,,,
320070845,CNc1ccc(-c2ccc(NC)c(-c3ccc(C(C)(C)C)cc3)c2)cc1,110.0,0.35848188,,,
321187243,Cc1cccc(OCCCCCCCCCOc2cccc(N3C(=O)c4ccc(-c5cccc6c5C(=O)N(C)C6=O)cc4C3=O)c2)c1,,0.35149035,,,
321215899,COc1ccc(N=CCCCC=Nc2ccc(OC(=O)Nc3cc(NC(C)=O)ccc3C)cc2)cc1,110.0,0.34931445,,,
321268777,CNc1ccc(CC(C)(C)NC(=O)CCCCCCCCC(C)=O)cc1,,0.35281212,,,
321308254,CCCCCCCCCCCCN1C(=O)C(C)=C(c2ccc(-c3ccc4c(c3)C(CCCCCC)(CCCCCC)c3cc(-c5ccc(C)cc5)ccc3-4)cc2)C1=O,134.0,0.40747116,,,
321519190,CCCCCCNC(=O)CCCCCCCCOCCCCCCCCC(=O)NCCCCCOC,100.0,,0.267,0.932721325,20.89267331
321552204,C/C=C/CCCCCCCCCC(CCCCCCCCCC)COCCOCCOCCOCCOCCCCCCCCCCCCCC,92.0,,0.332,,
321955140,CCCCCCOC(=O)C(CC(C)=O)NC,0.713924343,,,,
322065979,Cc1ccc(Oc2c(C)cc(C(c3cccnc3)c3cc(C)c(Oc4ccc(N5C(=O)CC(Nc6ccc(NC7CC(=O)N(C)C7=O)cc6)C5=O)cc4)c(C)c3)cc2C)cc1,,0.37995335,,,
322351570,COCCOC(=O)CCCCC(=O)OCCOc1nc(-c2ccc(OC)cc2)nc(C)c1-c1ccc(OC)cc1,229.0,0.34860734,,,
322605911,CCCCCCCCOC(=O)C(Cc1ccc(OC)cc1)NC(=O)Cc1ccc(OC(=O)COCCOCC(C)=O)cc1,48.0,0.34897667,,,
323040540,CCCCCCC1(CCCCCC)c2cc(NC)ccc2-c2ccc(NC)cc21,229.0,0.36646307,,,
323411656,CCc1cc(CNC(=O)CCCCC(=O)NC)cc(C(C)(C)C)c1,48.0,0.34360475,,,
323702728,CCCCCCCCCC(C)(c1ccccc1Cc1ccc(NC)cc1)c1ccccc1Cc1ccc(NC)cc1,23.0,0.36176304,,,
324341393,COc1ccc(-c2ccc(Oc3ccc(C(=O)c4ccc5cc(C(=O)c6ccc(C)cc6)ccc5c4)cc3)cc2)cc1,,0.38062816,,,
324348126,CCC(C)c1ccc(C([Si](C)(C)C)[Si](C)(C)C)cc1,109.0,0.43765265,,,
324392817,CCCCCCCCCCCC(=O)N(C)CCC,156.0,0.38506928,,,
324827592,COc1cccc(Oc2ccc(N=Cc3ccc(N(c4ccccc4)c4ccc(C=Nc5ccc(C)cc5)cc4)cc3)cc2)c1,195.0,0.38883651,,,
324904007,COc1ccc(C(c2ccc(OC(C)=O)cc2)C2CC3CCC2C3)cc1,156.0,0.37329335,,,
324919224,CCCCS(=O)(=O)CCCCS(=O)(=O)CCCOC(=O)OC,10.0,0.3533756,,,
325038822,CCCCC(CC)Cn1c2ccc(C)cc2c2cc(Nc3ccc(C(=O)c4ccc(C(=O)c5ccc(NC)cc5)cc4)cc3)ccc21,43.0,0.38731405,,,
325850735,CNc1ccc(-c2ccc(NC)cc2Cc2ccccc2)c(Cc2ccccc2)c1,213.0,0.34802156,,,
325853121,COc1c(Br)cc(C)cc1Br,43.0,0.44645964,,,
326740697,CCC(C)(C)C(=O)OCc1cc(F)ccc1F,213.0,0.34376939,,,
327326654,COc1ccc(S(=O)(=O)c2ccc(Oc3ccc(C(c4ccc(C)cc4)C(C)C)cc3)cc2)cc1,,0.38318487,,,
327432808,COc1ccc(S(=O)(=O)c2ccc(C)cc2)c2ccccc12,196.0,0.36846516,,,
327552819,CCC(C)(C)C(=O)OCCCCCCCCCCOc1ccc(N2C(=O)C(=Cc3c(C)c4ccccc4n3C)C(=C(C)C)C2=O)cc1,-17.96880959,,,,
327962548,CN=P(C)(OCC(F)(F)F)OCC(F)(F)F,200.0,0.35273936,0.138820064,1.651958224,18.02916632
328019914,CCC(C)(C)C(=O)OCCCCOc1ccc(OC(=O)c2ccc(OC)c(Br)c2)cc1,238.0,0.35295173,,,
328180933,COc1ccc2c(c1)C(C)(c1ccc(OC(=O)c3cccc(C(C)=O)c3)cc1)CC2(C)C,69.0,0.37445789,,,
328387168,CCC(c1ccccc1N)(c1ccccc1NC)c1ccccc1NC,-66.0,0.3617022,,,
328610666,CNc1ccc(-c2ccc(NC)cc2S(=O)(=O)O)c(S(=O)(=O)O)c1,69.0,0.32787588,,,
328753275,CCCCCNC(=O)CC/C=C/CCC(=O)NC,230.5,,0.258,,
328792977,COc1ccc(C(C)(C)C)cc1Oc1ccc(S(=O)(=O)c2ccc(C)cc2)cc1,,0.38170267,,,
329116469,Cc1nnc(-c2ccc(Oc3ccc(C=Cc4ccc(Oc5ccc(C)c6ccccc56)cc4)cc3)c3ccccc23)o1,182.0,0.38851942,,,
329479579,CNc1ccc(C(=C(c2ccccc2)c2ccccc2)c2ccc(NC)cc2)cc1,180.5,0.37080803,,,
329844440,CC(=O)c1ccc2c(c1)C(=O)N(c1ccc(C)c(N3C(=O)c4ccc(C)cc4C3=O)c1)C2=O,182.0,0.38825862,0.229606072,1.21870301,22.26749475
330131913,CCCCCOC(=O)SSC(=O)OC,-58.94578339,,,,
330440675,CNc1ccc(-c2ccc(NC)c(-c3cc(-c4ccc(N)c(-c5ccccc5)c4)ccc3N)c2)cc1-c1ccccc1,180.5,0.35788637,,,
330874137,CNc1ccc(C(=O)c2c(C)c(C)c(C(=O)c3ccc(NC(=O)c4ccc(C(C)=O)cc4)cc3)c(C)c2C)cc1,,0.37667535,,,
330921769,CCCCCCCCCCCCCCCCCCCCCC(C)COCCOCCOCCOCCOCCCCCCCCCCCCCC,,,0.38425,0.882777598,18.64436035
331019668,CCCCOC(=O)CCCCC(=O)OC,319.5,0.33351251,,,
331170381,CCC(C)(F)C(=O)OCCC(F)(F)C(F)(F)C(F)(F)C(F)(F)C(F)(F)C(F)(F)F,53.8,0.32650351,,,
331790904,CCOc1ccc(N=Nc2ccc(OCCCCCCOc3ccc(N4C(=O)c5ccc(C(C)(C(F)(F)F)C(F)(F)F)cc5C4=O)cc3N3C(=O)c4ccc(C)cc4C3=O)cc2)cc1,-55.0,0.36774153,,,
333349586,CCCCCNC(=O)CCCCCCCCCC(=O)NC,53.0,,0.3229999999999999,0.965368624,22.50813311
333365529,CNc1ccc(-c2c3ccccc3c(-c3ccc(NC)c4ccccc34)c3ccccc23)c2ccccc12,345.0,0.37137106,,,
333446735,Cc1ccc(Oc2ccc(N3C(=O)c4cccc(Oc5cccc(Oc6cccc7c6C(=O)N(C)C7=O)c5)c4C3=O)cc2)cc1,,0.35735202,,,
333695147,CCc1cc(-c2ccc(NC)c(CC)c2)ccc1NC,-55.0,0.3583446,,,
334420972,Cc1ccc(Oc2ccccc2N2C(=O)c3ccc(Oc4ccc5c(c4)C(=O)N(C)C5=O)cc3C2=O)cc1,53.0,0.37092475,,,
334571792,CCCN(CCN1C(=O)c2ccc(C(c3ccc4c(c3)C(=O)N(C)C4=O)(C(F)(F)F)C(F)(F)F)cc2C1=O)c1ccc(N=Nc2ccc(C#N)cc2)cc1,,0.36816596,,,
334621145,CCCCCOC(=O)CCSCCCCCCSCCC(=O)OC,264.0,0.37393849,,,
334995050,CNc1cccc(-c2cc(NC)ccc2-c2ccccc2-c2ccccc2-c2ccccc2)c1,,0.35857012,,,
335146594,Cc1ccc(Cc2ccc(N3C(=O)C(C)C(SCCOCCSC4C(=O)N(c5ccc(Cc6ccc(N7C(=O)CC(C)(SCCOCCSC8(C)CC(=O)N(C)C8=O)C7=O)cc6)cc5)C(=O)C4C)C3=O)cc2)cc1,226.0,0.34652308,,,
335695120,CCC(=O)Nc1ccc(S(=O)(=O)c2ccc(NC(=O)c3ccc4c(c3)C(=O)N(C)C4=O)cc2)cc1,,0.33962097,,,
335867964,CCCCCCCCSc1cc(-c2cc(SCCCCCCCC)c(-c3ccc(C)cc3)s2)sc1C,264.0,0.46090001,,,
336148935,COc1ccc(CC(C#N)(C#N)Cc2ccc(C)cc2)cc1,232.0,0.38321738,,,
336321161,Cc1ccc(CC(=O)Nc2ccc(Cc3ccc(NC(=O)Cc4ccc(-c5sc(C)c(-c6ccccc6)c5-c5ccccc5)cc4)cc3)cc2)cc1,-73.0,0.38110654,,,
336593955,CCC(F)(F)C(F)(F)C(F)(F)C(F)(F)COC(=O)NCCCCCCNC(=O)OC,147.0,0.31989921,,,
336780982,CC=Cc1ccc(-c2nnc(-c3ccc(C=Cc4ccc5c(c4)c4cc(C)ccc4n5CCCCCCCC)cc3)n2-c2ccccc2)cc1,105.0,0.39201873,,,
337489231,Cc1ccc2c(c1)C(=O)N(c1ccc(-c3ccc(N4C(=O)c5ccc(C(C)(C(F)(F)F)C(F)(F)F)cc5C4=O)c(C)c3)cc1C)C2=O,232.0,0.40122658,,,
337825369,CC1CCOC1C,55.3,0.35254503,,,
338101273,CC(=O)Nc1cccc(S(=O)(=O)c2cccc(NC(=O)c3ccc4c(c3)C(=O)N(c3cc(-c5nnc(-c6ccccn6)o5)cc(N5C(=O)c6ccc(C)cc6C5=O)c3)C4=O)c2)c1,147.0,0.37898693,,,
338143659,Cc1ccc2c(c1)C(=O)N(c1ccc(C(=O)Nc3ccc(Oc4ccc(Oc5ccc(NC(=O)c6ccc(N7C(=O)c8ccc(C(C)(C(F)(F)F)C(F)(F)F)cc8C7=O)cc6)cc5)cc4)cc3)cc1)C2=O,227.0,0.35983591,,,
338510207,CCC(C)(CC(=O)OC(C)C)C(=O)OC12CC3CC(C)(CC(C)(C3)C1)C2,-2.0,0.39295654,,,
339460948,Cc1ccc(Oc2ccc(Oc3ccc(N4C(=O)c5cccc(Oc6cccc7c6C(=O)N(C)C7=O)c5C4=O)cc3)cc2)cc1,303.0,0.37064472,0.228924168,1.265742575,22.30349945
339625856,CCC(C)C(=O)c1ccc(C(C)(C)C)cc1,352.0,0.39538031,0.1915,0.936469283,10.58961551
340997850,CNc1cc(NC(=O)c2ccccc2C(C)=O)cc(-c2nnc(-c3ccccn3)o2)c1,131.0,0.37065155,,,
341123684,CCC(C)N,173.0,0.38223216,,,
341439882,COc1cccc(NC(=O)CCCCCC(=O)Nc2ccc(C)cc2)c1,303.0,0.33827626,,,
341816925,CCC(=O)Nc1ccc(Oc2cccc(Oc3ccc(NC(=O)c4ccc5c(c4)C(=O)N(C)C5=O)cc3)c2)cc1,158.0,0.34068841,,,
341876947,Cc1ccc(-c2ccc(N3C(=O)c4ccc(Oc5ccc6c(c5)C(=O)N(C)C6=O)cc4C3=O)cc2C(F)(F)F)c(C(F)(F)F)c1,258.0,0.39839006,,,
342399286,CCCCCCOc1ccc(NC(=O)c2cccc(C(=O)Nc3ccc(OC)cc3)c2)cc1,103.5,0.34643018,,,
342537511,CCC(C(C)=O)C(CC)C(=O)Oc1ccccc1C(=O)OC(=O)c1ccccc1OC,90.0,0.33445863,,,
343006911,CCCCCOP(C)(=NC)OCCC,57.0,0.4014852,,,
343110199,CCCOC(=O)c1ccc(-c2ccc(C(=O)OC)cc2)cc1,130.0,0.3359349,,,
343123949,CCCC(C)CCC(=O)OC,220.0,,0.253,0.980916925,20.5666232
343326237,CC(=O)c1ccc(Oc2c(C)cc(-c3cc(C)c(Oc4ccc(C(=O)c5ccc6nc(C)ccc6c5)cc4)c(C)c3)cc2C)cc1,155.0,0.39852455,,,
343355330,CCCCCCCCCCCCCCCc1ccc(-c2c(-c3ccccc3)cc(-c3cccc(-c4cc(-c5ccccc5)c(-c5ccc(C)cc5)c(-c5ccccc5)c4-c4ccccc4)c3)c(-c3ccccc3)c2-c2ccccc2)cc1,23.0,0.40045418,,,
343928203,Cc1ccc([Si](c2ccccc2)(c2ccccc2)c2ccc(-c3nnc(C)o3)cc2)cc1,-100.0,0.44572292,,,
344065840,Cc1ccc(C(c2ccc(N3C(=O)c4ccc(Oc5cc6ccccc6cc5Oc5ccc6c(c5)C(=O)N(C)C6=O)cc4C3=O)cc2)(C(F)(F)F)C(F)(F)F)cc1,40.0,0.37439693,,,
344567495,C/C=C/c1cc(CCCCCCCCCCCC)c(C)s1,-53.0,,0.368,,
344756877,CCCCCCCC[n+]1ccc(C(C)CC)cc1,256.0,0.39455232,,,
344924762,CNc1cc2cc3ccc4cccc5ccc(c2cc1NC)c3c45,180.0,0.33084477,,,
345530183,CCCCN1C(=O)C(C)C(C(C)(C)CC)C1=O,160.0,0.35157211,,,
346660576,Cc1ccc(-c2ccc(C3(C)CCCCC3)cc2)cc1,262.0,0.39773705,0.252,0.96749891,16.14335044
346744541,CCC(=O)Nc1ccc(Cc2ccc(NC(=O)CN3C(=O)c4ccc(C(=O)c5ccc6c(c5)C(=O)N(C)C6=O)cc4C3=O)cc2)cc1,256.0,0.33703091,,,
346973737,CCC(C)(F)C(=O)OCCC(F)(F)C(F)(F)C(F)(F)C(F)(F)C(F)(F)C(F)(F)C(F)(F)C(F)(F)C(F)(F)C(F)(F)F,287.0,0.34227403,0.121,1.608016391,12.86015216
347210288,CCCC(C)(CC)C(=O)OC,206.2,0.37329926,,,
347336274,COc1cc(Cl)cc(Cl)c1C,53.0,0.39826398,,,
347361170,Cc1ccc(Oc2ccc(C(=O)c3cccc(-c4cccc(C(=O)c5ccc(Oc6ccc(-c7nc(-c8cccc(-c9nc(C)c(-c%10ccccc%10)[nH]9)c8)[nH]c7-c7ccccc7)cc6)cc5)c4)c3)cc2)cc1,80.0,0.39209457,,,
347389709,CCCOC(=O)C=CC(=O)NCCCCCCNC(=O)C=CC(=O)OC,287.0,0.31787399,,,
348198056,Cc1cccc(N2C(=O)c3ccc(Oc4ccc(-c5ccc(Oc6ccc7c(c6)C(=O)N(C)C7=O)cc5)cc4)cc3C2=O)c1,233.0,0.36818227,,,
348809308,CCCCCCCCCCCCCCCCCCCNC(=O)NCCCCCCCCCCNC(=O)NC,53.0,,0.39,,
348992789,COc1ccc(Cc2ccc(OC(=O)c3cccc(C(C)=O)c3)cc2)cc1,83.5,0.35373472,,,
349443030,Cc1ccc(Oc2ccc(C=Cc3ccc(Oc4ccc(-c5nnc(C)o5)cc4)cc3)cc2)cc1,165.0,0.38304714,,,
349759369,COc1cc(C(C)(C)C)c(Oc2ccc(C(=O)Nc3ccc(C(C)(C)c4ccc(NC(=O)c5ccc(C)cc5)cc4)cc3)cc2)cc1C(C)(C)C,250.0,0.3776416,0.283670086,1.043215521,26.23951229
350457801,CNc1ccc(-c2ccc(NC)c(-c3ccccc3)c2)cc1-c1ccccc1,,0.35335103,,,
350689430,CCOC(=O)NCCCCCCNC(=O)OCc1ccc(C)o1,247.0,0.33438968,,,
350799877,Cc1ccccc1N1C(=O)C(C)C(C)C1=O,,0.37508855,,,
351260510,CCC(O)COc1ccc(C(C)(C)c2ccc(OCC(O)COc3ccc(NC(=O)CCCCC(=O)Nc4ccc(OC)cc4)cc3)cc2)cc1,150.0,0.3386598,,,
351343100,COc1ccc(C2(c3ccc(OC(=O)CCCCC(C)=O)cc3)c3cc(N(C)C)ccc3-c3ccc([N+](=O)[O-])cc32)cc1,335.0,0.37034086,,,
351687879,CCCCc1ccc(N=Cc2ccc(OCCCCCCOC(=O)C(C)(C)CC)cc2)cc1,12.41121342,,,,
351780192,CCCOCCOC(=O)CCCCCC(=O)OC,150.0,0.33523458,,,
351892249,COP(=O)(Oc1ccccc1)Oc1ccc(C)cc1,33.0,0.34040236,,,
351941026,Cc1ccc2c(c1)C(=O)N(c1cccc(C(F)(F)C(F)(F)C(F)(F)c3cccc(N4C(=O)c5ccc(C(F)(F)C(F)(F)C(F)(F)C(F)(F)C(F)(F)C(F)(F)C(C)(F)F)cc5C4=O)c3)c1)C2=O,335.0,0.34489828,,,
351987442,Cc1ccc(C(=O)Nc2cccc(S(=O)(=O)c3cccc(NC(=O)c4ccc(N5C(=O)c6ccc(-c7ccc8c(c7)C(=O)N(C)C8=O)cc6C5=O)cc4)c3)c2)cc1,112.0,0.35305375,,,
352084468,Cc1ccc(Cc2ccc(-c3nc(-c4cccc(-c5nnc(-c6ccccc6)c(C)n5)n4)nnc3-c3ccccc3)cc2)cc1,150.0,0.42632673,,,
352515684,CNc1ccc(C2(c3ccc(NC(=O)c4cc(C(C)=O)cc(C(C)(C)C)c4)cc3)c3ccccc3-c3ccccc32)cc1,256.0,0.38327124,,,
353134698,COc1ccc(S(=O)(=O)c2ccc(Oc3ccc(C4CCCC(C(C)c5ccc(C)cc5)C4)cc3)cc2)cc1,-41.5,0.37685467,,,
353348926,CCC(C)C(=O)OCCC(F)(F)C(F)(F)C(F)(F)C(F)(F)C(F)(F)C(F)(F)C(F)(F)C(F)(F)F,97.0,0.32579382,,,
354177724,CC(=O)Oc1ccc(OC(=O)c2ccc3c(c2)C(=O)N(C2CCC(N4C(=O)c5ccc(C)cc5C4=O)CC2)C3=O)cc1,133.5,0.34499607,0.321091285,1.262452899,33.45927186
354467864,CC1C(=O)N(c2cc(Br)c(O[Si](C)(C)C)c(Br)c2)C(=O)C1C,256.0,0.45389033,,,
354485735,CCCCCOC(=O)c1ccc(-c2ccc(-c3ccc(C(=O)OC)cc3)cc2)cc1,205.0,0.34817572,,,
354498686,COc1ccc(OC(=O)c2ccc(C(C)=O)cc2Oc2ccc(Cl)cc2)cc1,284.0,0.35330585,,,
354785060,CNc1ccc(C(C)(C)c2ccc(C(C)(c3ccc(N)cc3)c3ccc(NC)cc3)cc2)cc1,230.0,0.36875033,,,
354906741,CC(=O)c1ccc2c(c1)C(=O)N(c1ccc(Oc3ccc(C(=O)c4cccc(C(=O)c5ccc(Oc6ccc(N7C(=O)c8ccc(C)cc8C7=O)cc6)cc5)c4)cc3)cc1)C2=O,52.0,,0.328,1.206756714,23.97728876
355069751,CCCC(C)(CC)COC(=O)c1ccc(-c2ccc(C(=O)OC)cc2)cc1,360.0,0.35957248,,,
355158617,CCCCCCCOc1ccc(OC(=O)CC(C)(CC)C(=O)Oc2ccc(OCCCCCCC)cc2)cc1,167.0,0.37071795,0.278660635,1.051565254,12.12779736
355564083,COc1ccc(C(=Nc2ccc(N=C(c3ccccc3)c3ccc(Oc4ccc(C(C)(C)c5ccc(C)cc5)cc4)cc3)cc2)c2ccccc2)cc1,180.0,0.38832422,,,
355968898,CC=CC1CC(C)C(C(=O)OC(C)(C)C)C1C(=O)OC(C)(C)C,107.0,0.38329687,,,
356782883,COc1ccc(Oc2ccc(C(=O)Nc3ccc(Oc4ccc(S(=O)(=O)c5ccc(Oc6ccc(NC(=O)c7ccc(C)cc7)cc6)cc5)cc4)cc3)cc2)cc1,,0.35742127,,,
356916100,CCC(C)(C)c1ccccc1,222.0,,0.164,0.833452729,14.83591616
356993441,COc1ccc(C(c2ccc(OC(=O)c3ccc(C(c4ccc(C(C)=O)cc4)(C(F)(F)F)C(F)(F)F)cc3)cc2)(C(F)(F)F)C(F)(F)F)cc1,95.0,0.35824759,,,
357011061,CNc1cc(NC(=O)c2ccc(C(C)=O)cc2)cc(C(=O)Oc2ccc(-c3ccccc3)cc2)c1,111.0,0.34236864,,,
357282616,Cc1ccc(Oc2ccc(Oc3ccc(N4C(=O)c5ccc(-c6ccc7c(c6)C(=O)N(C)C7=O)cc5C4=O)cc3)cc2)cc1,135.0,0.36712892,0.295398373,1.238883713,30.58267026
357513605,CCCCCCNC(=O)CCCCCCCC(=O)NC,178.0,,0.301,,
357543937,Cc1ccc(N2C(=O)c3ccc(Oc4ccc(Oc5ccc(P(=O)(c6ccccc6)c6ccc(Oc7ccc(Oc8ccc9c(c8)C(=O)N(C)C9=O)cc7)cc6)cc5)cc4)cc3C2=O)cc1,220.0,0.37803621,,,
358009894,CNc1cc(NC(=O)Nc2ccc(Cc3ccc(NC(C)=O)cc3)cc2)cc(C(=O)Nc2cccc3c2C(=O)c2ccccc2C3=O)c1,168.0,0.33952674,,,
358172536,CC=C(C)CCCOc1ccc(OC(=O)c2ccc(OCCCC)cc2)cc1,135.0,0.35841923,,,
358272082,CNc1c(N)c(O)c2c(c1NC)CN(O)N=C2,178.0,0.30616083,,,
359188290,Cc1ccc(Oc2ccc(C(=O)c3ccc(Oc4ccc(C(=O)c5ccc(Oc6ccc(-c7nc(-c8ccc(-c9nc(C)c(-c%10ccccc%10)[nH]9)cc8)[nH]c7-c7ccccc7)cc6)cc5)cc4)cc3)cc2)cc1,265.0,0.40281752,,,
359434805,CNc1cc2c(cc1NC)[C@@](C)(c1ccccc1)CC2(C)C,,0.36320235,,,
359677253,COc1cccc(NC(=O)c2ccc(C(=O)Nc3ccc(C)cc3)cc2)c1,220.0,0.34535991,,,
359720037,CNc1ccc(-c2ccc(NC(=O)Cc3cc(C)c(CC(C)=O)cc3C)cc2)cc1,178.0,0.34598025,,,
359727146,COc1cccc2ccc(Oc3ccc(NC(=O)c4ccc(Oc5ccc(C(C)(c6ccccc6)c6ccc(Oc7ccc(C(=O)Nc8ccc(C)cc8)cc7)cc6)cc5)cc4)cc3)cc12,280.0,0.36713277,,,
359769379,CCCCCCCCCCCOC(=O)c1ccccc1C(=O)OC,171.0,0.35843646,,,
360768817,CCC(C)(C)C(=O)OCCc1ccc(N=Nc2ccccc2)cc1,245.0,0.3677443,,,
360823125,CCC(C)(C)C(=O)OCc1ccc(Cl)cc1Cl,-14.0,0.3570137,0.134920498,1.269283781,16.58005541
360959263,CCCNC(=O)c1ccc(-c2ccc(OC)cc2)cc1,280.0,0.33621674,,,
361088502,CCC(C)(C)C(=O)OCCCOc1ccc(-c2ccc(C#N)cc2)cc1,171.0,0.34900517,,,
361254383,CNc1cc(-c2ccccc2)c(-c2ccccc2)c(-c2cccc3ccccc23)c1NC,212.0,0.36562173,,,
361271652,CN[C@@H]1C=c2c([nH]c(=O)n2NC)=C1N,-14.0,0.31105409,,,
361586466,CCCSSSSCCOC,,0.45802948,,,
362892396,CNc1ccc(CCCCc2ccc(NC)cc2)cc1,19.4,0.34199263,,,
363282083,Cc1ccc(Oc2ccc(Oc3ccc(Oc4ccc(N5C(=O)c6ccc(Oc7ccc(Oc8ccc9c(c8)C(=O)N(C)C9=O)cc7)cc6C5=O)cc4)cc3)cc2)cc1,-40.0,0.363459,,,
363316865,COc1c(-c2ccccc2)cc(C)cc1-c1cccc(C)c1,97.0,0.40463316,,,
363884489,CCC(C)OC(=O)c1ccc(C)cc1,210.0,0.36495332,,,
363982437,CCCCCCCCCCCCCCCCCCCc1cc(C)sc1C,219.0,,0.34,,
364021169,C=C=C=C(COS(=O)(=O)c1ccc(C)cc1)C(=C)COS(=O)(=O)c1ccc(C)cc1,76.80290526,,,,
364113470,Cc1ccc(-c2ccc(-c3nc4ccccc4c(-c4ccc(Oc5ccc(-c6c(-c7ccccc7)c(C)nc7ccccc67)cc5)cc4)c3-c3ccccc3)cc2)cc1,,0.40290946,,,
364555377,CCC(C)OC(=O)c1ccc(OC(C)=O)cc1,210.0,0.3315989,,,
364982310,CCC(C)c1ccc(C(=O)OC)cc1,219.0,,0.2033333333333333,1.032355465,13.1037956
365169812,COc1ccc(NC(=C(C#N)C#N)c2cccc(C(Nc3ccc(Oc4ccc(NC(=O)c5ccc(C(=O)Nc6ccc(C)cc6)cc5)cc4)cc3)=C(C#N)C#N)c2)cc1,73.5,0.37385099,,,
366601299,CCc1cc(OC)cc(OC(=O)c2cccc(C(C)=O)c2)c1,122.0,0.35709462,,,
366883952,CCCCCOCCCCOCCCCOC(=O)c1ccc(N=Cc2ccc(C=Nc3ccc(C(=O)OC)cc3)cc2)cc1,274.0,0.36331077,,,
366967975,CNc1ccc(Cc2ccccc2-c2ccccc2Cc2ccc(NC)cc2)cc1,345.0,0.35066059,,,
367099874,CCC(C)(C)C(=O)OCCOc1ccc(N=Nc2ccc([N+](=O)[O-])cc2)cc1,76.0,0.35958926,,,
367205774,Cc1ccc(CCc2ccccc2N2C(=O)C(=O)N(c3ccc(Cc4ccc(N5C(=O)C(=O)N(C)C5=O)cc4)cc3)C2=O)cc1,122.0,0.36251555,,,
367282123,COC(C)COC(C)COC(=O)c1ccc(C(C)=O)cc1,274.0,0.3488532,,,
367646881,Cc1ccc(Oc2ccc(-c3cnc4cc(Oc5ccc6nc(C)cnc6c5)ccc4n3)cc2)cc1,138.0,0.40222325,,,
367702294,COc1ccc(C(C)(C)c2ccc(Oc3ccc(C(O)C(O)c4ccc(C)cc4)cc3)cc2)cc1,37.0,0.36610689,,,
367735151,CC(=O)Oc1ccc(OC(=O)c2ccc3c(c2)C(=O)N(c2ccc(Oc4ccc(Oc5ccc(N6C(=O)c7ccc(C)cc7C6=O)cc5)cc4)cc2)C3=O)cc1,382.0,0.35220439,,,
367931242,CCCCC(=O)Oc1ccc(OC(=O)c2ccc3c(c2)C(=O)N(C)C3=O)cc1,151.0,0.33070211,,,
367944221,CCc1cc2cc(C(=O)Nc3ccc(Oc4ccc(NC(=O)c5cc6cc(C)c(OC(=O)COc7ccc8ccc(=O)oc8c7)cc6oc5=O)cc4)cc3)c(=O)oc2cc1OC(=O)COc1ccc2ccc(=O)oc2c1,198.0,0.32641041,,,
368322688,Cc1ccc2c(c1)C(=O)N(c1ccc(Oc3ccc(N4C(=O)c5ccc(C(F)(F)C(F)(F)C(C)(F)F)cc5C4=O)cc3)cc1)C2=O,37.0,0.35498117,,,
368356823,CCC(C)(C)C(=O)OCc1cccc([N+](=O)[O-])c1,382.0,,0.158,1.162628481,11.3618897
368542881,CC/C=C\C[Si](C)(CCCOc1ccccc1)c1ccccc1,151.0,0.36365457,,,
368592179,CNc1ccc(C(C)=O)cc1,92.05287264,,,,
368595823,CC(=O)NCCCCCCCCCCNC(=O)c1cncc(C)c1,85.60365033,,,,
368968267,CCCOc1cc(C(=O)OCCN(CCC)c2ccc(N=Nc3ccc(-c4nc5cc([N+](=O)[O-])ccc5[nH]4)cc3)cc2)ccc1C(=O)OC,226.0,0.35758422,,,
369213312,CC(=O)OCCCCCCOC(=O)c1ccc(NC(=O)c2ccc(N3C(=O)c4ccc(C)cc4C3=O)cc2)cc1,222.0,0.33915819,,,
369610662,CSCC(=O)NN=Cc1ccc(OCCCCOc2ccc(C=NNC(=O)CSc3nnc(C)s3)cc2)cc1,39.79677892,,,,
369639389,CCCCCCCN(CC(F)(F)C(F)(F)C(F)(F)C(F)(F)C(F)(F)C(F)(F)C(F)(F)F)C(=O)C(F)(F)C(F)(F)C(F)(F)C(=O)N(C)CC(F)(F)C(F)(F)C(F)(F)C(F)(F)C(F)(F)C(F)(F)C(F)(F)F,107.0,0.32766144,,,
369676731,COc1ccc(C(=Cc2ccc(-c3ccc(C=C(c4ccccc4)c4ccc(OC(C)=O)cc4)cc3)cc2)c2ccccc2)cc1,,0.38025773,,,
369827633,Cc1cccc(OCCCOc2cccc(N3C(=O)c4ccc(-c5ccc6c(c5)C(=O)N(C)C6=O)cc4C3=O)c2)c1,187.5,0.34661118,,,
370323439,COc1ccc2ccc(Oc3ccc(C(=O)Nc4ccc(Oc5ccc(C(C)(c6ccccc6)c6ccc(Oc7ccc(NC(=O)c8ccc(C)cc8)cc7)cc6)cc5)cc4)cc3)cc2c1,,0.36558414,,,
370727281,CCCCCCCCCCC[C@H](c1ccc(NC)cc1)c1ccc(C2(c3ccc([C@@H](CCCCCCCCCCC)c4ccc(NC)cc4)cc3)CCCCC2)cc1,107.0,0.36981871,,,
370833911,CCCSSSSC,177.0,0.52820271,,,
370860168,CCCCCOC(=O)NCCCCCCNC(=O)OC,187.5,0.33574734,,,
370933065,Cc1ccc2c(c1)C(=O)N(c1c(C)cc(C(c3ccccc3)(c3cc(C)c(N4C(=O)c5ccc(C(C)(C(F)(F)F)C(F)(F)F)cc5C4=O)c(C(C)C)c3)C(F)(F)F)cc1C(C)C)C2=O,-24.0,0.43647003,,,
371139580,CNc1ccc(-c2c(-c3ccccc3)cc(NC)c(-c3ccccc3)c2-c2ccccc2)cc1,184.0,0.36585327,,,
371520322,CCCCCc1cc(C(C)=O)ccc1OC,177.0,0.38126522,,,
371572748,CCCCC(C)(C)CNC(=O)c1cccc(C(=O)NC)c1,,0.34209913,,,
371620331,COc1ccc(Oc2ccc(C(=O)c3cccc(C(=O)c4ccc(C)cc4)c3)cc2)cc1,-24.0,0.36833963,,,
371754917,COc1ccc(NC(=O)c2cc(NC(=O)CCN3C(=O)c4ccccc4C3=O)cc(C(=O)Nc3ccc(C)cc3)c2)cc1,33.5,0.33234463,,,
371907376,Cc1nc(C(F)(F)C(F)(F)C(F)(F)F)nc(C(F)(F)C(F)(F)C(F)(F)C(F)(F)C(F)(F)C(C)(F)F)n1,289.0,0.34763212,,,
372375740,CC(=O)Nc1ccc(S(=O)(=O)c2ccc(NC(=O)c3ccc4c(c3)C(=O)N(c3cc(-c5nc6ccccc6s5)cc(N5C(=O)c6ccc(C)cc6C5=O)c3)C4=O)cc2)cc1,240.0,0.37167468,,,
372416932,CNc1ccccc1C(c1ccccc1N)(c1ccccc1NC)C1CCCCC1,50.0,0.37800543,,,
372715194,CCCC(=O)Oc1ccc(C(=O)OC(C)CC)cc1,153.0,0.34765241,0.223,1.086283422,12.25368206
372897734,CNC(C)CCC(C)(C)CCCNC(=O)c1ccc(C(C)=O)cc1,148.0,0.34899433,,,
373230047,CNc1ccc(Cc2ccc(Cc3ccc(Cc4ccc(NC)cc4)c(C)c3)cc2C)cc1,240.0,0.35373723,,,
373313460,CCC(=O)OC(C)CC,-5.0,,0.212,0.995365589,14.03059072
373751734,Cc1ccc(OCCOc2cccc(N3C(=O)c4ccc(Oc5ccc6c(c5)C(=O)N(C)C6=O)cc4C3=O)c2)cc1,357.0,0.34666922,,,
373797398,CCC(OC)C1CC(F)(F)C1(F)F,11.9,0.35714922,,,
373831673,CCCCC(=O)NC,61.0,0.31089518,0.294452199,1.127730068,19.87055834
373885914,COC(C)CCOC(=O)c1ccc(-c2ccc(C(C)=O)cc2)cc1,150.0,0.34779893,,,
374709833,CCCCCCCCCCCCCCCOC(=O)CCCCCCC(=O)OC,62.8,,0.3165,0.919731294,21.54233832
374925730,CCCC(Cl)C(C)Cl,11.9,0.37989615,0.1795,1.273131418,21.78634698
375189153,CC(=O)Oc1ccc(C(=O)Nc2cc(C(=O)Nc3cccc(Oc4ccc(C)cc4)c3)cc(C(=O)Nc3cccc(Oc4ccc(-c5nnc(C)o5)cc4)c3)c2)cc1,178.5,0.35615516,,,
375346790,CCOC(=O)C1=C(C)N(C(=O)c2ccc3c(c2)C(=O)N(c2ccc(Oc4ccc(N5C(=O)c6ccc(C)cc6C5=O)cc4)cc2)C3=O)C(=S)N(C(C)=O)C1c1ccc(OC)cc1OC,-25.0,0.37126454,,,
375374780,CCCCCCCCCCCNC(=O)NCCCCCCCCNC(=O)NC,62.8,,0.366,0.969724413,20.6076312
375389813,COc1ccc(S(=O)c2ccc(Oc3ccc(C=NN=Cc4ccc(C)cc4)cc3)cc2)cc1,92.5,0.37027564,,,
375630257,CCC=CC(C)S(C)(=O)=O,,0.38544075,,,
376977834,CCCCCCCCNC(=O)CCCCCCCCCC(=O)NC,70.0,,0.4065,0.940664668,22.70774878
377086807,COc1ccc(Oc2ccc(NC(=O)c3ccc(Oc4ccc(Oc5ccc(C(=O)Nc6ccc(C)cc6)cc5)cc4-c4ccccc4)cc3)cc2)cc1,270.0,0.36142293,,,
377154393,CCC(C)c1ccccc1COCc1ccccc1,165.0,0.35933332,0.1913333333333333,,
377318088,CC(=O)c1ccc2c(c1OCc1ccccc1[N+](=O)[O-])C(=O)N(c1ccc(Oc3ccc(N4C(=O)c5ccc(C)c(OCc6ccccc6[N+](=O)[O-])c5C4=O)cc3)cc1)C2=O,209.0,0.36920726,,,
377845835,Cc1ccc(-c2nc3cc(Oc4ccc(NC(=O)CN5C(=O)c6ccc(C(c7ccc8c(c7)C(=O)N(CC(=O)Nc7ccc(Oc9ccc%10nc(-c%11ccccc%11)c(C)nc%10c9)cc7)C8=O)(C(F)(F)F)C(F)(F)F)cc6C5=O)cc4)ccc3nc2-c2ccccc2)cc1,72.0,0.37297342,,,
377905218,CCC(=O)NCCCCCCNC(=O)Cc1ccc(OC)cc1,198.0,0.33550386,,,
378178373,Cc1cc(Br)c(OC(=O)c2ccc(C(=O)Oc3c(Br)cc(C4(C)OC(=O)c5ccccc54)cc3Br)cc2)c(Br)c1,280.0,0.41948189,0.155531081,1.625018685,26.08639805
378689716,CCCCOC(=O)c1cc(C)cc(N2C(=O)CC(C3Cc4ccccc4C4C(=O)N(C)C(=O)C43)C2=O)c1,209.0,0.36220805,,,
378754763,CCC1(C)CC(=O)N(c2ccccc2)C1=O,72.0,0.34449463,,,
378853299,CCCCC(C)(C)CNC(=O)CCCCC(=O)NC,198.0,0.33764161,,,
378871007,Cc1ccc(OC(=O)c2ccc(C(=O)Oc3ccc(C4(C)NC(=O)c5ccccc54)cc3)cc2)cc1,280.0,0.36254131,,,
378915192,CCC(C)c1ccc(Cl)c(C)c1,69.5,,0.154,,
379560437,CCCCCP(C)(=O)CCCNC(=O)CCCCC(=O)NC,319.0,0.3443087,,,
379965710,CCc1c(C)c(C)c(CSC(=O)c2ccc(C(=O)SC)cc2)c(C)c1C,127.8963011,,,,
380076712,CNc1c(NC)c(-c2cccc(C)c2)c(-c2ccccc2)c(-c2ccccc2)c1-c1ccccc1,236.0,0.37986013,,,
380209354,COC(F)(C(C)(F)F)C(F)(F)F,77.0,0.30186398,,,
380408256,COc1ccc(C(C)(C)c2ccc(C(C)(C)c3ccc(Oc4ccc(C(=O)Nc5ccc(Cc6ccc(NC(=O)c7ccc(C)cc7)cc6)cc5)cc4)cc3)cc2)cc1,327.0,0.36900902,,,
380596855,CCCCCCCCCCCOC(=O)CCCCSCCCCC(=O)OC,-22.30064955,,0.27,,
380971589,CCN(CCOC(=O)C(C)(C)CC)c1ccc(N=Nc2ccc(OC)cc2)c(C)c1,59.0,0.36983634,,,
381746717,CCCOCCOCCOCCOCCOC(=O)CCSCCC(=O)OC,,0.34968925,,,
381822281,CCC(C)P(=O)(Oc1ccccc1)N(C)C,,0.35079311,,,
382336764,Cc1ccc(Oc2ccc(C(c3ccc(Oc4ccc(-c5cccc(C)n5)cc4C(F)(F)F)cc3)(C(F)(F)F)C(F)(F)F)cc2)c(C(F)(F)F)c1,-73.0,0.38991023,,,
382786072,CCCCCCCCCCCCCNC(=O)CCCCCCCCCCCCC(=O)NC,162.0,0.37944839,0.3994999999999999,0.903805754,22.53219601
382859238,CC=CCCCCCCC,153.0,0.40896445,0.302191029,0.857672969,20.5890575
382866074,CCCCCCCCCCCCC(=O)Oc1ccc2ccc(OC(=O)c3ccc4c(c3)C(=O)N(C)C4=O)cc2c1,49.0,0.35050831,,,
382983445,CCCCCCCCCCCOc1ccc(OC(=O)c2ccc(OCCCCCCOc3ccc(C(=O)Oc4ccc(OC)cc4)cc3)cc2)cc1,-39.0,,0.344,1.061577448,26.55570698
383068073,CCCCCCNC(=O)CCCCCCCCCCCCC(=O)NC,27.0,,0.3415,0.933437007,18.89913865
383183030,Cc1cccc(C(F)(F)C(F)(F)C(F)(F)C(F)(F)C(F)(F)c2cccc(N3C(=O)c4ccc(Oc5ccc6c(c5)C(=O)N(C)C6=O)cc4C3=O)c2)c1,153.0,0.35203295,,,
383211120,CCCCCCCCc1cc(C)sc1C,49.0,0.41466296,,,
383339614,COC(=O)c1ccccc1NC(=O)c1ccc(C(=O)Nc2ccccc2C(=O)OC(=O)c2cccc(C(C)=O)c2)cc1,185.0999075,,,,
383541557,COc1ccc(NC(=O)c2cc(NC(=O)c3ccc(OC(C)=O)cc3)cc(C(=O)Nc3ccc(Oc4ccc(C(C)(C)c5ccc(C)cc5)cc4)cc3)c2)cc1,98.0,0.35350082,,,
384321860,CCCCCCCCCCCCCCCCCOC(=O)NCCCCCCCCCCNC(=O)OC,,0.3759777,0.275,,
384392762,CCC(C)c1ccc(Cl)cc1,243.0,,,1.087290755,17.89940277
384493304,CCCCCCCCCCCCCOC(=O)NCCCCCCCCCCNC(=O)OC,157.0,0.37009027,,,
384566125,CCC(C)(C)C(=O)OCC(=O)c1cc2cc(Br)ccc2o1,-9.2,0.37116728,,,
384803806,CC(=O)SSCCCCSSC(=O)N1CCN(C)CC1,-3.571974592,,,,
384892683,Cc1cccc(-c2nc3cc(-c4ccc5nc(C)c(-c6ccc7ccccc7c6)nc5c4)ccc3nc2-c2ccc3ccccc3c2)c1,243.0,0.42231854,0.244614479,1.095943981,20.67801364
386257654,CNc1ccc2c(c1)-c1cc(NC)ccc1C21C=CCCC1,34.0,0.36307465,,,
386866912,COc1ccc(CC(NC(=O)CCc2ccc(OC(=O)CCC(C)CC(C)=O)cc2)C(=O)OCc2ccccc2)cc1,124.0,0.34264843,,,
387403474,Cc1ccccc1CCc1ccc(N2C(=O)C(=O)N(c3ccc(C)c(N4C(=O)C(=O)N(C)C4=O)c3)C2=O)cc1,34.0,0.35428927,,,
387542061,CCCCCCCCCCCCCCCC(C(=O)NC)C(=O)NCCCCCCC,55.0,,0.3369999999999999,0.897093489,15.49662691
387982325,COc1ccc(C2(c3ccc(OC(C)=S)cc3)CCCCC2)cc1,255.0,0.36130705,,,
388880540,CCCCCCCCOC(=O)c1ccc(-c2ccc(OCCCCCCCC)cc2)c(C(C)CC)c1,155.0,0.38484165,,,
389198623,CC(=O)c1ccc(C(=O)N(C)c2ccccc2)cc1,55.0,0.38571493,,,
389422500,CNc1ccc(-c2ccc(Cc3ccc(-c4ccc(NC)c(C)c4)cc3)cc2)cc1C,255.0,0.35725789,,,
389523248,CCc1cccc(CNC(=O)C=C(C)C(=O)NC)c1,179.0,0.32039136,,,
390128853,CNc1ccc(Cc2ccc(NC)c3c2CCCC3)c2c1CCCC2,155.0,0.3574561,,,
390205045,CNc1cc2c(cc1NC)[C@]1(C)CC[C@@]2(C)C1,,0.36723278,,,
390452260,COc1cccc(NC(=O)c2ccc(Oc3ccc(C(C)(C)c4cccc(C(C)(C)c5ccc(Oc6ccc(C(=O)Nc7ccc(C)cc7)cc6)cc5)c4)cc3)cc2)c1,57.0,0.3649328,,,
390786079,CC1C(C)C2CC1C(C(=O)OCCC13CC4CC(CC(C4)C1)C3)C2C(=O)OCCC12CC3CC(CC(C3)C1)C2,179.0,0.37541018,,,
390859311,Cc1ccc(Oc2cccc(Oc3ccc(N4C(=O)CC(=O)N(C)C4=S)cc3)c2)cc1,147.0,0.36549422,,,
391030269,Cc1cccc(P(=O)(c2ccccc2)c2cccc(N3C(=O)c4ccc(NC(=O)OCCOc5ccc(C(C)(C)c6ccc(OCCOC(=O)Nc7ccc8c(c7)C(=O)N(C)C8=O)cc6)cc5)cc4C3=O)c2)c1,300.0,0.35076041,,,
391108347,COc1ccc(OC(=O)c2ccc(OC(=O)CCCCCCC(C)=O)cc2)cc1,72.32081554,,,,
391439612,CCCCCCCC(Cl)C(C)Cl,220.0,0.39133632,,,
391755316,CC=CC1CC(C)C2C3CCC(C3)C12,147.0,0.38257932,,,
391808404,CCCCCSSCCCCOCOC,300.0,0.40349527,0.196,,
391913299,COc1ccc(C(c2ccccc2)(c2ccccc2)c2ccc(OC(C)=O)cc2)cc1,145.0,0.38338026,,,
392174026,CCCOCCOC(=O)c1ccc(-n2on2-c2ccc(C(=O)OC)cc2)cc1,15.34426557,,,,
392422616,CCc1ccc(OCCOc2ccc(C)c3cccnc23)c2ncccc12,74.04018308,,,,
392652504,CC=CC1CC(C)C(C#N)(CCCC)C1,-18.0,0.40049659,,,
392657358,COc1ccc(NC(=O)c2ccc(OC3COC4C(Oc5ccc(C(=O)Nc6ccc(OC7COC8C(C)COC78)cc6)cc5)COC34)cc2)cc1,,0.34067358,,,
392908557,CCCCCCCOc1ccc(N(c2ccccc2)c2ccc(-c3ccc(N(c4ccccc4)c4ccc(OC)cc4)cc3)cc2)cc1,-76.0,0.39376633,,,
393047512,CCCCCCOC(=O)c1cc(C(=O)Oc2ccc(-c3ccc(OC)cc3)cc2)c(C(=O)OCCCCCC)cc1C(C)=O,77.13970172,,,,
393084491,CNc1ccc(C2(c3ccc(NC)cc3)c3ccccc3-c3ccc(-c4ccccc4)c(-c4ccccc4)c32)cc1,85.0,0.3805448449999999,,,
393235817,C/C=C/C(CC)CCC,,,0.218,0.803760264,13.41293322
393266857,CC(=O)c1ccc2c(c1)C(=O)N(c1ccc(C=Cc3ccc(N4C(=O)c5ccc(C)cc5C4=O)cc3)cc1)C2=O,,0.37112637,,,
393468444,CCCCCCCC(C(=O)OC)C(=O)OCCOCCC,165.0,0.36413222,,,
393692859,CC=C(C)CNS(=O)(=O)CC,44.748248,,,,
393870517,CCCc1ccc(C(=O)C(C)CC)cc1,-58.0,0.38559273,,,
394096295,CCC(C)OC(C)C,,,0.2115,0.839799693,13.44308483
394475074,CNc1ccc2c(c1)C1(CC2(C)C)CC(C)(C)c2ccc(NC)cc21,44.0,0.37896533,,,
394508821,CCC(C)c1ccccc1C(=O)N(C)C,-7.5,0.36482534,0.165,,
394549340,Cc1ccc(Oc2ccc(Oc3ccc(N4C(=O)c5ccc(Oc6c(C)cc(C(C)(C)c7cc(C)c(Oc8ccc9c(c8)C(=O)N(C)C9=O)c(C)c7)cc6C)cc5C4=O)cc3)c(C(C)(C)C)c2)cc1,-58.0,0.39392877,,,
395181216,COc1ccc(C(C)(C)c2ccc(C(C)(C)c3ccc(Oc4ccc(C(=O)Nc5ccc(NC(=O)c6ccc(C)cc6)cc5)cc4)cc3)cc2)cc1,190.0,0.37043305,,,
395216039,COc1ccc(S(=O)(=O)c2ccc(Oc3ccc(-c4ccc(-c5ccc(C)c(C(F)(F)F)c5)cc4)cc3C(F)(F)F)cc2)cc1,44.0,0.37643427,,,
395903864,CNc1cc2c(cc1C)c1cc(NC)c(N)cc1c1cc(N)c(N)cc12,-7.5,0.33922457,,,
396309311,CC(=O)Nc1c(C)cc(Cc2cc(C)c(NC(=O)c3ccc4c(c3)C(=O)N(c3ccc(N=Nc5ccc([N+](=O)[O-])cc5)c(N5C(=O)c6ccc(C)cc6C5=O)c3)C4=O)c(C)c2)cc1C,214.0,0.37558403,,,
396421326,COc1ccc(N=Nc2ccc(Cc3ccc(N=Nc4ccc(OC(=O)c5ccc(C(C)=O)cc5)cc4)cc3[N+](=O)[O-])c([N+](=O)[O-])c2)cc1,190.0,0.36334689,,,
396650322,CNc1ccc(-c2cccc(-c3ccc(N)cc3)c2-c2ccc(NC)cc2)cc1,244.0,0.35433877,,,
396757724,Cc1ccc(C2(c3ccc(-c4cc(-c5ccccc5)c5cc(C6(c7ccc8nc(C)cc(-c9ccccc9)c8c7)c7ccccc7-c7ccccc76)ccc5n4)cc3)c3ccccc3C(=O)c3ccccc32)cc1,163.0,0.46689842,,,
397033633,CCC(C)c1ccc(O)cc1,214.0,0.34302705,0.2073333333333333,1.026280901,13.91356146
397580304,CC(C)C(=O)OC1CCCCC1,385.0,0.40121578,,,
398123321,COc1cccc(Oc2ccc3c(=O)n4c5cc(Oc6ccc7c(c6)nc6c8ccc(C)c9cccc(c(=O)n76)c98)ccc5nc4c4cccc2c34)c1,158.0,0.36887196,,,
398381683,COc1cc(C=C(c2ccc(F)cc2)c2ccc(-c3ccc(C)cc3)cc2)c(OC)cc1C=C(C)c1ccc(F)cc1,140.0,0.38687983,,,
398390180,CCCCCCCCCOC(=O)CC(C)(CC)C(=O)OCCCCCCCCC,369.5,0.38527679,0.27657995,0.946548067,11.78546257
398441562,CSc1ccc(Sc2ccc(Sc3ccc(P(=O)(c4ccccc4)c4ccc(C)cc4)cc3)cc2)cc1,385.0,0.39970198,,,
398923440,CC(=O)Nc1ccc(-c2cc(-c3ccccc3)cc(-c3ccc(NC(=O)c4ccc5c(c4)C(=O)N(c4ccc(Oc6cccc7c(N8C(=O)c9ccc(C)cc9C8=O)cccc67)cc4)C5=O)cc3)n2)cc1,158.0,0.37160155,,,
400083990,CCCN(C)C(=O)CC,140.0,0.34536777,,,
400248641,CCC(C)c1ccc(C(=O)OCCN(CC)CC)cc1,369.5,0.36818478,,,
400445600,Cc1ccc(Oc2ccc(-c3ccc(-c4ccc(Oc5ccc(-c6c7c(c(C)c8ccccc68)C(=O)N(c6ccccc6)C7=O)cc5)c(C(F)(F)F)c4)cc3)cc2C(F)(F)F)cc1,60.0,0.38333751,,,
400718320,CCC(C)(C)C(=O)OCCCCCCCCCCOc1ccc(C#Cc2cc(OC)c(C=Cc3ccncc3)cc2OC)cc1,-13.0,0.37047455,,,
400901906,CNc1ccc(-c2ccc(NC(=O)c3ccc(NC(=O)c4ccc([Si](C)(C)c5ccc(C(=O)Nc6ccc(C(C)=O)cc6)cc5)cc4)cc3)cc2)cc1,175.0,0.36036817,,,
400957282,Cc1ccc2oc(-c3ccc(Oc4ccc(C(c5ccc(Oc6ccc(-c7nc8cc(C(C)(C(F)(F)F)C(F)(F)F)ccc8o7)cc6)cc5)(C(F)(F)F)C(F)(F)F)cc4)cc3)nc2c1,295.0,0.39360428,,,
401075968,CCCCCCCCCC(=O)NCCCCCCNC(=O)CCCCOC,60.0,,0.3185,0.954015346,20.96547901
401205052,CCCOCc1ccccc1C(C)CC,74.0,0.37983884,0.217,0.94589921,12.52488555
401382872,CCC(C)(C)COC(=O)c1ccc(-c2ccc(-c3ccc(C(=O)OC)cc3)cc2)cc1,317.0,0.35328142,,,
401549184,CN=P(C)(OCCOCCOCCOP1(OCCOCCOC)=NP(OCCOCCOC)(OCCOCCOC)=NP(OCCOCCOC)(OCCOCCOC)=N1)OCCOCCOCCOP1(OCCOCCOC)=NP(OCCOCCOC)(OCCOCCOC)=NP(OCCOCCOC)(OCCOCCOC)=N1,97.0,0.3481788,,,
401691844,COP(=O)(Oc1ccccc1)Oc1c(Cl)c(Cl)c(C)c(Cl)c1Cl,320.0,0.35206352,,,
401918606,CCCCCCNC(=O)CCCCCCCCCCCCCCCCCCC(=O)NC,255.0,0.37324005,0.3495,0.90486422,20.51772176
402031428,CNc1cc2cccc3c4cccc5cccc(c(c1NC)c23)c54,79.0,0.33482328,,,
402151358,CNc1ccc(C2(c3ccc(NC(=O)c4cc(NC(=O)C56CC7CC(CC(C7)C5)C6)cc(C(C)=O)c4)cc3)c3ccccc3-c3ccccc32)cc1,97.0,0.37622142,,,
402476752,CCCCCCOC(=O)CCCCC(=O)OC,100.0,0.34417644,,,
402492102,CCCCCCOc1ccc(CCCNC(=O)CCCCC(=O)NCCCc2ccc(OC)cc2)cc1,28.2211431,,,,
402626556,CNc1ccc2c(c1)C1(c3cc(C)ccc3-2)c2cc(C)ccc2-c2ccc(NC)cc21,79.0,0.38936549,,,
403135402,CCC(C)(C)C(=O)OCCCCCCCCOC(=O)OC1CCC2(C)C(=CCC3C2CCC2(C)C(C(C)CCCC(C)C)CCC32)C1,47.48888608,,,,
403160938,CCC(C)(CC(=O)Oc1cccc(C)c1)C(=O)Oc1cccc(C)c1,,,0.165,1.042202692,10.97057697
404125467,CCCCCCOc1ccc(C=CC(=O)OCCN(CCOC(=O)C=Cc2ccc(OC)cc2)c2ccc(N=Nc3ccc([N+](=O)[O-])cc3)cc2)cc1,370.0,0.35112235,,,
404307501,CCCCCCCCCC(=O)NC,-69.0,0.36229346,0.307321668,0.967908774,21.56839033
404342250,CCCC(C)OC,,0.41332049,,,
404367957,CCCC(=O)c1ccc(C(C)CC)cc1,48.0,0.3914716,,,
404981014,CC/C=C/COC(=O)CCCCCCCCC(=O)OC,-41.0,0.35391939,,,
404993408,Cc1ccc(C(=O)Nc2ccc(Oc3ccc(Oc4ccc(NC(=O)c5ccc(N6C(=O)c7ccc(-c8cccc9c8C(=O)N(C)C9=O)cc7C6=O)cc5)cc4)cc3)cc2)cc1,178.6163373,,,,
405636435,CCC(O)COc1ccc(OC)cc1,-40.0,0.32994295,,,
406335515,CSc1ccc(C(=O)CNCCCCCCCCNCC(=O)c2ccc(C)cc2)cc1,48.0,0.37618331,,,
406786412,COc1ccc(N=CC=Nc2ccc(OC(=O)NC3CC(C)(C)CC(C)(CNC(C)=O)C3)cc2)cc1,-41.0,0.35659879,,,
406938063,COc1cccc(Oc2ccc(NC(=O)c3cc(NC(=O)c4ccc(OC(C)=O)cc4)cc(C(=O)Nc4ccc(C)cc4)c3)cc2)c1,74.0,0.3367398,,,
407026307,CCCN(CCOC(=O)Nc1ccc(C)c(NC(=O)OC)c1)c1ccc(N=Nc2cc(OC)c(N=Nc3ccc([N+](=O)[O-])cc3)cc2OC)cc1,-40.0,0.35078628,,,
407061099,CNc1cccc(C#Cc2cccc(NC(=O)c3ccc(C(C)=O)cc3C(=O)O)c2)c1,187.6187871,,,,
407729292,CCCCCCCOC(=O)Nc1ccc(C)c(NC(=O)OC)c1,-41.0,0.34323595,,,
407820973,C=C=C=C(CO)C(=C)CO,42.01413885,,,,
407930180,CCCNC(=O)c1ccc(C(=O)NCCOc2cc3ccccc3cc2OC)cc1,,0.32766581,,,
408163304,CCCCCc1cc(C(C)=O)cc(C(=O)Oc2ccc(-c3ccc(OC)cc3)cc2)c1,60.0,0.3626875,,,
408357369,Cc1ccc(Oc2cccc(N3C(=O)c4ccc(-c5cccc6c5C(=O)N(C)C6=O)cc4C3=O)c2)cc1,231.0,0.3737891,0.21550438,1.238208298,21.83562994
408389877,CCNC(=O)OCc1ccc(COCc2ccc(COC(=O)NCc3ccc(C(C)(C)c4ccc(C)o4)o3)o2)o1,,0.34220533,,,
408594368,CC(=O)OCCCCCCCCCOC(=O)c1ccc(NC(=O)c2ccc(N3C(=O)c4ccc(C)cc4C3=O)cc2)cc1,230.0,0.3463228,,,
409036126,COc1ccc(C2(c3ccc(OC(=O)CCCCCCCCCC(C)=O)cc3)c3ccccc3-c3ccccc32)cc1,286.0,0.36438576,,,
409348345,CCC(C)C(=O)OCC(F)(F)F,39.0,0.32327677,,,
410114761,CCCCC(C)(C)CC,32.0,0.39226416,0.2339999999999999,,
410273784,CC(=O)Nc1ccc(Oc2ccc(-c3ccc(Oc4ccc(NC(=O)c5ccc6c(c5)C(=O)N(c5ccc(Oc7ccc(C(C)(C)c8ccc(Oc9ccc(N%10C(=O)c%11ccc(C)cc%11C%10=O)cc9)cc8)cc7)cc5)C6=O)cc4)cc3)cc2)cc1,136.0,0.36250129,,,
410419753,CN=P(C)(OCC(F)(F)C(F)(F)C(F)(F)C(F)(F)C(F)(F)C(F)(F)C(F)(F)F)OCC(F)(F)C(F)(F)C(F)(F)C(F)(F)C(F)(F)C(F)(F)C(F)(F)F,3.1,0.32778117,,,
410618641,COc1cc(C=C(c2ccccc2)c2ccc3cc(C)ccc3c2)c(OC)cc1C=C(C)c1ccccc1,138.0,0.39179983,,,
410876568,Cc1ccc(Oc2ccc(S(=O)(=O)c3ccc(Oc4ccc(-c5cc(C)[nH]n5)cc4)cc3)cc2)cc1,286.0,0.3751119,,,
410915024,CNc1ccc(C2(c3ccc(NC)cc3)C3=CC[C@@H](C)C=C3c3ccccc32)cc1,39.0,0.37733962,,,
410978773,CNc1cc(CCc2ccc(C)c(NC)c2)cc(CCc2cc(N)ccc2C)c1,100.0,0.35220879,,,
411320818,Cc1ccc(C(=O)OCCCCCCCCCOC(=O)c2ccc(-c3nnc(C)s3)cc2)cc1,136.0,0.36418344,,,
411535293,COc1cccc2c(OC(=O)c3ccc(Oc4ccc(C(C)=O)cc4)cc3)cccc12,3.1,0.35298988,,,
411815101,Cc1ccc(Oc2ccc(-c3cnc4ccc(-c5ccc6ncc(C)nc6c5)cc4n3)cc2)cc1,-23.0,0.40181263,,,
411845496,CCC(C)(C)C(=O)OCCCCCCCCCCOc1ccc(N=Nc2ccc(OC)cc2)cc1,283.0,0.36656596,,,
413205726,CNc1ccc(C(C)(C)c2cccc(C(C)(C)c3ccc(NC)cc3)c2)cc1,305.0,0.35755493,,,
413548295,CNc1ccc(CCc2ccc(NC)cc2C)c(C)c1,260.0,0.348463,,,
414071257,Cc1ccc(Oc2ccc(Sc3ccc(Oc4ccc(N5C(=O)c6ccc(Oc7ccc(-c8ccc(Oc9ccc%10c(c9)C(=O)N(C)C%10=O)cc8)cc7)cc6C5=O)cc4)cc3)cc2)cc1,34.1,0.3661288,,,
414579766,Cc1ccc(Cc2ccc(N3C(=O)c4ccc([Si](C)(C)O[Si](C)(C)c5ccc6c(c5)C(=O)N(C)C6=O)cc4C3=O)cc2)cc1,,0.38469453,,,
414690406,CNc1ccc2ccc3c(NC)ccc4ccc1c2c43,72.0,0.3362207299999999,,,
414711304,CNc1ccc(-c2ccccc2)c(-c2c(C(C)C)cccc2C(C)C)c1NC,171.0,0.37421435,,,
414802450,CCCCCCCOC(=O)C(CCCCCBr)C(=O)OCCCCCCOc1ccc(-n2on2-c2ccc(OC)cc2)cc1,305.0,0.37141754,,,
414910324,CCCCCCCCCCC(C)CCCCCC,,0.40749823,0.406,0.801722522,15.17699114
415110926,CC(=O)Nc1ccc(Oc2ccc(C(c3ccc(Oc4ccc(NC(=O)c5ccc6c(c5)C(=O)N(c5ccc(Oc7cccc8c(Oc9ccc(N%10C(=O)c%11ccc(C)cc%11C%10=O)cc9)cccc78)cc5)C6=O)cc4)cc3)(C(F)(F)F)C(F)(F)F)cc2)cc1,34.1,0.36565404,,,
415720254,CNc1ccccc1-c1cccc2c1[C@@H](c1ccccc1NC)c1ccccc1-2,7.0,0.3648408,,,
416197163,CCCCCCC[C@H]1CC[C@H](C2CCC(c3ccc(NC)cc3)(c3ccc(NC)cc3)CC2)CC1,-65.0,0.36335204,,,
416481975,Cc1ccc(Oc2ccc(S(=O)(=O)c3ccc(Oc4ccc(N5C(=O)c6ccc(Oc7cccc8c(Oc9ccc%10c(c9)C(=O)N(C)C%10=O)cccc78)cc6C5=O)cc4)cc3)cc2)cc1,206.0,0.36755908,,,
416508716,CCCCS(C)(=O)=O,232.0,,,1.344229366,19.8097907
416714038,CCOC(=O)c1cccc(OC(=O)C(C)CC)c1,,0.33862141,0.235991614,1.166635876,13.88062741
416985872,CO[Si](c1ccccc1)(c1ccccc1)c1ccc([Si](C)(c2ccccc2)c2ccccc2)cc1,201.0,0.41259945,,,
417097500,CCC(C)OC(=O)c1ccc(C(C)(C)C)cc1,7.0,0.37755899,,,
417759199,Cc1ccc2c(c1)C(=O)N(c1ccc(Oc3ccc(C(=O)c4cccc(C(=O)c5ccc(Oc6ccc(N7C(=O)c8ccc(C(C)(C(F)(F)F)C(F)(F)F)cc8C7=O)cc6C(F)(F)F)cc5)n4)cc3)c(C(F)(F)F)c1)C2=O,-65.0,0.36582624,,,
417837947,Cc1ccc(Oc2ccc(C(=O)c3ccc(Oc4ccc(C(=O)c5ccc(Oc6ccc(-c7nc8ccccc8n7-c7ccc(-n8c(C)nc9ccccc98)cc7)cc6)cc5)cc4)cc3)cc2)cc1,231.0,0.38408582,,,
418211347,CC(F)(F)C(C)(F)OC(F)(F)C(F)(F)C(F)(F)C(F)(F)F,121.0,0.34587055,,,
418914987,Cc1ccc(Sc2ccc(Sc3ccc(Sc4ccc(Sc5ccc(N6C(=O)c7ccc(Oc8ccc9c(c8)C(=O)N(C)C9=O)cc7C6=O)cc5)s4)s3)s2)cc1,206.4,0.37866254,,,
418998358,CC(=O)c1ccc2c(c1)C(=Nc1ccc(Oc3cccc(N=C4OC(=O)c5ccc(C)cc54)c3)cc1)OC2=O,201.0,0.35475052,,,
419242334,CC(=O)OCCOC(=O)c1ccc(C(=O)OCCOC(=O)N2CCN(C)CC2)cc1,-10.0,0.32328072,,,
419308262,C=CC(C)(O)CCC(C(CC)OC(C)=O)C(C)(C)C,24.0,0.34814459,,,
419514472,COc1ccc(OP(=O)(OC)Oc2c(C)cc(S(=O)(=O)c3cc(C)c(C)c(C)c3)cc2C)cc1,130.0,0.35811043,,,
419730462,CCCCCCNC(=S)NC,121.0,0.36013805,,,
420554258,CCN(CCOC(=O)c1cc(OC)cc(OC(=O)c2ccc(C(C)=O)cc2)c1)c1ccc(N=Nc2ccc([N+](=O)[O-])cc2)cc1,206.4,0.35790237,,,
420766140,CCC(C)(C)C(=O)Nc1ccc(C(=O)C=Cc2ccc(OC)cc2)cc1,223.0,0.34238812,,,
421125375,CCOC(=O)C(Cc1ccc(OC)cc1)NC(=O)Cc1ccc(OC(=O)COCC(C)=O)cc1,-10.0,0.33180261,,,
421588558,CC(=O)c1ccc2c(c1)C(=O)N(c1ccc(Oc3ccc(Oc4ccc(N5C(=O)c6ccc(C)cc6C5=O)cc4C(F)(F)F)cc3)cc1)C2=O,158.5,0.37676658,,,
422376704,COc1ccc(P(=O)(c2ccccc2)c2ccc(Oc3ccc(C(c4ccc(C)cc4)(C(F)(F)F)C(F)(F)F)cc3)cc2)cc1,53.0,0.38335836,,,
423361710,CCc1ccccc1C[Si](C)(C)C,85.0,0.38237917,,,
423638166,CNc1ccc(C2(c3ccc(NC(=O)c4cccc(C(C)=O)c4)cc3)c3ccccc3-c3ccccc32)cc1,147.0,0.37583155,,,
424246919,CNc1ccc(-c2c(-c3cccc4ccccc34)c(-c3cccc4ccccc34)c(NC)c(-c3cccc4ccccc34)c2-c2cccc3ccccc23)cc1,55.0,0.37854395,,,
424737952,Cc1ccc(Oc2ccc(N3C(=O)c4ccc(C(=O)c5ccc6c(c5)C(=O)N(c5ncc(C)s5)C6=O)cc4C3=O)cc2)cc1,75.0,0.39210701,,,
425753328,CCC(C)CNc1ccc([N+](=O)[O-])cc1C,277.0,0.38329483,,,
425876006,Cc1ccc(Oc2ccc(P(=O)(c3ccccc3)c3ccc(Oc4ccc(-c5nc(-c6ccccc6)[nH]c5C)cc4)cc3)cc2)cc1,66.0,0.39143285,,,
426452864,CCCCCCCCC(CCCCCCCC)n1c2ccc(C)cc2c2cc(-c3ccc(-c4ccc(-c5ccc(C)s5)c5nsnc45)s3)ccc21,237.1,0.42372696,,,
426568984,CCCCCCCCCCNC(=S)NC,151.0,0.38298006,,,
426591461,Cc1ccc(Oc2cccc(-c3cc(-c4ccccc4)cc(-c4cccc(Oc5ccc(N6C(=O)c7ccc(Oc8ccc9c(c8)C(=O)N(C)C9=O)cc7C6=O)cc5)c4)n3)c2)cc1,210.5,0.37263298,,,
427022128,CCCCCCCCC1(CCCCCCCC)c2cc(C)ccc2-c2ccc(-c3c(F)c(F)c(C)c(F)c3F)cc21,75.0,0.40575377,,,
427272579,CCC(C)C(=O)OC1CCCCCCCCCCC1,277.0,0.37215946,0.245455632,0.962713613,12.91952215
427458054,CC=C(C)C,4.023221393,,,,
427930827,COc1cccc(NC(=O)c2ccc([Si](c3ccccc3)(c3ccccc3)c3ccc(C(C)=O)cc3)cc2)c1,320.2,0.37364181,,,
428473296,COc1ccc2cc(OC(=O)c3ccc(-c4ccc(C(C)=O)cc4)cc3-c3ccccc3)ccc2c1,151.0,0.35771091,,,
428642513,CCC(C)(C)C(=O)Oc1ccc(C(=O)C=Cc2ccc(OC)c(OC)c2)cc1,318.0,0.34006811,,,
428683484,CC(=O)Nc1ccc(Oc2ccc(C3(c4ccc(Oc5ccc(NC(=O)c6ccc7c(c6)C(=O)N(c6ccc(Oc8ccc(Oc9ccc(N%10C(=O)c%11ccc(C)cc%11C%10=O)cc9)c(C)c8)cc6)C7=O)cc5)cc4)NC(=O)c4ccccc43)cc2)cc1,,0.36727934,,,
428785387,CC(=O)c1ccc2c(c1)C(=O)N(c1ccc(C(=O)c3cccc(N4C(=O)c5ccc(C)cc5C4=O)c3)cc1)C2=O,48.0,0.36571693,,,
428829541,Cc1ccc(S(=O)(=O)c2ccc(-n3nc(C)c4ccccc4c3=O)cc2)cc1,224.0,0.39580433,,,
428976415,CCC(C)(C)COC(=O)c1ccc(-c2ccc(C(=O)OC)cc2)cc1,29.0,0.3537359,,,
429074783,CCC(C)C(=O)OCCOC(F)(C(F)(F)F)C(F)(F)F,-51.63721715,,,,
429504710,CCC(C)C(=O)OCC(C)O,,0.32197696,0.280976264,1.147339655,15.91247541
429609044,COc1ccc(C2(c3ccc(Oc4ccc5c(=O)n6c7cc(-c8ccc9c(c8)nc8c%10ccc(C)c%11cccc(c(=O)n98)c%11%10)ccc7nc6c6cccc4c56)cc3)c3ccccc3-c3ccccc32)cc1,101.0,0.39512322,,,
429737042,Cc1ccc2oc(-c3ccc(C(c4ccccc4)(c4ccc(-c5nc6cc(C(C)(C(F)(F)F)C(F)(F)F)ccc6o5)cc4)C(F)(F)F)cc3)nc2c1,125.0,0.43912224,,,
429776664,CCCCOc1ccc(C(=O)Oc2ccc(OCCCCOC(=O)C(C)(C)CC)cc2)cc1,-7.0,0.34886491,,,
429914397,CCCN(C)C(=O)C12CC3CC(CC(C3)C1)C2,293.0,0.37217616,,,
430188200,CNc1ccc(Cc2ccc(NC(=O)c3ccc(C(C)=O)cc3)cc2)cc1,282.5,0.34965429,,,
430475615,CC(=O)Nc1ccc(-c2ccc(NC(=O)c3ccc4c(c3)C(=O)N(c3ccc(Oc5ccc(N6C(=O)c7ccc(C)cc7C6=O)cc5-c5ccccc5)c(-c5ccccc5)c3)C4=O)cc2)cc1,51.0,0.36622548,,,
430498669,CCCCCCCCCCCCCc1cc(C)sc1C,101.0,,0.40475,0.919023879,16.27456982
431067883,CCC1CCC(CNC(=O)CCCCCCCCCCC(=O)NC)CC1,294.5,0.35779902,,,
431258453,Cc1cccc(NC(=O)CCCCC(=O)Nc2cccc(S(C)(=O)=O)c2)c1,-7.0,0.33687844,,,
431336110,C/C=C/CCCCCCC,421.0,,0.33,0.820824647,19.38675152
431834567,CCC(C)(C)C(=O)OCCCCCCc1ccc(N=Nc2ccc(OC(F)(F)F)cc2)cc1,310.0,0.36108556,,,
431972606,CNc1nc(-c2csc(NC)n2)cs1,51.0,0.3526676199999999,,,
432187357,CCCOC(=O)NCCCCCCCCCCNC(=O)OC,123.0,0.34759464,,,
432686237,Cc1ccc2c(c1)C(=O)N(c1ccc(C(=O)Nc3ccc(Oc4ccc(C(C)(C)c5ccc(Oc6ccc(NC(=O)c7ccc(N8C(=O)c9ccc(C(C)(C(F)(F)F)C(F)(F)F)cc9C8=O)cc7)cc6)cc5)cc4)cc3)cc1)C2=O,294.5,0.36335093,,,
432789142,CCC(CO)OC,358.0,0.30841537,,,
432947505,CC(=O)Nc1ccc(Sc2ccc(NC(=O)c3ccc4c(c3)C(=O)N(c3ccc(Oc5cccc6c(Oc7ccc(N8C(=O)c9ccc(C)cc9C8=O)cc7)cccc56)cc3)C4=O)cc2)cc1,60.8,0.36055336,,,
433053026,CC1C(=O)N(CCCCCOc2ccc(-c3ccc(C#N)cc3)cc2)C(=O)C1C,85.0,0.34752504,,,
433063842,Cc1ccc2c(c1)C(=O)N(c1ccc(Oc3ccc(C(=O)c4cccc(N5C(=O)c6ccc(C(C)(C(F)(F)F)C(F)(F)F)cc6C5=O)c4)cc3)c(C(F)(F)F)c1)C2=O,140.0,0.37864052,,,
433310037,COc1ccc(S(=O)(=O)c2ccc(Oc3ccc(C(c4ccccc4)(c4ccccc4)c4ccc(C)cc4)cc3)cc2)cc1,-78.0,0.39496147,,,
433650150,Cc1ccc(Oc2ccc(C(C)(C)c3ccc(Oc4ccc(-c5nc(-c6ccccn6)nnc5C)cc4)cc3)cc2)cc1,75.0,0.39013945,,,
433804845,CO[Si](C)(C)C#Cc1ccc(C#C[Si](C)(C)C)cc1,222.0,0.48218278,,,
433899559,Cc1ccc(C)cc1,60.8,0.37523864,,1.021951225,84.85848459
434366510,CCCCCOC(=O)C1CCC(C(=O)OC)CC1,266.0,0.34010105,,,
434463983,CCNC(=O)CCCCCCCCC(=O)NC,66.76854223,,,,
434558166,CCOC(=O)OCC1OC(OCC)(OCC)OC1C,291.5,0.34101825,,,
434569704,COc1ccc(C2(c3ccc(OC(C)=O)cc3)CC3CC2C2CCCC32)cc1,75.0,0.37807285,,,
434774652,CCC(C)C(=O)Oc1ccc(C#N)cc1,222.0,0.360284,0.1845,1.134726614,13.89490111
435176754,CC(=O)Nc1ccc(Oc2ccc(N3C(=O)c4ccc(C)cc4C3=O)cc2)cc1,230.0,0.3555696,0.297,,
435414001,CCCCC(c1ccc(N)cc1)(c1ccc(NC)cc1)c1ccc(NC)cc1,220.0,0.36433979,,,
436053156,CC=Cc1cccc(OC(=O)CCCCCCCCC(=O)Oc2ccc(-c3nnc(C)s3)cc2)c1,126.0,0.35968354,,,
436095263,CCCCN(CCOC(=O)C(C)(C)CC)c1ccc(N=Nc2ccc(S(=O)(=O)Nc3nccs3)cc2)cc1,291.5,0.36999432,,,
436303110,COc1ccc(C2(c3ccc(OC(=O)c4cccc(C(C)=O)c4)cc3)CCC3CCCCC3C2)cc1,-10.5,0.37550202,,,
436672073,CNc1cc(-c2cc(NC)c(N)c3ccccc23)c2ccccc2c1N,,0.35081452,,,
438056577,CCCOC(=O)C1CCC(C(=O)OCCOc2ccc(C(C)(C)c3ccc(OC)cc3)cc2)CC1,10.8,0.34686046,,,
438250982,COc1ccc(C2(c3ccc(Oc4ccc(C=CC(=O)c5ccc(C)cc5)cc4)cc3)c3ccccc3-c3ccccc32)cc1,251.5,0.38901721,,,
439011698,CC(=O)c1cc(C(=O)c2ccc3c(c2)C(=O)N(c2ccc(Oc4ccc(N5C(=O)c6ccc(C)cc6C5=O)cc4)cc2)C3=O)cc(-c2ccccc2)c1,92.0,0.36655911,,,
439136445,CO[Si](C)(C)O[Si](C)(C)O[Si](C)(c1c(F)c(F)c(F)c(F)c1F)c1c(F)c(F)c(F)c(F)c1F,295.0,0.38120028,,,
439339917,CNCC1C2CCC(C2)C1CNC,,0.32950873,,,
439415309,Cc1ccc(Oc2ccc(C3(c4ccc(Oc5ccc(N6C(=O)c7ccc(Oc8c(C)cc(C(C)(C)c9cc(C)c(Oc%10ccc%11c(c%10)C(=O)N(C)C%11=O)c(C)c9)cc8C)cc7C6=O)cc5)cc4)CC4CCC3C4)cc2)cc1,258.5,0.38992646,,,
439660621,Cc1ccc(Oc2ccc(C(c3ccc(Oc4ccc(N5C(=O)c6ccc(Oc7ccc(C8(c9ccc(Oc%10ccc%11c(c%10)C(=O)N(C)C%11=O)cc9)CCC(C(C)(C)C)CC8)cc7)cc6C5=O)cc4)cc3)(C(F)(F)F)C(F)(F)F)cc2)cc1,-42.0,0.37744754,0.210880706,1.183874742,22.25375575
440187772,Cc1ccc(Oc2ccc(C3(c4ccc(Oc5ccc(N6C(=O)c7ccc(Oc8ccc(C9(c%10ccc(Oc%11ccc%12c(c%11)C(=O)N(C)C%12=O)cc%10)CCC(C(C)(C)C)CC9)cc8)cc7C6=O)cc5)cc4)C4CC5CC(C4)CC3C5)cc2)cc1,248.0,0.38310066,,,
440221059,Cc1cc(COCCCCCCOc2ccc(-c3ccc(C#N)cc3)cc2)c(C)s1,59.88076613,,,,
440284269,CCCCCCC(=O)NCCc1ccc(CCNC(=O)CCCCCSC)cc1,-18.01175462,,,,
440459365,CCC(C)(C)C(=O)OCCn1c2ccccc2c2cc(N=Nc3ccc([N+](=O)[O-])cc3[N+](=O)[O-])ccc21,266.0,0.37693372,,,
440694575,COC1CCC(OC(C)=O)CC1,258.5,0.34419974,,,
440852775,CNc1ccc(-c2c(-c3ccccc3)cc(NC)c(-c3ccccc3N)c2N)cc1,-42.0,0.35040297,,,
440867054,Cc1ccc(Oc2ccc(-c3csc(N=Cc4ccc(OCCCCCCOc5ccc(C=Nc6nc(C)cs6)cc5)cc4)n3)cc2)cc1,,0.37846605,,,
440998252,COc1ccc(CC(NC(=O)CCc2ccc(OC(=O)CCC(C)=O)cc2)C(=O)OC(C)C)cc1,265.0,0.34012388,,,
441045416,CNNC(=O)CCCCCCCCC(=O)NNC(=S)c1cccc(C(C)=S)c1,32.4414411,,,,
441295392,COc1ccc(N(c2ccccc2)c2ccc(-c3ccc(N(c4ccccc4)c4ccc(C)cc4)cc3)cc2)cc1,266.0,0.42813403,,,
441800426,CCCCCCC(=O)Oc1ccc2cc(OC(=O)CCCCCn3c(=O)c4cc5c(=O)n(C)c(=O)c5cc4c3=O)ccc2c1,-10.30414379,,,,
441855685,CCCCNC(=O)C(Cc1ccccc1)NC(=O)CCCCCCCCC(=O)NC(Cc1ccccc1)C(=O)NCCCOCCOCCOC,,0.35141201,,,
441924430,CCCCCCCCCCC#CC#CCCCCCCCCCOC(=O)CCCCCCCCC(=O)OC,218.0,,0.307,,
442093631,CCCCCCCCCCCCC(=O)Oc1ccc(C(C)(C)c2ccc(C(C)(C)c3ccc(OC(=O)c4ccc5c(c4)C(=O)N(C)C5=O)cc3)cc2)cc1,138.0,0.36467261,,,
442452634,CCC(C)(C)C(=O)OCCBr,44.0,0.37763347,0.128,1.475127343,15.26731429
442573599,CCCCCCCCCCCCSc1cc(-c2cc(SCCCCCCCCCCCC)c(-c3ccc(C)cc3)s2)sc1C,,0.43658652,0.349,,
442588281,Cc1ccc(NC(=O)CCCCCCCCCCC(=O)Nc2ccc(S(C)(=O)=O)cc2)cc1,82.0,0.35570555,,,
442933041,C/C=C/c1ccc(C)c(-c2cc(OCCC(C)C)c(OCCC(C)C)cc2-c2ccc(C(F)(F)F)cc2)c1,52.0,,0.184,0.956021414,17.81147708
443073633,Cc1ccc(-c2ccc(-c3cc(-c4ccccc4)c4cc5nc(C)cc(-c6ccccc6)c5cc4n3)cc2)cc1,218.0,0.44606667,,,
443095393,Cc1cc(CCOc2ccc(N=Nc3ccc(C#N)cc3)cc2)c(C)s1,160.0,0.38587992,,,
443473345,COc1ccc(S(=O)(=O)c2ccc(Oc3c(C)cc(C(c4cc(C)c(C)c(C)c4)(C(F)(F)F)C(F)(F)F)cc3C)cc2C(O)(C(F)(F)F)C(F)(F)F)c(C(O)(C(F)(F)F)C(F)(F)F)c1,44.0,0.37988372,,,
444454370,CNC(CCC(=O)OCc1ccc(F)cc1)C(C)=O,383.0,0.32718673,,,
444535836,CCCOC(=O)C1CCC(C(=O)OCCOc2ccc(C3(c4ccc(OC)cc4)c4ccccc4-c4ccccc43)cc2)CC1,97.0,0.35566835,,,
445398297,CCC(C)c1ccccc1C(=O)Oc1ccccc1,52.0,0.3593053,0.1693333333333333,,
445451403,CNc1ccc(-c2ccccc2-c2ccc(NC)cc2)cc1,65.4,0.35240294,,,
445559767,CCCCCCCCCCCCOc1cc(C)c(O)cc1C,160.0,,0.309,0.933849439,17.49332984
445698643,COc1ccc(N=Nc2ccc(Oc3ccc(C(C)(C)c4ccc(C)cc4)cc3)cc2)cc1,124.0,0.3780172,,,
445846164,COc1ccc(C2(c3ccc(OC(=O)c4ccc(C(C)=O)cc4)cc3)CCc3ccccc32)cc1,383.0,0.36800149,,,
445938720,Cc1ccc(Oc2cccc(N3C(=O)c4ccc5c6c(ccc(c46)C3=O)C(=O)N(c3cccc(Oc4ccc(-c6nnc(C)o6)cc4)c3)C5=O)c2)cc1,,0.37441485,,,
446207313,CNc1ccc(-c2c(-c3ccccc3)c(-c3ccccc3)c(NC)c(-c3ccccc3)c2-c2ccccc2)cc1,196.0,0.37411616,,,
446600296,COc1ccc(OC(=O)c2ccc(OCCC[Si](C)(C)OC)cc2)cc1,46.9,0.35092558,,,
447303285,CCC(C)OC(=O)CCCC(=O)c1ccc(C)cc1,120.05,0.34755673,,,
447418869,COc1cc(C(C)(C)c2ccccc2)c(OC(=O)c2ccc(C(C)=O)cc2)cc1C(C)(C)c1ccccc1,124.0,0.38707826,,,
447438744,CC1CCC(CC2CCC(N3C(=O)C4C5C=CC(C6C(=O)N(C)C(=O)C56)C4C3=O)C(C)C2)CC1C,37.0,0.38852364,0.2249129,1.058498105,25.21563438
447444897,CCCCCCCNC(=O)c1ccc(C(=O)NC)c(Oc2ccc(Cl)cc2)c1,,0.35121745,,,
447477268,CC(=O)c1ccc2c(c1)C(=O)N(c1ccc(C(=O)c3ccc(N4C(=O)c5ccc(C)cc5C4=O)cc3)cc1)C2=O,170.0,0.37436742,,,
447614903,CC=Cc1cc(OCCCCCCCC)c(C)cc1OC,312.0,0.38882132,,,
447641645,Cc1ccc(-c2nnc(-c3cccc(-c4nnc(C)n4-c4ccccc4)c3)n2-c2ccccc2)cc1,112.0,,0.389,1.089021523,24.31804369
447643667,CCCCCCCCOC(=O)C(Cc1ccc(OC)cc1)NC(=O)CCc1ccc(OC(=O)CCCCC(C)=O)cc1,294.0,0.3511763,,,
447646076,COc1c(Br)cc(C(C)(CCC(=O)O)c2cc(Br)c(OC(=O)c3cccc(C(C)=O)c3)c(Br)c2)cc1Br,175.2273279,,,,
447692460,CC=Cc1cc(C=Cc2ccc(OCCC(C)CCCC(C)C)cc2)c(C)cc1C=Cc1ccc(OCCC(C)CCCC(C)C)cc1,2.868925186,,,,
447769500,CCCCCCCCCCCCCNC(=O)NCCCCCCNC(=O)NC,170.0,0.35917869,0.3545,0.973061223,17.68935554
448340777,CCCCCCCCCCCCCC(=O)NC,241.0,0.37800644,0.33,0.930849554,22.28216004
449447335,CNc1ccc(C(c2ccc(C)cc2)c2ccc(NC)cc2)cc1,112.0,0.35885814,,,
450028530,CC=C1CC2CC1C(C)C2C,294.0,0.42130953,,,
450668833,CCCCCCCOc1c(OC)cc(/C=C/c2ccc(/C=C/c3cc(OC)c(OC)c(OC)c3)cc2)cc1OC,41.0,0.36288885,,,
450878191,Cc1ccc2c(c1)C(=O)N(c1ccc(Oc3ccc(N4C(=O)c5ccc(-c6c(-c7ccccc7)c(-c7ccccc7)c(-c7ccc(Oc8ccc(-c9c(-c%10ccccc%10)c(-c%10ccccc%10)c(C)c(-c%10ccccc%10)c9-c9ccccc9)cc8)cc7)c(-c7ccccc7)c6-c6ccccc6)cc5C4=O)cc3)cc1)C2=O,28.0,0.4007298999999999,,,
453918545,COc1ccc(-c2cc(-c3ccc(N4C(=O)c5ccc(C)cc5C4=O)cc3)nc(-c3ccc(N4C(=O)c5ccc(C(C)=O)cc5C4=O)cc3)c2)cc1,90.0,0.38734029,,,
454048621,CNc1ccc(/C=C/c2ccc3cc(/C=C/c4ccc(NC)cc4)ccc3c2)cc1,,0.35285493,,,
454723677,COc1ccc(C(=O)Oc2ccc(Cc3ccc(OC(=O)c4ccc(OC(=O)c5ccc(C(C)=O)cc5)cc4)cc3)cc2)cc1,88.16409459,,,,
454925520,COc1ccc(-c2ccc(OC(=O)c3ccc(OC(=O)c4ccc(C(=O)Oc5ccc(C(C)=O)cc5)cc4)cc3)cc2)cc1,213.4133554,,,,
454931454,CNc1cccc(-c2cc(-c3cccc(C)c3)c(-c3cccc(C)c3)c(-c3cccc(C)c3)c2-c2cccc(C)c2)c1NC,,0.37902645,,,
455272434,CCCN(CCOC(=O)Nc1ccc(C)c(NC(=O)OC)c1)c1ccc(N=Nc2ccc(C=Cc3nc4ccc([N+](=O)[O-])cc4n3CC)cc2)cc1,,0.35619794,,,
455575558,CNc1ccc(-c2ccc(-c3ccc(NC)c(-c4ccccc4)c3-c3ccccc3)cc2)cc1,90.0,0.3636002,,,
455581331,CCCCCCCCCCOc1cc(C)c(OCCCCCCCCCC)cc1C,5.423112055,,0.256,,
455634892,CCOC(=O)C(C)C,329.0,0.36012778,0.225814865,1.092477839,17.34823087
455687362,CCC(C)C(=O)OCc1ccccc1,331.0,0.34659314,0.1985,1.072100095,13.15993394
455760856,Cc1ccc(OCCCCCCCCCOc2ccc(N3C(=O)c4ccc(-c5cccc6c5C(=O)N(C)C6=O)cc4C3=O)cc2)cc1,47.98864595,,,,
455774790,Cc1cccc(Oc2ccc(C#N)c(Oc3cccc(N4C(=O)c5ccc(Oc6ccc7c(c6)C(=O)N(C)C7=O)cc5C4=O)c3)c2)c1,13.5,0.36294968,,,
455931063,CCC(C)Cc1cccc(C)c1,9.25,0.38592652,,,
456072913,Cc1ccc(Oc2cccc(N3C(=O)c4ccc(Oc5ccc6c(c5)C(=O)N(C)C6=O)cc4C3=O)c2)cc1,,0.37265926,,,
456108334,CCCCCCCCCCCCCCCCCCCCCC(=O)OC(C)CC,196.0,,0.371,0.858583325,13.69025537
456414718,CCCCCCC1(CCCCCC)c2cc(C)ccc2-c2ccc(-c3ccc4c(c3)C3(CCC(C5=NC(c6ccccc6)CO5)(C5=NC(c6ccccc6)CO5)CC3)c3cc(C)ccc3-4)cc21,40.0,0.40565042,,,
457126750,COc1ccc(S(=O)(=O)N(C)CCCCN(C)S(=O)(=O)c2ccc(Oc3ccc(C(C)(C)c4ccc(C)cc4)cc3)cc2)cc1,245.0,0.35574227,,,
457390290,CCCCOC(CC)C1C(=O)OC(=O)C1C,13.5,0.32628739,,,
457518738,CCCN(CCCC(=O)Nc1ccc(N=Nc2ccccc2)cc1)CCOC(=O)Nc1ccc(Cc2ccc(NC(=O)OC)cc2)cc1,-32.25789051,,,,
457660714,COc1ccc(Oc2ccc(C(=O)Nc3ccc(Cc4ccc(NC(=O)c5ccc(C)cc5)cc4)cc3)cc2)cc1-c1ccccc1,120.0,0.36405434,,,
458141446,CCC(C)C(=O)OCCCCCCCCOC(=O)c1ccc(OC(=O)c2ccc(C#N)cc2)cc1,196.0,0.34948224,,,
458250694,CCCCC(=O)Nc1ccc(Oc2cccc(NC(=O)CCCN3C(=O)c4ccc(C(=O)c5ccc6c(c5)C(=O)N(C)C6=O)cc4C3=O)c2)cc1,40.0,0.33380775,,,
458811601,CCCCCCCNC(=O)CCCCCCCCCCC(=O)NC,245.0,0.36402987,,,
459396662,CC(=O)Nc1ccc(Cc2ccc(NC(=O)c3ccc(N4C(=O)c5ccc(C)cc5C4=O)cc3)cc2)cc1,15.0,0.35031608,0.335151924,1.230142757,30.8524502
459959706,Cc1cccc(C(=O)c2c(C)cc(C)c(N3C(=O)c4ccc(Oc5ccc6c(c5)C(=O)N(C)C6=O)cc4C3=O)c2C)c1,188.0,0.39121654,,,
459974276,CCCCC(CC)CCC(C)OC(=O)C(C)CC,120.0,,0.212,0.861701744,10.36326711
460632304,CNc1cccc(NC(=O)c2ccc(C(=O)Nc3cccc(NC(=S)NC(=O)CCCCC(=O)NC(C)=S)c3)cc2)c1,118.0,0.33577195,,,
461284204,Cc1cc(CCCCBr)c(C)s1,287.0,0.44837181,,,
461293601,CCCC1C(=O)N(c2ccc(N(C)C)cc2)C(=O)C1C,218.0,0.36050178,,,
461562711,CCC(C)c1ccccc1COCCc1ccccc1,15.0,0.36290546,0.1883333333333333,,
461922685,COc1ccc(S(=O)(=O)c2ccc(Oc3c(C)cc(C(c4cc(C)c(C)c(C)c4)(C(F)(F)F)C(F)(F)F)cc3C)cc2C(OC)(C(F)(F)F)C(F)(F)F)c(C(OC)(C(F)(F)F)C(F)(F)F)c1,188.0,0.37962717,,,
462593659,CCCN(C)CC,46.0,0.38450677,,,
462771322,CNc1ccc(Cc2ccc(NC(=O)c3cc(NC(=O)C(CC(C)C)N4C(=O)c5ccccc5C4=O)cc(C(C)=O)c3)cc2)cc1,36.87047274,,,,
462814038,CCCOCC(=O)OC,287.0,0.31811694,0.238989416,1.268466225,21.29511654
462826166,Cc1ccc(C(=O)OCCCCCCCCCCCCOC(=O)c2ccc(-c3nnc(C)s3)cc2)cc1,-32.0,0.36737797,,,
462869039,CCC(C)(C)C(=O)OCCOC,,,0.1815,1.033359022,13.61871523
463127063,CC(=O)OCCCCCOC(=O)c1ccc(NC(=O)c2ccc(N3C(=O)c4ccc(C)cc4C3=O)cc2)cc1,19.0,0.3374244,,,
463296831,CCCOc1ccc(S(=O)(=O)c2ccc(OCCOP(=O)(OC)Oc3ccc(OC)cc3)cc2)cc1,195.0,0.3433683,,,
463338969,CCCCCCCCCCCCCCCCC1COc2c(C)sc(C)c2O1,63.0,,0.44475,0.968871976,15.08786185
463490376,COC(c1ccco1)C(OC(=O)Nc1ccc(Cc2ccc(NC(C)=O)cc2)cc1)c1ccco1,163.0,0.35498307,,,
463727468,CCC(C)C(=O)OCC(F)(F)C(F)(F)OC(F)(F)F,-32.0,0.31340132,,,
463770035,CCCCCC[Si](C)(C)C(C)=C(C)C,,0.38363595,,,
464374325,CCCCCCCC(=O)OC,-12.6,0.35774831,,,
465735962,CCCC1CCCC1C,68.0,,0.2863333333333333,,
466297996,CC(=O)c1cc2c(cc1Cl)C(=O)N(c1cc(N3C(=O)c4cc(C)c(Cl)cc4C3=O)cc(C(F)(F)F)c1)C2=O,24.0,0.39475422,,,
466352320,CCOCCOCCOC(=O)C(Cc1ccc(OC)cc1)NC(=O)CCc1ccc(OC(=O)CCCCC(C)=O)cc1,129.0,0.34219261,,,
466488035,Cc1ccc(Oc2c(C)cc(C(c3cccnc3)c3cc(C)c(Oc4ccc(N5C(=O)CC(Nc6cccc(NC7CC(=O)N(C)C7=O)c6)C5=O)cc4)c(C)c3)cc2C)cc1,52.0,0.3838921,,,
466577746,CO[Si](C)(C)c1cc(OCCOCc2ccccc2)c([Si](C)(C)C)cc1OCCOCc1ccccc1,305.0,0.37480731,,,
467415058,CNNc1ccc2ccccc2c1-c1c(NNC)ccc2ccccc12,74.0,0.36169901,,,
467619338,CCC(C)C=C(C)C,-55.0,0.40607353,,,
467957331,CC(=O)Nc1ccc(C(c2ccc(NC(=O)c3ccc4c(c3)C(=O)N(c3ccc(Oc5cccc6c(Oc7ccc(N8C(=O)c9ccc(C)cc9C8=O)cc7)cccc56)cc3)C4=O)cc2)(C(F)(F)F)C(F)(F)F)cc1,-14.0,0.36021287,,,
468123146,CCOc1ccc(C(c2ccc(OCC3(C)COC3)cc2)(C(F)(F)F)C(F)(F)F)cc1,,0.34907081,,,
468202587,Cc1cccc(NC(=O)c2ccc(OCCOCCOCCOCCOCCOc3ccc(C(=O)Nc4ccc5[nH]c(C)nc5c4)cc3)cc2)c1,305.0,0.34535507,,,
468435322,CC=Cc1sc(-c2ccc(-c3ccc(-c4ccc(-c5sc(C=CC6=CC(=C(C#N)C#N)C=C(C)O6)c(CCCCCC)c5CCCCCC)s4)s3)s2)c(CCCCCC)c1CCCCCC,15.0,0.42429336,,,
468647784,CCCCCCCCCCCCCCOC(=O)c1cc(NC(=O)c2ccc(NC(=O)CCCCCCCCC(=O)Nc3ccc(C(C)=O)cc3)cc2)ccc1NC,217.0,0.35650224,,,
469117883,CCCCCCCOC(=O)OCCCCCCOC(=O)OCCCCCCOc1ccc(-c2ccc(OC)cc2)cc1,76.0,0.35478647,0.329,,
469170848,CCOC(=O)OCC1OC(OCC)OC1C,,0.32726581,,,
469302506,Cc1cccc(C(=O)Nc2ccc(Oc3cccc(Oc4ccc(NC(=O)c5cccc(N6C(=O)c7ccc(-c8cccc9c8C(=O)N(C)C9=O)cc7C6=O)c5)cc4)c3)cc2)c1,225.0,0.34972728,,,
469373885,CC=CC1CC(C)C(C(=O)OCCNC(C)(C)C)C1,283.0,0.37778417,,,
469522235,CNc1cccc(-c2cc(-c3cccc(N)c3)cc(-c3cccc(NC)c3)c2)c1,134.0,0.34659743,,,
469762118,CCCCCCCCCCC(C)CC,140.0,0.40334594,0.33575,0.799124975,11.10583978
470248513,CCSCCOC(=O)C(C)CC,,0.38932692,0.2175,1.065268296,14.51100233
470644305,CCC(C)C,225.0,,0.2445,0.77629912,15.63619856
470882237,CCOC(=O)C(C)(C)CC,16.6,,0.1699999999999999,0.90836326,13.61883804
471167389,CC(=O)Oc1c(C)cc(C(c2cc(C)c(OC(=O)c3ccc4c(c3)C(=O)N(c3c(C)cc(-c5cc(C)c(N6C(=O)c7ccc(C)cc7C6=O)c(C)c5)cc3C)C4=O)c(C)c2)(C(F)(F)F)C(F)(F)F)cc1C,23.5,0.39965257,,,
471229336,CCCCCCCCCCCCOC(=O)c1ccc(-c2ccc(C(=O)OC)cc2)cc1,253.0,0.35885044,,,
471232533,Cc1ccc(C(C#N)(C(=O)OCC(C)C)C(C)(C#N)C(=O)OCC(C)C)cc1,66.0,0.40104325,,,
471408495,COc1ccc(S(=O)(=O)c2ccc(Oc3ccc(C(C)(C)c4ccc(C)c(C(O)(C(F)(F)F)C(F)(F)F)c4)cc3C(O)(C(F)(F)F)C(F)(F)F)cc2)cc1,327.0,0.3757357,0.165410873,1.345764376,18.73761021
471856670,CC=C(C)c1cc(C(F)(F)F)sc1C(F)(F)F,54.57900551,,,,
471964961,Cc1ccc(Cc2ccc(-n3c(=O)c4cc5c(=O)n(C)c(=O)c5cc4c3=O)cc2)cc1,-6.0,,,1.232934348,29.70086573
472043812,CC(=O)Nc1ccc(Oc2ccc(C(c3ccc(Oc4ccc(NC(=O)c5ccc6c(c5)C(=O)N(c5ccc(Oc7ccc8ccc(Oc9ccc(N%10C(=O)c%11ccc(C)cc%11C%10=O)cc9)cc8c7)cc5)C6=O)cc4)cc3)(C(F)(F)F)C(F)(F)F)cc2)cc1,-71.0,0.36278753,,,
472240930,CCC1CC2CC1C1CCC(CN3C(=O)c4ccc(C(=O)c5ccc6c(c5)C(=O)N(C)C6=O)cc4C3=O)C21,-3.0,0.36457594,,,
472323951,CCC(CC)(CC)COC(=O)Nc1ccc(C)c(NC(=O)OC)c1,66.0,0.3477811,,,
472677846,CCC(C)(C)CS(C)(=O)=O,327.0,0.36380251,,1.140781369,16.55092442
472812489,COC1C(COC(C)=O)OC(C)C(OC(C)=O)C1OC(C)=O,108.0,0.33034582,0.20138397,1.165103006,15.15703462
473402909,Cc1ccc(Oc2ccc(C3(c4ccc(Oc5ccc(N6C(=O)c7ccc(Oc8ccc(C9(c%10ccc(Oc%11ccc%12c(c%11)C(=O)N(C)C%12=O)cc%10)CCC(C(C)(C)C)CC9)cc8)cc7C6=O)cc5)cc4)CC4CC3C3CCCC43)cc2)cc1,167.0,0.37929885,0.235289626,1.105510641,21.50005245
473547925,COc1ccc(NC(=O)C=CC(=O)NNC(=O)C=CC(=O)Nc2ccc(OC(=O)C=CC(=O)NNC(=O)C=CC(C)=O)cc2)cc1,,0.3061006,,,
473657934,CNc1ccc([C@@H]2C=C[C@@](NC)(c3ccccc3-c3ccc4ccccc4c3)C=C2c2ccc3ccccc3c2)c(-c2ccc3ccccc3c2)c1-c1ccc2ccccc2c1,250.0,0.37203518,,,
474558626,CNCCCc1c2ccccc2c(NC)c2ccccc12,217.0,0.33990323,,,
475124319,CCC(C)(C)C(=O)Oc1ccc(C#N)cc1,-60.0,0.36105716,0.1345,1.058985756,12.9825722
475611696,CNc1ccc(C(CCC(CCC(c2ccc(N)cc2)c2ccc(N)cc2)(c2ccc(N)cc2)c2ccc(NC)cc2)c2ccc(N)cc2)cc1,108.5,0.35622218,,,
475921569,[2H]c1c([2H])c([2H])c(C(C)CC)c([2H])c1[2H],,0.39369072,,0.923679332,14.83081456
476061574,CCCCOC(=O)CC(C)(CC)C(=O)OCCCC,178.0,0.37326705,0.2249999999999999,0.96210565,10.50145976
476584063,Cc1ccc(Oc2ccc(NC(=O)c3ccc4c(c3)C(=O)N(c3ccc(Cc5ccc(N6C(=O)c7ccc(C(=O)Nc8ccc(Oc9ccc(C%10(C)NC(=O)c%11ccccc%11%10)cc9)cc8)cc7C6=O)cc5)cc3)C4=O)cc2)cc1,257.0,0.36522559,,,
476711294,CCC(C)(C)C(=O)Oc1ccc2c(c1)CCC2,100.0,0.36609405,,,
476733840,CCCCCCCOC(=O)C1CC(=O)C(C(=O)OC)CC1=O,-36.66445232,,,,
477018729,CCCOc1ccc(S(=O)(=O)c2ccc(OCCOP(=O)(OC)Oc3ccccc3)cc2)cc1,302.0,0.34320859,,,
477055088,CCCCCCCCCCCCSc1cc(C)sc1C,113.5,0.41856492,,,
477209068,CCCc1ccc(C)c(C#N)c1,155.0,0.39093091,,,
477797468,CCC(C)(C)C(=O)OCC[N+](=O)[O-],49.0,,0.1895,1.159740176,14.1297443
477893372,CCC(C)C1CCCCC1C,100.0,0.40280956,,,
478096853,CCC(=O)OCCCCCCOC(=O)Cn1c(=O)c2cc3c(=O)n(C)c(=O)c3cc2c1=O,55.49864746,,,,
478367903,Cc1ccc(NC2CC(=O)N(c3ccc(-c4sc(-c5ccc(N6C(=O)CC(Nc7ccc(-c8nc(-c9ccc(-c%10nc(-c%11ccc([N+](=O)[O-])cc%11)c(-c%11ccc([N+](=O)[O-])cc%11)[nH]%10)cc9)[nH]c8C)cc7)C6=O)cc5)c(-c5ccccc5)c4-c4ccccc4)cc3)C2=O)cc1,302.0,0.41430705,,,
478448217,Cc1cccc(OCCCCCCCCCOc2cccc(N3C(=O)c4ccc(-c5ccc6c(c5)C(=O)N(C)C6=O)cc4C3=O)c2)c1,113.5,0.34783375,,,
478818056,Cc1ccc(Oc2ccc(C(C)(C)c3ccc(Oc4ccc(-c5nnc(C)n5-c5ccc(S(C)(=O)=O)cc5)cc4)cc3)cc2)cc1,,0.38732371,,,
478981386,COc1ccc(Oc2ccc(C(=O)Nc3ccc(Oc4ccc(S(=O)(=O)c5ccc(Oc6ccc(NC(=O)c7ccc(C)cc7)cc6)cc5)cc4)cc3)cc2)cc1C,49.0,0.36199389,,,
479722574,CC(=O)c1ccc2c(c1)C(=O)N(c1cc(-c3nc4ccccc4oc3=O)cc(N3C(=O)c4ccc(C)cc4C3=O)c1)C2=O,33.0,0.37512848,,,
479745021,CC(=O)c1ccc(Oc2ccc(-c3ccc(Oc4ccc(C(=O)c5ccc6c(c5)C(=O)N(c5ccc(Oc7ccc(N8C(=O)c9ccc(C)cc9C8=O)cc7)cc5)C6=O)cc4)cc3)cc2)cc1,90.0,0.36908001,,,
479794111,Cc1ccc(C(=O)NCCCCCCCCCCNC(=O)c2ccc(-c3nc4ccccc4nc3C)cc2)cc1,217.0,0.36538567,,,
479814581,CO[Si](O[Si](O[Si](O[Si](CC[Si](C)(C)O[Si](C)(C)CC[Si](C)(c1ccccc1)c1ccccc1)(c1ccccc1)c1ccccc1)(c1ccccc1)c1ccccc1)(c1ccccc1)c1ccccc1)(c1ccccc1)c1ccccc1,186.0,0.39773141,,,
479850250,CNc1ccc([C@@H](C)c2ccccc2CCc2ccccc2[C@H](C)c2ccc(NC)cc2)cc1,233.0,0.35612182,,,
479918416,CCC(C)c1ccc(C(O)CCN2CCCCC2)cc1,152.0,0.37433713,,,
480111697,CCC(C)(C)C(=O)NC(=O)OCCOc1ccc(S(=O)(=O)c2ccc(OCCO)cc2)cc1,132.0,0.32112378,,,
480125029,CCCCCCCCCOC(=O)NNC(=O)CCCCCCCCC(=O)NNC(=O)OC,230.0,0.34768618,,1.043832714,
480361178,CCCNC(=O)c1ccc(C(=O)NC)c(Oc2ccccc2)c1,217.0,0.33491871,,,
480471385,Cc1ccc(-c2ccc(N3C(=O)c4ccc(S(=O)(=O)c5ccc6c(c5)C(=O)N(C)C6=O)cc4C3=O)cc2C(F)(F)F)c(C(F)(F)F)c1,95.0,0.39039629,,,
480495862,CCC(C)CCC(C)(C)C,233.0,,0.1929999999999999,,
481255154,COc1ccc(S(=O)(=O)c2ccc(Oc3ccc(C(=O)c4cc(C(=O)c5ccc(C)cc5)cc(C(C)(C)C)c4)cc3)cc2)cc1,166.0,0.38222676,0.21459288,1.161898548,20.59565861
481310813,CC=CC1CC(C)C(C(=O)OCCCCCCOc2ccc(-c3ccc(C#N)cc3)cc2)C1C(=O)OCCCCCCOc1ccc(-c2ccc(C#N)cc2)cc1,320.0,0.3627633,,,
481600989,COc1ccc(C(C)(C)c2ccc(C(C)(C)c3ccc(Oc4ccc(C(=O)Nc5cccc(NC(=O)c6ccc(C)cc6)c5)cc4)cc3)cc2)cc1,,0.36677611,,,
482356088,COP(=O)(Oc1ccc(C(C)(C)c2ccc(C)cc2)cc1)Oc1c(Cl)cc(Cl)cc1Cl,54.0,0.3676303,,,
482559838,CCC(COc1ccc(-c2ccc(OC)cc2)cc1)OC,131.0,0.34505988,,,
482933364,CNc1ccc([C@@H](c2ccccc2)c2ccccc2NC)cc1,38.0,0.34925827,,,
483443678,CNc1ccc(-c2ccc(NC)c(-c3ccc(C)cc3C)c2-c2ccc(C)cc2C)cc1,164.0,0.37968656,,,
483503968,Cc1cccc(Oc2cccc(Oc3cccc(N4C(=O)c5c(c(-c6ccccc6)c(-c6ccc(-c7c(-c8ccccc8)c8c(c(-c9ccccc9)c7-c7ccccc7)C(=O)N(C)C8=O)cc6)c(-c6ccccc6)c5-c5ccccc5)C4=O)c3)c2)c1,320.0,0.38403855,,,
483514243,C/C=C/CCCCCCCCCCC,,,0.4142,0.822074244,20.61494369
483787501,CC(=O)c1ccc(N=Nc2ccc(C(=O)N3C(=O)N(C)C(C)(C)C3=O)cc2)cc1,302.3547996,,,,
484741548,CCC(c1ccccc1)C1C(=O)N(c2ccc(Cl)cc2)C(=O)C1C,168.825845,,,,
484824618,Cc1ccc(C(=O)Nc2cccc(Oc3ccc(S(=O)(=O)c4ccc(Oc5cccc(NC(=O)c6ccc(N7C(=O)c8ccc(-c9cccc%10c9C(=O)N(C)C%10=O)cc8C7=O)cc6)c5)cc4)cc3)c2)cc1,173.0,0.3546746,,,
484906065,CCC(C)OC(=O)C(Cc1ccc(OC)cc1)NC(=O)CCc1ccc(OC(=O)CCCC(C)=O)cc1,94.0,0.3421229,,,
484910075,CC(=O)Nc1cccc(NC(=O)c2ccc3[nH]c(-c4ccc(-c5nc6cc(C)ccc6[nH]5)cc4)nc3c2)c1,111.0,0.37664927,,,
484914577,Cc1ccc(Oc2ccc(C3(c4ccc(Oc5ccc(-c6ccc(C)s6)cc5C(F)(F)F)cc4)c4ccccc4-c4ccccc43)cc2)c(C(F)(F)F)c1,241.0,0.43261591,,,
485094036,COCCCCOc1ncnc(C)n1,52.0,0.35576743,,,
485407995,COc1ccccc1C(=O)OC(=O)c1ccccc1OC(=O)CCCCC(C)=O,280.0,0.32762443,,,
485725497,CC(=O)c1ccc2c(c1)C(=O)N(c1ccc(C3(C)CC(C)(C)c4ccc(N5C(=O)c6ccc(C)cc6C5=O)cc43)cc1)C2=O,-53.0,0.40280655,,,
486162047,COc1ccc(C(C)(c2ccccc2)c2ccc(OC(C)=S)cc2)cc1,,0.36499297,,,
487578819,CCCCCNC(=O)c1ccc(C(=O)NC)c(Sc2ccccc2)c1,55.0,0.34744921,,,
487601527,COc1ccc(S(=O)(=O)c2ccc(Oc3ccc(-c4ccc(Oc5ccc(C(=O)c6ccc(C)cc6)cc5)cc4)cc3)cc2)cc1,241.0,0.37208574,,,
488191156,CCCCCCOc1cccc(NC(=O)c2ccc(C(=O)Nc3cccc(OC)c3)cc2)c1,52.0,0.34353259,,,
488617798,Cc1ccc(NC(=O)c2ccc(C(=O)Nc3ccc(-c4nc5ccc(-c6ccc7nc(C)[nH]c7c6)cc5[nH]4)cc3)cc2)cc1,358.667269,,,,
489644096,CCCCNC(=O)C(NC(=O)C(Cc1ccccc1)NC(=O)CCCCCCCCC(=O)NC(Cc1ccccc1)C(=O)NC(C(=O)NCCCOCCOCCOC)C(C)C)C(C)C,169.0,0.34899724,,,
489823970,Cc1cccc(N2C(=O)c3ccc(Oc4c(C)cc(Cc5cc(C)c(Oc6ccc7c(c6)C(=O)N(C)C7=O)c(C)c5)cc4C)cc3C2=O)c1,135.0,0.39109264,,,
489861944,Cc1ccc(Oc2ccc(-c3ccc(-c4ccc(Oc5ccc(-c6c7c(c(C)c8ccccc68)C(=O)N(c6ccccc6)C7=O)cc5)c(C(F)(F)F)c4)s3)cc2C(F)(F)F)cc1,55.0,0.4015453,,,
490110901,CCC(O)CN(C)c1ccc(N=Nc2ccc(C(=O)O)cc2)cc1,320.0,0.3475583,,,
491061236,CC(=O)Nc1ccc(S(=O)(=O)c2ccc(NC(=O)c3ccc4[nH]c(-c5cc(-c6nc7cc(C)ccc7[nH]6)cc(N6C(=O)c7ccccc7C6=O)c5)nc4c3)cc2)cc1,181.0,0.37434137,,,
491271299,COc1ccc(S(=O)(=O)c2ccc(Oc3c(C(C)C)cc(C(C)(C)c4cc(C(C)C)c(C)c(C(C)C)c4)cc3C(C)C)cc2)cc1,136.0,0.41746736,,,
491291994,CCCCCCCCCCCCCNC(=O)CCCCCCCCCCCCCCC(=O)NC,206.0,0.37814224,0.396,,
492004375,Cc1ccc(Oc2cccc(Oc3ccc(N4C(=O)c5ccc(-c6ccc7c(c6)C(=O)N(C)C7=O)cc5C4=O)cc3)c2)cc1,135.0,0.35547349,0.282900087,1.252835014,25.37203303
492439302,CNc1ccc2c(c1)C(c1ccc(C)c(C)c1)(c1ccc(C)c(C)c1)c1cc(NC)ccc1-2,175.0,0.38916246,,,
492508713,CNc1ccccc1C(c1ccccc1N)(c1ccccc1N)c1ccccc1NC,66.0,0.36419174,,,
492534708,CNc1ccc(-c2ccc(NC)cc2-c2cccc3ccccc23)cc1,245.0,0.35766068,,,
492635161,CCC(C)(C)C(=O)OCCCCCCCCOc1ccc2cc(C(=O)Oc3ccccc3)ccc2c1,287.0,0.35070234,,,
492640026,CC(=O)Nc1ccc2c(c1)Cc1cc(NC(=O)c3ccc4c(c3)C(=O)N(c3ccc(NC(=O)Nc5ccc(N6C(=O)c7ccc(C)cc7C6=O)cc5)cc3)C4=O)ccc1-2,,0.34865411,,,
493007317,CC(=O)c1ccc2c(c1)C(=O)N(c1ccc(C(=O)c3ccccc3N3C(=O)c4ccc(C)cc4C3=O)cc1)C2=O,325.0,0.37514628,,,
493762918,CCC(COC(C)C)OC,175.0,0.38129236,,,
494086930,CC(=O)c1ccc2c(c1)C(=O)N(c1cccc(P(=O)(c3ccc(C(F)(F)F)cc3)c3cccc(N4C(=O)c5ccc(C)cc5C4=O)c3)c1)C2=O,46.0,0.38566004,,,
494165732,Cc1ccc2c(c1)C(=O)N(C1CCC(CC3CCC(N4C(=O)c5ccc(C(C)(C(F)(F)F)C(F)(F)F)cc5C4=O)C(C)C3)CC1C)C2=O,234.0,0.39920256,,,
494602606,CCCCCCCCNC(=O)CCCCC(=O)NC,-67.0,0.3410138,0.323,,
494975376,Cc1cccc(C(c2ccccc2)(c2cccc(N3C(=O)c4ccc(Oc5ccc6c(c5)C(=O)N(C)C6=O)cc4C3=O)c2)C(F)(F)F)c1,264.0,0.38438296,,,
495203055,Cc1ccc(Cc2ccc(N3C(=O)c4ccc([Si](C)(C)O[Si](C)(C)O[Si](C)(C)c5ccc6c(c5)C(=O)N(C)C6=O)cc4C3=O)cc2)cc1,225.0,0.39061892,,,
495342241,CC1C(C)C2CC1C(COCCCc1ccccc1)C2COCCCc1ccccc1,34.0,0.36101933,,,
495385866,Cc1ccc(Oc2cccc(Oc3ccc(N4C(=O)c5cccc(Oc6ccc(Oc7ccc(Oc8cccc9c8C(=O)N(C)C9=O)cc7)cc6)c5C4=O)cc3)c2)cc1,224.0,0.36047551,,,
496258709,CCC(C)(C)c1ccc(C(O)C(F)(F)F)cc1,289.0,0.35571661,,,
496344217,Cc1ccc(Oc2ccc(C(C)(C)c3ccc(Oc4ccc(N5C(=O)CC(=O)N(C)C5=S)cc4)cc3)cc2)cc1,-67.0,0.38334542,,,
496407382,CNc1c(F)c(F)c(-c2c(F)c(F)c(NC)c(F)c2F)c(F)c1F,264.0,0.33298496,,,
496740168,Cc1ccc(-c2ccc(N3C(=O)c4ccc(-c5cccc6c5C(=O)N(C)C6=O)cc4C3=O)cc2C(F)(F)F)c(C(F)(F)F)c1,225.0,0.39934746,0.181127226,1.241363139,23.78853521
496873266,CC(=O)OCCN(CCOC(=O)c1ccc2c(c1)C(=O)N(c1ccc(N=Nc3ccccc3)c(N3C(=O)c4ccc(C)cc4C3=O)c1)C2=O)c1ccccc1,55.0,0.35725453,,,
497236966,CCC(C)c1cccc(C)c1,293.0,,0.1973333333333333,,
497317849,CCC#CC#CCOc1ccc(C(=O)OCCN(CCOC(=O)c2ccc(OC)cc2)c2ccc([N+](=O)[O-])cc2)cc1,220.0,0.35625446,,,
497633362,COc1ccc(OC(=O)c2ccc(C(C)=O)cc2)cc1-c1cccc(C(F)(F)F)c1,,0.35258781,,,
498302991,Cc1ccc(Oc2ccc(C(=O)c3ccc(Oc4ccc(N5C(=O)c6ccc(S(=O)(=O)c7ccc8c(c7)C(=O)N(C)C8=O)cc6C5=O)cc4)cc3)cc2)cc1,75.0,0.3773528,,,
498538377,Cc1ccc2c(c1)C(=O)N(c1ccc(N(c3ccc(C=Cc4ccc([N+](=O)[O-])cc4)cc3)c3ccc(N4C(=O)c5ccc(C(C)(C(F)(F)F)C(F)(F)F)cc5C4=O)cc3)cc1)C2=O,199.0,0.41204926,,,
498645722,CCC(C)OC(=O)c1ccc(-c2ccc(-c3ccc(C(=O)OC(C)CC)cc3)c(C(C)CC)c2)cc1,150.0,0.39103863,,,
499146119,CCC[CH2][Sn]([CH2]CCC)([O]C)[O]C(=O)c1ccc(C(C)=O)cc1,275.5,0.36080704,,,
499802239,CC(=O)Nc1ccc(Oc2ccccc2-c2ccccc2Oc2ccc(NC(=O)c3ccc4c(c3)C(=O)N(c3ccc(C)c(N5C(=O)c6ccc(C)cc6C5=O)c3)C4=O)cc2)cc1,346.0,0.36654157,,,
499947957,COc1ccc(C(c2ccc(Oc3ccc(C(=O)c4ccc(C)cc4)cc3)cc2)c2ccccc2C(=O)O)cc1,212.5,0.37386948,,,
500257329,CC(=O)Nc1ccc(C2(c3ccc(NC(=O)c4ccc5c(c4)C(=O)N(c4ccc(Sc6ccc(Oc7ccc(Sc8ccc(N9C(=O)c%10ccc(C)cc%10C9=O)cc8)cc7)cc6)cc4)C5=O)cc3)c3ccccc3-c3ccccc32)cc1,75.0,0.38040953,0.233545227,1.211912125,23.76085133
500559499,CCCOCCOC(=O)CCC(=O)OC,100.0,0.3219175,,,
501088576,CCCCCCCCOc1ccc(C(=O)Oc2ccc(OCCCCCCCCCCOC(=O)C(C)(C)CC)cc2)cc1,155.8,0.36549965,,,
501489325,CCCNC(=O)c1cccc(C(=O)NCCOc2ccc3c(OC)cccc3c2)c1,275.5,0.33057891,,,
502239610,C=CCC1=Cc2c(NC)ccc3cccc(c23)[C@H]1NC,-38.2,0.33480182,,,
502600207,CN[C@H]1CC[C@H](C[C@H]2CC[C@H](NC)CC2)CC1,212.5,0.3557302,,,
503030513,CCCCCCCOc1ccc(C=Cc2ccc(OC)c3ccccc23)cc1,315.0,0.36429456,,,
503126715,CCC(C)(C)C(=O)OCC(F)(F)C(F)(F)C(F)(F)C(F)(F)C(F)(F)C(F)(F)C(F)(F)F,266.0,,0.0735,1.482039287,12.88558494
503535995,Cc1ccc(Oc2ccc(C3(c4ccc(Oc5ccc(N6C(=O)c7ccc(Oc8c(C)cc(C(C)(C)c9cc(C)c(Oc%10ccc%11c(c%10)C(=O)N(C)C%11=O)c(C)c9)cc8C)cc7C6=O)cc5)cc4)CC4CC3C3CCCC43)cc2)cc1,,0.39469659,,,
503739413,CO[Si](C)(C)O[Si](C)(C)O[Si](C)(C)O[Si](C)(C)O[Si](C)(C)c1ccc(Oc2ccc([Si](C)(C)C)cc2)cc1,298.0,0.42386607,,,
503770614,CCC(C)c1ccc(COc2ccc(-c3ccc(C#N)cc3)cc2)cc1,-38.2,0.3628679,,1.065712208,12.90310493
503797851,COc1ccc(NC(=O)c2ccc(Oc3ccc(C(C)(C)c4ccc(C(C)(C)c5ccc(Oc6ccc(C(=O)Nc7ccc(Oc8ccc(C(c9ccc(C)cc9)(C(F)(F)F)C(F)(F)F)cc8)cc7)cc6)cc5)cc4)cc3)cc2)cc1,12.0,0.36856171,,,
504470036,CCCN(CCOC(=O)CCC#CC#CCCC(=O)OC)c1ccc(N=Nc2c(C)cc(N=Nc3ccc(C#N)cc3)cc2C)cc1,-65.0,0.3810089,,,
504498894,CCCCCCCCCCCOC(=O)c1ccc(C(=O)OC)cc1,132.0,0.36312778,,,
504683650,COc1c(C)cc(C)cc1-c1ccccc1,169.0,0.40029131,0.1935,1.002505763,15.57570307
504741555,CCCC(=O)Nc1ccc(Oc2ccc(NC(=O)CCN3C(=O)c4ccc(C(=O)c5ccc6c(c5)C(=O)N(C)C6=O)cc4C3=O)cc2)cc1,,0.33487756,,,
505042674,CCC(OC(C)=O)C1C(=O)N(c2ccccc2)C(=O)C1C,157.3759721,,,,
505139445,CCC(CC)(CC)C(=O)OC,262.0,0.3595269,,,
505192232,CCCC[Si](C)(C)O[Si](C)(C)CCCOc1ccc(-c2ccc(C#N)cc2)cc1,-65.0,0.39219302,,,
505306090,Cc1ccc2c(c1)C(=O)N(c1ccc(OCCN(CCOc3ccc(N4C(=O)c5ccc(C(C)(C(F)(F)F)C(F)(F)F)cc5C4=O)cc3)c3ccccc3)cc1)C2=O,132.0,0.35771697,,,
505372159,CNc1ccc(C2(c3ccc(NC)cc3)C3=C(C=CCC3)c3ccccc32)cc1,169.0,0.3719327,,,
505451918,Cc1ccc2c(c1)C(=O)N(c1ccc(Oc3c(C(C)(C)C)cc(-c4ccc(N5C(=O)c6ccc(C(C)(C(F)(F)F)C(F)(F)F)cc6C5=O)cc4)cc3C(C)(C)C)c(C(F)(F)F)c1)C2=O,-4.6,0.41829634,,,
505548035,COc1cccc2ccc(Oc3ccc(NC(=O)c4cccc(C(=O)Nc5ccc(C)cc5)c4)cc3)cc12,10.5,0.35312849,,,
505708528,CCC(C)C(=O)OCC(F)(F)C(F)(F)C(F)(F)C(F)(F)C(F)(F)C(F)(F)C(F)(F)F,180.0,0.32462009,,,
506323355,CCCCCCOC(=O)NNC(=O)CCCCCCCCC(=O)NNC(=O)OC,232.0,0.33556239,,,
506576027,CCCCCCCN(C)C(=O)CCCCCCCCCCCCCCCCC(=O)N(C)C,49.34222836,,0.3525,0.898624404,19.92649972
506639284,Cc1ccc(Oc2ccc(C(=O)c3ccc(Oc4ccc(-c5c6c(c(C)c7ccccc57)C(=O)N(c5ccc(C(F)(F)F)cc5)C6=O)cc4)cc3)cc2)cc1,60.0,0.38171979,,,
506748374,CCCCCC(=O)NCc1ccc(CNC(=O)CCCCOC)cc1,-4.6,0.3396223,,,
506781855,Cc1ccc2[nH]c(C)nc2c1,170.0,0.47901269,,,
506857730,CC1C(=O)N(c2ccc(COC(C)(C)C)cc2)C(=O)C1C,122.5873684,,,,
506874673,Cc1ccc(CC(=O)Nc2ccc(-c3ccc(NC(=O)Cc4ccc(-c5sc(C)c(-c6ccccc6)c5-c5ccccc5)cc4)cc3)cc2)cc1,362.5,0.37860211,,,
506900433,Cc1ccc2c(c1)C(=O)N(c1ccc(N(c3ccc(C#N)cc3)c3ccc(N4C(=O)c5ccc(C(C)(C(F)(F)F)C(F)(F)F)cc5C4=O)cc3)cc1)C2=O,256.0,0.42132012,,,
507068449,CNc1ccc([C@H](C)c2ccc([C@H](C)c3ccc([C@@H](C)c4ccc([C@@H](C)c5ccc(NC)cc5)cc4)cc3)cc2)cc1,-17.0,0.36551543,,,
507545745,CC=C1CCCC(=Cc2ccc(-c3cc(OCCCCCC)c(-c4ccc(C)cc4)cc3OCCCCCC)cc2)C1=O,20.0,0.3857122,,,
507783555,CCC(C)(C#N)C(=O)OC(C)C,321.0,0.36628241,,,
507898117,CC(=O)c1ccc2c(c1)C(=O)N(c1cc(N3C(=O)c4ccc(C)cc4C3=O)cc(C(F)(F)F)c1)C2=O,260.0,0.38109173,,,
508336740,CCCCC(=O)c1ccc(C(C)CC)cc1,70.0,0.38199885,,,
508339615,CCCCC[C@H]1CC[C@H](C[C@@H]2CCCCC2(c2ccc(NC)cc2)c2ccc(NC)cc2)CC1,398.0,0.37129511,,,
508597876,COc1ccc(Oc2ccc(C(=O)c3ccccc3-c3ccccc3C(=O)c3ccc(C)cc3)cc2)cc1,295.5,0.37522129,0.2205,1.125774179,17.8866103
509167762,CNc1ccc(Cc2ccc(NC(=O)c3cc(C(C)=O)cc(N4C(=O)C5CC=CCC5C4=O)c3)cc2)cc1,272.0,0.34814745,,,
509179600,Cc1ccc2c(c1)C(=O)N(c1c(C(C)C)cc(C(c3ccccc3)(c3cc(C(C)C)c(N4C(=O)c5ccc(C(C)(C(F)(F)F)C(F)(F)F)cc5C4=O)c(C(C)C)c3)C(F)(F)F)cc1C(C)C)C2=O,321.0,0.44811081,,,
509220897,COc1ccc(S(=O)(=O)c2ccc(Oc3ccc(C(C)(C)c4ccc(C)c(N)c4)cc3N)cc2)cc1,175.0,0.37586152,,,
509241405,CCCCCCCN1C(=O)C(=Cc2ccc(C=C3SC(=S)N(C)C3=O)cc2)SC1=S,35.37444876,,,,
509577164,CCC(C)(C)C(=O)Oc1ccc(C)cc1,126.1154692,,0.1545,0.951958497,12.66351417
509659753,Cc1cccc(C(O)c2cccc(N3C(=O)c4ccc(Oc5ccc6c(c5)C(=O)N(C)C6=O)cc4C3=O)c2)c1,295.5,0.36066207,,,
509959736,CCC(C)c1ccc(-c2cccc3nsnc23)cc1,70.0,0.37001956,,,
509992676,CNc1ccc(/C=C/c2ccc(-c3ccc(/C=C/c4ccc(NC)cc4)cc3)cc2)cc1,,0.35190828,,,
510587206,CCCOCCOCCOC(=O)C=CC(=O)NCCCCCCNC(=O)C=CC(=O)OC,175.0,0.32787972,,,
510665412,COC(=O)C(CCSC)NC(=O)CCCCCCCCC(=O)NC(CCSC)C(=O)OC1COC2C(C)COC12,286.0,0.35394584,,,
510669742,Cc1ccc(CCc2ccc(N3C(=O)C(=O)N(C)C3=O)cc2)cc1,274.0,0.36028471,,,
510815019,CCC(C)(C)COC(=O)NCCCCCCNC(=O)OC,47.60248847,,,,
510908370,CCC(C)c1cc(C(C)(C)C)ccc1C,61.0,,0.1636666666666666,0.849065812,12.50033571
511605655,CNc1cccc(-c2ccc(-c3ccc(-c4cccc(NC)c4)cc3)cc2)c1,196.0,0.34297147,,,
512074662,COP(=O)(Oc1ccc(Br)cc1)Oc1ccc(S(=O)(=O)c2ccc(C)cc2)cc1,252.0,0.36041928,,,
512260776,CCC(C)c1ccc(C(O)C(F)(F)F)cc1,150.0,0.35930976,,,
512380282,CCC(C)(C)C(=O)OC1CCCC(C)C1,,0.38017657,0.1545,0.881548744,10.34584016
512910152,CCC(C)CCc1cc(OC(=O)c2ccc(C(C)=O)cc2)ccc1OC,89.0,0.36764401,,,
513101692,Cc1ccc(-c2ccc(-c3ccc(C)n3C)n2C)cn1,256.5965094,,,,
513259550,Cc1ccc(Oc2ccc(Oc3ccc(Oc4ccc(-c5nc(C)nc(-c6ccccc6)n5)cc4)cc3)cc2)cc1,196.0,0.39322876,,,
513674501,COc1ccc(C(=O)OCCOCCOC(=O)c2ccc(OC(C)=O)cc2)cc1,237.0,0.32931388,,,
513989706,CNc1ccc(C(c2ccc(NC)cc2)=c2ccc(=C(c3ccc(N)cc3)c3ccc(N)cc3)cc2)cc1,87.0,0.37954577,,,
514517104,CNc1ccc(C(C)(C)c2cccc(C(C)(C)c3cccc(NC)c3)c2)cc1,203.0,0.35536977,,,
514560887,COc1ccc(S(=O)(=O)c2ccc(Oc3ccc(N=Cc4ccc(C)cc4)cc3)cc2)cc1,89.0,0.37509009,,,
515010874,COC(=O)C(Cc1ccc(OC)cc1)NC(=O)CCc1ccc(OC(=O)CCCCC(C)=O)cc1,110.0,0.33673792,,,
515242470,CCC(C)Cc1ccccc1,89.0,,0.1963333333333333,,
515253113,COc1ccc(C2(c3ccc(OC(=O)c4ccc(Oc5ccc(C6(c7ccc(Oc8ccc(C(C)=O)cc8)cc7)CCC(C(C)(C)C)CC6)cc5)cc4)cc3)C3CC4CC(C3)CC2C4)cc1,237.0,0.38086878,,,
515420444,CCC(C)C(=O)OCCCCn1c2ccccc2c2ccccc21,70.0,0.35334507,,,
515584536,CC(=O)Nc1ccc(Oc2ccc(C3(c4ccc(Oc5ccc(NC(=O)c6ccc7c(c6)C(=O)N(c6ccc(Oc8ccc(N9C(=O)c%10ccc(C)cc%10C9=O)cc8)cc6)C7=O)cc5)cc4)NC(=O)c4ccccc43)cc2)cc1,203.0,0.36493909,,,
516007514,Cc1ccc(Oc2ccc(-c3nc4cc(Oc5ccc(NC(=O)CN6C(=O)c7ccc(C(c8ccc9c(c8)C(=O)N(CC(=O)Nc8ccc(Oc%10ccc%11nc(-c%12ccccc%12)c(C)nc%11c%10)cc8)C9=O)(C(F)(F)F)C(F)(F)F)cc7C6=O)cc5)ccc4nc3-c3ccccc3)cc2)cc1,51.0,0.37474439,,,
516038607,CCC(F)(F)C(F)=C(C)Cl,68.0,0.36169864,,,
516307046,CCC(=O)NCCCCCCNC(=O)COC,320.0,0.32129189,,,
516348325,CC(=O)Nc1c(C)cc(Cc2cc(C)c(NC(=O)c3ccc4c(c3)C(=O)N(c3ccc(N=Nc5ccc(F)cc5)c(N5C(=O)c6ccc(C)cc6C5=O)c3)C4=O)c(C)c2)cc1C,260.0,0.37338433,,,
516368509,Cc1ccc2c(c1)C(=O)N(c1ccc(OC(C)COc3ccc(N4C(=O)c5ccc(C(C)(C(F)(F)F)C(F)(F)F)cc5C4=O)cc3)cc1)C2=O,70.0,0.36566453,,,
516647275,COC(C)C(Cl)(Cl)Cl,197.0,,0.066,1.539478709,18.35760963
517724366,CCCCCOC(=O)CCCCCCCCC(=O)OC,68.0,0.35670902,,,
517814653,CCOCCOCCOP(C)(=NC)OCCOCCOCC,320.0,0.36520289,,,
518335451,CCC(CS(C)(=O)=O)OC,260.0,0.36145145,,,
518421541,CO[Si](C)(C)CCCCCCOC(=O)C(C)Oc1ccc(OC(=O)c2ccc(-c3ccc(OCCCCCCCCCC[Si](C)(C)C)cc3)cc2)cc1,-57.0,0.38168515,,,
518799909,CCCN(C)C,10.0,0.382623,,,
519498812,CCC(C)(C)C(=O)OCCCCCCOc1ccc(C(=O)Oc2ccc(C#N)cc2)cc1,85.0,0.34952395,,,
519962205,CCCOCCOC(=O)/C=C/C(=O)OC,234.0,0.3158043,,,
520233682,CCCCCCCCC(C)CCCCCC,-31.0,0.40682888,,0.794468482,14.0622995
520243279,COc1ccc(OC(=O)c2ccc(-c3ccc(C(C)=O)cc3)cc2-c2ccccc2)c2ccccc12,43.0,0.36166198,,,
520514597,Cc1ccc2c(c1)C(=O)N(c1ccc(Cc3ccc(N4C(=O)c5ccc(C(C)(C(F)(F)F)C(F)(F)F)cc5C4=O)cc3)cc1)C2=O,-57.0,0.39304879,0.197639356,1.27525294,23.47489286
520557915,COc1ccccc1C(=O)OC(=O)c1ccccc1OC(=O)CCCCCCCC(C)=O,-78.0,0.33709965,,,
520586980,CNC1=C2C(=CC=CC2(N)NC)[C@@H](c2ccc(N)c3ccccc23)C=C1,85.0,0.3475975,,,
520661031,Cc1ccc2c(c1)C(=O)N(c1cccc(Oc3ccc(N4C(=O)c5ccc(C(C)(C(F)(F)F)C(F)(F)F)cc5C4=O)cc3)c1)C2=O,35.0,0.37598194,,,
520740305,COc1ccc(Oc2ccc(C(=Nc3ccccc3)c3ccc(Oc4ccc(Oc5cccc(C)n5)cc4)cc3)cc2)cc1,-31.0,0.37099152,,,
521246166,CNc1cc(=O)c(NC)c(N)[nH]1,43.0,0.2918774,,,
521384312,COc1ccc(S(=O)(=O)c2ccc(OC3(F)C(C)(F)C(F)(F)C3(F)F)cc2)cc1,-8.2,0.34883911,,,
521718706,COc1ccc(S(=O)(=O)c2ccc(Oc3ccc(C4(c5ccc(Oc6ccc(S(=O)(=O)c7ccc(Oc8ccc(C=C9CCCCC(=Cc%10ccc(C)cc%10)C9=O)cc8)cc7)cc6)cc5)CCCCCC4)cc3)cc2)cc1,-72.0,0.37546992,,,
522844869,CCC(C)OC(=O)CCCC1CCCCC1,165.0,0.36748858,,,
522894499,CNc1ccccc1-c1cccc2c(-c3ccccc3NC)cccc12,297.0,0.35396879,,,
523250559,COC(C)CCCC(C)C(C)=O,25.0,0.36757334,,,
523651487,CC(=O)Nc1ccc(Oc2ccc(NC(=O)c3ccc4c(c3)C(=O)N(c3ccc(NC(=O)Nc5ccc(N6C(=O)c7ccc(C)cc7C6=O)cc5)cc3)C4=O)cc2)cc1,-10.0,0.34682404,,,
523668736,CCC(C)(C)C(=O)OCCCCCCCOc1ccc2cc(C(=O)Oc3ccccc3)ccc2c1,260.0,0.34820779,,,
523674609,CNc1cc(NC(=O)c2ccc(C(C)=O)cc2)cc(-c2nnc(-c3ccccn3)o2)c1,-33.0,0.37590991,,,
523947346,COc1cc(C)cc(OC(=O)c2cccc(C(C)=O)c2)c1,205.0,0.35222541,,,
524444446,CCCCCCCCC(=O)OCC1(C)COC(C)OC1,162.2,0.35863844,,,
525351897,Cc1ccc(-c2nnc(-c3cccc(-c4nnc(C)o4)c3)o2)cc1,230.0,0.44804899,,,
525571828,CC(=O)c1ccc(Oc2ccc(C3(c4ccc(Oc5ccc(C)s5)cc4)c4ccccc4-c4ccccc43)cc2)cc1,-10.0,0.39472012,,,
525996171,COc1cccc(NC(=O)CCCCCCCCC(=O)Nc2ccc(C)cc2)c1,-26.0,0.34695098,,,
526128388,CC(=O)Nc1ccc(Oc2ccccc2-c2ccccc2Oc2ccc(NC(=O)c3ccc4c(c3)C(=O)N(c3cccc(N5C(=O)c6ccc(C)cc6C5=O)c3)C4=O)cc2)cc1,-33.0,0.36085743,,,
526195593,CC(=O)Nc1cccc(Oc2cccc(Oc3cccc(Oc4cccc(Oc5cccc(NC(=O)c6ccc7c(c6)C(=O)N(c6cccc(Oc8cccc(Oc9cccc(N%10C(=O)c%11ccc(C)cc%11C%10=O)c9)c8C#N)c6)C7=O)c5)c4C#N)c3)c2C#N)c1,205.0,0.36067219,,,
526647748,CNc1ccc(-c2cc3ccc2CCc2ccc(c(-c4ccc(NC)cc4)c2)CC3)cc1,40.0,0.35898594,,,
527877967,CNc1ccc(C2(c3ccc(NC)c(C)c3)CCCCC2)cc1C,230.0,0.36323819,,,
527882654,CCC(C)(C)C(=O)OCC(F)(F)C(F)(F)C(F)(F)C(F)F,163.0,0.3268589,0.095,,
527894949,CNc1ccc(-c2ccc(NC)c3c(N)cccc23)c2cccc(N)c12,-26.0,0.35447146,,,
528293396,CCCCCCCCCCCCC(C(=O)NC)C(=O)NCCCCCCCCCCC,-0.868265132,,0.35,0.888311048,16.27222852
528559472,CCCC[Si](C)(C)c1cccc(C)c1,195.0,0.40156037,,,
528637709,CNc1ccc(Oc2ccc(NC)cc2)cc1,125.0,0.33692082,,,
528781081,CCCCCCN(CC(O)C(O)C(OC1OC(CO)C(O)C(O)C1O)C(O)CO)C(=O)NCCOC(=O)C(C)(C)CC,23.2402228,,,,
528835439,CNc1ccc2c(c1NC)C(C)(C)CC2(C)C,193.0,0.36728055,,,
528964340,CCCC[Si](C)(C)O[Si](C)(C)CCCN1C(=O)c2ccc(-c3ccc4c(c3)C(=O)N(C)C4=O)cc2C1=O,,0.37133662,,,
530057519,Cc1ccc(Oc2ccc(Sc3ccc(Oc4ccc(-c5ccc(C)s5)cc4C(F)(F)F)cc3)cc2)c(C(F)(F)F)c1,,0.40843871,,,
530220535,COc1ccc2c(c1)C(C)(c1ccc(OC(=O)c3ccc(C(C)=O)cc3)cc1)CC2(C)C,47.0,0.37005888,,,
530546443,Cc1ccc2c(c1)C(=O)N(c1ccc(OCCCCOc3ccc(N4C(=O)c5ccc(C(C)(C(F)(F)F)C(F)(F)F)cc5C4=O)cc3)cc1)C2=O,75.0,0.35627754,,,
530898286,CNc1ccc(-c2cccc(-c3cc(-c4cccc(-c5cccc(NC)c5)c4)cc(-c4cccc(-c5ccccc5N)c4)c3)c2)cc1,142.0,0.35285908,,,
531021171,Cc1ccc(Oc2ccc(-c3cnc4ccc(-c5ccc6nc(C)cnc6c5)cc4n3)cc2)cc1,-25.0,0.40000868,,,
531044594,CC(C)C(C)O,113.5665564,,,,
531093523,CCCCOc1ccc(-c2nc(C)c(-c3ccc(OCCCC)cc3)c(OCCOC(=O)CCCC(=O)OCCOC)n2)cc1,,0.36060882,,,
531126908,CCCCCCCOC(=O)c1ccc(-c2ccc(-c3ccc(C(=O)OC)cc3)cc2)cc1,280.0,0.35125346,,,
531544469,CNc1ccc(-c2ccc(NC)c(C)c2)cc1C,75.0,0.348612915,,,
531780740,CCC(C)c1c(F)c(F)c(C(F)(F)F)c(F)c1F,142.0,0.36531928,,,
531904856,CNc1ccc(C2=CC3=CC[C@@H]2CC[C@@H]2C=CC(=C(c4ccc(NC)cc4)C2)CC3)cc1,252.5,0.35807069,,,
531967957,COc1ccc(C(=O)c2cccc(C(=O)c3ccc(Oc4cccc(Cc5cccc(C)c5)c4)cc3)c2)cc1,169.0,0.36716519,,,
532718186,CNc1c(/C=N\O)cc(/C=N\O)c(NC)c1N,112.0,0.30882264,,,
532722806,CCCOC(=O)OC,280.0,0.3043208,,,
533889632,CNC1=C(C2=C(NC)NS(=O)(=O)N=C2N)C(N)=NS(=O)(=O)N1,114.0,0.31382982,,,
533973730,CCC(C)(C)C(=O)OCC(=O)N1CCOCC1,37.0,0.32527676,,,
534049242,COC(C)(CC(C)=O)C(F)(F)F,60.0,0.32631701,,,
534118680,CCC(C)c1cc(F)ccc1F,,,0.1403333333333333,1.086573844,14.49605377
534605075,CCCCCCCCCCCc1cc(OC)cc(OC(=O)c2cccc(C(C)=O)c2)c1,112.0,0.37154084,,,
535310373,Cc1ccc(NC(=O)CCCCC(=O)Nc2ccc(S(C)(=O)=O)cc2)cc1,27.0,0.33651,,,
535364463,COc1ccc(S(=O)(=O)c2ccc(Oc3ccc(C(=O)NNC(=O)c4ccc(NC(=O)c5ccc(C)cc5)c(O)c4)cc3)cc2)cc1,111.457133,,,,
535689766,Cc1ccc(Oc2ccc(S(=O)(=O)c3ccc(Oc4ccc(-c5c6c(c(C)c7ccccc57)C(=O)N(c5ccc(F)cc5)C6=O)cc4)cc3)cc2)cc1,34.5,0.37834526,,,
535937381,CCC(CSC(C)C)OC,5.0,0.41844328,,,
536002998,CCCCOC(=O)C(C)(Cl)CC,,,0.178,1.074741397,13.37410592
536465827,CCC(C)c1ccc([CH]([Sn]([CH3])([CH3])[CH3])[Sn]([CH3])([CH3])[CH3])cc1,128.0,0.37911502,,,
536792438,CNc1ccc2c(c1)-c1ccccc1C21c2cc(N)ccc2-c2ccc(NC)cc21,27.0,0.3825956,,,
537109947,CCC(C)(C)C(=O)OCCCCCCOc1ccc(-c2ccc(OC)cc2)cc1,42.0,,0.2175,1.04192343,12.60793073
537336269,CCOc1ccc(C(=O)Oc2ccc(OC(=O)CCCCCOC(=O)C(C)(C)CC)cc2)cc1,34.5,0.34042214,,,
537664135,CCCCCCCOC(=O)OCCCOC(=O)OCCCCCCOc1ccc(Oc2ccc(OC)cc2)cc1,194.0,0.34845785,,,
538207206,CCC(c1ccccc1)C1C(=O)OC(=O)C1C,,0.33148973,,,
538524881,CC(=O)Oc1c(C(C)(C)C)cc(C(=C2C=C(C(C)(C)C)C(=O)C(C(C)(C)C)=C2)c2ccc(-c3cc(C)sc3C)cc2)cc1C(C)(C)C,300.0,0.45309822,,,
538540896,CCC(C)(C)C1C(=O)N(c2ccccc2)C(=O)C1C,-44.0,0.35392644,,,
538764320,Cc1cccc(C(=O)Nc2ccc(Oc3ccc(-c4ccc(Oc5ccc(NC(=O)c6cccc(N7C(=O)c8ccc(-c9ccc%10c(c9)C(=O)N(C)C%10=O)cc8C7=O)c6)cc5)cc4)cc3)cc2)c1,42.0,0.35494179,,,
538774618,CC1(F)OC(C(F)(F)F)(C(F)(F)Cl)OC1(C)F,140.0,0.36536352,,,
539017358,CC(=O)c1ccc2nc(-c3ccc(-c4nc5ccc(C)cc5nc4-c4ccccc4)cc3)c(-c3ccccc3)nc2c1,188.0,0.44667573,,,
539302432,Cc1cccc(Cc2cccc(N3C(=O)c4ccc([Si](C)(C)O[Si](C)(C)c5ccc6c(c5)C(=O)N(C)C6=O)cc4C3=O)c2)c1,270.0,0.38528717,,,
539590566,CCCCOC(CC)C(C(=O)OC)C(C)C(=O)OC,43.0,0.3557316,,,
540095012,CCCCCCCOC(=O)OCCCCCCOC(=O)OCCCCCCN1C(=O)c2ccc(C(=O)c3ccc4c(c3)C(=O)N(C)C4=O)cc2C1=O,-6.0,0.33877986,,,
540297296,CCCCCCOC(=O)CC(C)(CC)C(=O)OCCCCCC,212.0,0.38570941,0.2319999999999999,0.927808816,10.01915881
541086746,CNC1=C(N)[C@@H](NC)N[C@H](O)N1,188.0,0.28340014,,,
541170005,CNc1ccc(C(c2ccc(NC)cc2)c2cc(C(C)C)cc(C(C)C)c2)cc1,270.0,0.37601699,,,
541335135,COc1ccc(S(=O)(=O)c2ccc(Oc3ccc(C(C)(C)c4ccc(C)cc4)cc3)c(S(=O)(=O)O)c2)cc1S(=O)(=O)O,330.0,0.36521953,,,
541484216,CCC(=O)NCC(=O)OC,325.0,0.27858992,,,
541941802,CCCCCCC(=O)NCCNC(=O)CCCCCOC(=O)c1ccc(C(=O)OC)cc1,81.65245915,,,,
541986160,CCCCC(CC)COCc1ccc(C(C)CC)cc1,32.5,,0.268,0.902459296,11.12376829
542632051,CNc1cc(C)c(Cc2ccc(CCCCCCCc3ccc(Cc4c(C)cc(NC)cc4C)cc3)cc2)c(C)c1,40.0,0.35730996,,,
543084242,CCCCCCCCC(CCCCCCCC)n1c2cc(C)ccc2c2ccc(-c3sc(-c4ccc(-c5cc(CCCCCC)c(C)s5)c5nsnc45)cc3CCCCCC)cc21,-7.0,0.42631402,,,
543416509,CCC(C)c1ccccc1O,-23.0,0.35680883,,,
543539170,Cc1cccc(N(c2ccccc2)c2ccc(CCOC(=O)C3CC4CC3C(C)C4C)cc2)c1,,0.38569582,,,
543597205,CNc1ccc2c(NC)cccc2c1,,0.33581452,,,
543958331,CCCN(CCOC(=O)Nc1ccc(C)c(NC(=O)OC)c1)c1ccc(N=Nc2ccc([N+](=O)[O-])cc2C)cc1,188.0,0.35345752,,,
544070601,CCCOC(=O)CCCCSCCCCC(=O)OC,67.0,,0.212,1.07074619,19.93042453
544223047,CCCCC(=O)N(C)C(CC)CC,,0.37465155,,,
544292910,CNc1cccc2c1-c1ccc(NC)c(-c3ccccc3-c3ccccc3)c1C2(c1ccccc1)c1ccccc1,-23.0,0.38258457,,,
544581036,CCCCCCCCCCOc1cc(C(C#N)=Cc2cc(OC)c(C=C(C)C#N)cc2OCCCCCCCCCC)c(OC)cc1C,,0.39346704,,,
544904323,CN=P(C)(OCCCc1ccccc1)OCCCc1ccccc1,52.0,0.36697361,,,
545195322,CCC(C)C(=O)OC,172.0,0.33755497,,,
545255610,CNc1ccc(C2=CC[C@](c3ccccc3)(c3ccc(NC)cc3)C=C2)cc1,305.0,0.35602121,,,
545546596,CC=Cc1ccc(C)n1CCCCCC,-15.03969582,,,,
545845623,COc1ccc(OC(=O)c2ccc(C(C)=O)cc2Oc2ccccc2)cc1,-25.0,0.3472806,,,
546152235,Cc1ccc2oc3ccc(S(C)(=O)=O)cc3c2c1,,0.39759334,,,
546427927,CC(=O)Nc1ccc(Cc2ccc(NC(=O)c3ccc4c(c3)C(=O)N(c3ccc(N=Nc5ccc(C)cc5)c(N5C(=O)c6ccc(C)cc6C5=O)c3)C4=O)cc2)cc1,52.0,0.36541949,,,
546647857,Cc1ccc(OCCCCCCCCCCCOC(=O)c2cccc(C(=O)OCCCCCCCCCCCOc3cccc(-c4nnc(C)s4)c3)c2)cc1,105.0,0.36894733,,,
547172331,CNc1ccc([C@@H]2[C@H](c3ccc(N)cc3)[C@@H](c3ccc(N)cc3)[C@H]2c2ccc(NC)cc2)cc1,360.0,0.36720973,,,
547602790,COC(=O)Nc1ccc(C)c(NC(=O)OC2CCN(c3ccc(C=CC4=CC(=C(C#N)C#N)C=C(C=Cc5ccc(N6CCC(C)CC6)s5)O4)s3)CC2)c1,-47.0,0.37611035,,,
547840653,CCCCCCCCOc1ccc(C(=O)Oc2ccc(OCCCCOC(=O)C(C)(C)CC)cc2)cc1,-25.0,0.38665475,,,
548011241,CC=C(C#N)C(=O)OCCCCCCOC(=O)C(C#N)=Cc1ccc2c(c1)c1cc(C)ccc1n2CCCCCCC,,0.37348873,,,
548292823,CNNC(=O)c1cccc(C(C)=O)c1,232.2266265,,,,
549125416,COc1ccc(-c2ccc(OC(C)(Oc3ccccc3)Oc3ccccc3)cc2)cc1,105.0,0.36489769,,,
549389508,CCN(CCOC(=O)C(C)(C)CC)c1ccc(/N=N/c2ccc([N+](=O)[O-])cc2)cc1,360.0,,0.19,1.122445545,12.26891849
549579953,CC(=O)Nc1cccc2cccc(N3C(=O)CC(N4C(=O)c5ccc(C)cc5C4=O)C3=O)c12,,0.34205138,,,
549581828,Cc1ccc(Oc2ccc(C3(c4ccc(Oc5ccc(N6C(=O)c7ccc(Oc8ccc(C9(c%10ccc(Oc%11ccc%12c(c%11)C(=O)N(C)C%12=O)cc%10)CCC(c%10ccccc%10)CC9)cc8)cc7C6=O)cc5)cc4)CCC(C(C)(C)C)CC3)cc2)cc1,39.0,0.38206234,,,
549614488,Cc1ccc(Oc2ccc(Oc3ccc(N4C(=O)c5ccc(Oc6ccc(-c7ccc(Oc8ccc9c(c8)C(=O)N(C)C9=O)cc7)cc6)cc5C4=O)cc3)cc2)cc1,126.0,0.36966262,,,
550069426,Cc1ccc(Oc2ccc(S(=O)(=O)c3ccc(Oc4ccc(N5C(=O)c6ccc(Oc7cccc(Oc8ccc9c(c8)C(=O)N(C)C9=O)c7)cc6C5=O)cc4)cc3)cc2)cc1,193.0,0.35950007,,,
550478997,CNc1ccccc1-c1cccc2c1C=C[C@H]2[C@@H]1c2ccccc2-c2c(-c3ccccc3NC)cccc21,10.0,0.36637349,,,
550776469,Cc1ccc(-c2ccc(-c3nc4ccc(-c5ccc6nc(C)c(-c7ccccc7)nc6c5)cc4nc3-c3ccccc3)cc2)cc1,222.0,0.43978712,,,
550796562,CC(=O)c1ccc2c(c1)C(=O)N(c1ccc(Oc3cc(C(C)(C)C)c(Oc4ccc(N5C(=O)c6ccc(C)cc6C5=O)cc4)cc3C(C)(C)C)cc1)C2=O,201.0,0.4050413,,,
551339545,CCCCCCCCOc1ccc(CCc2ccc(OC)cc2C)cc1,112.0,0.37531301,,,
551390778,CC=CC1CC(C)C(C(=O)OC)C1,126.0,0.3605929,,,
551461476,COP(=O)(Oc1ccc([N+](=O)[O-])cc1)Oc1c(C)cc(S(=O)(=O)c2cc(C)c(C)c(C)c2)cc1C,193.0,0.36156233,,,
551862261,CCCCCCCOC(=O)Nc1cc(NC(=O)OCCCCOC(=O)Nc2ccc(C)c(NC(=O)OCCCCCCOc3ccc(-c4ccc(OC)cc4)cc3)c2)ccc1C,41.49405569,,,,
552032340,COC(C)COC(=O)c1ccc(C(C)=O)cc1,222.0,0.34490108,,,
552315395,COC(F)(F)COC(=O)c1cccc(C(=O)OCC(C)(F)F)c1,201.0,0.32071779,,,
552340314,CNc1cccc(NC(=O)CCCCCC(C)=O)c1,-12.07623639,,,,
552823663,CCCCCCCCCCOC(=O)CC(C)(CC)C(=O)OCCCCCCCCCC,75.04044311,,,,
553001434,COc1ccc(C(=O)Nc2cc(NC(=O)c3ccc(C)cc3)cc(C(=O)OCCOC(=O)C=Cc3ccc(N(C)C)cc3)c2)cc1,288.0,0.3451955,,,
553487456,CNc1ccc(Cc2cc(Cc3ccc(N)c(C(C)(C)C)c3)cc(C(C)(C)C)c2NC)cc1C(C)(C)C,6.5,0.38558649,,,
553498968,COc1ccc(C2(c3ccc(OC(=O)CCC(C)=O)cc3)c3ccccc3-c3ccccc32)cc1,,0.36989282,,,
553763789,CNc1cc(C)c(Cc2ccc(CCCCCCCCCCCCCCCCCCCc3ccc(Cc4c(C)cc(NC)cc4C)cc3)cc2)c(C)c1,173.0,0.35973835,,,
553989373,CCCCCCOC(=O)C(Cc1ccc(OC)cc1)NC(=O)Cc1ccc(OC(=O)COCCOCC(C)=O)cc1,,0.3424812,,,
554199455,Cc1ccc2c(c1)C(=O)N(c1cc(C(c3ccc(O)c(N4C(=O)c5ccc(C(C)(C(F)(F)F)C(F)(F)F)cc5C4=O)c3)(C(F)(F)F)C(F)(F)F)ccc1O)C2=O,98.0,0.37227168,0.132113785,1.333438371,16.54940795
554208834,CNc1ccc(NC(=O)c2cccc(C(C)=O)c2)cc1,28.0,0.33774959,,,
554219011,CCC(O)COc1ccc(C2(C)CC(C)(C)c3cc(OC)ccc32)cc1,31.0,0.362067,,,
554452518,CNc1ccc(C2(c3ccccc3NC)c3ccccc3-c3ccccc32)cc1,330.0,0.36926653,,,
554573258,Cc1cccc(C(=O)Nc2ccc(Oc3ccc(NC(=O)c4cccc(N5C(=O)c6ccc(-c7ccc8c(c7)C(=O)N(C)C8=O)cc6C5=O)c4)cc3)cc2)c1,295.0,0.35212357,,,
555027003,CCCCCC(=O)N(C)CCC,120.0,0.36643228,,,
555056741,CC(=O)OCCOCCOCCOCCOC(=O)c1ccc(N2C(=O)c3ccc(C)cc3C2=O)cc1,234.0,0.33294368,,,
555131075,COc1ccc(C(c2ccccc2)c2ccc(OC(C)=O)cc2)cc1,253.0,0.36406756,,,
555208717,COc1c(C)cc(C2(c3cc(C)c(OC(=O)c4cccc(C(C)=O)c4)c(C)c3)c3ccccc3-c3ccccc32)cc1C,31.0,0.414103,,,
555363148,CC(=O)c1ccc2c(c1)C(=O)N(c1cccc(Nc3nc(Nc4cccc(N5C(=O)c6ccc(C)cc6C5=O)c4)nc(N(C)C)n3)c1)C2=O,330.0,0.37799185,,,
555506282,COc1c(C)cc(C2(c3cc(C)c(Oc4ccc(C(=O)c5ccc(C)cc5)cc4)c(C)c3)CCC3CCCCC3C2)cc1C,295.0,0.41226899,,,
555542733,CC1C(C)C2CC1C(C(=O)OCCc1ccccc1)C2C(=O)OCCc1ccccc1,120.0,0.35586688,,,
555601753,CCC(C)c1ccc(C)nc1,294.0,0.41719903,,,
555803922,CC=CC1CC(C)C(C(=O)OCCN(C)C)C1,253.0,0.37093089,,,
556338128,CCCN(CCOC(=O)Nc1ccc(C)c(NC(=O)OC)c1)c1ccc(C=Cc2ccc([N+](=O)[O-])cc2)cc1,7.0,0.34396152,,,
556552879,COC1CCC(OC(=O)OCCCCCCOC(C)=O)CC1,52.0,0.343459,,,
556865522,CC(=O)c1ccc2c(c1)C(=O)N(c1ccc(-c3c(-c4ccc(-c5ccccc5)cc4)cc(-c4ccc(OCCCCCCCCCCOc5ccc(-c6cc(-c7ccc(-c8ccccc8)cc7)c(-c7ccc(N8C(=O)c9ccc(C)cc9C8=O)cc7)c(-c7ccc(-c8ccccc8)cc7)c6)cc5)cc4)cc3-c3ccc(-c4ccccc4)cc3)cc1)C2=O,170.0,0.36823501,,,
557037726,CCC(O)COc1ccc(C(C)(C)C2CCC(C)(c3ccc(OC)cc3)CC2)cc1,315.0,0.35740346,,,
558140001,CCCCCCCOC(=O)OCCCCCCCCCOC(=O)OCCCCCCOc1ccc(C(=O)c2ccc(OC)cc2)cc1,294.0,0.35587164,,,
558319108,Cc1ccc(Sc2ccc(Sc3ccc(Sc4ccc(Sc5ccc(N6C(=O)c7ccc(Sc8ccc(Sc9ccc(Sc%10ccc%11c(c%10)C(=O)N(C)C%11=O)cc9)cc8)cc7C6=O)cc5)s4)s3)s2)cc1,251.0,0.3770355,,,
558482820,CCCCCCCNC(=O)c1cc(NC(=O)C(C(C)CC)N2C(=O)c3ccccc3C2=O)cc(C(=O)NC)c1,254.0,0.33948967,,,
558794697,Cc1ccc(-c2nc3cc(Oc4ccc5nc(C)c(-c6ccccc6)nc5c4)ccc3nc2-c2ccccc2)cc1,177.0,0.43112064,,,
559219019,CCC(OCC(C)C)C(C(=O)OC)C(C)C(=O)OC,135.0,0.36220084,,,
559323860,COc1ccc(C2(c3ccc(OC(=O)CCCCC(C)=O)cc3)c3ccccc3-c3ccccc32)cc1,10.0,0.36295763,,,
559874694,COc1cc(OC)cc(Oc2ccc(C#N)c(C)c2)c1,103.5,0.35031084,,,
559980070,COc1ccc(Oc2ccc(C(=Nc3ccc(N=C(c4ccccc4)c4ccc(C)cc4)cc3)c3ccccc3)cc2)cc1,135.0,0.38545938,,,
560279885,CC(=O)c1ccc2c(c1)C(=O)N(c1ccc(Cc3ccc(N4C(=O)c5ccc(C)cc5C4=O)c(C)c3)cc1C)C2=O,-6.0,0.39564613,0.253414349,1.153645492,25.03388392
561158280,CNNC(=O)c1ccccc1C(=O)NCCCCCCNC(=O)c1ccccc1C(C)=O,135.0,0.33644066,,,
561427423,CCC(C)c1ccccc1C(=O)OC(C)C,303.0,0.36610214,0.1736666666666666,,
562022603,Cc1ccc2c(c1)C(=O)N(c1ccc(Oc3ccc(N4C(=O)c5ccc(-c6c(-c7ccccc7)c(-c7ccccc7)c(-c7ccc(Sc8ccc(-c9c(-c%10ccccc%10)c(-c%10ccccc%10)c(C)c(-c%10ccccc%10)c9-c9ccccc9)cc8)cc7)c(-c7ccccc7)c6-c6ccccc6)cc5C4=O)cc3)cc1)C2=O,326.0,0.40157319,,,
562176358,CCCCCSSC,44.5,0.4654699,0.175,,
563610141,COC(=O)OCC(OC)C(COC(=O)OC1COC2C(C)COC12)OC,166.0,0.32510823,,,
563697228,CCC(C)OCCOc1ccc(N=Nc2ccc(C#N)cc2)cc1,322.0,0.36910342,,,
563771441,COC(=O)c1cc(C)cc(N2C(=O)CC(C3Cc4ccccc4C4C(=O)N(C)C(=O)C43)C2=O)c1,-55.0,0.36013659,,,
563896548,CCCOC(=O)c1cc(C)cc(N2C(=O)CC(C3Cc4ccccc4C4C(=O)N(C)C(=O)C43)C2=O)c1,310.0,0.36325394,,,
564164424,CC(=O)Oc1ccc(OC(=O)c2ccc3c(c2)C(=O)N(c2ccc(Oc4ccc(N5C(=O)c6ccc(C)cc6C5=O)cc4)cc2)C3=O)cc1,200.0,0.351749,0.351158377,1.298210162,31.91239727
564537590,CCOP(=O)(CC1OCC(OC(=O)C(C)(C)CC)CO1)OCC,224.5,0.34922258,,,
564916558,CCCCCCOc1ccc(C(=O)Oc2ccc(OCCCCCCOC(=O)C(C)(C)CC)cc2)cc1,322.0,0.35590587,,,
565283885,CNc1ccc(-c2cccc(C)c2-c2ccc(NC)c(-c3ccc(C)cc3)c2-c2ccc(C)cc2)c(-c2ccc(C)cc2)c1-c1ccc(C)cc1,61.0,0.38573102,,,
565371765,Cc1ccc2c(c1)C(=O)N(C1CC(C)(C)CC(C)(CN3C(=O)c4ccc(C(C)(C(F)(F)F)C(F)(F)F)cc4C3=O)C1)C2=O,16.0,0.37756534,,,
565873116,CCC(C)(C)C(=O)O[Si](C)(C)C,258.0,0.42890458,,,
566342268,COc1ccc(NC(=O)c2ccc(-c3ccc(C(=O)Nc4ccc(Oc5ccc(C(C)(C)c6ccc(C)cc6)cc5)cc4)c(C)c3)cc2C)cc1,249.0,0.36556689,,,
566400652,CCC(C)(Cl)C(=O)OC(C)C,270.0,,0.1465,1.054014289,15.80245006
566589613,Cc1ccc(OC(=O)c2ccc(C(=O)Oc3ccc(C4(C)c5ccccc5Oc5ccccc54)cc3)cc2)cc1,101.5,0.3739272,,,
567353481,Cc1ccc(C(c2ccc(N3C(=O)c4ccc(Oc5cccc6c(Oc7ccc8c(c7)C(=O)N(C)C8=O)cccc56)cc4C3=O)cc2)(C(F)(F)F)C(F)(F)F)cc1,230.0,0.38375006,,,
567577514,CCC(C)OC(=O)OCC(Cl)(Cl)Cl,16.0,0.35918927,,,
567731832,CCc1cc2cc(C(=O)Nc3ccc(Cc4ccc(NC(=O)c5cc6cc(C)c(OC(=O)COc7ccc8ccc(=O)oc8c7)cc6oc5=O)cc4)cc3)c(=O)oc2cc1OC(=O)COc1ccc2ccc(=O)oc2c1,252.0,0.32474874,,,
567984921,Cc1ccc(Oc2ccc(NC(=O)c3ccc(Oc4cccc5c4C(=O)N(C)C5=O)cc3)cc2)cc1,276.0,0.35386681,,,
567993142,CNc1ccc(/C=C/c2ccc(NC)cc2S(=O)(=O)O)c(S(=O)(=O)O)c1,278.0,0.32549076,,,
568593240,COc1cc(-c2ccc(N3C(=O)c4ccc(C(=O)Nc5ccc(C(c6ccc(NC(C)=O)cc6)(C(F)(F)F)C(F)(F)F)cc5)cc4C3=O)c(OC)c2)ccc1N1C(=O)c2ccc(C)cc2C1=O,97.5,0.35923607,,,
569949305,CCCCCCCCCCCCCN1C(=O)c2ccc(C(c3ccc4c(c3)C(=O)N(C)C4=O)(C(F)(F)F)C(F)(F)F)cc2C1=O,230.0,0.35472454,,,
570358353,Cc1ccc(N2C(=O)c3ccc(-c4ccc5c(c4)C(=O)N(c4ccc6[nH]c(C)nc6c4)C5=O)cc3C2=O)cc1,,0.39933775,,,
571029938,CCCCCCCCCCCCCC(c1ccc(O)cc1)C(C)c1ccc(O)cc1C,252.0,0.38002887,,0.937930772,19.25364485
571882834,CCCCCCCCCCCSSCCCCCCSSC,276.0,,0.2295,1.014541659,21.63979729
571931187,CCC(C)(c1ccc(OC)cc1)c1ccc(OC(=O)OC2C(C)(C)C(OC(C)=O)C2(C)C)cc1,74.0,0.3617297,,,
572496153,Cc1ccc(Oc2ccc(C(=O)c3cccc(C(=O)c4ccc(Oc5ccc(N6C(=O)c7ccc([Si](C)(C)c8ccc9c(c8)C(=O)N(C)C9=O)cc7C6=O)cc5)cc4)c3)cc2)cc1,221.0,0.37212317,,,
572616024,COC1CCC(OC(=O)OCCCCOC(C)=O)CC1,253.0,0.33295317,,,
573332233,CCC(c1cc(-c2ccccc2)c(NC)c2ccccc12)c1cc(-c2ccccc2)c(NC)c2ccccc12,124.0,0.37493532,,,
573587884,CNNC(=O)CCCCC(=O)NNC(=O)CCCCCCCC(C)=O,101.0022623,,,,
573601315,COc1ccc(C(C)(C)c2ccc(OC(=O)c3ccc(CC(C)=O)cc3)cc2)cc1,101.0,0.36097789,,,
573843297,CNc1ccccc1C(C)(c1ccccc1)c1ccccc1NC,397.5,0.3501796,,,
574000870,CCCCC(CC)COC(=O)C(C)(C)CC,-1.0,0.38032702,0.1935,0.866688073,11.16194662
574282474,Cc1ccc2c(c1)C(=O)N(c1cccc(NC(=O)C(F)(F)C(F)(F)C(F)(F)C(F)(F)C(=O)Nc3cccc(N4C(=O)c5ccc(C(C)(C(F)(F)F)C(F)(F)F)cc5C4=O)c3)c1)C2=O,85.0,0.34319652,,,
574709027,CC(=O)NCCCCCCNC(=O)c1ccc(C)nc1,124.0,0.34059316,,,
574749285,Cc1ccc2c(c1)C(=O)N(c1ccc(Oc3ccc(C(=O)c4cccc(C(=O)c5ccc(Oc6ccc(N7C(=O)c8ccc(C(C)(C(F)(F)F)C(F)(F)F)cc8C7=O)cc6)cc5)c4)cc3)cc1)C2=O,208.0,0.37114599,,,
574869526,CCc1cc(C23CC4CC(CC(C4)C2)C3)cc(CN(C)C)c1O,30.0,0.36943154,,,
575252558,COc1cccc(C(F)(F)C(F)(F)C(F)(F)c2cccc(OC(C)=O)c2)c1,80.0,0.33862324,,,
575704525,CCCCOC(=O)c1ccc(C(C)CC)cc1,236.0,0.37961206,,,
575774487,CC(=O)Nc1ccc(Oc2ccc(-c3ccc(Oc4ccc(NC(=O)c5ccc6c(c5)C(=O)N(c5ccc(Oc7ccc(N8C(=O)c9ccc(C)cc9C8=O)cc7)cc5)C6=O)cc4)cc3)cc2)cc1,85.0,0.3578244699999999,,,
575975970,CCCCOC(=O)C(C)C(C(=O)OCCCC)C(CC)OC(C)=O,46.0,0.36399896,,,
576074717,CCC(C)CC(C)(C)C(=O)OC,-10.0,0.34800535,,,
576198194,CCC(C)C(CC)CC,38.96888215,,0.1883333333333333,,
576207142,CC(=O)Nc1ccc(Cc2ccc(N3C(=O)c4ccc(C)cc4C3=O)cc2)cc1,80.0,0.35705225,,,
576510280,Cc1ccc(NC(=O)c2ccc(C(=O)Nc3ccc(-c4nnc(C)o4)cc3)c(Oc3ccccc3)c2)cc1,236.0,0.37065873,,,
576593207,CCCCCOC(=O)Nc1ccc(C)c(NC(=O)OC)c1,188.8,0.33250755,,,
576673479,COC(C)COC(=O)/C=C\C(C)=O,46.0,0.31850118,,,
577459185,C=CCc1ccccc1-c1cc(NC)ccc1-c1ccc(NC)cc1,76.0,0.3491245,,,
578229955,CC(=O)NCCCCCCNC(=O)c1ccc(C)s1,42.90894132,,,,
578399710,Cc1ccc(Nc2c(F)c(F)c(-c3c(F)c(F)c(Nc4ccc(S(C)(=O)=O)cc4)c(F)c3F)c(F)c2F)cc1,286.0,0.38004082,,,
578503320,Cc1ccc(Oc2ccc(C(=O)c3cccc(C(=O)c4ccc(Oc5ccc(N6C(=O)c7ccc(-c8ccc9c(c8)C(=O)N(C)C9=O)cc7C6=O)cc5)cc4)c3)cc2)cc1,262.0,0.36351703,,,
578621214,COc1cccc2ccc(Oc3ccc(NC(=O)c4ccc(Oc5ccc(S(=O)(=O)c6ccc(Oc7ccc(C(=O)Nc8ccc(C)cc8)cc7)cc6)cc5)cc4)cc3)cc12,262.0,0.35811295,,,
579082920,COc1ccc(N=CC=Nc2ccc(OC(=O)Nc3cc(NC(C)=O)ccc3C)cc2)cc1,,0.35139659,,,
579371916,CNc1ccc(C2(c3ccc(NC)cc3)CCC(C)CC2)cc1,16.0,0.35879292,,,
579657278,CNc1cccc(NC(=O)c2ccc(C(=O)Nc3cccc(NC(=S)NC(=O)c4ccc(C(=O)NC(C)=S)cc4)c3)cc2)c1,222.0,0.34165595,,,
579662449,CC(=O)Nc1ccc(NC(=O)c2ccc(NC(=O)c3ccc(-c4nc5cc(C)ccc5[nH]4)cc3)cc2)cc1,279.5,0.355364,,,
579955066,COc1ccc(C(=O)c2ccc(Oc3ccc(C(=O)c4c(C(=O)c5ccc(C)cc5)c(-c5ccc(F)cc5)c(-c5ccc(F)cc5)c(-c5ccc(F)cc5)c4-c4ccc(F)cc4)cc3)cc2)cc1,272.0,0.39692359,,,
580099798,CCC(C)C(=O)Oc1ccc([N+](=O)[O-])cc1,42.0,0.38054744,,,
580261809,CC=C[Si](C)(c1ccccc1)c1ccccc1,,0.39366166,,,
580635980,COc1ccc(NC(=O)CCCCCCCC(=O)Nc2ccc(C)cc2)cc1,295.0,0.34425173,,,
580687337,CCC(O)COC(=O)CCCCC(=O)OCC(O)COc1ccc(C=C(C)c2ccc(OC)cc2)cc1,260.0,0.34074081,,,
581074933,CNc1ccc2c(c1)C(Cc1ccccc1)c1cc(NC)ccc1-2,332.0,0.35149388,,,
581609876,Cc1ccc(Oc2ccc(-c3cnc4cc5nc(C)cnc5cc4n3)cc2)cc1,222.0,0.4131264,,,
581660606,CCC(C)(C)C(=O)OCCCCCOc1ccc(OC(=O)c2ccc(OC)cc2)cc1,218.0,0.33969728,,,
582946121,CCC(C)(C)C(=O)OCCCCn1c2ccccc2c2ccccc21,,0.3510259,0.1694999999999999,1.063120281,11.45732375
583194891,CO[Si](C)(C)CCCCCCCCOc1ccc(C(=O)Oc2ccc(C#N)cc2C)cc1,,0.37464171,,,
583338677,CCOC(=O)C(C)(CC)CO,22.36004964,,,,
584085881,CCc1ccc(C(C)c2ccc(CN3C(=O)c4ccc(Oc5ccc6c(c5)C(=O)N(C)C6=O)cc4C3=O)o2)o1,295.0,0.35279512,,,
584252027,CCCCCCCCCCCOC(=O)OC,260.0,0.36904474,,,
584265872,CCCN(C)C(=O)c1ccc(F)cc1F,73.3,0.34618853,,,
584442637,CCC(OC)C(C(=O)O)C(C)C(=O)O,,0.27178974,,,
584754403,CCC(COC)(CS(C)(=O)=O)CS(C)(=O)=O,160.0,0.37089814,,,
584859367,COc1ccc(C(C)(C)c2ccc(Oc3ccc(C(=O)c4ccc(C(C)(C)c5ccc(C(=O)c6ccc(C)cc6)cc5)cc4)cc3)cc2)cc1,-37.0,0.39689064,,,
585087137,COc1ccc(CC(NC(=O)CCc2ccc(OC(=O)CCCCC(C)=O)cc2)C(=O)OCc2ccccc2)cc1,108.0,0.33992756,,,
585151885,CCCC(=O)Nc1ccc(Oc2cccc(NC(=O)CCN3C(=O)c4ccc(C(=O)c5ccc6c(c5)C(=O)N(C)C6=O)cc4C3=O)c2)cc1,353.0,0.33304131,,,
585470216,CC(=O)OCCOC(=O)c1ccc(C)o1,38.0,0.34230194,0.228261215,1.294258311,22.59738265
586106490,CC=CCCCCCCC(Cl)CCCCCCC,59.2,0.40278252,,,
586189423,CCSCC(CC)OC,5.5,0.41785443,,,
587160342,COc1ccc(S(=O)(=O)c2ccc(Oc3cc(C)c(C(c4cc(C(C)C)c(C)cc4C)c4ccccc4C(=O)O)cc3C(C)C)cc2)cc1,224.0,0.39980521,,,
587553432,COc1ccc(-c2ccc(NC(=O)c3cc(C(=O)Nc4ccc(-c5ccc(Oc6ccc(C(c7ccc(C)cc7)(C(F)(F)F)C(F)(F)F)cc6)c(C(F)(F)F)c5)cc4)cc(C(C)(C)C)c3)cc2)cc1C(F)(F)F,129.0,0.37054632,,,
588836303,CC(=O)c1ccc2c(c1)C(=O)N(c1cccc(Nc3nc(Nc4cccc(N5C(=O)c6ccc(C)cc6C5=O)c4)nc(-c4ccccc4)n3)c1)C2=O,-37.0,0.37465693,,,
589424672,C=C(c1ccccc1N)c1c(NC)ccc(-c2ccc(NC)cc2)c1C(=C)c1ccccc1N,108.0,0.36948301,,,
589547196,CNc1ccc2c(c1NC)[C@](C)(c1ccccc1)CC2(C)C,144.0,0.36474877,,,
589948553,CC1C(=O)N(C(C)(C)C)C(=O)C1C,171.0,0.39509539,,,
590016095,Cc1ccc(Oc2ccc(C(C)(C)c3ccc(Oc4ccc(N5C(=O)c6ccc(Oc7ccc(C(C)(C)c8ccc(Oc9ccc%10c(c9)C(=O)N(C)C%10=O)cc8)cc7)cc6C5=O)cc4)cc3)cc2)cc1,54.5,0.37687293,,,
590232504,CCCCCOc1ccc(OC(=O)CC(C)(CC)C(=O)Oc2ccc(OCCCCC)cc2)cc1,224.0,0.36823532,,,
590474607,CNc1ccccc1CCc1ccccc1NC(C)=O,207.655323,,,,
590866562,COc1ccc(OC(=O)c2ccc(OCCCCCCOc3ccc(C(C)=O)cc3)cc2)cc1N=Nc1ccc(C#N)cc1,195.0,0.35843895,,,
590983717,CCc1cccc(CNC(=O)c2cc(C(=O)NC)cc(C(C)(C)C)c2)c1,-57.0,0.3510241,,,
591078724,COc1ccc(C2(c3ccc(OC(=O)c4ccc(C(C)=O)cc4)cc3)c3ccccc3-c3ccccc32)cc1,240.0,0.37935493,,,
591131573,CNc1cccc(NC)c1,251.5,0.3236545,,,
591186983,CN=P(C)(Oc1cccc(C(F)(F)F)c1)Oc1cccc(C(F)(F)F)c1,292.0,0.39150603,,,
592007373,COc1ccc(C(=O)c2ccc(Oc3ccc(C4(c5ccc(C)cc5)c5ccccc5-c5ccccc54)cc3)cc2)c2ccccc12,285.0,0.4002848,,,
592083344,COCCOCCOCCOCCC[Si](C)(CCCOCCOCCOCCOC)OC,,0.36549731,,,
592184260,CCc1ccc(C)cc1,195.0,,0.267,,
592652494,CCCCOc1ccc(-c2nc(C)c(-c3ccc(OC)cc3)c(OCCOC(=O)c3ccc(C(=O)OCCOC)cc3)n2)cc1,176.0,0.35798582,,,
592669794,Cc1ccc(Sc2ccc(Sc3ccc(Sc4ccc(N5C(=O)c6ccc(-c7cccc8c7C(=O)N(C)C8=O)cc6C5=O)cc4)cc3)cc2)cc1,73.5,0.38179177,,,
592686193,Cc1ccc2c(c1)C(=O)N(c1ccc(Oc3cccc(Oc4ccc(N5C(=O)c6ccc(C(C)(C(F)(F)F)C(F)(F)F)cc6C5=O)cc4)c3C#N)cc1)C2=O,-69.2,0.37962339,,,
593164560,CCc1ccc(-c2ccc(CSC(=O)CCCCC(=O)SC)cc2)cc1,-14.32353196,,,,
593363809,CC(F)(F)C(=O)NCCCCCCNS(C)(=O)=O,192.0,0.33449777,,,
593654363,CNc1ccc(NC(=O)CCCCCCCC(C)=O)cc1,285.0,0.34227902,,,
594032602,C=CCOCC(CC)SC,280.0,0.39134513,,,
594346248,Cc1ccc(Oc2ccc(C(=O)c3ccc(C(=O)c4ccc(C(=O)c5ccc(Oc6ccc(-c7nc(-c8ccccc8)[nH]c7C)cc6)cc5)cc4)cc3)cc2)cc1,-35.0,0.38623156,,,
594528040,COc1ccc(C(=O)Nc2ccc(C(c3ccc(NC(=O)c4ccc(OC(=O)c5ccc(C(C)=O)cc5)cc4)cc3)(C(F)(F)F)C(F)(F)F)cc2)cc1,270.0,0.34941735,,,
594735990,CCC(C)C(=O)OCCCCCCCCn1c2ccccc2c2ccccc21,260.0,0.36038485,,,
594803927,COC(C)C(=O)OCC(C)=O,-69.2,0.31804756,,,
595568506,CCCCCCCOC(=O)C(CCCCCCCCCCP(=O)(O)O)C(=O)OCCCCCCOc1ccc(-n2on2-c2ccc(OC)cc2)cc1,239.0,0.35805437,,,
595580163,CCC(C)(C)C(N)=O,94.0,0.25657854,0.145,1.041991601,16.36913311
595611477,CCCCCCCCCCCCCNC(=O)c1ccc(C(=O)NC)c(Sc2ccccc2)c1,226.7,0.36922015,,,
595928255,CCC(C)CO,280.0,0.29464648,,,
595965977,CCCCCCC1(CCCCCC)c2cc(C)ccc2-c2ccc(-c3cc(OCc4ccccc4)c(C)cc3OCc3ccccc3)cc21,16.0,0.39814654,0.184,0.926806566,21.32352082
596712589,Cc1ccc2c(c1)C(=O)N(c1ccc(S(=O)(=O)c3ccc(N4C(=O)c5ccc(C(F)(F)C(F)(F)C(C)(F)F)cc5C4=O)cc3)cc1)C2=O,52.0,0.363877,,,
597209826,COc1ccc(C(=O)NCC(C)(C)CCCNC(=O)c2ccc(C)cc2)cc1,130.0,0.34465365,,,
597331938,COC(=O)c1ccc(C(=O)Oc2ccc3c(c2)Oc2cc(C)ccc2C32c3ccccc3-c3ccccc32)cc1,-59.0,0.38655989,,,
597719463,COc1cccc(Oc2ccc(C(=O)c3ccc(C)cc3)cc2)c1,239.0,0.36602466,,,
598302444,CCCSSCCOCOC,266.0,0.39441419,,,
598348393,CNc1ccc(NC(=O)c2cc(NC(=O)c3ccccc3)cc(C(C)=O)c2)cc1,12.0,0.33713633,,,
598697113,CCCCCCCCCCCCC(c1ccc(O)cc1)C(C)c1ccc(O)cc1C,43.0,0.37037228,,0.934436591,17.25139441
598835608,CCC(C)(C)C(=O)NC(=O)OC(C)COc1c(Br)cc(S(=O)(=O)c2cc(Br)c(OCC(C)O)c(Br)c2)cc1Br,16.0,0.37079246,0.15,1.587307778,12.5994675
599456393,CCc1ccc(CNC(=O)CCCCCCCCCCCCCCCCCCCCC(=O)NC)cc1,88.7,,0.359,,
599773122,CC1CC(C)(C#N)C1,36.0,0.41545048,,,
599869327,CCC(c1ccccc1)C1C(=O)N(c2ccccc2)C(=O)C1C,73.0,0.37701942,,,
600169729,CC(=O)OCCCCCCCCCCCOC(=O)c1ccc(N2C(=O)c3ccc(C)cc3C2=O)cc1,259.0,0.35218627,,,
600653180,Cc1ccc(Oc2cc3ccccc3cc2Oc2ccc(N3C(=O)c4ccc(Oc5ccc6c(c5)C(=O)N(C)C6=O)cc4C3=O)cc2)cc1,155.0,0.36873488,0.23259708,1.256698292,23.46686695
601022774,CCCN(C)C(=O)c1ccc(F)cc1,290.0,0.3464689,,,
601302526,CNCCNCCNC,125.0,0.31717722,,,
601597696,COc1ccc(C(=O)NNC(=O)c2ccc(C(=O)NNC(=O)c3ccc(OC(=O)c4cccc(C(C)=O)c4)cc3)cc2Oc2ccccc2)cc1,-57.5,0.34244327,,,
601947802,CCCCOC(=O)CCC(NC)C(C)=O,321.0,0.34392678,,,
602268285,CCCNC(=O)c1ccc(C(=O)NCCOc2ccc3ccc(OC)cc3c2)cc1,45.0,0.32844046,,,
602457926,CC(=O)c1ccc2c(c1)C(=O)N(c1cccc(N3C(=O)c4ccc(C)cc4C3=O)c1)C2=O,160.0,0.37554378,,,
602531963,CCCCOC(=O)CCCCCCC(=O)OC,-15.0,0.34528198,,,
603228174,Cc1ccc(Oc2ccc(N3C(=O)c4ccc(Oc5ccc6ccc(Oc7ccc8c(c7)C(=O)N(C)C8=O)cc6c5)cc4C3=O)cc2)cc1,220.0,0.36486297,,,
603751130,CC(=O)OCCN(CCOC(=O)c1ccc2c(c1)C(=O)N(c1cccc(N3C(=O)c4ccc(C)cc4C3=O)c1)C2=O)c1ccc(N=Nc2ccc(F)cc2)cc1,221.0,0.35292509,,,
603788368,Cc1cccc(C(=O)Nc2ccc(Oc3ccc(NC(=O)c4cccc(N5C(=O)c6ccc(-c7cccc8c7C(=O)N(C)C8=O)cc6C5=O)c4)cc3)cc2)c1,49.0,0.35298703,,,
604020908,Cc1ccc(Oc2cccc(Oc3ccc(N4C(=O)c5cccc(Oc6ccc(Oc7cccc8c7C(=O)N(C)C8=O)cc6)c5C4=O)cc3)c2)cc1,275.5,0.35919355,,,
604200639,CCC(C)C(=O)OCCN(CC)c1ccc(N=Nc2ccc([N+](=O)[O-])cc2Cl)cc1,104.0,0.36808555,,,
604209273,CNc1c2ccccc2c(-c2c3ccccc3c(NC)c3cccc(-c4cccc5ccccc45)c23)c2c(-c3cccc4ccccc34)cccc12,,0.37421726,,,
604265550,CCCOCCOC(=O)C1CCC(C(=O)OC)CC1,160.0,0.33324128,,,
604677160,Cc1ccc(Oc2ccc3ccc(Oc4ccc(-c5nc(C)nc(-c6ccccc6)n5)cc4)cc3c2)cc1,-15.0,0.40348828,,,
604776418,COc1ccc(OC(=O)c2cc(OCCCCCCCCCCC(F)(F)C(F)(F)C(F)(F)C(F)(F)C(F)(F)C(F)(F)C(F)(F)C(F)(F)C(F)(F)C(F)(F)F)cc(C(C)=O)c2)cc1,268.0,0.34786426,,,
605651145,Cc1ccc(-c2nc3cc(Oc4ccc(NC(=O)c5cc(C(=O)Nc6ccc(Oc7ccc8nc(-c9ccccc9)c(C)nc8c7)cc6)cc(N6C(=O)c7ccccc7C6=O)c5)cc4)ccc3nc2-c2ccccc2)cc1,,0.38397838,,,
605771725,CC(=O)Nc1ccc(Cc2ccc(NC(=O)c3ccc4c(c3)C(=O)N(c3ccc(N=Nc5ccc(C)cc5)c(N5C(=O)c6ccc(C)cc6C5=O)c3)C4=O)c(C)c2)cc1C,290.0,0.37339461,,,
605793172,Cc1ccc2c(c1)C(=O)N(c1ccc(C(=O)Nc3ccc(Oc4ccc(C(c5ccc(Oc6ccc(NC(=O)c7ccc(N8C(=O)c9ccc(C(C)(C(F)(F)F)C(F)(F)F)cc9C8=O)cc7)cc6)cc5)(C(F)(F)F)C(F)(F)F)cc4)cc3)cc1)C2=O,-52.5,0.36745826,,,
605814238,CCOC(=O)C(Cc1ccc(OC)cc1)NC(=O)CCc1ccc(OC(=O)CCCCC(C)=O)cc1,245.0,0.33942304,,,
606001217,CCCCCCCCCCCNC(=O)CCCCCCCCCCCCC(=O)NC,302.0,,0.342,0.911164148,18.99975515
606308469,CCC(C)C(=O)OCCCCOc1ccc(-c2ccc(C#N)cc2)cc1,291.0,0.3538219,,,
606742148,CCCNC,214.0,0.40888608,0.351,0.992409385,16.50971705
607683819,CNCCOCCOCCNC,61.0,0.31484972,,,
607770016,COc1ccc(-c2ccc(Oc3ccc(C(=O)c4cccc(C(=O)c5ccc(C)cc5)c4)cc3)cc2)cc1,,0.36424669,,,
607998522,CCCCCCCS(=O)(=O)CCCCCS(C)(=O)=O,-12.0,,,1.153509737,18.44065947
608351613,COc1ccccc1C(=O)OC(=O)c1ccccc1OC(=O)C(C)C(C)C(C)=O,255.0,0.33232876,,,
608511939,C=Cc1ccc(C(=O)CCCCC(=O)c2ccc(C=C3CN(C)CC(=C)C3=O)o2)o1,95.14114513,,,,
608604797,CNc1ccc([C@H]2CCC[C@H](c3ccc(NC)cc3)C2)cc1,302.0,0.35086316,,,
609443471,CCN1C(=O)c2cc(NC)cc(c2)N(CC)C(=O)c2cc(NC)cc(c2)N(CC)C(=O)c2cc(N)cc1c2,,0.35869989,,,
609699139,Cc1ccc(Oc2ccc(C(=O)c3cccc(C(=O)c4ccc(Oc5ccc(-c6nc(-c7ccc(-c8nc(C)c(-c9ccccc9)[nH]8)cc7)[nH]c6-c6ccccc6)cc5)cc4)c3)cc2)cc1,293.0,0.39401881,,,
610205689,CCC(C)c1ccccc1C(=O)OCC(C)C,61.0,0.37502808,0.1696666666666666,,
610301577,CCCOCCOCCOC(=O)CCCCCC(=O)OC,,0.33929278,,,
610345428,CCCCCCCC(c1ccc(O)cc1)C(C)c1ccc(O)cc1C,30.0,0.35738719,,,
610467941,Cc1ccc(Oc2ccc(-c3nc4cc(Oc5ccc(NC(=O)c6cc(C(=O)Nc7ccc(Oc8ccc9nc(-c%10ccccc%10)c(C)nc9c8)cc7)cc(N7C(=O)c8ccccc8C7=O)c6)cc5)ccc4nc3-c3ccccc3)cc2)cc1,-48.0,0.37759682,,,
611038154,COC1C(CO)OC(C)C(NC(C)=O)C1O,127.0,0.3018663,,,
611092350,CNc1ccc2c(c1NC)C(C)(C)C(C)(C)C2(C)C,159.0,0.36414557,,,
611474327,CCC(C)c1cc(C(F)(F)F)ccc1C(F)(F)F,18.0,0.37028401,,,
611875813,Cc1cc(-c2ccc(C(=C3C=C(C(C)(C)C)C(=O)C(C(C)(C)C)=C3)c3cc(C(C)(C)C)c(O)c(C(C)(C)C)c3)cc2)c(C)s1,45.0,0.4542834,,,
612139638,CCCC[n+]1ccc(C=Cc2ccc(N(CCC)CCOC(=O)Nc3ccc(C)c(NC(=O)OC)c3)cc2)cc1,154.6,0.35814643,,,
612321381,COc1ccc(C=CC(=O)c2ccc(Oc3ccc(C(C)(c4ccccc4)c4ccc(C)cc4)cc3)cc2)cc1,,0.37609357,,,
613718745,CCC(C)C(=O)NCCC[N+](C)(C)CCCS(=O)(=O)O,270.0,0.4782126,,,
614253049,COc1ccc(CC(NC(=O)CCc2ccc(OC(=O)CCCCCCCCC(C)=O)cc2)C(=O)OCc2ccccc2)cc1,127.0,0.34821284,,,
614398604,CCCCCCCNC(=O)CCCCCCC(=O)NC,-44.5,0.34822579,0.345,,
615042961,Cc1ccc(Oc2cccc3c(NC(=O)c4ccc(Oc5ccc(C(=O)Nc6cccc7c(Oc8ccc(-c9nnc(C)o9)cc8)cccc67)cc5)cc4)cccc23)cc1,18.0,0.36893685,,,
615903439,CCCc1ccc(C)o1,260.0,0.3766254,0.2784999999999999,1.10299243,21.29011365
616073908,CCC(=O)Nc1ccc(Oc2ccc(Oc3ccc(NC(=O)CN4C(=O)c5ccc(C(c6ccc7c(c6)C(=O)N(C)C7=O)(C(F)(F)F)C(F)(F)F)cc5C4=O)cc3)cc2)cc1,154.6,0.34249238,,,
616177559,CSc1ccc(C)cc1,64.586946,,,1.231097312,21.1652389
616276017,Cc1ccc(NC2CC(=O)N(c3ccc(-c4sc(-c5ccc(N6C(=O)CC(Nc7ccc(-c8nc(-c9ccc(C=Cc%10ccc([N+](=O)[O-])cc%10)s9)[nH]c8C)cc7)C6=O)cc5)c(-c5ccccc5)c4-c4ccccc4)cc3)C2=O)cc1,,0.39689813,,,
616326539,CCC(C)n1cc2ccccc2n1,-12.6,0.37138173,0.2075,1.124957708,13.9727997
616797364,CCC1=C(NC)[C@H]2C(=O)c3c(N)ccc(N)c3C(=O)[C@H]2C(NC)=C1,242.0,0.33783648,,,
616888672,CCC(C)(C)C(=O)OCC#CO[Si](C)(C)C,90.0,0.41218435,,,
617569770,COc1ccc(C=Nc2ccc(N=Cc3ccc(Oc4ccc(C(c5ccccc5)(c5ccccc5)c5ccc(C)cc5)cc4)cc3)cc2)cc1,,0.39135122,,,
617741611,CC(=O)c1ccc(C(=O)c2ccc3c(c2)C(=O)N(c2ccc(C(=O)c4ccc(C(=O)c5ccc(N6C(=O)c7ccc(C)cc7C6=O)cc5)cc4)cc2)C3=O)cc1,141.5,0.37260592,,,
617827761,CC(=O)Nc1cccc(NC(=O)c2cccc(NC(=O)c3ccc(-c4nc5cc(C)ccc5[nH]4)cc3)c2)c1,42.0,0.35742387,,,
618105578,CCN(CCOC(=O)Cc1cc(C)sc1C)c1ccc(N=Nc2ccc([N+](=O)[O-])cc2)cc1,57.0,0.37112026,,,
618173505,CCC(C)c1ccc(F)cc1C,,,0.1413333333333333,0.994546299,15.55720188
618916633,COc1ccc(NC(=O)CCCCC(=O)Nc2ccc(OC3COC4C(C)COC34)cc2)cc1,25.5,0.33012557,,,
619288860,Cc1cccc(N2C(=O)c3cccc(Oc4ccc(Sc5ccc(Oc6cccc7c6C(=O)N(C)C7=O)cc5)cc4)c3C2=O)c1,242.0,0.36869837,,,
619459444,CNc1cc(NC(=O)CCCCC(C)=O)cc(-c2nnc(-c3ccccn3)o2)c1,90.0,0.35404898,,,
619582212,COc1ccc(N=CCCCC=Nc2ccc(OC(=O)NCCCCCCNC(C)=O)cc2)cc1,,0.34722952,,,
620886467,CCCCCCCCCCCCOC(=O)C(Cc1ccc(OC)cc1)NC(=O)CCc1ccc(OC(=O)CCCCCCCCC(C)=O)cc1,41.5,0.36486218,,,
621166590,Cc1ccc(-c2cc(-c3ccc(-c4ccccc4)cc3)cc(-c3ccc(N4C(=O)c5ccc(NC(=O)Nc6ccc(NC(=O)Nc7ccc8c(c7)C(=O)N(C)C8=O)cc6)cc5C4=O)cc3)n2)cc1,231.0,0.35975912,,,
621229234,CN=Nc1ccc(Nc2ccc(C(=O)c3ccc(Nc4ccc(C)cc4)cc3)cc2)cc1,57.0,0.39319261,,,
621730557,Cc1cc(Br)c(Oc2c(Br)cc(N3C(=O)c4ccc(-c5ccc6c(c5)C(=O)N(C)C6=O)cc4C3=O)cc2Br)c(Br)c1,,0.43253856,,,
622020530,CCOC(=O)CCCCCCCCC1CC2CC1C(C)C2C,260.0,0.36983985,,,
622295554,CCCCCCCCCC(C)Cl,292.0,0.40010889,,,
622583757,CNC1CCC(CC2CCC(NC(=O)CCCCCCCCCCCCC(C)=O)CC2)CC1,,0.36779404,0.31314051,0.965050795,22.54553609
622739506,CC(=O)OCCN(CCOC(=O)c1ccc2c(c1)C(=O)N(c1c(C)cc(Cc3cc(C)c(N4C(=O)c5ccc(C)cc5C4=O)c(C)c3)cc1C)C2=O)c1ccc(N=Nc2ccc([N+](=O)[O-])cc2)cc1,287.0,0.376155,,,
622744419,CC=Cc1cc(OCC(CC)CCCC)c(C)cc1OC,150.0,0.39086339,,,
622964705,CCCCOC(=O)CCCCCCCCCCCCCCCCC(=O)OC,231.0,,0.364,0.922711633,21.46640792
623331916,CCCCCCCOC(=O)C(CCCCCCOc1ccc(-c2ccc(OCc3ccc([N+](=O)[O-])cc3)cc2)cc1)C(=O)OC,17.95743357,,,,
623402372,CCCCCCCCOC(=O)C(Cc1ccc(OC)cc1)NC(=O)Cc1ccc(OC(=O)CCCCCCCCC(C)=O)cc1,,0.35685059,,,
623537081,COP(=O)(Oc1ccc(NC(=O)Oc2ccc(C(C)(C)c3ccc(OC(=O)Nc4ccc(C)cc4)cc3)cc2)cc1)c1ccccc1,12.5,0.35222708,,,
624096781,CNc1cc2c(cc1NC)[C@H]1c3ccccc3[C@@H]2c2cc(N)c(N)cc21,243.0,0.38373071,,,
624193573,CCC(C)C(=O)OCCC#N,,0.35583972,0.195,1.065811773,14.52014103
624503496,CNc1cc([N+](=O)[O-])c(NC(=O)CCCCCCCCCCCCC(C)=O)cc1C=Cc1ccc(N(C)C)cc1,287.0,0.35550969,,,
624903152,CC(=O)Nc1ccc(Oc2cccc(NC(=O)c3ccc4c(c3)C(=O)N(c3ccc(-c5sc(-c6ccc(N7C(=O)c8ccc(C)cc8C7=O)cc6)c(-c6ccccc6)c5-c5ccccc5)cc3)C4=O)c2)cc1,-33.0,0.3840852,,,
625017301,CCCCNC(=O)CCCCC(=O)NCCCN(C)C,131.0,0.34164847,,,
625314216,COc1cc(NC(=O)Oc2ccc(C)cc2)ccc1-c1ccc(NC(=O)Oc2ccc(-c3nc(-c4ccc(-c5nc(-c6ccc([N+](=O)[O-])cc6)c(-c6ccc([N+](=O)[O-])cc6)[nH]5)cc4)[nH]c3C)cc2)cc1OC,,0.37903045,,,
625438419,CCCC1CC(=O)N(C)C1=O,111.0,0.31621723,,,
625535971,CC(=O)Nc1ccc(Oc2cccc(NC(=O)c3ccc4c(c3)C(=O)N(c3ccc(Oc5ccc(N6C(=O)c7ccc(C)cc7C6=O)cc5)cc3)C4=O)c2)cc1,315.0,0.3509688,,,
626242594,CNc1ccc(C2(c3ccc(NC(=O)c4ccc(C(C)=O)cc4)cc3)c3ccccc3-c3ccccc32)cc1,5.0,0.37325981,,,
626677373,CNc1ccc2c(C)cc(NC)c(C)c2c1,16.0,0.3446566,,,
626841881,CNc1cc2c(cc1NC)C1(c3ccccc3-c3ccccc31)c1cc(N)c(N)cc1-2,34.0,0.38997416,,,
627271746,Cc1ccc(Oc2ccc(N3C(=O)c4ccc(-c5ccc6c(c5)C(=O)N(C)C6=O)cc4C3=O)cc2Br)c(Br)c1,236.0,0.40757312,,,
627600990,CCCCCCCCCCCOCOC,4.0,,0.297,,
627652902,CC(=O)C1C2C=CC(C2)C1C,,0.34482539,,,
628380881,CC(=O)Nc1ccc(Oc2ccc(C(=O)c3ccc(Oc4ccc(NC(=O)c5ccc(C)nc5)cc4)cc3)cc2)cc1,111.0,0.35989736,,,
628657458,CCCCCCCCC(CCCCCCCC)n1c2cc(C)ccc2c2ccc(-c3ccc(-c4ccc(-c5ccc(C)s5)c5nsnc45)s3)cc21,315.0,0.42868905,,,
628680153,CCC(C)(C)C(=O)OCCCCCCC(F)(F)C(F)(F)C(F)(F)C(F)(F)F,5.0,0.36048254,,,
629088925,CNc1ccc(-c2ccc(NC(=O)c3cc(NC(=O)c4ccc(NC(=O)C(C)N5C(=O)c6ccccc6C5=O)cc4)cc(C(C)=O)c3)cc2)cc1,223.0,0.33619542,,,
630629376,COc1ccc(Cc2ccc(OC(=O)OCC3CCC(COC(C)=O)CC3)cc2)cc1,131.0,0.35373109,,,
630773371,COP(=O)(Oc1ccccc1)Oc1c(Br)cc(C(c2cc(Br)c(C)c(Br)c2)(C(F)(F)F)C(F)(F)F)cc1Br,236.0,0.39155263,,,
630928117,CCC(C)(C)C(=O)OCc1c(F)cccc1F,319.0,0.33933326,,,
631598953,CCCOCCOC(=O)c1ccc(-c2ccc(C(=O)OC)cc2)cc1,202.0,0.33590503,0.253846443,1.215132769,22.65495181
631618960,CCCC(c1ccc(C)o1)c1ccc(CNC(=O)OC(COC(=O)NCC)c2ccco2)o1,56.9,0.35326235,,,
631651015,CNc1ccc(Cc2ccc(NC(=O)c3cc(NC(=O)CCCCCN4C(=O)c5ccccc5C4=O)cc(C(C)=O)c3)cc2)cc1,275.0,0.33693236,,,
633021524,CCCCCCCCOP(C)(=NC)OCCCCCCCC,82.0,0.41038222,,,
633348725,CCCCCS(=O)(=O)CC(CC)OC,50.0,0.39727249,,,
633555318,CCCCCCCCCc1nc2cc(NC(=O)CCCCCCCCC(=O)Nc3ccc4oc(C)nc4c3)ccc2o1,170.0,0.35982282,,,
633682320,CC(=O)OCCN(CCOC(=O)c1ccc2c(c1)C(=O)N(c1ccc(N=Nc3ccccc3)c(N3C(=O)c4ccc(C)cc4C3=O)c1)C2=O)c1ccc(N=Nc2ccccc2)cc1,126.0,0.36198377,,,
633891368,CCCN(CCOC(=O)CCCCC(=O)OC)c1ccc(C=NN(c2ccccc2)c2ccccc2)cc1,23.0,0.36249532,,,
634005101,COC(=O)c1cccc(C(C)=O)c1,202.0,0.31383194,,,
634098628,CC(=O)c1ccc2c(c1)C(=O)N(c1cc(C(=O)c3ccccc3)cc(N3C(=O)c4ccc(C)cc4C3=O)c1)C2=O,56.9,0.37719699,,,
634363683,Cc1ccc2[nH]c3ccc(C)cc3c2c1,246.5898577,,,,
634587841,CCCCCCCOc1ccc(C(=O)N(C(=O)c2ccc(OC)cc2)c2ccccc2)cc1,82.0,0.36864893,,,
634645972,CCCCCCCCCCCCCCCCCCN1C(=O)C(C)C(CCC)C1=O,50.0,0.39298677,,,
635174783,CC(=O)Nc1c(C)cc(C)c(NC(=O)c2ccc3c(c2)C(=O)N(c2c(C)cc(C)c(N4C(=O)c5ccc(C)cc5C4=O)c2C)C3=O)c1C,43.0,0.38812467,,,
635384570,CCCCOc1ccc(-c2nc(C)c(-c3ccc(OC)cc3)c(OCCOC(=O)CCCCC(=O)OCCOC)n2)cc1,195.0,0.35402393,,,
635778401,CC(=O)Nc1ccc(Oc2ccc(S(=O)(=O)c3ccc(Oc4ccc(NC(=O)c5ccc6c(c5)C(=O)N(c5ccc(Oc7cccc8c(Oc9ccc(N%10C(=O)c%11ccc(C)cc%11C%10=O)cc9)cccc78)cc5)C6=O)cc4)cc3)cc2)cc1,-84.0,0.36004645,,,
636010546,Cc1ccc2c(c1)C(=O)N(c1ccc(C(c3ccc(N4C(=O)c5ccc(C(C)(C(F)(F)F)C(F)(F)F)cc5C4=O)c(O)c3)(C(F)(F)F)C(F)(F)F)cc1O)C2=O,39.0,0.3866973,,,
636356107,CC(F)(F)C(C)(F)C(F)(F)C(F)(F)C(F)(F)C(F)(F)C(F)(F)F,93.0,0.37519669,,,
636526191,CCC(C)(C)C(=O)OCCCCCCOc1ccc(C(=O)Oc2ccc(OC)cc2)cc1OC,34.0,0.34293786,,,
636697748,CCCN(CCOC(=O)Nc1ccc(C)c(NC(=O)OC)c1)c1ccc(N=Nc2ccc(-c3nc4ccccc4o3)cc2)cc1,260.0,0.35811225,,,
636769312,COc1ccc(OC(C)COCCCCCCCOc2ccc(-c3ccc(C(C)=O)cc3)cc2)c([N+](=O)[O-])c1,130.0,0.34838594,,,
636957306,CNc1ccc(C(c2ccc(C)cc2)(c2ccc(N)cc2)c2ccc(NC)cc2)cc1,282.0,0.37785275,,,
637091082,CNc1ccccc1CCc1ccccc1NC,49.0,0.338535005,,,
637512395,Cc1ccc(-c2cc(C(C)(C)C)c(Oc3ccc(N4C(=O)c5ccc(-c6ccc7c(c6)C(=O)N(C)C7=O)cc5C4=O)cc3C(F)(F)F)c(C(C)(C)C)c2)cc1,100.0,0.40636639,,,
637669265,CCC(C)C(=O)NCCC[N+](C)(C)C,67.1,0.68705709,,,
638093915,CNc1ccc(Cc2ccc(CCCc3ccc(Cc4ccc(NC)cc4)cc3C)c(C)c2)cc1,288.0,0.35703055,,,
638503428,CCCCCCCCCCCOC(=O)CCCCCCCC(=O)OC,34.0,,0.3325,0.932306919,23.93933283
638750992,CCCOP(=O)(N=Nc1ccc(COC(=O)c2cc(C(=O)OCc3ccc(N=NP(=O)(OC)OC)cc3)cc(C(C)(C)C)c2)cc1)OC,260.0,0.35548,,,
638889974,CNc1ccc(-c2ccc(NC)cc2Cc2ccc(C)cc2)c(Cc2ccc(C)cc2)c1,57.0,0.35865855,,,
639451609,CCC(C)(C)C(=O)OCc1c(Cl)cccc1Cl,232.5,0.35787475,0.140187539,1.273236404,15.96291331
639553637,CNc1cccc(-c2ccc(Cc3ccc(-c4cccc(NC)c4)cc3)cc2)c1,49.0,0.34598803,,,
639559230,COc1ccc(NC(=O)c2cccc(C(=O)Nc3ccc(Oc4ccc(C(=O)c5ccc(C)cc5)cc4)cc3)c2)cc1,,0.3548653,,,
639745269,CNc1ccc(-c2ccc(NC)cc2C)c(C)c1,50.0,0.357459635,,,
639748056,CC(=S)Nc1ccc(Oc2ccc(NC(=S)N3C(=O)c4ccc(C(c5ccc6c(c5)C(=O)N(C)C6=O)(C(F)(F)F)C(F)(F)F)cc4C3=O)cc2)cc1,58.9,0.3660155,,,
639770063,CCC(C)(C)C(=O)OCCC1CC[N+](C)(CCCCCCOc2ccc(N=Nc3ccc([N+](=O)[O-])cc3)cc2)CC1,,0.36107045,,,
639845225,Cc1ccc(-c2ccc3nc(Oc4cc(-c5ccccc5)c5cc(C)ccc5n4)cc(-c4ccccc4)c3c2)cc1,57.0,0.39441053,,,
639994792,COC(C)C(C)=O,260.0,0.34796841,0.210749746,1.143181088,21.00279981
640271931,Cc1ccc(Oc2ccc(-c3c(-c4ccccc4)nc4ccc(Oc5ccc6nc(-c7ccccc7)c(C)c(-c7ccccc7)c6c5)cc4c3-c3ccccc3)cc2)cc1,,0.39811449,,,
640431640,COS(=O)(=O)c1ccc(-c2ccc(S(=O)(=O)Oc3c(Br)cc(C4(c5cc(Br)c(C)c(Br)c5)CCCCC4)cc3Br)cc2)cc1,268.4647521,,,,
640690307,CC(=O)c1cc2c(cc1Cl)C(=O)N(c1cccc(N3C(=O)c4cc(C)c(Cl)cc4C3=O)c1)C2=O,58.9,0.38683576,,,
641501724,CCCCCCCCCCCCOC(=O)c1cc(NC(=O)c2ccc(NC(=O)CCCCCCCCCCC(=O)Nc3ccc(C(C)=O)cc3)cc2)ccc1NC,252.5,0.35299755,,,
642211921,CNC[C@H]1CC[C@H](CNC)CC1,145.0,0.33898524,,,
642330071,CCOc1ccc(N=Nc2ccc(-c3ccc(N=Nc4ccc(OCC)cc4)cc3C(=O)Oc3ccc(-c4ccc(OC)cc4)cc3)c(C(C)=O)c2)cc1,,0.37270172,,,
642473337,Cc1ccc2c(c1)C(=O)N(c1cccc(C(=O)Nc3ccc(NC(=O)c4cccc(N5C(=O)c6ccc(C(C)(C(F)(F)F)C(F)(F)F)cc6C5=O)c4)cc3)c1)C2=O,260.0,0.35936185,,,
642535209,CCCCCCCOC(=O)c1ccc(-c2ccc(C(=O)OC)cc2)cc1,205.5,0.35003142,0.280572663,1.134208413,23.41197616
642639550,Cc1nc(C)nc(N(CCCCN(C)c2ccccc2)c2ccccc2)n1,229.0,0.39040149,,,
642668949,COc1cccc(NC(=O)c2cccc(C(=O)Nc3ccc(Oc4ccc(C(=O)c5ccc(C)cc5)cc4)cc3)c2)c1,300.0,0.35172352,,,
642673445,CCC(O)COc1ccc(C(C)(C)c2ccc(OCC(O)COc3cccc(NC(=O)CCCCCCC(=O)Nc4cccc(OC)c4)c3)cc2)cc1,58.4,0.33977526,,,
643189465,CNc1c(-c2ccccc2)cc(-c2ccc(-c3cc(-c4ccccc4)c(NC(=O)c4ccc(C(C)=O)cc4)c(-c4ccccc4)c3)cc2)cc1-c1ccccc1,252.5,0.38237528,,,
643385335,CCC(C)OC(F)(C(F)(F)F)C(F)(F)F,85.0,0.33430951,,,
643400948,CO[Si](C)(C)c1ccc([Si](C)(C)C)cc1,114.0,0.42793636,,,
643664826,CCCC(C)CCOC(=O)CCCCC(=O)OC,313.0,0.34352817,,,
644108438,CCOC(=O)OC(CC)C(COC(=O)OC)OC(=O)OCC,205.5,0.32380857,,,
644505079,COc1ccc(S(=O)c2ccc(Oc3ccc(C(C)(C)c4ccc(C)cc4)cc3)cc2)cc1,65.0,0.37231355,,,
644711726,CCC(C)C(=O)Oc1c(F)c(F)c(F)c(F)c1F,-18.0,0.33973517,,,
644898772,CNc1ccc(CC(c2ccc(N)cc2)(c2ccc(N)cc2)c2ccc(NC)cc2)cc1,311.0,0.36495838,,,
645076897,CCCCCCCCOC(=O)Nc1ccc(C)c(NC(=O)OC(=O)c2cc(C(=O)O)c(C(=O)NC)cc2C(=O)Nc2nc(C)nc(-c3ccccc3)n2)c1,-1.691479041,,,,
645165602,CCCCCCCCCCCCCCOC(=O)C(C)(C)CC,85.0,0.38812321,0.3115,0.862307366,11.14771595
645691711,CCCCCCCCCCCOC(=O)c1ccc(C(=O)NCCCNC(=O)c2ccc(C(=O)OC)cc2)cc1,76.72929425,,,,
646292703,CCCCCCCCCCCCn1c(C)ccc1-c1ccc(-c2ccc(-c3ccc(C)s3)s2)s1,92.0,0.41937735,,,
646573750,COc1ccc(C(C)=Nc2ccc(N=C(C)c3ccc(Oc4ccc(C(C)(C)c5ccc(C)cc5)cc4)cc3)cc2)cc1,135.0,0.38124481,,,
646596041,CNc1cc(C2(c3ccc(O)c(NC)c3)c3ccccc3-c3ccccc32)ccc1O,65.0,0.3549773,,,
646682941,CC(=O)c1ccc2c(c1)C(=O)N(c1cccc(C(=O)c3ccc(C(=O)c4cccc(N5C(=O)c6ccc(C)cc6C5=O)c4)cc3)c1)C2=O,-18.0,0.36114859,,,
647076607,CCC(O)CN(C)S(=O)(=O)c1cccc(S(=O)(=O)N(C)CC(O)COc2ccc(S(=O)(=O)c3ccc(OC)cc3)cc2)c1,-78.6,0.33964291,,,
647273188,CCCCCCCCCCOc1ccc(OC(=O)c2ccc(C(=O)Oc3ccc(OCCCCCCCCCC)cc3)c(C(C)CC)c2)cc1,49.8,0.37509747,,,
647435977,CC(=O)NCCCCCCNC(=O)c1ncn(C)c1C,165.0,0.33524849,,,
648079347,CCC1CCCC(CN2C(=O)c3ccc(-c4ccc5c(c4)C(=O)N(C)C5=O)cc3C2=O)C1,100.0,0.35269829,,,
648145091,Cc1ccc(Oc2cccc(Oc3ccc(N4C(=O)c5ccc(Oc6ccc(Oc7ccc(Oc8ccc9c(c8)C(=O)N(C)C9=O)cc7)cc6)cc5C4=O)cc3)c2)cc1,,0.35833955,,,
648159856,CNc1ccc2c(c1)C1(c3ccccc3-c3ccccc31)c1c-2cc(C(C)(C)C)c(NC)c1C(C)(C)C,-72.0,0.39847901,,,
648267860,CCCOCCOCCOC(=O)NCCCCCCNC(=O)OC,,0.33323045,,,
648602021,Cc1ccc(Nc2ccc(C3(c4ccc(Nc5ccc(S(C)(=O)=O)cc5)c(F)c4)c4ccccc4-c4ccccc43)cc2F)cc1,52.0,0.40886141,,,
648833303,COc1ccc(NC(=O)c2cccc(C(=O)Nc3ccc(C)cc3)c2)cc1,184.0,0.34689579,0.300233168,1.224593369,25.31389976
649508995,CCCCCCOC(=O)NCC(F)(F)C(F)(F)C(F)(F)C(F)(F)CNC(=O)OC,,0.31700681,,,
649600195,CCCCCCCCCCCCCN1C(=O)c2ccc(C(=O)c3ccc4c(c3)C(=O)N(C)C4=O)cc2C1=O,240.0,0.35477028,,,
650082699,CCCCCCC(C)c1cc(C)cc(C)c1OC,100.0,0.41283959,,,
650711958,CCSCC(CC)(COC)CSCC,264.0,0.41686273,,,
651742804,CCC(=O)NCCCCCCNC(=O)COC(=O)CCCCC(=O)OC,86.0,0.32189128,,,
651985897,COS(=O)(=O)c1cc(S(=O)(=O)Oc2ccc(C3(c4ccc(C)cc4)CCCCC3)cc2)ccc1C,87.5,0.36712523,,,
652006110,CNc1cc(NC)c2ccc3cccc4ccc1c2c43,234.0,0.33628882,,,
652579546,Cc1ccc(Oc2ccc(C(=O)c3cccc(C(=O)c4ccc(Oc5ccc(N6C(=O)c7ccc(Oc8ccc9c(c8)C(=O)N(C)C9=O)cc7C6=O)cc5)cc4)n3)cc2)cc1,184.0,0.35683183,,,
652611709,COc1ccc(NC(=O)c2cccc(C(=O)Nc3ccc(Oc4ccc(C5(c6ccc(C)cc6)CC6CCC5C6)cc4)cc3)c2)cc1,19.0,0.36723415,,,
652803633,CNc1ccc(/C=C/c2c3ccccc3c(/C=C/c3ccc(NC)cc3)c3ccccc23)cc1,-6.5,0.3630577,,,
652821562,CCCCCCCCCCOC(=O)CCC(=O)OC,145.0,0.3543665,,,
654743416,CC(=O)Nc1ccc(-c2ccc(N3C(=O)CC(N4C(=O)c5ccc(C)cc5C4=O)C3=O)cc2)cc1,264.0,0.35106689,,,
655941482,COc1ccc(OC(=O)c2ccc(C(C)(C)c3ccc(C(C)=O)cc3)cc2)cc1,33.0,0.35709066,,,
656702107,COc1ccc(P(C)(=O)c2ccc(Oc3ccc(C(c4ccc(C)cc4)(C(F)(F)F)C(F)(F)F)cc3)cc2)cc1,87.5,0.37833818,,,
657146499,CCCCCCCCCCCCCN1C(=O)c2ccc(-c3ccc(-c4ccc5c(c4)C(=O)N(C)C5=O)cc3)cc2C1=O,54.0,0.35494054,,,
657445738,CCCOCCOCCOCCOCCOCCOC(=O)c1cc(OCCCCCCOc2ccc(-c3ccc(OC)cc3)cc2)cc(C(=O)OC)c1,-32.0,0.34770487,,,
658598412,CN=P(C)(C)C,19.0,0.35255216,,,
658967063,CC(=O)NCCN(CCNC(=O)c1cccc(N2C(=O)c3ccc(C)cc3C2=O)c1)c1ccc(C=Cc2ccc([N+](=O)[O-])cc2)cc1,142.0,0.34009397,,,
659061902,CC/C=C\C[Si](C)(C)c1ccccc1,86.0,0.37739733,,,
659538579,CNc1cc(-c2ccccc2NC)cc(-c2cc3cc4ccccc4cc3c3cc4ccccc4cc23)c1,208.6,0.36115778,,,
659864655,CCCCCCCCCCCN1C(=O)c2ccc(C(c3ccc4c(c3)C(=O)N(C)C4=O)(C(F)(F)F)C(F)(F)F)cc2C1=O,256.0,0.35035919,,,
660205165,CNc1ccc2c(c1-c1c(NC)ccc3c1CCCC3)CCCC2,,0.36667006,,,
660253930,CCCCc1cc(-c2ccc(-c3cc(CCCC)c(-c4ccc(C)cc4)s3)cc2)sc1C,31.0,0.50077803,,,
660384405,CNc1ccc(-c2ccc(C3(c4ccc(-c5ccc(NC)cc5)cc4)CCCCC3)cc2)cc1,219.0,0.36004409,,,
660515467,Cc1ccc2c(c1)C(=O)N(c1ccc(Cc3ccc(N4C(=O)c5ccc(C(C)(C(F)(F)F)C(F)(F)F)cc5C4=O)c(C(C)(C)C)c3)cc1C(C)(C)C)C2=O,195.0,0.41254221,,,
661619581,CC=Cc1sc(-c2ccc(-c3ccc(-c4sc(C=CC5=CC(=C(C#N)C#N)C=C(C)O5)c(CCCCCC)c4CCCCCC)s3)s2)c(CCCCCC)c1CCCCCC,208.0,0.42318746,,,
661822184,CCC(=O)C(C)c1ccccc1,86.0,0.36460846,,,
661865874,CC(C)=C(C)[Si](C)(C)CC[Si](C)(C)C,12.5,0.4237153,,,
662156764,CNc1cc(C)c(Cc2ccc(CCCCCCCCCCc3ccc(Cc4c(C)cc(NC)cc4C)cc3)cc2)c(C)c1,-42.0,0.35745831,,,
662815164,COc1ccc(Oc2ccc(C(=O)c3ccc(C(=O)c4ccc(C)cc4)cc3)cc2)cc1-c1cccc(C)c1,,0.38304917,,,
663037039,COc1ccc(C(C)(C)c2ccc(Oc3ccc4c(=O)n5c6cc(Oc7ccc8c(c7)nc7c9ccc(C)c%10cccc(c(=O)n87)c%109)ccc6nc5c5cccc3c45)cc2)cc1,110.0,0.38434287,,,
663206655,COc1ccc(Oc2ccc(C(=O)c3ccc(C)cc3)cc2)cc1-c1cc(C)cc(C)c1,,0.38469279,,,
663317313,CCCCCCCOc1c(C)sc(C)c1C,32.04437108,,,,
663564627,CC(=O)Nc1ccc(NC(=O)c2ccc3c(c2)C(=O)N(c2ccc(Oc4ccc(N5C(=O)c6ccc(C)cc6C5=O)cc4)cc2)C3=O)c(OCCCCCCS(=O)(=O)c2ccc(C=Cc3ccc(N(C)C)cc3)cc2)c1,159.0,0.3564308,,,
663877510,CCCCCCCCCCCCCCOc1c(C)sc(C)c1C,58.3,,0.43675,0.944296325,14.84412514
663963917,CC(=O)NNC(=O)c1ccc([Si](c2ccccc2)(c2ccccc2)c2ccc(C(=O)NNC(=O)c3ccc(C)o3)cc2)cc1,162.0,0.37010873,,,
664013994,CNCCc1c2ccccc2c(NC)c2ccccc12,274.0,0.33811641,,,
664173456,CCC(C)(C)C(=O)OCC(=O)Nc1cc(C)on1,,0.3312576,,,
664256549,CNc1ccc(C2(c3ccc(NC)cc3)CCC([C@H]3CC[C@H](C)CC3)CC2)cc1,110.0,0.36506372,,,
664408041,CC(=O)Nc1cccc(NC(=O)c2ccc3[nH]c(-c4cc(-c5nc6cc(C)ccc6[nH]5)cc(N5C(=O)c6ccccc6C5=O)c4)nc3c2)c1,252.0,0.36836215,,,
664447199,CO[Si](C)(C)O[Si](C)(C)O[Si](C)(C)O[Si](C)(C)O[Si](C)(C)OC1=C(C)c2cccc3cccc1c23,,0.41112209,,,
664683374,CNc1ccc2cc3cc4cc5ccccc5cc4cc3cc2c1NC,159.0,0.34387937,,,
664875746,CCCCCCCCOc1ccc(C(=O)Oc2ccc(OCCCCCCOC(=O)C(C)(C)CC)cc2)cc1,334.0,0.3596616,,,
664999383,CCCCCCCCCCCCCOc1ccc(C(C)Cc2ccc(-c3ccc(OC)cc3)cc2)cc1,162.0,0.38201502,,,
665327981,CC=C(C)C(CCCCC)[Si](C)(C)C,-54.0,0.42424985,,,
665803754,CCCCCCCCNC(=O)NC,,0.34708922,,,
666199912,[2H]C([2H])([2H])C([2H])(C)C([2H])([2H])C,-1.0,0.3861434,,,
666249832,C=C[Si](C)(C=C)CC=CCC,252.0,0.40464632,,,
666714004,COc1c(C)cc(-c2cc(C)c(Oc3ccc(C(=O)c4ccc(C)cc4)cc3)c(C)c2)cc1C,,0.40345957,,,
666813875,CCCN(CCOC(=O)Nc1ccc(C)c(NC(=O)OC)c1)c1ccc(-c2nc3ccc([N+](=O)[O-])cc3o2)cc1,128.0,0.34475093,,,
666970760,CC(=O)Nc1ccc(NC(=O)c2ccc3[nH]c(-c4cccc(-c5nc6cc(C)ccc6[nH]5)c4)nc3c2)cc1,309.3374253,,,,
667460496,CCCCCCCCCN1C(=O)c2ccc(C(=O)c3ccc4c(c3)C(=O)N(C)C4=O)cc2C1=O,304.0,0.34741734,,,
667477556,CNc1ccc(-c2ccc(-c3ccc(NC)cc3)c3cc(C)ccc23)cc1,-54.0,0.36429835,,,
667584010,Cc1ccc(Oc2ccc(Oc3ccc(N4C(=O)c5ccc(Oc6ccc(Sc7ccc(Oc8ccc9c(c8)C(=O)N(C)C9=O)cc7)cc6)cc5C4=O)cc3)cc2)cc1,156.0,0.36605169,,,
667591489,CC(=O)c1ccc2c(c1)C(=O)N(c1ccc(OCCOCCOc3ccc(N4C(=O)c5ccc(C)cc5C4=O)cc3)cc1)C2=O,-1.0,0.34402774,,,
667840086,CCCCCCCCCCCOC(=O)CCCCCNC(=O)CCCCC(=O)NCCCCCC(=O)OC,40.0,0.35533448,0.2955,0.988248519,19.25074729
668141599,COc1ccc(OC(=O)Oc2ccc(C(C)=O)cc2)cc1,,0.33148318,,,
668621779,CCc1cccc(CNC(=O)CCC2(CCC(=O)NC)c3ccccc3-c3ccccc32)c1,62.0,0.34266557,,,
668704885,Cc1ccc(Oc2ccc(-c3c(-c4ccccc4)c4c(c(-c5ccccc5)c3-c3ccccc3)C(=O)N(c3ccc(N5C(=O)c6c(c(-c7ccccc7)c(-c7ccccc7)c(C)c6-c6ccccc6)C5=O)cc3)C4=O)cc2)cc1,0.0,0.41683897,,,
668824734,CCC(C)(CO)COC,-12.0,0.33612908,,,
668903098,CC1CCC(CC2CCC(N3C(=O)c4ccc(Oc5ccc6c(c5)C(=O)N(C)C6=O)cc4C3=O)C(C)C2)CC1C,246.635,0.37632492,,,
669620499,CCCSCc1ccc(Cc2ccc(CSCCOC(=O)CSCc3ccc(Cc4ccc(CSCC(=O)OC)cc4)cc3)cc2)cc1,156.0,0.36564834,,,
669636470,Cc1ccc(Oc2ccc(-c3ccc(Oc4ccc(N5C(=O)c6ccc(Oc7ccccc7Oc7ccc8c(c7)C(=O)N(C)C8=O)cc6C5=O)cc4)cc3)cc2)cc1,371.0,0.36159124,,,
669639800,CNC1CCC(CC2CCC(NC(=O)CCCCC(C)=O)CC2)CC1,113.0,0.35191825,,,
670004959,COc1cc(C(=O)OCC(COc2ccc(N=Nc3ccc(C#N)cc3)cc2)OC)ccc1C(C)=O,250.0,0.35609742,,,
670279906,CC(=O)Nc1ccc(Oc2cc(C(C)(C)C)c(Oc3ccc(NC(=O)c4ccc5c(c4)C(=O)N(c4ccc(Oc6ccc(C7(c8ccc(Oc9ccc(N%10C(=O)c%11ccc(C)cc%11C%10=O)cc9)cc8)CC8CC7C7CCCC87)cc6)cc4)C5=O)cc3)cc2C(C)(C)C)cc1,201.0,0.38634779,,,
670455816,CCCOCOC,235.0,0.34034968,,,
670472475,Cc1cccc(N2C(=O)c3ccc(Oc4cc5ccccc5cc4Oc4ccc5c(c4)C(=O)N(C)C5=O)cc3C2=O)c1,-12.0,0.37256174,,,
670589484,CNc1ccc2cccc(-c3cccc4ccc(NC)cc34)c2c1,74.0,0.35323413,,,
670939419,CCCc1ccc(NC(=O)c2cccc(C(=O)Nc3ccc(CCOC(=O)c4cccc(C(=O)OC)c4)cc3)c2)cc1,150.0,0.34340117,,,
671093250,Cc1ccc(Oc2ccc(C(C)(c3ccccc3)c3ccc(Oc4ccc(-c5nc(-c6ccccn6)nnc5C)cc4)cc3)cc2)cc1,371.0,0.39778842,,,
671188865,CCC(C)(C)C(=O)OCc1ccc(C=CC(=O)Oc2ccc(OC)cc2)cc1,62.0,0.33755795,,,
671342841,CCCCCCCCCNC(=O)c1ccc(C(=O)NC)c(Oc2ccccc2)c1,250.0,0.35113383,,,
671423635,CCC(C)(C)C(=O)OCCCCCCn1c2ccccc2c2ccccc21,14.0,0.35236027,,,
671507896,CCCCCC(CC(C)=O)OC,204.0,0.36904255,,,
671751803,CSc1ccc(Sc2ccc(Sc3ccc4c(c3)C(=O)N(N3C(=O)c5ccc(C)cc5C3=O)C4=O)cc2)cc1,96.0,0.38648084,,,
672322123,Cc1ccc(OCCCCCCCCCCCOC(=O)c2ccc(C(=O)OCCCCCCCCCCCOc3ccc(-c4nnc(C)s4)cc3)cc2)cc1,290.0,0.37335529,,,
672610446,CC(=O)c1ccc2nc(-c3ccccc3)c(-c3ccc(Oc4ccc(-c5nc6cc(C)ccc6nc5-c5ccccc5)cc4)cc3)nc2c1,-64.0,0.41566433,,,
673060988,CC(=O)c1ccc2c(c1)C(=O)N(c1ccc(Oc3c(C)cc(C(c4cc(C)c(Oc5ccc(N6C(=O)c7ccc(C)cc7C6=O)cc5)c(C)c4)c4cccc5ccccc45)cc3C)cc1)C2=O,237.0,0.40356882,,,
673094713,CNc1ccc(-c2cccc(-c3ccccc3NC)c2)cc1,223.5,0.34307779,,,
673172746,COc1ccc(C(c2ccc(OC(=O)c3ccccc3-c3ccccc3C(C)=O)cc2)(C(F)(F)F)C(F)(F)F)cc1,142.0,0.3557624,,,
673214221,CC=CC1CC(C)C2C(=O)N(c3cccc(F)c3)C(=O)C12,232.0,0.37532295,,,
673225351,Cc1ccc2c(c1)C(=O)N(c1ccc(C3(c4ccc(N5C(=O)c6ccc(C(C)(C(F)(F)F)C(F)(F)F)cc6C5=O)c(F)c4)c4ccccc4-c4ccccc43)cc1F)C2=O,272.0,0.42499356,,,
673445970,CCCCCCCCCCCCOC(=O)c1ccc(-c2ccc(OCCCCCCCC)cc2)c(C(C)CC)c1,96.0,0.38816333,,,
673499218,CC(=O)c1ccc2c(c1)C(=O)N(c1ccc(OCCOCCOCCOc3ccc(N4C(=O)c5ccc(C)cc5C4=O)cc3)cc1)C2=O,73.0,0.33962987,,,
673704172,CCC(C)(C)C(=O)OCCOCCOC,-33.0,0.33828721,,,
673883343,CCCC[Si](C)(CC)CCCC,352.0,0.40581493,,,
673984159,CCC(C(C)C)C(COC(=O)c1ccc(C(=O)OC)cc1)C(C)C,223.5,0.35713078,,,
674610445,CNc1c(NC)c(-c2ccccc2)c(-c2ccccc2)c(-c2ccccc2)c1-c1ccccc1,64.0,0.37324371,,,
674648279,CCC(C)(C)C(=O)OCCCCCCCCCCOc1ccc(N=Nc2ccc([N+](=O)[O-])cc2)cc1,271.0,0.36239685,,,
674773828,CNc1ccc(/C=C/c2ccc(NC(=C(C#N)C#N)c3ccc(C(C)=C(C#N)C#N)cc3)cc2)cc1,272.0,0.4055685,,,
674973559,CC(=O)OC1CC2CC(OC(=O)N3CCN(C)CC3)CC(C1)O2,65.0,0.33921521,,,
675621867,COC(=O)c1ccc(CCCCc2ccc(C(C)=O)cc2)cc1,162.0,0.35446575,,,
676068988,CCCCCCCCCNC(=O)CCCCCCCCC(=O)NC,,0.35653288,0.392,0.968044043,21.1064287
676116191,COc1ccccc1C(=O)OC(=O)c1ccccc1OC(=O)CCCC(C)=O,352.0,0.32224016,,,
676718973,CNc1ccc2c(-c3ccccc3)c3cc(NC)ccc3cc2c1,42.0,0.35297374,,,
676741869,Cc1cccc(-c2nc3cc(-c4ccc5c(c4)nc(C)n5CCCS(=O)(=O)O)ccc3n2CCCS(=O)(=O)O)c1,208.6363648,,,,
677190542,Cc1ccc(Oc2ccc3ccccc3c2-c2c(Oc3ccc(N4C(=O)c5ccc(NC(=O)Nc6cccc(NC(=O)Nc7ccc8c(c7)C(=O)N(C)C8=O)n6)cc5C4=O)cc3)ccc3ccccc23)cc1,57.0,0.35781631,,,
677732142,CC(=O)Nc1ccc(Oc2ccc(Oc3ccc(N4C(=O)c5ccc(C)cc5C4=O)cc3)cc2)cc1,-30.0,0.35682307,,,
677771115,CCC(C)OC(=O)C(Cc1ccc(OC)cc1)NC(=O)CCc1ccc(OC(=O)CCC(C)=O)cc1,65.0,0.34677139,,,
677895437,CCCCc1cc(-c2cc(CCCC)c(-c3cc(C)c4cccccc3-4)s2)sc1C,,0.45832341,,,
678137113,Cc1ccc2c(c1)C(=O)N(c1ccc(Oc3ccc(C(C)(C)c4ccc(Oc5ccc(N6C(=O)c7ccc(C(C)(C(F)(F)F)C(F)(F)F)cc7C6=O)cc5)cc4)cc3)cc1)C2=O,283.0,0.37813384,,,
678912517,CCC(C)(C)C(=O)OCCCCCCOc1ccc(C(=O)Oc2ccc(C)cc2)cc1,250.0,0.3526035,,,
678917308,CCC(C)(C)C(=O)OC,113.0,0.3478783,,,
679096847,CCCCCCCCCCCCCCc1cc(-c2cc(CCCCCCCCCCCCCC)c(-c3cc(C)c4cccccc3-4)s2)sc1C,46.0,0.42191423,0.316,,
679122345,COP(=O)(Oc1ccc(Cl)cc1)Oc1c(Cl)c(Cl)c(C)c(Cl)c1Cl,54.0,0.35896209,,,
679270138,CNc1ccc2c(c1)C1(c3cc(NC)ccc3-2)c2cc(C(C)(C)C)ccc2-c2ccc(C(C)(C)C)cc21,50.0,0.401012485,,,
679274532,CNc1cc(C)c(Cc2ccc(CCCCCCCCCCCCCCc3ccc(Cc4c(C)cc(NC)cc4C)cc3)cc2)c(C)c1,-12.0,0.36028075,,,
679404420,Cc1ccc(-c2ccc(N3C(=O)c4c(c(-c5ccccc5)c(-c5ccc(Oc6ccc(-c7c(-c8ccccc8)c8c(c(-c9ccccc9)c7-c7ccccc7)C(=O)N(C)C8=O)cc6)cc5)c(-c5ccccc5)c4-c4ccccc4)C3=O)cc2)cc1,-10.0,0.41331877,,,
679533117,CNc1ccc([C@@H](c2ccccc2)c2ccc(NC)c([C@@H](c3ccccc3)c3ccc(N)cc3)c2)cc1,283.0,0.36527705,,,
679561961,CCCCC(C)(C)C,250.0,0.4001286,0.236,0.780478615,15.7837124
679722974,Cc1ccc(Oc2ccc(P(=O)(c3ccccc3)c3ccc(Oc4ccc(-c5ccc(C)nc5)cc4)cc3)cc2)cc1,75.0,0.38782954,,,
679930104,COc1ccc(NC(=O)c2cc(-c3ccc(C(=O)O)c(C(=O)Nc4ccc(C)cc4)c3)ccc2C(=O)O)cc1,124.0,0.32759097,,,
680389374,CC(=O)c1ccc2c(c1)C(=O)N(c1cccc(OP(=O)(Oc3cccc(N4C(=O)c5ccc(C)cc5C4=O)c3)c3ccccc3)c1)C2=O,244.4,0.36051533,,,
680463465,Cc1ccc(Oc2ccc(S(=O)(=O)c3ccc(Oc4ccc(C5(C)OC(=O)c6ccccc65)cc4)cc3)cc2)cc1,45.0,0.37707713,,,
680864768,CCC[C@H](c1ccc(C2(c3ccc([C@@H](CCC)c4ccc(NC)cc4C)cc3)CCC(CC)CC2)cc1)c1ccc(NC)cc1C,-12.0,0.37733794,,,
680937306,Cc1ccc(Oc2ccc(-c3nc4ccc(-c5ccc6nc(C)c(-c7ccccc7)c(-c7ccccc7)c6c5)cc4c(-c4ccccc4)c3-c3ccccc3)cc2)cc1,-10.0,0.41401327,,,
680984529,CCCCCCOc1ccc(C(=O)Oc2ccc(OC(=O)CCCCCOC(=O)C(C)(C)CC)cc2)cc1,119.0,0.35200857,,,
681027587,CNc1ccc2c(c1)C(C)(C)C[C@@]2(C)c1ccc(C)c(NC)c1,247.0,0.36931693,,,
681043697,CN[C@H]([C@H](N)CO)[C@@H](C=O)NC,,0.29472279,,,
681148438,Cc1ccc2c(c1)C(=O)N(c1cccc(C(=O)Nc3ccc(Oc4ccccc4Oc4ccc(NC(=O)c5cccc(N6C(=O)c7ccc(C(C)(C(F)(F)F)C(F)(F)F)cc7C6=O)c5)cc4)cc3)c1)C2=O,399.0,0.35765062,,,
681382026,CCC(c1ccccc1)C1C(=O)N(CCCOc2ccc(-c3ccc(C#N)cc3)cc2)C(=O)C1C,44.0,0.3562068,,,
681607778,CCCN(CCOC(=O)NCCCCCCNC(=O)OC)c1ccc(N=Nc2ccc(C)cc2)cc1,24.09354398,,,,
682136136,CCC1(COC)CC2CCC1CC2,81.08225465,,,,
682392464,CCC(OCC(C)C)C(C)(C(=O)OC)C(C)(C)C(=O)OC,184.4,0.36938061,,,
682727526,CCOC(=O)c1ccccc1N1C(=O)C(C)C(C)C1=O,176.5,0.37540296,,,
682848245,Cc1cccc(Oc2cccc(N3C(=O)c4ccc(Oc5ccc6c(c5)C(=O)N(C)C6=O)cc4C3=O)c2)c1,247.0,0.36290404,,,
683188751,CCC(C)OC(=O)C(Cc1ccc(OC)cc1)NC(=O)CCc1ccc(OC(=O)CCCCCCC(C)=O)cc1,,0.35282718,,,
683707675,COc1ccc(C(C)(C)c2ccc(OC(=O)c3ccc([Si](C)(C)c4ccc(C(C)=O)cc4)cc3)cc2)cc1,300.0,0.37681981,,,
684755734,COP(=O)(Oc1ccccc1)Oc1ccc(-c2ccc(C)cc2)cc1,44.0,0.34952529,,,
684934727,C=CCC/C(=C(\C)c1ccc(NC)cc1)c1ccccc1-c1ccc(NC)cc1,207.0,0.36161485,,,
685115474,COc1ccc(C2(c3ccc(Oc4ccc(C(=O)c5ccc(C)cc5)cc4)c(C)c3)CCC3CCCCC3C2)cc1C,46.0,0.39820678,,,
685261613,CNc1ccc2c(c1)C(CC[C@@H](C)CCCC(C)C)(CC[C@@H](C)CCCC(C)C)c1cc(NC)ccc1-2,265.0,0.3674647,,,
685427135,COC(CCc1ccccc1)CC(C)=O,130.0,0.35135423,,,
685579898,COc1c(C)cc(-c2cc(C)c(Oc3ccc(C(=O)c4ccccc4-c4ccccc4C(=O)c4ccc(C)cc4)cc3)c(C)c2)cc1C,,0.40252214,,,
686272948,Cc1ccc(NC(=O)c2cc(C(=O)Nc3ccc(-c4nnc(C)o4)cc3)cc(N3C(=O)c4ccccc4C3=O)c2)cc1,201.0,0.36231124,,,
686526509,CCCCCCCCCCCCCCCCC[N+](C)(C)CCCCCC[N+](C)(C)C,125.5,,0.408,0.872184477,20.26505078
686833175,C/C=C(/C)C#CCCCCCCCCCCCCCCCCCCCCC(=O)O,230.0,,0.4105,0.885736749,15.06400186
687447085,Cc1ccc(Oc2ccc(C(=O)c3ccc(C(=O)c4ccc(Oc5ccc(-c6nc(-c7ccc(-c8nc(C)c(-c9ccccc9)[nH]8)cc7)[nH]c6-c6ccccc6)cc5)cc4)cc3)cc2)cc1,207.0,0.40004414,,,
687545221,CCCC=C(C)c1ccccc1,46.0,0.38403531,,,
687772920,CCCN(CCCCCOc1ccc(N=Nc2ccccc2)cc1)CCOC(=O)Nc1ccc(Cc2ccc(NC(=O)OC)cc2)cc1,180.0,0.35497879,,,
687864744,COc1ccc(C2(c3ccc(Oc4ccc(C(=O)Oc5ccc(C(C)(C)c6ccc(OC(=O)c7ccc(C)cc7)cc6)cc5)cc4)cc3)CCC(C(C)(C)C)CC2)cc1,112.0,0.37364551,,,
688101886,CC(=O)c1ccc2c(c1)C(=O)N(c1cccc(Cc3cccc(N4C(=O)c5ccc(C)cc5C4=O)c3)c1)C2=O,278.0,0.37198635,,,
688122210,COc1ccc(S(=O)(=O)c2ccc(Oc3ccc(C(C)(CCC(=O)O)c4ccc(C)cc4)cc3)cc2)cc1,201.0,0.36717423,,,
688609690,Cc1ccc(Cc2ccc(N3C(=O)c4ccc(Oc5ccc(C6(c7ccc(Oc8ccc9c(c8)C(=O)N(C)C9=O)cc7)CCCCCCCCCCC6)cc5)cc4C3=O)cc2)cc1,,0.38469309,0.234616466,1.105899582,19.80865113
688616302,CCCCCCCCCNC(=O)NCc1ccc(CNC(=O)NC)cc1,18.0,0.33930014,,,
688656899,COc1cc(C=NNC(=O)CSC)ccc1OCCCCCCCCCCOc1ccc(C=NNC(=O)CSc2nnc(C)s2)cc1OC,233.0,0.36310288,,,
688760840,COC(COC(=O)c1cccc(C(C)=O)c1)COc1ccc(N=Nc2ccc(C#N)cc2)cc1,327.0,0.35979025,,,
689174669,CCCCCCCCC1(CCCCCCCC)c2cc(C)ccc2-c2ccc(-c3cc(F)c(C)cc3F)cc21,240.0,0.41547343,,,
689311182,CCC(O)COC(=O)C1CCC(C(=O)OCC(O)COc2ccc(C(C)(C)c3ccc(OC)cc3)cc2)CC1,68.0,0.334916,,,
689497002,CCC(C)C(=O)OCCCCCOC(=O)c1ccc(OC(=O)c2ccc(C#N)cc2)cc1,278.0,0.3457648,,,
689573357,CCC(C)c1ccc([Si](O[Si](C)(C)C)(O[Si](C)(C)C)O[Si](C)(C)C)cc1,,0.48916637,,,
689602556,CCCCCCCCCCCCc1cc(-c2cc(CCCCCCCCCCCC)c(-c3ccc4cc5cc(C)ccc5cc4c3)s2)sc1C,34.0,0.4098993,,,
689672575,Cc1cc(-c2cc(C)c(N3C(=O)c4ccc(Oc5ccc(C(C)(C)c6ccc(Oc7ccc8c(c7)C(=O)N(C)C8=O)cc6)cc5)cc4C3=O)c(C)c2)cc(C)c1C,144.0,0.38990238,,,
690246774,CCC(O)COC(=O)c1cccc(C(=O)OCC(O)COc2ccc(C(C)(C)c3ccc(OC)cc3)cc2)c1,249.5,0.33980018,,,
690444653,Cc1cccc(-c2nc3cc(-c4ccc5[nH]c(C)nc5c4)ccc3[nH]2)c1,163.0,0.41970878,,,
690772081,CCCOCCOC(=O)CCCCC(=O)OC,240.0,0.33115638,,,
691002570,Cc1ccc(-c2ccc(-c3cc(-c4ccc(Oc5ccc(-c6cc(C)nc7ccccc67)cc5)cc4)c4ccccc4n3)cc2)cc1,68.0,0.39515201,,,
691154706,CCC(C)(CC(=O)OCCCC1CCCCC1)C(=O)OCCCC1CCCCC1,97.0,0.37003556,0.199,1.006667282,11.12507079
691219107,CCCCCCCCCCCSSC,410.0,0.43577618,,,
691290005,CC(c1ccccc1)C(C)[N+](=O)[O-],173.9913454,,,,
691340990,Cc1ccc(-c2nc3cc4nc(C)[nH]c4cc3[nH]2)cc1,340.5865983,,,,
691396928,COc1ccccc1C(=O)OC(=O)c1ccccc1OC(=O)c1ccc(C(C)=O)cc1,30.0,0.3307198,,,
691744465,CCCCCCCN(C)c1ccc(C(=O)c2ccc(N(C)C)cc2)cc1,114.0,0.37816076,,,
691831381,CCC(C)(C)C(=O)Oc1ccc(C=Cc2ccccc2)cc1,158.0,0.36180049,,,
691986630,Cc1ccc(Oc2ccc(N3C(=O)c4ccc(Oc5cccc6c5C(=O)N(C)C6=O)cc4C3=O)cc2)cc1,280.0,0.36858029,0.249143763,1.273119351,25.99963325
692037059,CCC(C)c1cc(C)c(C)cc1C,97.0,0.40919806,0.2095,,
692373242,COc1ccc(OC(=O)c2ccc(C(C)=O)cc2)cc1Cl,119.6241841,,,,
692434994,CCC(C)N1C(=O)C(C)C(C)C1=O,-51.0,0.38386027,,,
692810892,CNc1ccc(C(C)(C)c2ccc(NC(=O)c3cc(C(C)=O)cc(N4C(=O)C5C6CCC(C6)C5C4=O)c3)cc2)cc1,326.0,0.3598038,,,
693011985,CNc1ccc(-c2ccc(NC)c(N)c2)cc1N,7.0,0.33019375,,,
695348815,C/C=C/c1cc(CCCCCC)c(/C=C/c2ccc(C)cc2)cc1CCCCCC,51.04706134,,,,
695374943,CCC(C)(CC(=O)Oc1ccc(OC)cc1)C(=O)Oc1ccc(OC)cc1,205.0,0.33732889,,,
695536292,COCCCCCCCCCCC(=O)Oc1ccc(-c2ccc(C(=O)Oc3ccc(Cl)c(OC(=O)c4ccc(-c5ccc(OC(=O)CCCCCCCCC(C)COC)cc5)cc4)c3)cc2)cc1,311.0,0.38046147,,,
695925726,CCCC(C)=C(C)C,120.0,,,0.817744643,14.53648643
695940452,CCCCCCSSC,75.5,0.45235831,,,
696483165,COc1ccc(C(=Cc2ccc(-c3ccc(C=C(c4ccccc4)c4ccc(OC(=O)CCCCCCCCC(C)=O)cc4)cc3)cc2)c2ccccc2)cc1,119.5,0.3779872,,,
696705390,COc1ccc(S(=O)(=O)c2ccc(Oc3ccc(C(=O)c4cc(Br)cc(C(=O)c5ccc(C)cc5)c4)cc3)cc2)cc1,285.0,0.379535,0.179353601,1.339021151,17.40432344
696713776,CCN(CCOc1cc(N2C(=O)c3ccc(C)cc3C2=O)cc(N2C(=O)c3ccc(C(C)(C(F)(F)F)C(F)(F)F)cc3C2=O)c1)c1ccc(/N=N/c2ccc([N+](=O)[O-])cc2)cc1,104.0,,0.154,1.205461036,17.1881696
698037323,CCC(C)OC(=O)C(C)(CC)C(C)(C)C,4.0,0.37558012,,,
698053626,CCC(C)(C)C(=O)OCC(F)(F)C(F)(F)C(F)(F)C(F)(F)C(F)(F)C(F)F,205.0,0.32595019,0.113,,
698200988,CC(=O)Nc1cc(NC(=O)c2ccc3c(c2)C(=O)N(c2cccc(N4C(=O)c5ccc(C)cc5C4=O)c2)C3=O)cc(-c2nc3ccccc3[nH]2)c1,311.0,0.36147355,,,
698615321,CC=Cc1cc(OCC(CC)CCCC)c(C=Cc2cc(OC)c(C)cc2OC)cc1OC,192.0,0.3762763,,,
699007218,CC#CC#Cc1cc(C(C)(C)C)cc2c3cc(C(C)(C)C)cc(C)c3n(CCCCCCCCCCCCCCCC)c12,210.0,0.41367738,,,
699175207,CC(=O)c1ccc2c(c1)C(=O)N(c1cc(C(=O)O)cc(N3C(=O)c4ccc(C)cc4C3=O)c1)C2=O,119.5,0.3614755,,,
699184717,COc1ccc(C(C)(C)c2ccc(Oc3ccc(C(=O)c4c(C)ccc5c(C(=O)c6ccc(C)cc6)c(C)ccc45)cc3)cc2)cc1,12.5,0.39186106,,,
699462327,COc1ccc(Oc2c(F)c(F)c(-c3c(F)c(F)c(C)c(F)c3F)c(F)c2F)cc1S(=O)(=O)O,12.0,0.36032726,,,
699667055,COc1ccc(NC(=O)c2ccc(Oc3ccc(C(C)(C)c4ccc(C(C)(C)c5ccc(Oc6ccc(C(=O)Nc7ccc(Oc8ccc(C(C)(C)c9ccc(C)cc9)cc8)cc7)cc6)cc5)cc4)cc3)cc2)cc1,12.0,0.37043796,,,
699908244,CCCCCCC(=O)Nc1ccc(Oc2ccc(Oc3ccc(NC(=O)CCCCCN4C(=O)c5ccc(C(=O)c6ccc7c(c6)C(=O)N(C)C7=O)cc5C4=O)cc3)cc2)cc1,4.0,0.3404124,,,
699928185,COP(=O)(Oc1ccc(C(C)(C)c2ccc(C)cc2)cc1)Oc1c(Cl)c(Cl)c(Cl)c(Cl)c1Cl,4.0,0.36757265,,,
700020481,COc1ccc(C2(c3ccc(Oc4ccc(C(=O)c5ccc(C(=O)c6ccc(C)cc6)cc5)cc4)cc3)c3ccccc3-c3ccccc32)cc1,-72.0,0.39550318,,,
700619853,CCC(C)(C)C(=O)OCCc1ccc(N=Nc2ccc(OC(F)(F)F)cc2)cc1,120.0,0.35475551,,,
700771684,Cc1ccc(Oc2ccc(Oc3ccc(Oc4ccc(-c5cnc6ccc(-c7ccc8ncc(C)nc8c7)cc6n5)cc4)cc3)cc2)cc1,192.0,0.38386656,,,
700931497,CON(C(F)(F)F)C(F)(F)C(C)(F)F,210.0,0.30488476,0.0905,1.732295687,17.31090487
700994258,Cc1ccc(OCOc2ccc(-c3nc(-c4ccc([N+](=O)[O-])cc4)oc3C)cc2)cc1,120.0,0.38196728,,,
701170718,CCC(C)c1ccccc1C(=O)OCCN(C)C,12.5,0.36119268,0.1853333333333333,,
701980913,CSc1cccc(Sc2ccc(Sc3ccc(C)cc3)cc2)c1,361.0,0.39236432,,,
702351726,CCCCN(CCOC(=O)C(C)(C)CC)c1ccc(N=Nc2ccc(S(=O)(=O)Nc3cc(C)on3)cc2)cc1,216.0,0.37056907,,,
702495781,CNc1cccc(C(C)(c2ccccc2)c2cccc(NC)c2)c1,67.0,0.35162648,,,
702860275,Cc1ccc2c(c1)C(=O)N(c1ccc(Sc3ccc(Sc4ccc(N5C(=O)c6ccc(C(C)(C(F)(F)F)C(F)(F)F)cc6C5=O)cc4)cc3)cc1)C2=O,314.0,0.38497663,,,
703506417,CC(=O)c1ccc2c(c1)C(=O)N(c1cccc(OCCOc3cccc(N4C(=O)c5ccc(C)cc5C4=O)c3)c1)C2=O,222.0,0.34759445,,,
703616126,COc1ccc(NC(=C(C#N)C#N)c2ccc(-c3ccc(C(Nc4ccc(C)cc4)=C(C#N)C#N)cc3)cc2)cc1,120.0,0.41214769,,,
704321363,Cc1ccc(-c2ccc(-c3cnc4cc(-c5ccc6nc(C)cnc6c5)ccc4n3)cc2)cc1,163.0,0.40589633,,,
704562669,CCCCCCCOC(=O)NCCCCCCNC(=O)OC,158.0,0.3465094,,,
704596053,CCC(C)COC,130.0,0.38408676,,,
704720758,CNc1ccc(C2=CC(c3ccccc3)=C[C@@](c3ccccc3)(c3ccc(NC)cc3)[C@@H]2c2ccccc2)cc1,243.0,0.37453464,,,
704923125,CCOC(=O)Nc1ccc(Cc2ccc(NC(=O)OCc3cocc3C)cc2)cc1,191.0,0.33693682,,,
705117177,CCCOCCOCCOC(=O)CCCCCCCC(=O)OC,216.0,,0.267,,
705738216,Cc1cccc(Oc2cccc(Oc3cccc(N4C(=O)c5c(c(-c6ccccc6)c(-c6ccc(Oc7ccc(-c8c(-c9ccccc9)c9c(c(-c%10ccccc%10)c8-c8ccccc8)C(=O)N(C)C9=O)cc7)cc6)c(-c6ccccc6)c5-c5ccccc5)C4=O)c3)c2)c1,-46.0,0.39052632,,,
705844179,Cc1cc(C)c(N2C(=O)c3ccc(Oc4ccc(Oc5ccc6c(c5)C(=O)N(C)C6=O)cc4)cc3C2=O)c(C)c1C,194.0,0.3880841,,,
705855235,COc1ccc(NC(=O)c2cc(C(=O)Nc3ccc(C)cc3)cc(C(C)(C)C)c2)cc1,69.0,0.36167594,,,
707258420,CCOCCCOC(=O)C(C)CC,75.0,0.3584849,,,
707285446,COc1cccc2cc(OC(=O)c3ccc(Oc4ccc(C(C)=O)cc4)cc3)ccc12,75.0,0.35254861,,,
707686102,CNc1ccc(Oc2ccc(Oc3ccc(NC)cc3)c3c2[C@H]2c4ccccc4[C@@H]3c3ccccc32)cc1,69.0,0.37675561,,,
707792324,CCC(C)(C)C(=O)OC(COc1ccc(-c2ccccc2)cc1)COc1ccc(-c2ccccc2)cc1,69.0,0.34956652,,,
707895073,Cc1ccc(Oc2ccc(C(=O)c3ccc(Oc4ccc(-c5c6c(c(C)c7ccccc57)C(=O)N(c5cccc(C(F)(F)F)c5)C6=O)cc4)cc3)cc2)cc1,345.0,0.37753065,,,
708266844,COc1ccc(S(=O)(=O)c2ccc(Oc3ccc(-c4ccc(C)cc4)cc3)cc2)cc1,268.0,0.36753658,0.234731231,1.20752232,22.21547246
708515334,COc1ccc(C2(c3ccc(Oc4ccc(C(=O)c5cccc(C(=O)c6ccc(C)cc6)c5)cc4)cc3)c3ccccc3-c3ccccc32)cc1,257.0,0.41414112,,,
708745541,CC=CC(C)C(C)C(=O)OC12CC3CC(CC(C3)C1)C2,191.0,0.3828539,,,
708888125,CCC1(C)CC(C)(C)C(=O)OC1=O,220.0,0.30782553,0.185992809,1.134708881,16.19322944
709065178,CNC1=c2ccc3ccc(NC)c4ccc(c2c34)CC1,345.5,0.33334422,,,
709226489,Cc1cc2sc(-c3sc(-c4cc(CCCCCCCCCCBr)c(C)s4)cc3CCCCCCCCCCBr)cc2s1,24.95900908,,,,
709267633,Cc1ccc(Oc2ccc(-c3cnnc(-c4cccc(-c5ncc(C)nn5)n4)n3)cc2)cc1,-55.0,0.41536896,,,
709856096,CC(=O)Nc1c(C)cc(Cc2cc(C)c(NC(=O)c3ccc4c(c3)C(=O)N(c3ccc(N=Nc5ccc(OC(F)(F)F)cc5)c(N5C(=O)c6ccc(C)cc6C5=O)c3)C4=O)c(C)c2)cc1C,223.0,0.37184486,,,
709886400,CNc1cc(NC(=O)c2ccc(C(C)=O)cc2)cc(-c2nc3ccccc3[nH]2)c1,45.0,0.35887119,,,
710418627,CCCCCCCCOC(=O)C(Cc1ccc(OC)cc1)NC(=O)CCc1ccc(OC(=O)CCCC(C)=O)cc1,144.0,0.3506977,,,
711711106,Cc1ccc(Oc2c(C)cc(Cc3cc(C)c(Oc4ccc(N5C(=O)c6ccc(-c7ccc8c(c7)C(=O)N(C)C8=O)cc6C5=O)cc4)c(C)c3)cc2C)cc1,261.0,0.3857049,0.256003141,1.132492938,24.87502238
712008066,CCC(C)OC(=O)c1nn(C(C)=O)c2ccccc12,345.0,0.34764523,,,
712061261,CCCCS(=O)(=O)CC(CC)OC,268.0,0.38279045,,,
712113333,CC(=O)c1ccc2c(c1)C(=O)N(c1c(C(C)C)cc(Cc3cc(C(C)C)c(N4C(=O)c5ccc(C)cc5C4=O)c(C(C)C)c3)cc1C(C)C)C2=O,-61.5,0.43503278,0.204282612,1.001467547,22.08942475
712239619,CCCCCCCCCNC(=O)CCCCCCCCC(=O)NCCCCCCCCNC(=O)C(=O)NC,179.0,,0.3315,0.973462542,22.44231118
712424232,Cc1ncnc(N(CCCCCCCCCCN(C)c2ccccc2)c2ccccc2)n1,32.5,0.38355919,,,
712525184,CCCCCCOc1ccc(OC(=O)c2ccc(C(=O)Oc3ccc(OCCCCCC)cc3)c(C(C)CC)c2)cc1,85.0,0.36539229,,,
712532019,CNc1ccc(NC)c(-c2cccc3ccccc23)c1,252.0,0.34706164,,,
713020314,CC=CCCC,221.0,0.41866094,0.314780299,0.884263619,22.35804209
713163686,CN=P(C)(OCc1ccccc1)OCc1ccccc1,223.0,0.35649541,,,
713393124,CCC(C)C(=O)N1CC[NH+](CC)CC1,,0.6509068,,,
714476191,Cc1ccc(CC(=O)Nc2ccc(NC(=O)Cc3ccc(-c4sc(C)c(-c5ccccc5)c4-c4ccccc4)cc3)cc2)cc1,144.0,0.38234707,,,
714511257,Cc1ccc(-c2nc3ccc(Oc4ccc5nc(C)c(-c6ccccc6)nc5c4)cc3nc2-c2ccccc2)cc1,,0.45462761,,,
714806677,CC(=O)c1ccc2c(c1)C(=O)N(c1cc(Oc3c(C)cc(-c4cc(C)c(Oc5cc(N6C(=O)c7ccc(C)cc7C6=O)cc(C(F)(F)F)c5)c(C)c4)cc3C)cc(C(F)(F)F)c1)C2=O,,0.38618508,,,
714836323,CC(=O)c1ccc2c(c1)C(=O)N(c1cc(-c3nc4ccccc4[nH]3)cc(N3C(=O)c4ccc(C)cc4C3=O)c1)C2=O,223.0,0.39603335,,,
715482561,CC(=O)Nc1ccc(NC(=O)c2ccc3c(c2)C(=O)N(c2ccc(S(=O)(=O)c4ccc(N5C(=O)c6ccc(C)cc6C5=O)cc4)cc2)C3=O)cc1,-31.4,0.3574338,,,
716027443,CCCCCCCOC(=O)Nc1cccc(P(=O)(c2ccccc2)c2cccc(NC(=O)OC)c2)c1,267.5,0.35310551,,,
716481605,CNc1c(NC)c2c3ccccc3cc3ccc4cccc1c4c32,32.5,0.34230926,,,
716683288,COc1ccc(Oc2ccc(S(=O)(=O)c3ccc(C)cc3)cc2)cc1,310.0,0.36840915,,,
717229286,C=CC(=O)CCOP(C)(=NC)OCCC(=O)C=C,-42.12432011,,,,
717633419,CO[Si](C)(C)c1ccc2cc([Si](C)(C)C)ccc2c1,37.0,0.41010806,,,
717936443,COc1ccccc1C(=O)OC(=O)c1ccccc1OC(=O)c1cccc(C(C)=O)c1,263.0,0.33111951,,,
718095822,CCCCCCCCCCCCCOC(=O)CC/C=C/CCC(=O)OC,30.0,,0.274,,
718575580,CNCc1ccc(NC)c2ccccc12,55.0,0.32862128,,,
719507082,Cc1ccc([Si](c2ccccc2)(c2ccccc2)c2ccc(-c3ccc4c(c3)c3cc(C)ccc3n4CCCCCC#N)cc2)cc1,,0.39438801,,,
719751111,CNc1ccc(-c2ccc(NC)c(-c3ccccc3)c2-c2cccc(C)c2)c(-c2cccc(C)c2)c1-c1ccccc1,29.0,0.38052241,,,
720344171,COc1ccc(NC(=O)c2ccc(C(=O)Nc3ccc(C)cc3)cc2)cc1,-31.4,0.34491184,,,
720567395,COCCCCCCCCCCC(=O)Oc1ccc(-c2ccc(C(=O)Oc3ccc(C(=O)OC)c(OC(=O)c4ccc(-c5ccc(OC(=O)CCCCCCCCC(C)COC)cc5)cc4)c3)cc2)cc1,72.5,0.38046147,,,
720781054,CC(=O)c1ccc2c(c1)C(=O)N(c1ccc(Oc3cc4ccccc4cc3Oc3ccc(N4C(=O)c5ccc(C)cc5C4=O)cc3)cc1)C2=O,251.0,0.37047012,0.240362753,1.249194838,22.39195154
720835147,CNc1ccc(C(c2ccc(NC(=O)c3cc(NC(=O)CCCCCN4C(=O)c5ccccc5C4=O)cc(C(C)=O)c3)cc2)(C(F)(F)F)C(F)(F)F)cc1,304.0,0.33696818,,,
721329227,COc1ccc(Nc2ccc(C(=O)c3ccc(C(=O)c4ccc(Nc5ccc(C)cc5)cc4)cc3)cc2)cc1,265.4,0.38639477,,,
721426023,CCCCCCCCc1cc(-c2ccc(C(=O)OCC(COc3ccc(N=Nc4ccc(C#N)cc4)cc3)OC)c(F)c2F)c(CCCCCCCC)cc1-c1ccc(C(C)=O)c(F)c1F,197.0,0.37990658,,,
721715227,CSc1ccc(P(=O)(c2ccccc2)c2ccc(Sc3ccc(-c4ccc(C)cc4)cc3)cc2)cc1,368.0,0.39670171,,,
721925849,CNc1cc2ccccc2c(C(NC)(c2ccccc2)c2ccccc2)c1N,30.0,0.36049549,,,
722303181,CC=Nc1ccc(N=Cc2ccc(Sc3ccc(C)o3)o2)cc1,95.64631957,,,,
722323887,CCCN(C)C(=O)c1ccccc1,210.0,0.35014456,,,
722337542,CCCCCCC(CC)OC,215.0,0.40228779,,,
722624089,CCC(C)(C)C(=O)OCCCCOc1ccc(N=Nc2ccc(C#N)cc2)cc1,29.0,0.36422503,,,
722656060,C/C=C/C(C)C(C)C,105.0,,,0.801255092,16.53077558
722657419,CCC(COc1ccc(C2CCCC(CC)(c3ccc(OC)cc3)C2)cc1)OC(C)=O,,0.35641137,,,
722671179,CCCCCCCNC(=O)NCc1ccc(CNC(=O)NC)cc1,,0.32915874,,,
722858579,CNc1ccc(-c2ccc(NC)c(-c3ccc(-c4ccccc4)cc3)c2-c2ccc(-c3ccccc3)cc2)c(-c2ccc(-c3ccccc3)cc2)c1-c1ccc(-c2ccccc2)cc1,111.0,0.36435294,,,
722954203,Cc1ccc2c(c1)C(=O)N(c1ccc(Oc3ccc(N4C(=O)c5ccc(C(C)O)cc5C4=O)cc3)cc1)C2=O,165.0,0.366311,,,
722996762,CC(=O)Nc1ccc(C(=O)Nc2ccc(NC(=O)c3ccc4[nH]c(-c5ccc(-c6nc7cc(C)ccc7[nH]6)cc5)nc4c3)cc2)cc1,,0.37298287,,,
723086841,CC(=O)c1ccc(C(=O)N(C)c2ccc(Cc3ccc(N(C)C)c(C)c3)cc2C)cc1,167.9642319,,,,
723328836,COc1cc(Oc2ccc(NC(=O)c3cc(NC(=O)C45CC6CC(CC(C6)C4)C5)cc(C(=O)Nc4ccc(C)cc4)c3)cc2)ccc1C12CC3CC(CC(C3)C1)C2,107.0,0.36497894,,,
723637794,COS(=O)(=O)c1ccc(Oc2ccc(S(=O)(=O)Oc3ccc(-c4ccc(C)cc4)cc3)cc2)cc1,190.021745,,,,
723638059,CNCC(C)(C)CNC,225.0,0.32817407,,,
723903020,Cc1cccc(Cc2cccc(N3C(=O)c4ccc([Si](C)(C)c5ccc6c(c5)C(=O)N(C)C6=O)cc4C3=O)c2)c1,215.0,0.38669859,,,
725291191,CNc1ccc(C2(c3ccc(NC)c(C)c3)c3ccccc3-c3ccccc32)cc1C,300.0,0.381850225,,,
726324276,CCN(CC)c1ccc(N=Nc2ccc(S(=O)(=O)CCOC(=O)C(C)(C)CC)cc2)cc1,232.0,0.37486297,,,
726632865,CNCCNCCNCCNC,345.0,0.32616627,,,
726852979,CCCCNC(=O)CCCCCCCCC(=O)NCCCOCCOCCOC,,0.3490113,,,
726901134,COc1ccc(C2(c3ccc(OC(C)=S)cc3)CCC(C)CC2)cc1,111.0,0.36588296,,,
727287922,COc1ccc(C(C)(C)c2ccc(OC3(F)C(C)(F)C(F)(F)C3(F)F)cc2)cc1,-67.0,0.3613817,,,
727715310,CC(=O)c1cc(C(=O)c2ccc3c(c2)C(=O)N(c2ccc(Oc4ccc(S(=O)(=O)c5ccc(Oc6ccc(N7C(=O)c8ccc(C)cc8C7=O)cc6)cc5)cc4)cc2)C3=O)cc(-c2ccccc2)c1,,0.366746,,,
727880096,CNc1c(-c2cccc3ccccc23)ccc(-c2cccc3ccccc23)c1NC,,0.35630163,,,
727931995,CCCCCCCCCCCCOc1c(C)sc(C)c1C,107.0,,0.37875,0.949355697,16.11371346
727964996,COc1ccc(C(=O)c2ccc(Oc3ccc(C(=O)c4c(C(=O)c5ccc(C)cc5)c(-c5ccccc5)c(-c5ccc6ccccc6c5)c(-c5ccc6ccccc6c5)c4-c4ccccc4)cc3)cc2)cc1,72.0,0.39702899,,,
728252718,COc1ccc(C(C)(C)c2ccc(OC(=O)C3CCC(C(C)=O)CC3)cc2)cc1,168.0,0.3540751,,,
728371459,CC(=O)c1ccc(Oc2ccc(-c3ccc(Oc4ccc(C(=O)c5ccc6c(c5)C(=O)N(c5ccc(N7C(=O)c8ccc(C)cc8C7=O)cc5)C6=O)cc4)cc3)cc2)cc1,250.0,0.37364241,,,
728455428,CC=CC1CC(C)C2C(=O)N(c3ccccc3Br)C(=O)C12,300.0,0.37993611,,,
729133742,CCOC(=O)C(Cc1ccc(OC)cc1)NC(=O)CCc1ccc(OC(C)=O)cc1,,0.34116188,,,
729574569,CCC(C)(C)C(=O)OC(C(F)(F)F)C(F)(F)F,345.0,0.33395408,0.0755,1.277149707,12.6767809
729669366,COc1ccc(C(c2ccc(OC(=O)c3ccc(Oc4ccc(C(C)=O)cc4)cc3)cc2)(C(F)(F)F)C(F)(F)F)cc1,290.0,0.35569196,,,
730173328,CCC(C)(C)C(=O)OCCCCCCOc1ccc(N=Nc2ccc([N+](=O)[O-])cc2)cc1,150.0,0.36098706,,,
730265166,Cc1cc(C)c(N2C(=O)c3ccc(-c4ccc5c(c4)C(=O)N(C)C5=O)cc3C2=O)c(C)c1C,238.0,0.42202821,,,
730340221,COc1ccc(Sc2ccc(OC(C)=O)cc2)cc1,,0.35903581,0.215699363,1.293120554,23.7127317
730399756,CCCCCCC(C)OC(=O)C(C)CC,96.0,,0.245,0.877762738,11.2218737
730567526,Cc1ccc([Si](C)(C)c2ccc(CN(C)C)cc2)cc1,12.90627629,,,,
730591910,Cc1nnc(-c2ccc(Oc3ccc(C(c4ccc(Oc5ccc(C)c6ccccc56)cc4)(C(F)(F)F)C(F)(F)F)cc3)c3ccccc23)o1,40.0,0.39620569,,,
731184698,CC(=O)OCC(C)(C)COC(=O)N1CCN(C)CC1,168.0,0.33768571,,,
731417662,CCCCCCCCCCCC1CC(CCC2CC(C)OC2=O)C(=O)O1,84.1573412,,,,
731595810,CCC(c1ccccc1)C1C(=O)N(c2ccc(Oc3ccccc3)cc2)C(=O)C1C,256.5,0.367645,,,
732208665,Cc1ccc2nc(-c3ccc4c(c3)C(=O)N(c3cc(C(C)(C(F)(F)F)C(F)(F)F)ccc3O)C4=O)oc2c1,,0.39736804,,,
732280868,CNc1cc(NC)c2ccc3cc(C(C)(C)C)cc4ccc1c2c43,,0.35494944,,,
732578696,COc1ccc(S(=O)(=O)c2ccc(OC(=O)c3ccc([Si](C)(C)c4ccc(C(C)=O)cc4)cc3)cc2)cc1,290.0,0.37223437,,,
732613388,CNc1cccc2c(NC(=O)Nc3cc(NC(C)=O)cc(C(=O)Nc4cccc5c4C(=O)c4ccccc4C5=O)c3)cccc12,150.0,0.33149666,,,
732957114,CCC(O)COc1ccc(C(C)(C)c2ccc(OCC(O)COc3cccc(C(=O)Nc4cccc(OC)c4)c3)cc2)cc1,229.0,0.34135559,,,
733015366,Cc1ccc(Oc2ccc(C(C)(C)c3ccc(Oc4ccc(-c5nc(C)nc(-c6ccccc6)n5)cc4)cc3)cc2)cc1,194.0,0.40568051,,,
733146174,Cc1ccc(Oc2ccc(N3C(=O)c4ccc(C(c5ccc6c(c5)C(=O)N(c5ncc(C)s5)C6=O)(C(F)(F)F)C(F)(F)F)cc4C3=O)cc2)cc1,96.0,0.4074392,,,
734539627,Cc1cccc(P(C)(=O)c2cccc(N3C(=O)c4ccc(NC(=O)OCCOc5ccc(C(c6ccc(OCCOC(=O)Nc7ccc8c(c7)C(=O)N(C)C8=O)cc6)(C(F)(F)F)C(F)(F)F)cc5)cc4C3=O)c2)c1,75.0,0.34534828,,,
734958593,CCC(C)c1ccccc1COC,181.0,0.37399571,0.2066666666666666,,
735019484,Cc1ccc(Oc2ccc(Oc3ccc(N4C(=O)c5ccc(-c6ccc7c(c6)C(=O)N(C)C7=O)cc5C4=O)cc3)c(-c3ccccc3)c2)cc1,185.0,0.37852395,0.316411554,1.202889399,29.48458657
735028416,CCCCCOC(=O)c1ccccc1C(C)CC,385.0,0.37483446,0.1923333333333333,,
735082604,CC(=O)c1ccc(Oc2ccc(C(C)(C)c3ccc(Oc4ccc(C)s4)cc3)cc2)s1,110.0,0.37910073,,,
735143665,CCCCCCCCCCCOC(=O)NNC(=O)CCCCCCCCC(=O)NNC(=O)OC,268.2,0.35290149,,,
735307697,CCCC(CC)CC(C)CNC(=O)c1ccc(C(=O)NC)cc1,204.0,0.34406893,,,
735659533,CCC(C)OCCCCCCCCCCCOc1ccc(C(=O)Oc2ccc(C#N)cc2)cc1,220.0,0.36822065,,,
736152348,CNc1ccc2ccccc2c1Cc1c(NC)ccc2ccccc12,70.0,0.34468979,,,
736727472,CCC(O)COc1ccc(C(C)(C)c2ccc(OCC(O)COc3ccc(S(=O)(=O)c4ccc(OC)c(C)c4)cc3C)cc2)cc1,92.0,0.35738719,,,
736792055,Cc1cccc(-c2cccc(C(F)(F)C(F)(F)C(C)(F)F)c2)c1,194.0,0.36208143,,,
736908890,COC(=O)OCCOCCOCCOCCOC(=O)OC1COC2C(C)COC12,329.0,0.32639137,,,
737341727,CCC(C)n1c2ccc(Br)cc2c2cc(Br)ccc21,115.6170166,,,,
737356509,Cc1ccc(N2C(=O)c3c(c(-c4ccccc4)c(-c4ccc(-c5c(-c6ccccc6)c6c(c(-c7ccccc7)c5-c5ccccc5)C(=O)N(C)C6=O)cc4)c(-c4ccccc4)c3-c3ccccc3)C2=O)cc1,235.0,0.42520451,,,
737362009,CCOC1OC(C)C(O)C(O)C1O,185.0,0.28194212,,,
738034100,CNc1cccc(NC(=O)CCCCC(=O)Nc2cccc(NC(=S)NC(=O)CCCCCCCCC(=O)NC(C)=S)c2)c1,117.0,0.34083376,,,
738593262,CNc1ccc(NC(=O)c2ccc(NC(=O)c3ccc(P(=O)(c4ccccc4)c4ccc(C(C)=O)cc4)cc3)cc2)cc1,228.0,0.35850742,,,
738625870,CNc1cccc(-c2cccc(-c3ccccc3)c2-c2ccccc2)c1NC,268.2,0.36058761,,,
738887961,CC1C(C)C2CC1C(COCc1ccccc1)C2COCc1ccccc1,204.0,0.35376741,,,
739506612,CC(=O)c1ccc2c(c1)C(=O)N(c1ccc(Oc3ccccc3N3C(=O)c4ccc(C)cc4C3=O)cc1)C2=O,89.0,0.36896466,,,
739562740,Cc1ccc(C2(c3ccc(N4C(=O)c5ccc(S(=O)(=O)c6ccc7c(c6)C(=O)N(C)C7=O)cc5C4=O)cc3)c3ccccc3-c3ccccc32)cc1,247.0,0.4105138,,,
739643942,CCCCN(CC(=O)OC)c1ccc(N=Nc2ccc(S(=O)(=O)CCCC)cc2)cc1,92.0,0.37775099,,,
739659224,CCCC(C)C(C)(C)C(=O)OC,124.0,0.35037365,,,
739937375,CCCN(CCOC(=O)c1ccc(C(=O)OC)cc1)c1ccc(-c2nc3ccc([N+](=O)[O-])cc3o2)cc1,34.0,0.35125653,,,
740224734,CNc1cc2c(cc1NC)[C@]1(C)c3c(ccc(N)c3N)[C@]3(C)c4cc(N)c(N)cc4[C@@]2(C)[C@@H]31,139.0,0.39437895,,,
741750852,CC=CC1CC(C)C(C(=O)OCCCCCCCCCCCOc2ccc(-c3ccc(C#N)cc3)cc2)C1C(=O)OCCCCCCCCCCCOc1ccc(-c2ccc(C#N)cc2)cc1,37.0,0.37717295,,,
742319182,CNc1ccc(-c2ccc(-c3ccc(NC)c(-c4ccc(C(C)C)cc4)c3-c3ccc(C(C)C)cc3)cc2)cc1,392.0,0.3784415,,,
742571113,Cc1cc(C)c(O)c(C=Nc2ccc(F)cc2)c1,-121.5212841,,,,
742772976,CCCCCCCCc1cc(-c2ccc(C)s2)sc1-c1ccc(-c2ccc(-c3sc(-c4ccc([Si](C)(CCCC)CCCC)s4)cc3CCCCCCCC)s2)s1,45.0,0.42518997,,,
743402006,CCCCCCCCCNC(=O)CC(=O)NC,9.5,0.33840091,,,
744301389,COC(COC(=O)C1=C(C(=O)OCC(COC(=O)C2=C(c3ccccc3)C3C=CC2C3)OC(=O)c2ccc(C(C)=O)cc2)C2C=CC1C2)COC(=O)C1=C(c2ccccc2)C2C=CC1C2,,0.34889157,,,
744751157,CCCN(CCOC(=O)Nc1ccc(C)c(NC(=O)OC)c1)c1ccccc1,466.0,0.34387073,,,
745130197,COC(=O)CCCCCC(C)=O,200.0,,0.237,1.084856799,17.5417392
745501666,CCC(C)(C)C(=O)OCCCCCCCCCCOc1ccc(OC(=O)c2ccc(-c3ccc(OC)cc3)cc2)cc1,,0.35115071,,,
745635632,CNc1ccc2ccccc2c1-c1c(NC)ccc2ccccc12,243.0,0.35275725,,,
745676028,COc1ccc(Oc2ccc(NC(=O)c3cccc(C(=O)Nc4ccc(C)cc4)c3)cc2)cc1C(C)(C)C,55.0,0.36499914,,,
745925185,CCCCCCC1(CCCCCC)c2cc(C)ccc2-c2ccc(-c3ccc4c(c3)c3cc(C)ccc3n4-c3ccc(C)cc3)cc21,176.0,0.39958205,,,
746006701,C=CC(C)(O)CCC(C(C#N)CC)C(C)(C)C,282.5,0.3589437,,,
746033942,CC(=O)Nc1ccc(Oc2ccc(C3(c4ccc(Oc5ccc(NC(=O)c6ccc7c(c6)C(=O)N(c6ccc(Oc8cccc(N9C(=O)c%10ccc(C)cc%10C9=O)c8)cc6)C7=O)cc5)cc4)NC(=O)c4ccccc43)cc2)cc1,392.0,0.36211978,,,
746099992,COc1ccc(C2(c3ccc(Oc4ccc(-c5ccc(-c6ccc(C)c(C(F)(F)F)c6)cc5)cc4C(F)(F)F)cc3)c3ccccc3-c3ccccc32)cc1,57.0,0.40015499,,,
746373374,CCCCCCCCCCN1C(=O)c2ccc(-c3ccc(-c4ccc5c(c4)C(=O)N(C)C5=O)cc3)cc2C1=O,45.0,0.34895438,,,
746810021,CCCCCCCCCCCCOC(=O)C(Cc1ccc(OC)cc1)NC(=O)CCc1ccc(OC(=O)CCC(C)=O)cc1,208.0,0.35629781,,,
746817611,CCCOC(=O)Nc1ccc(NC(=O)OC)cc1,134.2908917,,,,
746903081,CC/C=C/COC(=O)NCCCCCCNC(=O)OC,50.0,0.33443961,,,
747034836,Cc1cc(N=Cc2ccc(F)cc2)c(O)c(C)c1C,272.0,0.39302909,,,
747510254,CNc1cccc2c1ccc1c3cccc(NC)c3ccc21,237.0,0.33361002,,,
747579493,CO[Si](C)(C)O[Si](C)(C)O[Si](C)(C)O[Si](C)(C)O[Si](C)(C)OC(C)CCC(C)C,-1.0,0.43809694,,,
748222139,CCCCCCCNC(=O)CCC1(CCC(=O)NC)c2ccccc2-c2ccccc21,55.0,0.34859909,,,
748600767,C/C=C/C1CCC(C)C1,74.0,,0.2603333333333333,,
748602077,CO[Si](C)(C)CCCCCn1c2ccccc2c2ccccc21,31.9,0.37747009,,,
748679100,CC(=O)Nc1ccc(NC(=O)c2ccc3c(c2)C(=O)N(c2c(C)cc(C)c(N4C(=O)c5ccc(C)cc5C4=O)c2C)C3=O)cc1,-39.0,0.37301692,,,
749003022,CSc1ccc(-c2ccc(SC(=O)CCCCC(C)=O)cc2)cc1,13.2621556,,,,
749288648,Cc1ccc(-c2ccc(-c3ccc(-c4cc(-c5ccccc5)c5cc(-c6ccc7nc(C)cc(-c8ccccc8)c7c6)ccc5n4)cc3)cc2)cc1,,0.41180869,,,
749314033,COC(=O)C(C)NC(=O)CCCCCCCCC(=O)NC(C)C(=O)OC1COC2C(C)COC12,208.0,0.33769731,,,
749316999,CNc1cccc(C(c2ccccc2)(c2ccccc2)c2ccccc2)c1NC,155.0,0.36834025,,,
749375446,CNc1ccc(C(c2ccc(NC(=O)c3cc(NC(=O)C45CC6CC(CC(C6)C4)C5)cc(C(C)=O)c3)cc2)(C(F)(F)F)C(F)(F)F)cc1,50.0,0.35504782,,,
749548087,CC(=O)Nc1cccc(P(=O)(c2ccccc2)c2cccc(NC(=O)c3ccc4c(c3)C(=O)N(c3cccc(P(=O)(c5ccccc5)c5cccc(N6C(=O)c7ccc(C)cc7C6=O)c5)c3)C4=O)c2)c1,272.0,0.36969182,,,
749662533,CNc1ccc(/C(C)=C\C(C)(C)c2ccc(NC)cc2)cc1,237.0,0.35473258,,,
749826349,Cc1ccc(NC(=O)Nc2ccc(NC(=O)Nc3ccc(-c4nc(-c5ccc([N+](=O)[O-])cc5)[nH]c4C)cc3)cc2)cc1,104.0,0.35066768,0.269,1.201196246,19.2258376
750049504,CCCCSc1cc(-c2ccc(-c3cc(SCCCC)c(-c4ccc(C)cc4)s3)cc2)sc1C,40.0,0.51197804,,,
750380744,COCCCCCCCCCCC(=O)Oc1ccc(-c2ccc(C(=O)Oc3cccc(OC(=O)c4ccc(-c5ccc(OC(=O)CCCCCCCCC(C)COC)cc5)cc4)c3)cc2)cc1,57.0,0.38046147,,,
750442059,CNc1ccc(Cc2ccc(NC(=O)c3cc(NC(=O)CCCCCCCCCCN4C(=O)c5ccccc5C4=O)cc(C(C)=O)c3)cc2)cc1,-44.0,0.34759943,,,
750805819,COc1ccc(CC(NC(=O)CCc2ccc(OC(=O)CCCCCCCCC(C)=O)cc2)C(=O)OCC(C)C)cc1,-44.0,0.35420645,,,
750893336,CCCCCCCCCOC(=O)c1ccc2cc(C(=O)OC)ccc2c1,-39.0,0.35432247,,,
751017152,COc1ccc(Oc2ccc(NC(=O)c3ccc(Oc4ccc(Oc5ccc(C(=O)Nc6ccc(C)cc6)cc5)cc4C)cc3)cc2)cc1C,-39.0,0.36216317,,,
751223406,COc1ccc(N=C(c2ccccc2)c2ccc(Oc3ccc(-c4ccc(Oc5ccc(C(=Nc6ccc(C)cc6)c6ccccc6)cc5)cc4)cc3)cc2)cc1,292.0,0.38227472,,,
751286665,CCC(Cc1ccc(-c2ccccc2)cc1)C[Si](C)(C)C,26.4,0.37356757,,,
751321800,COc1ccc(S(=O)(=O)c2ccc(Oc3ccc(C(C)(C)c4ccc(C)cc4)cc3)c([N+](=O)[O-])c2)cc1[N+](=O)[O-],-106.0,0.38190674,0.200486029,1.242881691,20.9479955
751554332,CNc1cccc2cc3c(NC)cccc3cc12,122.0,0.34156849,,,
751973346,CN=Nc1ccc([Te]c2ccc(C)cc2)cc1,31.0,0.35960485,,,
752114706,CC(=O)Nc1ccc(S(=O)(=O)c2ccc(N3C(=O)CC(N4C(=O)c5ccc(C)cc5C4=O)C3=O)cc2)cc1,7.0,0.35376689,,,
752379788,CC1=NC2=CC(C)C=CC2=C1,103.156476,,,,
753005996,CCNP(C)(=NC)NCC,,0.39858721,,,
753199362,CCC(F)(F)C(F)(F)C(F)(F)COC(=O)c1cccc(C(F)(F)C(F)(F)C(F)(F)C(F)(F)C(F)(F)c2cccc(C(=O)OC)c2)c1,360.0,0.33541643,,,
753570442,CCC(C)c1cc(C(F)(F)F)cc(C(F)(F)F)c1,57.0,0.38284106,,,
754272312,CCCCCCCCN1C(=O)C(C)C(C(CC)c2ccccc2)C1=O,105.6965321,,,,
754288361,CNc1ccc(-c2ccc(NC)c(=C\c3ccccc3)/c2=C\c2ccccc2)cc1,365.0,0.36805136,,,
754541700,CCCCOc1ccc(C(=O)Oc2ccc(OCCCCC[Si](C)(C)OC)cc2)cc1,-64.12566312,,,,
754551833,CCC1CCC(COC(=O)OC)CC1,,0.34179915,,,
754749806,CCCCOC(=O)CCCC(=O)OC,292.0,0.32464851,,,
755483998,CCC(C)C(=O)OCC(C)(C)C,26.4,0.38252829,0.2115,0.901190148,13.30665929
756378273,CCCCCCCCc1cc(C)sc1-c1ccc(-c2sc(-c3ccc(-c4ccc(C)cc4)cc3)cc2CCCCCCCC)cc1,116.0,0.4395737,,,
756437706,COc1ccc(Oc2ccc(C=NCCCCCCN=Cc3ccc(C)cc3)cc2)cc1,150.0,0.37498701,,,
756521912,CCCCC(C)(C)CNC(=O)CCCC(=O)NC,33.0,0.33531412,,,
756721321,CC(=O)OCCOC(=O)N1CCN(C)CC1,60.0,0.31625475,,,
756782287,CNc1cc2c(cc1NC)-c1cc(N)c(N)cc1C2,218.5,0.35872806,,,
757100562,COc1ccc(-c2ccc(Oc3ccc(C)cc3)c3ccccc23)c2ccccc12,-33.0,0.39245647,,,
757588646,CCOP(C)(=NC)OCC,28.0,0.38134489,,,
757729082,COc1ccc(C(=Cc2ccc(-c3ccc(C=C(c4ccccc4)c4ccc(OC(=O)c5cccc(C(C)=O)c5)cc4)cc3)cc2)c2ccccc2)cc1,206.0,0.37719758,,,
758693518,CC=Cc1ccc(OC(=O)CCCCCCCCC(=O)Oc2ccc(-c3nnc(C)s3)cc2)cc1,,0.36259247,,,
758756190,COc1ccc(Oc2cccc(C)n2)c(C)c1,82.0,0.35844504,,,
759011226,COc1ccc(C(=O)c2ccccc2)c(-c2cc(Oc3ccc(-c4ccc(C)cc4)cc3)ccc2C(=O)c2ccccc2)c1,145.0,0.38076076,,,
759255806,CCC(C)(C)C(=O)OCCOc1ccc(-c2ccc(-c3ccc(C#N)cc3)cc2)cc1,,0.34955949,,,
759347222,CNc1ccc2c(c1)[C@@H]1c3ccc(NC)cc3[C@@H]3c4ccc(N)cc4[C@H]2C31C,30.0,0.3861986,,,
759929518,CCCCCCCNC(=O)CCC(C)(C)c1ccc(C(C)(C)CCC(=O)NC)cc1,29.0,0.34678668,,,
760236787,COc1ccc(NC(=O)c2ccc(C(=O)Nc3ccc(Oc4ccc(C5(c6ccc(C)cc6)C6CC7CC(C6)CC5C7)cc4)cc3)cc2)cc1,116.0,0.36751197,,,
760704855,CCCC(CC)C(CCC)COC(=O)c1ccc(C(=O)OC)cc1,,0.35986074,,,
760704971,Cc1ccc([Si](C)(C)C)s1,89.0,0.42057371,,,
760753809,CCCc1cc(C)c(C)cc1C,174.0,0.39678497,0.262219285,0.963046372,22.46902993
761202167,CCCCCCCCc1cc(C)sc1-c1ccc(-c2sc(-c3ccc(C)nc3)cc2CCCCCCCC)cc1,38.7,0.43120083,,,
761297738,CNc1ccc(CC2=CC=C[C@@](C)(c3ccc(Cc4ccc(NC)cc4)cc3)C=C2)cc1,-33.0,0.34837056,,,
761520590,CNc1cccc2c1-c1c(NC)cccc1C2(c1ccccc1N)c1ccccc1N,22.0,0.36322501,,,
761786133,COc1ccc(S(=O)(=O)c2ccc(Oc3ccc(S(=O)(=O)c4ccc(-c5ccc(S(=O)(=O)c6ccc(C)cc6)cc5)cc4)cc3)cc2)cc1,0.6,0.3714925,,,
761886758,CCC(C)COc1cc(C(=O)Oc2ccc(-c3ccc(OC(=O)c4ccc(OCCC[Si](C)(C)OC)cc4)cc3)cc2)cc(OCC(C)CC)c1OCC(C)CC,30.0,0.37208958,,,
762219171,Cc1cccc(N2C(=O)c3ccc(Oc4ccc(C(C)(C)c5ccc(Oc6ccc7c(c6)C(=O)N(C)C7=O)cc5)cc4)cc3C2=O)c1,82.0,0.37303121,0.234647472,1.202697866,22.64217692
762368408,CC(=O)Nc1cccc(N2C(=O)CC(N3C(=O)c4ccc(C)cc4C3=O)C2=O)c1,60.0,0.34139674,,,
762944097,COc1ccc(S(=O)(=O)c2ccc(Oc3c(C)cc(C4CCC(C(C)(C)c5cc(C)c(C)c(C)c5)CC4C)cc3C)cc2)cc1,250.477212,,,,
763114241,CC(=O)Nc1ccc(Cc2ccc(N3C(=O)CC(N4C(=O)c5ccc(C)cc5C4=O)C3=O)cc2)cc1,226.0,0.35665576,,,
763411577,CNc1cc2c(cc1NC)[C@H]1CC[C@@H]2CC1,-84.0,0.35470749,,,
763411836,Cc1ccc(NC(=O)Nc2ccc(NC(=O)Nc3ccc(-c4nc(-c5ccc(-c6nc(-c7ccc([N+](=O)[O-])cc7)c(-c7ccc([N+](=O)[O-])cc7)[nH]6)cc5)[nH]c4C)cc3)cc2)cc1,267.0,0.37265586,,,
763726764,CCC(C)(C)C1C(=O)N(C)C(=O)C1C,60.0,0.33146348,,,
763991123,CNc1ccc(C2(c3ccc(NC)cc3)C=CC(c3ccccc3)=CC2)cc1,89.0,0.35269546,,,
764245724,Cc1ccc(C(=O)OCCCCCCCCOc2ccc(C=C3CCCC(=Cc4ccc(OCCCCCCCCOC(=O)c5ccc(-c6nnc(C)o6)cc5)cc4)C3=O)cc2)cc1,174.0,0.37367873,,,
764326592,CC=CCC(CC)(C(=O)OC12CC3CC(CC(C3)C1)C2)C(=O)OC12CC3CC(CC(C3)C1)C2,115.0,0.379025,,,
764363021,COc1ccc(P(=O)(c2ccccc2)c2ccc(Oc3ccc(-c4ccc(C)cc4)cc3)cc2)cc1,123.0,0.40024416,,,
764478101,CC=Cc1ccc(OC(=O)CCCCCCCCC(=O)Oc2cccc(-c3nnc(C)s3)c2)cc1,93.25,0.35845216,,,
764504672,CCCCCCCCCCCCCCCNC(=O)CCc1ccc(CCC(=O)NC)cc1,264.0,0.36896475,,,
764566036,CNc1ccc(Oc2ccc(Oc3ccc(NC)cc3C(F)(F)F)cc2)c(C(F)(F)F)c1,30.0,0.34410013,,,
764633726,CCCOCCOCCOCCOC(=O)NCCCCCCNC(=O)OC,21.0,0.3380047,,,
765055507,CCCCCCCCCCC(c1ccc(O)cc1)C(C)c1ccc(O)cc1C,100.0,0.37834566,,,
765135916,CCC(=C(c1ccc(N)cc1)c1ccc(NC)cc1)c1ccc(NC)cc1,16.2,0.36758067,,,
765310183,CC(=O)c1ccc2c(c1)C(=O)N(c1cc(N3C(=O)c4ccc(C)cc4C3=O)c(O)cc1O)C2=O,234.0,0.3634881,,,
765454454,Cc1ncnc(N(CCCCN(C)c2ccccc2)c2ccccc2)n1,,0.37819273,,,
765521185,CCCCCCCCCCCCNC(=O)CCCCCCCCCCCCCCCCCCC(=O)NC,267.0,0.38269266,0.37175,0.887262341,24.48690078
765731942,CCCNC(=O)CCP(C)(=O)CCC(=O)NC,143.8466204,,,,
765785607,Cc1ccc(OC(=O)c2cc(Cl)cc(C(=O)Oc3ccc(C4(C)OC(=O)c5ccccc54)cc3)c2)cc1,217.5,0.36120932,,,
765893959,CNc1cccc(C2(c3cccc(NC)c3)c3cc(C)ccc3-c3ccc(C)cc32)c1,130.0,0.37704106,,,
765976138,Cc1ccc(Oc2ccc(C(=O)c3cccc(C(=O)c4ccc(Oc5ccc(-c6cc(C)[nH]n6)cc5)cc4)c3)cc2)cc1,,0.37462428,,,
766108648,COc1ccc(NC(=O)c2cccc(C(=O)Nc3ccc(Oc4ccc(C(C)(C)c5cccc(C(C)(C)c6ccc(C)cc6)c5)cc4)cc3)c2)cc1,123.0,0.35956065,,,
766443404,CC(F)(F)C1(C)OC(F)(C(F)(F)F)C(F)(C(F)(F)F)O1,91.0,0.33383626,,,
766636095,CCCCCCCOC(=O)C(CCCCCP(=O)(OCC)OCC)C(=O)OCCCCCCOc1ccc(-n2on2-c2ccc(OC)cc2)cc1,272.0,0.36679836,,,
766749407,CCC(C)(C)C(=O)OCCCc1ccc(N=Nc2ccc(OC(F)(F)F)cc2)cc1,156.5,0.35850149,,,
767346074,CCCCCCCCCCCCCOC(=O)c1ccc(-c2ccc(C(=O)OC)cc2)cc1,313.0,0.36151008,,,
768384141,CCCCCCCCP(CCCC)CCCNC(=O)CCCCC(=O)NC,,0.3656047,,,
768467775,COc1ccc(Oc2ccc(Oc3cccc(C)n3)cc2)cc1,-19.11943844,,,,
769383218,CCCOP(=O)(N=Nc1ccc(Oc2ccc(N=NP(=O)(OC)OCC)cc2)cc1)OCC,234.0,0.3620127,,,
769839159,COc1ccc(C(=O)OCCOCCOCCOCCOC(=O)c2ccc(OC(=O)c3ccc(C(C)=O)cc3)cc2)cc1,165.0,0.3367055,,,
770392100,CCC(C)(C)C(=O)OC1(C)CCOC(=O)C1,85.0,0.31901326,,,
770474874,CCCCCCNC(=O)CCCCCCOCCCCCCC(=O)NCCCCCOC,,,0.285,0.955888415,19.41025454
770593247,CC(=O)c1ccc2c(c1)C(=O)N(c1cccc(C#Cc3cccc(N4C(=O)c5ccc(C)cc5C4=O)c3)c1)C2=O,-17.0,0.39815997,,,
771410628,CC(=O)OCC(COc1ccc(N=Nc2ccc(C#N)cc2)cc1)OC(=O)c1ncccc1C,-1.0,0.3600163,,,
771609530,CCCCCCc1ccc(C(C)CC)cc1,,0.40375659,0.241,,
771639833,CCC(O)CN(C)S(=O)(=O)c1cccc(S(=O)(=O)N(C)CC(O)COc2ccc(-c3ccc(OC)cc3)cc2)c1,324.0,0.34065553,,,
771772442,COc1cc(C(C)(C)C)c(Oc2ccc(C(=O)Nc3c(C)cc(Cc4cc(C)c(NC(=O)c5ccc(C)cc5)c(C(C)C)c4)cc3C(C)C)cc2)cc1C(C)(C)C,91.0,0.40228306,0.244338127,0.980385328,23.42338977
772440851,CCC(C)c1ccc(C(=O)Cc2ccccc2)cc1,29.0,0.36666659,,,
772566639,Cc1ccc2c(c1)C(=O)N(c1ccc(OCCCCCCCCCCOc3ccc(N4C(=O)c5ccc(C(C)(C(F)(F)F)C(F)(F)F)cc5C4=O)cc3)cc1)C2=O,,0.35617191,,,
772591088,CCc1ccc2oc(=O)c(C(=O)Nc3ccc(Oc4ccc(NC(=O)c5cc6cc(C)ccc6oc5=O)cc4)cc3)cc2c1,313.0,0.33664324,,,
773428035,CO[Si](C)(C)CCCOc1ccc(C(=O)OC2CCC3(C)C(=CCC4C3CCC3(C)C(C(C)CCCC(C)C)CCC43)C2)cc1,,0.373350915,,,
773706830,CNc1cccc2c(NC)c3ccccc3cc12,205.0,0.34219547,,,
774116157,Cc1ccc(-c2ccc3c(c2)C(CCCCCCBr)(CCCCCCBr)c2cc(C)ccc2-3)cc1,180.0,0.41425239,0.236,1.064142833,29.39678289
774594190,CNc1ccc(-c2cc(NC)ccc2-c2ccc(N)cc2)cc1,165.0,0.34901501,,,
775478514,CC(=O)c1ccc2c(c1)C(=O)N(c1ccc(Oc3ccc(C(=O)c4ccc(C(=O)c5ccc(C(=O)c6ccc(Oc7ccc(N8C(=O)c9ccc(C)cc9C8=O)cc7)cc6)cc5)cc4)cc3)cc1)C2=O,7.0,0.37412723,,,
776515253,CCCCCCN(C)C(C)=O,14.34014558,,,,
777120719,Cc1ccc(Oc2ccc(C(c3ccc(Oc4ccc(-c5ncc(C)o5)cc4C(F)(F)F)cc3)(C(F)(F)F)C(F)(F)F)cc2)c(C(F)(F)F)c1,50.5,0.39644075,,,
777245562,CNc1ccc2cc3cccc(NC)c3cc2c1,12.0,0.33634853,,,
777333329,Cc1ccc2c(c1)C(=O)N(c1cc(Oc3c(C)cc(-c4cc(C)c(Oc5cc(N6C(=O)c7ccc(C(C)(C(F)(F)F)C(F)(F)F)cc7C6=O)cc(C(F)(F)F)c5)c(C)c4)cc3C)cc(C(F)(F)F)c1)C2=O,61.1,0.39069947,,,
777956854,CNc1ccccc1-c1ccc2c(c1-c1ccccc1NC)Cc1ccccc1-2,,0.359745555,,,
778024152,CC(=O)Nc1ccc(S(=O)(=O)c2ccc(NC(=O)c3ccc4c(c3)C(=O)N(c3ccc(OCCCOc5ccc(N6C(=O)c7ccc(C)cc7C6=O)cc5)cc3)C4=O)cc2)cc1,163.1829015,,,,
778266959,CCCCC(C)(O)c1ccc(C(C)CC)cc1,110.0,0.39130508,,,
778508668,CCCCCC(=O)Oc1ccc(-c2ccc(OC(=O)c3ccc4c(c3)C(=O)N(C)C4=O)cc2)cc1,233.0,0.33853108,,,
779018837,CC=C(C)c1cc(CO)c(OCc2ccc(CNC(C)COCCCCCCCC)cc2)c(CO)c1,65.78481038,,,,
779245999,Cc1ccc(C(C)C)cc1,205.0,0.38776723,,,
779535649,CCCc1ccc(CCNC(=O)CCCCCCCCCCCCCCCC(=O)NC)cc1,-27.0,,0.3515,0.963570323,20.56020443
780149366,CNc1ccc(-c2ccccc2)c(-c2ccccc2)c1NC,260.0,0.3546781,,,
780388384,Cc1ccc([Si](c2ccccc2)(c2ccccc2)c2ccc(-c3nnc(-c4ccc(-c5nnc(C)o5)cc4)o3)cc2)cc1,78.0,0.48674163,,,
780433305,COc1ccc(NC(=O)c2ccc(Oc3ccc(C(C)(C)c4cccc(C(C)(C)c5ccc(Oc6ccc(C(=O)Nc7ccc(Oc8ccc(-c9ccc(C)cc9)cc8)cc7)cc6)cc5)c4)cc3)cc2)cc1,143.0,0.36823106,,,
780752652,CNc1cc2c(cc1NC)[C@@]1(C)c3cc(N)c(N)cc3[C@@]3(C)c4cc(N)c(N)cc4[C@]2(C)[C@]31C,312.0,0.40071937,,,
781281190,COc1ccc(NC(=O)c2cc(NC(=O)c3ccc(OC(C)=O)cc3)cc(C(=O)Nc3ccc(Oc4ccc(-c5ccc(C)cc5)cc4)cc3)c2)cc1,73.05,0.34777733,,,
781306630,Cc1cccc(N2C(=O)c3ccc(P(=O)(c4ccccc4)c4ccc5c(c4)C(=O)N(C)C5=O)cc3C2=O)c1,73.05,0.3954689,,,
781325985,CNc1ccc(Br)cc1-c1ccc(NC(=O)c2ccc(C(C)=O)cc2)cc1,61.1,0.36239471,,,
781403971,CCC(O)CN(C)c1cc(C)cc(C)c1,61.1,0.38340984,,,
781605401,CCCCCCCCCCCC(=O)NCCCCCC(=O)NC,,0.35926129,0.296,0.953522466,19.36818383
782092877,CNc1nc(NC)n(N)c(=S)n1,122.0,0.31626297,,,
782678603,CCCCCCCCCCCCCCCCCCCCCOC(=O)CC(=O)OC,167.0,0.38129764,0.318,0.918493366,19.41376744
783040210,COc1ccc(S(=O)(=O)c2ccc(Oc3ccc(C(C)(C)c4ccc(Oc5ccc(C(=O)c6ccc(C)cc6)cc5)cc4)cc3)cc2)cc1,233.0,0.37602514,,,
783055378,Cc1cccc(C(=O)Nc2cccc(S(=O)(=O)c3cccc(NC(=O)c4cccc(N5C(=O)c6ccc(-c7ccc8c(c7)C(=O)N(C)C8=O)cc6C5=O)c4)c3)c2)c1,252.0,0.35166575,,,
783150586,C/C=C(\C#N)C(=O)Nc1cccc(NC(=O)/C(C#N)=C/c2ccc(/C=C/c3ccc(N(c4ccccc4)c4ccc(N(c5ccccc5)c5ccc(/C=C/c6ccc(C)s6)cc5)cc4)cc3)s2)c1,243.9892983,,,,
783176072,CC(=O)OCCCSCCCCCCSCCCOC(=O)c1ccc(N2C(=O)c3ccc(C)cc3C2=O)cc1,285.0,0.35879978,,,
783233627,CCC[CH2][Sn]([CH2]CCC)([O]C)[O]C(=O)CCCCC(C)=O,264.8,0.36080704,,,
783252697,CCCCCCCCCCCCCOC(=O)NCc1ccc(CNC(=O)OC)cc1,25.5,0.35707291,,,
783421229,Cc1cccc(P(=O)(c2cccc(N3C(=O)c4ccc(Oc5ccc6c(c5)C(=O)N(C)C6=O)cc4C3=O)c2)c2cc(C(F)(F)F)cc(C(F)(F)F)c2)c1,,0.38638827,,,
783528107,COCC(=O)OCCCCCCc1cc(C)sc1C,90.0,0.36444159,,,
783741919,CNc1cc2c(cc1NC)C1(c3cc(N)c(N)cc3-c3cc(N)c(N)cc31)c1cc(N)c(N)cc1-2,123.0,0.37495313,,,
783812275,CC1CCC(C)C1,247.0,0.37999271,0.284922378,0.903468969,19.86080991
784293016,CCC(CC(C)(C#N)C#N)c1ccc(CCl)cc1,93.0,0.3903293,,,
784363756,Cc1ccc(Oc2ccc(C(=O)c3ccc(C(=O)c4ccc(Oc5ccc(-c6cc(C)n(-c7ccccc7)n6)cc5)cc4)cc3)cc2)cc1,31.0,0.38790383,,,
784935951,CCCNC(=O)c1ccc2cc(OC)ccc2c1,128.0,0.33091429,,,
785079844,COc1ccc(Oc2ccc(NC(=O)c3ccc(Oc4ccc(Oc5ccc(C(=O)Nc6ccc(C)cc6)cc5)cc4)cc3)cc2)cc1,45.0,0.35773858,,,
785209471,COC(=O)C(C)NC(=O)CCCCCCC(=O)NC(C)C(=O)OC1COC2C(C)COC12,274.0,0.32784472,,,
785463469,CCCCCCCCCc1nc2cc(-c3ccc4[nH]c(C)nc4c3)ccc2[nH]1,167.0,0.37040662,,,
785739315,CCC(C)(C)C(=O)OCC(C)(C)C1OCC(C)(C)CO1,,0.36823735,0.1619999999999999,0.904274504,10.65097658
786535870,CNc1ccc(C(C)(C)c2ccc(C(C)(C)c3ccc(Nc4ccc(C(=O)c5ccc(C(=O)c6ccc(C)cc6)cc5)cc4)cc3)cc2)cc1,252.0,0.3924613,,,
786832504,COc1ccc(Sc2ccc(Oc3ccc4c(=O)n5c6cc(Oc7ccc8c(c7)nc7c9ccc(C)c%10cccc(c(=O)n87)c%109)ccc6nc5c5cccc3c45)cc2)cc1,323.0,0.37773112,,,
787172285,CNc1cc2c(cc1NC)[C@H]1c3ccccc3[C@@H]2c2ccccc21,285.0,0.37667413,,,
787518160,CCCC(=O)OCCCC=CCCCOC(=O)CCC1NC(=O)C(C)NC1=O,25.37727633,,,,
787533936,Cc1ccc2c(c1)C(=O)N(c1ccc(Oc3c(C)cc(Cc4cc(C)c(Oc5ccc(N6C(=O)c7ccc(C(C)(C(F)(F)F)C(F)(F)F)cc7C6=O)cc5)c(C)c4)cc3C)cc1)C2=O,25.5,0.39072114,0.187678976,1.188244381,25.30910809
788080561,COc1ccc(C(C)(C)c2ccc(OC(=O)Nc3cccc(P(=O)(c4ccccc4)c4cccc(NC(C)=O)c4)c3)cc2)cc1,57.0,0.36021287,,,
788688131,CCCCCCCCCCCCCCCCOc1cc(C)cc(N2C(=O)c3ccc(Oc4ccc5c(c4)C(=O)N(C)C5=O)cc3C2=O)c1,-35.1,0.37287134,,,
789071222,CCC(C)c1ccccc1C(=O)Nc1ccccc1,175.0,0.35753244,0.1636666666666666,,
789164013,CCC(C)(C)C(=O)OCCCCCCn1c2ccccc2c2cc(N=Nc3ccc([N+](=O)[O-])cc3[N+](=O)[O-])ccc21,247.0,0.3638222,,,
789200912,CCC(C)c1c(Cl)cccc1Cl,346.0,0.39048668,,,
789216614,CNCCNCCCNCCNC,31.0,0.3304575349999999,,,
789218686,CCC(C)(C)C(=O)NC(C)c1ccccc1,110.0,0.3551036,,,
789469220,CCC(C)(C)C(=O)OCc1ccc(C=CC(=O)C2c3ccccc3C(=O)c3ccccc32)cc1,45.0,0.34725441,,,
790220540,COc1ccc(S(=O)(=O)c2cccc3c(S(=O)(=O)c4ccc(Oc5ccc(-c6ccc(C)cc6)cc5)cc4)cccc23)cc1,228.0,0.36562978,,,
790422297,CCC(C)(C)C(=O)OCCCCCCOc1cccc(C(=O)Oc2ccc(C#N)cc2)c1,37.0,0.34903264,,,
790707240,CNc1ccc(CCc2ccc(NC(=O)c3ccc(C(C)=O)cc3)cc2)cc1,245.2414672,,,,
790828475,CNc1ccc(C(c2ccc(NC(=O)c3cccc(C(C)=O)c3)cc2)(C(F)(F)F)C(F)(F)F)cc1,65.1,0.3504904,,,
791518570,Cc1ccc(-c2cc(-c3ccc(-c4ccccc4)cc3)cc(-c3ccc(N4C(=O)c5ccc(NC(=O)Nc6cccc7c(NC(=O)Nc8ccc9c(c8)C(=O)N(C)C9=O)cccc67)cc5C4=O)cc3)n2)cc1,180.0,0.35993207,,,
791544306,CCCCCCCCCCOc1cc(-c2ccc(C)cc2)c(OCCCCCCCCCC)cc1C,61.07976291,,,,
791643770,Cc1ccc(NC(=O)c2ccc(OCCOCCOCCOc3ccc(C(=O)Nc4ccc5[nH]c(C)nc5c4)cc3)cc2)cc1,156.5,0.34555816,,,
791644318,CC(=O)Oc1ccc(OCCCCCCCCCCCCOc2ccc(OC(=O)c3ccc4c(c3)C(=O)N(c3ccc(S(=O)(=O)c5ccc(N6C(=O)c7ccc(C)cc7C6=O)cc5)cc3)C4=O)cc2)cc1,236.0,0.35374697,,,
791901717,CCC(F)(F)C(F)(F)C(F)(F)COC(=O)CCCCC(=O)OC,57.0,0.31905896,,,
792165329,CCC(C)c1ccccc1C(=O)OCCC(C)C,234.0,0.37558772,0.1929999999999999,,
792850218,CCCCCS(C)(=O)=O,-14.41108992,,,,
793023871,CCC(C)c1cccs1,157.0,0.40399034,0.1995,1.115067014,15.89865681
793067604,COC(COC(=O)c1ccc(-c2ccc(C(C)=O)cc2)cc1)COc1ccc(N=Nc2ccc(C#N)cc2)cc1,346.0,0.35920375,,,
793720253,CNc1cccc(NC(=O)c2cccc(C(=O)Nc3cccc(NC(=S)NC(=O)CCCCCCCCC(=O)NC(C)=S)c3)c2)c1,,0.34654,,,
793830629,CCCCCCCCOC(=O)C(Cc1ccc(OC)cc1)NC(=O)Cc1ccc(OC(=O)CCCCCCC(C)=O)cc1,155.0,0.35263439,,,
794214898,CCCCCCCNC(=O)CCc1ccc(C(C)CC(=O)NC)cc1,298.0,0.35062376,,,
794405907,COc1ccc(-c2ccc(OC(=O)c3ccc(C(C)=O)cc3)cc2)cc1-c1ccccc1,62.0,0.35661176,,,
794427257,CCC(C)(C)C(=O)OCC(F)(F)C(F)(F)F,159.0,0.34535374,,,
794510468,CNc1ccc(C(C)(c2ccccc2)c2ccc(NC)c(C)c2C)c(C)c1C,191.0,0.36512516,,,
794641374,CC(=O)Nc1ccc(Oc2ccc(NC(=O)c3ccc4c(c3)C(=O)N(c3ccc(Oc5ccc(N6C(=O)c7ccc(C)cc7C6=O)cc5)cc3)C4=O)cc2)cc1,71.0,0.35417449,,,
794995355,CC(=O)Nc1ccc(C(=O)c2ccc(NC(=O)c3ccc4c(c3)C(=O)N(c3cccc(P(=O)(c5ccccc5)c5cccc(N6C(=O)c7ccc(C)cc7C6=O)c5)c3)C4=O)cc2)cc1,165.0,0.36068208,,,
795727494,COc1ccc(N=Nc2cc(C)c(O)c(C)c2)cc1,,0.37316682,,,
795837749,CC(=O)Nc1ccc(C(c2ccc(NC(=O)c3ccc4c(c3)C(=O)N(c3c(C)cc(-c5cc(C)c(N6C(=O)c7ccc(C)cc7C6=O)c(C)c5)cc3C)C4=O)cc2)(C(F)(F)F)C(F)(F)F)cc1,156.5,0.37779724,,,
796117252,CNc1ccc(C(=O)Nc2ccc(Cc3ccc(NC(=O)c4ccc(NC(=O)c5ccc([Si](C)(C)c6ccc(C(C)=O)cc6)cc5)cc4)cc3)cc2)cc1,77.0,0.35830263,,,
796744400,CCCCCOc1cc(C(C)=O)cc(C(=O)Oc2cccc(OC)c2)c1,248.0,0.35370683,,,
796832411,Cc1ccc(Oc2ccc(N3C(=O)c4c(c(-c5ccccc5)c(-c5ccc(-c6c(-c7ccccc7)c7c(c(-c8ccccc8)c6-c6ccccc6)C(=O)N(C)C7=O)cc5)c(-c5ccccc5)c4-c4ccccc4)C3=O)cc2)cc1,38.0,0.4068871,,,
796983808,CC1C2CC(C(=O)OCCc3ccc(N(c4ccccc4)c4cccc5ccccc45)cc3)C(C2)C1C,,0.37604528,,,
797241563,CCCCCOC(=O)CCCC(=O)OC,272.0,0.33275554,,,
797481672,Cc1cc(C)c(N2C(=O)c3cccc(Oc4c(C)cc(Cc5cc(C)c(Oc6cccc7c6C(=O)N(C)C7=O)c(C)c5)cc4C)c3C2=O)c(C)c1C,254.0,0.39441657,,,
798215988,Cc1ccc(C(=O)Nc2cccc(Oc3ccc(S(=O)(=O)c4ccc(Oc5cccc(NC(=O)c6ccc(N7C(=O)c8ccc(-c9ccc%10c(c9)C(=O)N(C)C%10=O)cc8C7=O)cc6)c5)cc4)cc3)c2)cc1,,0.35874825,,,
798438482,COC1CCC(OC(=O)c2ccc(C(C)=O)cc2)CC1,140.0,0.35770119,,,
798454930,Cc1ccc2c(c1)C(=O)N(c1ccc(Oc3ccc(N4C(=O)c5ccc(C(F)(F)C(F)(F)C(F)(F)C(F)(F)C(F)(F)C(F)(F)C(F)(F)C(C)(F)F)cc5C4=O)cc3)cc1)C2=O,-60.5,0.34699309,,,
798498386,CCC(CC)(CC)COC(=O)c1ccc(-c2ccc(-c3ccc(C(=O)OC)cc3)cc2)cc1,68.0,0.35922882,,,
798869032,CNc1ccc([C@]23C[C@H]4C[C@H](C[C@](c5ccc(NC)cc5)(C4)C2)C3)cc1,333.0,0.34941941,,,
799217349,CC(F)(F)C(F)(F)C(F)(F)C(C)(F)C(F)(F)F,-86.88823628,,,,
799283066,CCC=CCOC(=O)C(Cc1ccccc1)NC(=O)CCCCCCCCC(=O)NC(Cc1ccccc1)C(=O)OC,287.0,0.35266121,,,
799636548,CCCCCCCCCCCNC(=O)CCP(C)(=O)CCC(=O)NC,262.0,0.35467591,,,
799690401,CNc1cc2c(cc1C)-c1cc(C)c(NC)cc1S2(=O)=O,22.0,0.358207955,,,
800089698,CCCCC(=O)Nc1ccc(Cc2ccc(NC(=O)CCCN3C(=O)c4ccc(C(=O)c5ccc6c(c5)C(=O)N(C)C6=O)cc4C3=O)cc2)cc1,77.0,0.33581592,,,
800130991,CNc1ccc(C(C)(c2ccc(C)cc2)c2ccc(NC)cc2)cc1,132.0,0.36023204,,,
800215811,COC(=O)C(Cc1ccc(OC)cc1)NC(=O)CCc1ccc(OC(=O)COCC(C)=O)cc1,77.0,0.33150539,,,
800676373,CCCN(CCOC(=O)Nc1ccc(Cc2ccc(NC(=O)OC)cc2)cc1)c1ccc(N=Nc2ccc([N+](=O)[O-])cc2C)c(C)c1,,0.35323912,,,
800838483,CCC(O)COc1ccc(C(C)(C)c2ccc(OCC(O)COc3cccc(OC)c3)cc2)cc1,282.0,0.34411231,,,
800998431,CCC(=O)Nc1ccc(NC(=O)COc2ccc3ccccc3c2Sc2c(OC)ccc3ccccc23)cc1,238.0,0.33977149,,,
801063364,CCCOc1ccc(C=C2CCC(=Cc3ccc(OCCOP(=O)(OC)OCC)c(OC)c3)C2=O)cc1OC,45.5,0.34641138,,,
801330021,CCC(C)(C)C(=O)Oc1ccccc1,318.0,,0.184,1.049795923,13.34805903
801675840,CC(=O)c1ccc2c(c1)C(=O)N(c1ccc3c(c1)C(=O)c1cc(N4C(=O)c5ccc(C)cc5C4=O)ccc1-3)C2=O,300.0,0.3830772,,,
801689933,CCCCCCCOC(=O)CCCCCCCCC(=O)OC,96.0,0.36054003,0.281178878,1.007846324,20.55517675
801852409,CCc1c(N)ccc(C(c2ccc(NC)c(CC)c2CC)c2ccc(NC)c(CC)c2CC)c1CC,413.0,0.39358562,,,
802299717,COc1ccc(NC(=O)c2ccc(Oc3ccc(C(C)(C)c4cccc(C(C)(C)c5ccc(Oc6ccc(C(=O)Nc7ccc(Oc8ccc(C(C)(C)c9ccc(C)cc9)cc8)cc7)cc6)cc5)c4)cc3)cc2)cc1,333.0,0.36924917,,,
802360891,CCCCCCCCCC(=O)NCCCCCCNC(=O)CCCCCCCCOC,-36.5,,0.3575,0.930685649,20.81346955
802506538,CCC(C)(C)C(=O)OCCOCC[N+](CC)(CC)CCCCS(=O)(=O)O,287.0,0.420485,,,
802993859,CCCCCCCCCCCCCCn1c2ccccc2c2cc(COC(=O)C(C)(C)CC)ccc21,262.0,0.37769725,,,
803106454,CCC(C)(C)C(=O)OCC1CCCO1,110.0,0.34666826,0.172,1.030703138,11.83904224
803775586,CCC(C)C1CCC(C)CC1,94.3,0.39863974,0.1996666666666666,,
804037111,CCC(C)C(=O)Oc1ccc(Cl)cc1Cl,186.0,0.36475946,0.119,1.323601324,15.04038649
804149832,Cc1ccc(Oc2ccc(C(c3ccc(Oc4ccc(-c5ccc(C)s5)cc4C(F)(F)F)cc3)(C(F)(F)F)C(F)(F)F)cc2)c(C(F)(F)F)c1,-20.0,0.40617944,,,
804322446,Cc1cc(CC(=O)OCCCCCCOc2ccc(N=Nc3ccc(C#N)cc3)cc2)c(C)s1,147.0,0.37372874,,,
805227128,CCC(C)(C)C(=O)OCCCCCCCCCCOc1ccc2cc(C(=O)Oc3ccccc3)ccc2c1,,0.35687756,,,
806311584,CNc1cc(NC(=O)c2ccc(C(C)=O)cc2)cc(C(=O)OCCOC(=O)C=Cc2ccc(N(C)C)cc2)c1,95.0,0.34026095,,,
806397458,CCCCCCCCCCCOc1ccc(C=C2CCC(=Cc3ccc(OCCCCCCCCCCOP(=O)(OC)OCC)c(OC)c3)C2=O)cc1OC,45.5,0.3656755,,,
806790733,CC(=O)c1ccc2c(c1)C(=O)N(c1cccc(Cc3ccccc3N3C(=O)c4ccc(C)cc4C3=O)c1)C2=O,105.0,0.37007109,,,
806978622,CCC(C)O[N+](=O)[O-],195.0,0.77406593,0.1585,1.305301671,17.27231362
807387712,COc1ccc(C(=O)c2ccccc2)c(-c2cc(Oc3ccc(C(C)(C)c4ccc(C)cc4)cc3)ccc2C(=O)c2ccccc2)c1,60.0,0.38183506,,,
807551839,C/C=C/c1ccc(C)c(-c2c(OCC(CC)CCCC)ccc3cc(-c4ccccc4)ccc23)c1,82.0,,0.212,0.984517634,14.07025714
807875474,COc1ccc(C(C)(C)c2ccc(OC(=O)c3ccc(Cc4ccc(C(C)=O)cc4)cc3)cc2)cc1,,0.36538681,,,
808029389,Cc1ccc2c(c1)C(=O)N(c1c(C)cc(Cc3cc(C)c(N4C(=O)c5ccc(C(C)(C(F)(F)F)C(F)(F)F)cc5C4=O)c(C)c3)cc1C)C2=O,83.0,0.41239714,0.164469188,1.149323946,21.41163113
808269149,CC(=O)Oc1ccc([Si](C)(c2ccccc2)c2ccc(OC(=O)c3ccc(C)s3)cc2)cc1,268.0,0.38407419,,,
808476294,Cc1ccc(Oc2ccc(N3C(=O)c4ccc([Si](C)(C)O[Si](C)(C)c5ccc6c(c5)C(=O)N(c5ccc(Oc7ccc(-c8nnc(C)o8)cc7)cc5)C6=O)cc4C3=O)cc2)cc1,,0.38811487,,,
808488658,CNc1cc(C)c2cc3c(C)c(C)c(NC)c(C)c3cc2c1,110.0,0.3653562,,,
808582678,CNCC[C@@]12C[C@H]3C[C@@H](C1)C[C@](c1ccc(NC)cc1)(C3)C2,331.0,0.33910824,,,
808879247,Cc1cccc(N2C(=O)c3cccc(Oc4ccc(C(C)(C)c5ccc(Oc6cccc7c6C(=O)N(C)C7=O)cc5)cc4)c3C2=O)c1,-38.0,0.3702511,,,
810134797,CCCCCCCCCCCCOc1cc(C)cc(N2C(=O)c3ccc(Oc4ccc5c(c4)C(=O)N(C)C5=O)cc3C2=O)c1,141.0,0.3689144,,,
810221803,CCCCC(CCNC(=O)c1ccc(C(=O)NC)cc1)C(C)C,147.0,0.34137267,,,
810464372,COc1ccc(-c2ccc(Oc3ccc(Oc4cccc(Oc5ccc(C)cc5)c4C)cc3)c3ccccc23)c2ccccc12,307.5,0.38357509,,,
810570947,CCC(C)(c1ccc(C(C)=O)cc1)c1ccc(C(=O)N2CCN(C)CC2)cc1,95.0,0.37489095,,,
810716859,CCCCCCCCCCCCOc1cc(N2C(=O)c3ccc(C)cc3C2=O)cc(N2C(=O)c3ccc(C(C)(C(F)(F)F)C(F)(F)F)cc3C2=O)c1,26.0,0.37302009,,,
810767754,CCCCCCNC(=O)C(OC)C(OC)C(=O)NC,105.0,0.3352167,,,
811102498,CCC(OC)C1C(=O)N(c2ccc(N(C)C)cc2)C(=O)C1C,132.0,0.36226319,,,
811196388,CCc1ccc2c(c1)C(c1ccc(NC)cc1)(c1ccc(NC)cc1)c1ccccc1-2,60.0,0.37736059,,,
811299446,CNC1CCCC(NC)C1,155.0,0.33385202,,,
812075542,CNc1ccc(-c2ccc(-c3ccc(N)cc3)c(-c3ccc(NC)cc3)c2)cc1,150.0,0.35568128,,,
812088904,COc1ccc(Oc2ccc(C(=O)c3ccc(C(=O)c4ccc(C)cc4)cc3)cc2)cc1-c1ccc(Cl)c(C(F)(F)F)c1,24.0,0.38008742,,,
812270433,COc1ccc(-c2ccc(NC(=O)c3cc(C(=O)Nc4ccc(-c5ccc(Oc6ccc(C(C)(C)c7ccc(C)cc7)cc6)c(C(F)(F)F)c5)cc4)cc(C(C)(C)C)c3)cc2)cc1C(F)(F)F,165.0,0.37653866,,,
812457901,CCC(C)c1ccc(C(C)=NO)cc1,258.0,0.35867112,,,
812618019,CC(C)C,122.3867673,,0.2033333333333333,,
812811097,CNc1ccc(-c2ccc(NC)c(-c3ccccc3)c2-c2ccccc2N)cc1,156.0,0.36447678,,,
813149599,COc1ccc(C(c2ccccc2)(c2ccccc2)c2ccc(OC(=O)c3ccc(C(C)=O)cc3)cc2)cc1,141.0,0.38193072,,,
813214787,CNc1ccc2c(c1NC)-c1ccccc1-c1ccccc1-c1ccccc1-2,205.0,0.36739742,,,
814144401,CC/C=C\C[Si](C)(C)CCCOc1ccc2ccccc2c1,307.5,0.36773968,,,
814145084,CNc1ccc(-c2cc(-c3ccc(NC)cc3)cc(C(C)(C)C)c2)cc1,9.0,0.36221606,,,
814315691,CCC(C)OC(=O)CCCC(=O)c1ccccc1,190.5,0.3393767,,,
814898102,CCCCCCCCCCOc1ccc(CCc2ccc(OC)cc2C)cc1,,0.37926968,,,
814967191,Cc1cc(Cc2cc(C)c(N3C(=O)c4cccc(Oc5c(C)cc(-c6cc(C)c(Oc7cccc8c7C(=O)N(C)C8=O)c(C)c6)cc5C)c4C3=O)c(C)c2)cc(C)c1C,,0.3975525,,,
815036763,CCCCCOC(=O)CCC(=O)OC,227.5,0.3291051,0.239020305,1.154960967,19.85275311
815051873,Cc1ccc(C(=O)OCCCCCCOC(=O)c2ccc(-c3nnc(C)s3)cc2)cc1,162.0,0.36031607,,,
815588093,CCCCCCCNC(=O)c1ccc(C(=O)NC)cc1,150.0,0.3376709,,,
815998527,CCCCCCCOP(=O)(N=Nc1ccc(C(=O)c2ccc(N=NP(=O)(OC)OC)cc2)cc1)OC,156.0,0.3606996,,,
816208987,CCC(O)CN(C)c1cc(C)c(N=Nc2ccc(Cl)cc2)c(C)c1,232.0,0.38104863,,,
816499147,CCCCCCCCCc1nc2ccc(-c3ccc4nc(C)sc4c3)cc2s1,165.0,0.37827781,,,
816523902,CCC(C)OC(=O)c1ccncc1,113.0,0.34235599,,,
816594704,CCC(C)C(=O)OCC(F)(F)C(F)(F)F,221.0,0.33021141,,,
816699374,CCCOS(=O)(=O)c1ccc(C(C)CC)cc1,-32.0,0.37741586,,,
816729790,CNc1ccc(C(c2ccc(N)cc2)(c2ccc(N)cc2)c2ccc(NC)cc2)cc1,125.0,0.36920269,,,
816767607,CCCCCCNC(=O)CCCCCCCCCCCCCCCCC(=O)NC,132.5,,0.4165,0.92091158,20.46088256
816771422,CCCCCCCCCC(=O)NCCCCCOCCCCCNC(=O)CCCCOC,147.0,,0.287,0.959755769,19.44997486
817102906,CCC(O)COC(=O)CCCCCCCCC(=O)OCC(O)COc1ccc(C(=O)Oc2ccc(OC)cc2)cc1,9.0,0.33714528,,,
817179455,CCCCCCCCC(=O)N(C)CCC,-49.55374382,,,,
817222485,CCCC=C(C)CCCCCCCCCC,98.5,0.40745292,,,
817646682,CCC(C)(C)C(=O)Oc1ccc(C(=O)C=Cc2ccc(OCc3ccccc3)cc2)cc1,-26.0,0.34505383,,,
817764960,COc1ccc(Oc2ccc(Oc3ccc(OC(=O)c4ccc(C(C)=O)cc4)cc3)cc2)cc1,136.3718208,,,,
818720899,CCCCOc1ccc(-c2nc(C)c(-c3ccc(OC)cc3)c(OCCOC(=O)c3cccc(C(=O)OCCOC)c3)n2)cc1,210.0,0.35974624,,,
818853032,CCC(C)(CC)COC(=O)c1ccc(-c2ccc(C(=O)OC)cc2)cc1,,0.35540471,,,
819286039,Cc1ccc2nc3c4cccc5c6nc7ccc(C)cc7nc6c6cccc(c3nc2c1)c6c45,411.97,,,,
819429551,Cc1ccc(Oc2ccc(C(c3ccc(Oc4ccc(N5C(=O)c6ccc(Oc7ccc(Sc8ccc(Oc9ccc%10c(c9)C(=O)N(C)C%10=O)cc8)cc7)cc6C5=O)cc4)cc3)(C(F)(F)F)C(F)(F)F)cc2)cc1,36.0,0.37088138,,,
819812613,CNc1ccc(Cc2ccc(NC)c(-c3ccccc3)c2-c2ccccc2)c(-c2ccccc2)c1-c1ccccc1,45.0,0.37242731,,,
819863073,CC(=O)c1ccc2c(c1)C(=O)N(c1ccc(S(=O)(=O)c3ccc(NC(=O)c4cccc(C(=O)Nc5ccc(S(=O)(=O)c6ccc(N7C(=O)c8ccc(C)cc8C7=O)cc6)cc5)c4)cc3)cc1)C2=O,-1.1,0.35983629,,,
819957053,CNc1ccc(CC(C)(C)NC(=O)CCC(C)=O)cc1,289.0,0.33397161,,,
820067576,CCC(O)CN(CC(O)CN(C)c1ccccc1)c1ccc(N=Nc2ccc([N+](=O)[O-])cc2)cc1,-32.0,0.35876659,,,
820073046,CC(=O)c1ccc2c(c1)C(=O)N(c1ccc(Oc3ccc(NC(=O)c4cccc(C(=O)Nc5ccc(Oc6ccc(N7C(=O)c8ccc(C)cc8C7=O)cc6)cc5)c4)cc3)cc1)C2=O,125.0,0.35449352,,,
820293105,COc1ccc(OC(=O)CCCCCCCCC(C)=O)cc1,132.5,0.35187189,0.257,1.048950682,23.48222813
820510299,CNc1ccc(NC(=S)NC(=O)c2ccc(C(=O)NC(C)=S)cc2)cc1,220.8197438,,,,
820601696,CC(=O)c1ccc2ncc(-c3ccc(-c4cnc5ccc(C)cc5n4)cc3)nc2c1,217.5,0.40401109,,,
820692130,CCC(=O)Nc1ccc(NC(=O)CN2C(=O)c3ccc(C(=O)c4ccc5c(c4)C(=O)N(C)C5=O)cc3C2=O)cc1,238.0,0.32771486,,,
821219964,CCC(C)C(=O)Oc1ccc(C(=O)O)cc1,98.5,0.31040659,,,
821229257,COc1ccc(OC(=O)CCCCCCCC(C)=O)cc1,-6.058372606,,,,
821537914,CCC(C)c1ccccc1C(=O)OC,217.0,0.35299495,0.1736666666666666,,
821542361,CSc1ccc(Nc2ccc(C)cc2)cc1,232.0,0.3997415,,,
821655324,CCCCCCCCOc1cc(N2C(=O)c3ccc(C)cc3C2=O)cc(N2C(=O)c3ccc(C(C)=O)cc3C2=O)c1,52.8,0.37014915,,,
821914285,Cc1ccc2c(c1)C(=O)N(c1cccc(N3C(=O)c4ccc(C(C)(C(F)(F)F)C(F)(F)F)cc4C3=O)c1C)C2=O,,0.39473937,,,
822072702,CC(=O)Oc1ccc(OC(=O)c2ccc3c(c2)C(=O)N(c2ccc(N4C(=O)c5ccc(C)cc5C4=O)cc2)C3=O)cc1,-71.68107141,,,,
822079361,CCC(C)C(=O)NCP(=O)(O)O,250.0,0.26739328,,,
822137197,CCCCCCCCCOC(=O)c1ccc(C(=O)NCCCCCCNC(=O)c2ccc(C(=O)OC)cc2)cc1,125.0,,0.261,,
822757140,CCNC(=O)OC(c1ccco1)C(OC(=O)NCc1ccc(C(C)(C)c2ccc(C)o2)o1)c1ccco1,,0.35185553,,,
822972602,CNNC(=O)CCC(=O)NNC(=O)CCCCCCCCC(C)=O,64.69850401,,,,
823244753,CNc1nc(NC)c(N)nc1N,92.0,0.31946255,,,
823634116,Cc1cccc(P(=O)(c2ccc(C(F)(F)F)cc2)c2cccc(N3C(=O)c4ccc(Oc5ccc6c(c5)C(=O)N(C)C6=O)cc4C3=O)c2)c1,99.0,0.38545979,,,
824512000,CCCCOC(=O)C(Cc1ccc(OC)cc1)NC(=O)CCc1ccc(OC(=O)CCCCCCC(C)=O)cc1,353.5,0.34911505,,,
825127348,Cc1ccc2cc(-c3nc4ccc(-c5ccc6nc(C)[nH]c6c5)cc4[nH]3)ccc2c1,217.5,0.43811052,,,
825973293,Cc1cc(C)c(Oc2ccc(S(=O)(=O)c3ccc(Oc4cc(C)c(C5(C)OC(=O)c6ccccc65)cc4C)cc3)cc2)cc1C,26.0,0.39578665,,,
826258963,CC=CC1CC(C)C(C(=O)OCCCCCOc2ccc(-c3ccc(C#N)cc3)cc2)C1C(=O)OCCCCCOc1ccc(-c2ccc(C#N)cc2)cc1,27.68661296,,,,
826441672,CCC(C)C(C(=O)Nc1cc(C(C)=O)cc(C(=O)NCC2(C)CC(NC)CC(C)(C)C2)c1)N1C(=O)c2ccccc2C1=O,158.0,0.34594928,,,
827035363,CCOC(=O)C(Cc1ccc(OC)cc1)NC(=O)Cc1ccc(OC(=O)CCCCC(C)=O)cc1,,0.33464221,,,
827086896,Cc1ccc(Oc2ccc(-c3ccc(Oc4ccc(-c5ncc(C)o5)cc4C(F)(F)F)cc3)cc2)c(C(F)(F)F)c1,232.0,0.397283,,,
827590818,Cc1ccc(Cc2ccc(N3C(=O)c4ccc(Oc5ccc(C(C)(C)c6ccc(Oc7ccc8c(c7)C(=O)N(C)C8=O)cc6)cc5)cc4C3=O)cc2)cc1,52.8,0.37388099,,,
828069066,CCC(CC(C)(C#N)C#N)c1ccc(F)cc1,37.0,0.39106819,,,
828078901,Cc1ccc(Oc2ccc(P(C)(=O)c3ccc(Oc4ccc(C5(C)OC(=O)c6ccccc65)cc4)cc3)cc2)cc1,318.0,0.38109983,,,
828636202,CNc1ccc(C(C)(C)c2ccc(NC(=O)c3cc(C(C)=O)cc(S(=O)(=O)c4ccccc4)c3)cc2)cc1,250.0,0.3631737,,,
828717601,CNc1ccc(CCc2ccc(CCc3ccc(NC)cc3)cc2)cc1,125.0,0.34961202,,,
828807298,CC(=O)c1ccc2c(c1)C(=O)N(c1ccc(Oc3ccc(C(=O)c4cccc(C(=O)c5ccc(Oc6ccc(N7C(=O)c8ccc(C)cc8C7=O)cc6C(F)(F)F)cc5)n4)cc3)c(C(F)(F)F)c1)C2=O,128.0,0.36226702,,,
828904716,CCCCCCCNC(=O)CCC(C)CC(=O)NC,130.0,0.33972833,,,
829968625,CCC(C)(C)C(=O)OCCCCCCOc1ccc(C(=O)Oc2ccc(N=Nc3ccc(Cl)cc3)c3ccccc23)cc1,145.0,0.36207231,,,
829981361,COc1ccc(C(C)(C)c2ccc(OC(=O)NC(=O)c3cc(C(=O)NC(C)=O)cc(C(C)(C)C)c3)cc2)cc1,195.0,0.3446568,,,
830475899,CCCCNC(=O)CNC(=O)C(Cc1ccccc1)NC(=O)CCCCCCCCC(=O)NC(Cc1ccccc1)C(=O)NCC(=O)NCCCOCCOCCOC,353.5,0.34027118,,,
831848484,CCCC(C)CC(=O)OC,263.0,0.34423811,,,
831990105,CCC(=O)Nc1ccc(NC(=O)c2ccc3c(c2)C(=O)N(C)C3=O)cc1,26.0,0.3239093,,,
832112945,CCCCC(=O)Oc1ccc(-c2ccc(OC(=O)c3ccc4c(c3)C(=O)N(C)C4=O)cc2)cc1,,0.33800885,,,
832174357,CCCCCCCCCCCCCCCCCCCCCOC(=O)c1ccc(C(=O)OC)cc1,17.27783213,,,,
832267594,CC1C(=O)N(c2ccc(O[Si](C)(C)C)cc2)C(=O)C1C,17.0,0.43916684,,,
832293069,CCCN(C)C(=O)c1c(F)cccc1F,,0.34715202,,,
832907527,CNc1cccc2c(NC(=O)Nc3cc(NC(C)=O)cc(C(=O)Nc4ccc5c(c4)C(=O)c4ccccc4C5=O)c3)cccc12,248.0,0.32826884,,,
832948495,CNc1ccc(-c2cc(-c3ccc(N)cc3)cc(-c3ccc(NC)cc3)c2)cc1,37.0,0.348951605,,,
833018953,CCCCC(C)(C)CNC(=O)c1ccc(C(=O)NC)cc1,403.0,0.34232189,,,
833673959,CO[Si](C)(C)CCCCCC[Si](C)(C)C,269.0,0.44650373,,,
834012774,CCC(C)c1cccc(N(c2ccc(C)cc2)c2ccc(C)cc2)c1,132.0,0.42262302,,0.975794098,10.58513595
834236236,CNc1ccc2c(c1)C(C)(C)c1cc3c(NC)c4ccccc4c(N)c3cc1-2,128.0,0.38120825,,,
834328037,CCCCCCCCCc1nc2ccc(-c3ccc4nc(C)oc4c3)cc2o1,63.0,0.38060796,,,
834450099,CC(=O)Nc1cc(NC(=O)c2cncc(C)c2)cc(-c2nnc(-c3ccccn3)o2)c1,200.0,0.36789463,,,
834642680,Cc1ccc(-c2ccc(S(=O)(=O)NCCNS(C)(=O)=O)cc2)cc1,173.2454244,,,,
835449661,CCCCCCCC(=O)Oc1ccc(-c2ccc(OC(=O)c3ccc4c(c3)C(=O)N(C)C4=O)cc2)cc1,180.0,0.34163356,,,
835465429,CCC(C)(C)C(=O)OCCCCCCCCCCOc1ccc(N=Nc2ccccc2)cc1,263.0,0.3703315,,,
836337726,Cc1ccc2oc3ccc(S(=O)(=O)c4ccc(Oc5ccc(S(C)(=O)=O)cc5)cc4)cc3c2c1,287.0,0.37867656,,,
836390884,CCCC[C@@H](CC)CC1(C[C@H](CC)CCCC)c2cc(N)c(N)cc2-c2cc(NC)c(NC)cc21,126.5,0.35441352,,,
836759737,CCC(C)(COC)COCC(F)(F)C(F)(F)C(F)(F)F,225.2,0.35888622,,,
836965269,CCC(=O)Nc1ccc(Oc2ccc(NC(=O)CN3C(=O)c4ccc(C(=O)c5ccc6c(c5)C(=O)N(C)C6=O)cc4C3=O)cc2)cc1,17.0,0.33219113,,,
837296086,COc1ccc(OP(=O)(OC)Oc2ccc(S(=O)(=O)c3ccc(C)cc3)cc2)cc1,185.0,0.34736304,,,
837351512,CNc1ccc(C2(c3ccc(NC)cc3)c3ccccc3-c3cccc(C)c32)cc1,123.5,0.37209959,,,
837417544,CNc1ccc(-c2ccc(NC)cc2C(F)(F)F)c(C(F)(F)F)c1,36.0,0.34397372,,,
838168073,CC(=O)NCCNC(=O)c1ncn(C)c1C,292.0,0.30881015,,,
838352971,CNc1ccc2c(c1)Cc1cc(NC)c(N)cc1-2,132.0,0.35883354,,,
838510907,COc1ccc(C(=O)c2cccc(-c3cccc(C(=O)c4ccc(C)cc4)c3)c2)cc1,-45.0,0.36823829,,,
838925791,CCCCN(C)c1ccc(C(=O)c2ccc(N(C)C)cc2)cc1,172.0,0.37870937,,,
839165953,CN[C@@H](CCC[C@H](NC)C(=O)[C@@H](N)[C@@H](C)O)C(=O)O,121.5,0.30156557,,,
839183601,COC(C)CC(C)=O,178.0,0.33260696,0.215459839,1.127753263,18.89890364
839463211,CCOC(=O)c1cc(C(=O)c2ccc(C)cc2)c(N)c2c(NC)c3c(NC)noc3nc12,,0.33167362,,,
839630987,Cc1cccc(OCCCCCCCCCCCCOc2cccc(N3C(=O)c4ccc(-c5cccc6c5C(=O)N(C)C6=O)cc4C3=O)c2)c1,157.0,0.3592549,,,
839752989,CCCCCCCCCCCC(=O)NCCCCCOCCCCCNC(=O)CCCOC,-90.0,,0.303,0.949699751,22.28109939
839878795,Cc1ccc(Oc2ccc(C(=O)c3ccc(Oc4ccc(C5(C)c6ccccc6C(=O)N5C)cc4)cc3)cc2)cc1,126.5,0.39435805,,,
840186031,CC(=O)Nc1ccc(Cc2ccc(NC(=O)c3ccc4c(c3)C(=O)N(c3ccc(-c5sc(-c6ccc(N7C(=O)c8ccc(C)cc8C7=O)cc6)c(-c6ccccc6)c5-c5ccccc5)cc3)C4=O)cc2)cc1,123.0,0.38721196,,,
840194928,CCCCCCCCCCCC(c1ccc(O)cc1)C(C)c1ccc(O)cc1C,223.5,0.37504022,,0.949326163,16.72244264
840303746,CCC(O)CN(CCO)S(=O)(=O)c1ccc(-c2ccc(S(=O)(=O)N(CCO)CC(O)COc3ccc(C(C)(C)c4ccc(OC)cc4)cc3)cc2)cc1,185.0,0.33980494,,,
840698807,CCC(C)COC(=O)C(C)CC,3.4,0.37285766,0.221,0.919640881,13.54986722
841055334,COc1ccc(C(C)(C)c2ccc(Oc3ccc4c(=O)n5c6cc(-c7ccc8c(c7)nc7c9ccc(C)c%10cccc(c(=O)n87)c%109)ccc6nc5c5cccc3c45)cc2)cc1,107.0,0.3824439,,,
841072650,CCCCCCCN(C)c1ccc(C)cc1,110.7170963,,,,
841081788,CCCCCNC(=O)CC(=O)NC,290.0,0.30389328,,,
841226784,CCC(C)(C)C(=O)Oc1ccc(C(=O)Oc2ccc(-c3ccccc3)cc2)cc1,245.0,0.34391945,,,
841328550,Cc1cc(N2C(=O)c3ccc(Oc4ccc5ccc(Oc6ccc7c(c6)C(=O)N(C)C7=O)cc5c4)cc3C2=O)cc(C(F)(F)F)c1,-45.0,0.37446524,,,
841576889,CC(=O)c1ccc2c(c1)C(=O)N(c1cccc(P(=O)(c3ccc(Oc4ccc(C56CC7CC(CC(C7)C5)C6)cc4)cc3)c3cccc(N4C(=O)c5ccc(C)cc5C4=O)c3)c1)C2=O,235.0,0.38634637,,,
842024022,COc1ccc(OC2(F)C(C)(F)C(F)(F)C2(F)F)cc1,81.0,0.34021379,,,
842148313,CNc1ccc(-c2c(-c3ccccc3)c(-c3ccccc3)c(NC)c(-c3ccccc3C)c2-c2ccccc2C)cc1,-32.0,0.37961071,,,
842167683,Cc1ccc(Oc2ccc(C3(c4ccc(Oc5ccc(N6C(=O)c7ccc(Oc8ccc(C9(c%10ccc(Oc%11ccc%12c(c%11)C(=O)N(C)C%12=O)cc%10)CCC(c%10ccccc%10)CC9)cc8)cc7C6=O)cc5)cc4)CC4CCC3C4)cc2)cc1,380.0,0.38120517,,,
842432665,CCC1CCC(COC(=O)CCCCCCCCCCC(=O)OC)CC1,,,0.279,,
842879180,CCC(C)(C)C(=O)Oc1ccccc1C,189.0,,0.1905,1.024902598,13.62318206
843120215,COc1cc(-c2cc(OC)c(OC(=O)c3cccc(C(C)=O)c3)c(OC)c2)cc(OC)c1OC,100.0,0.34670291,,,
843575922,CCCOCCOCCOc1ccc(NC(=O)c2cccc(C(=O)Nc3ccc(OC)cc3)c2)cc1,123.0,0.34013313,,,
843758383,CC(=O)c1ccc2c(c1)C(=O)N(c1c(C)cc(C(c3cc(C(F)(F)F)cc(C(F)(F)F)c3)c3cc(C)c(N4C(=O)c5ccc(C)cc5C4=O)c(C)c3)cc1C)C2=O,101.0,0.43055287,,,
843894109,C=c1ccc(=C(c2ccc(NC)cc2)c2ccc(NC)cc2)cc1,41.0,0.364906,,,
844100895,CCCOCCOP(=O)(N=Nc1ccc(-c2ccc(N=NP(=O)(OC)OC)cc2)cc1)OC,3.4,0.35788799,,,
844147775,CCCCCCCCCCCCCCCCCC(C(=O)NC)C(=O)NCCCCCCC,245.0,,0.3505,0.889924513,16.83151528
844156595,CCCCCOC(=O)c1cc(C)cc(N2C(=O)CC(C3Cc4ccccc4C4C(=O)N(C)C(=O)C43)C2=O)c1,116.0,0.3651339,,,
844411055,Cc1cccc(P(=O)(c2ccc(Oc3ccc(C45CC6CC(CC(C6)C4)C5)cc3)cc2)c2cccc(N3C(=O)c4ccc(Oc5ccc6c(c5)C(=O)N(C)C6=O)cc4C3=O)c2)c1,,0.38257569,,,
844805086,Cc1ccc2oc(-c3ccc(C(c4ccc(-c5nc6cc(C(C)(c7ccccc7)C(F)(F)F)ccc6o5)cc4)(C(F)(F)F)C(F)(F)F)cc3)nc2c1,245.0,0.42531677,,,
845322563,CCCCCCCC(=O)NC,253.0,0.35135573,0.310631867,1.007716443,23.17830362
845810761,Cc1ccc(C(=O)c2ccc(C(=O)c3ccc(S(C)(=O)=O)cc3)cc2)cc1,-4.0,0.37728545,,,
845873232,COc1cccc2ccc(Oc3ccc(NC(=O)c4ccc(C(c5ccc(C(=O)Nc6ccc(C)cc6)cc5)(C(F)(F)F)C(F)(F)F)cc4)cc3)cc12,76.0,0.35696537,,,
845994024,CC(=O)Nc1ccc(S(=O)(=O)c2ccc(NC(=O)c3ccc(N4C(=O)c5ccc(C)cc5C4=O)cc3)cc2)cc1,-32.0,0.35537215,,,
846108255,COc1ccc(Oc2ccc(C(=O)c3ccc(NC(=O)CCCCCCCCC(=O)Nc4ccc(C(=O)c5ccc(C)cc5)cc4)cc3)cc2)cc1,380.0,0.35538717,,,
846390932,CNc1ccc(/C=C/c2ccccc2/C=C/c2ccc(NC)cc2)cc1,219.0,0.35311635,,,
846455978,CNc1cc(O)c(-c2c(O)c(O)c(N)c(N)c2NC)c(O)c1,73.0,0.31859202,,,
846469607,COc1ccc(C(c2ccc(Oc3ccc(C(=O)c4cccc(-c5cccc(C(=O)c6ccc(C)cc6)c5)c4)cc3)cc2)(C(F)(F)F)C(F)(F)F)cc1,100.0,0.37249164,,,
846662171,CCCCCCCCCN1C(=O)c2ccc(-c3ccc(-c4ccc5c(c4)C(=O)N(C)C5=O)cc3)cc2C1=O,235.0,0.34909907,,,
846740244,CNc1cc(S)c(NC)cc1S,305.0,0.34631119,,,
846811981,CNc1ccc(C(C)(c2ccc(N)cc2)c2ccc(NC)cc2)cc1,41.0,0.36464453,,,
847044135,CCC(C)C(=O)N(O)c1ccccc1,141.1832818,,,,
847356042,CCCCCCCOC(=O)OCCCOC(=O)OCCCCCCOc1ccc(C(=O)c2ccc(OC)cc2)cc1,245.0,0.34612362,,,
848202218,CCC(O)COc1ccc(C2CCCC(CC)(c3ccc(OC)cc3)C2)cc1,,0.35559164,,,
848295596,COc1cccc(Oc2ccc(NC(=O)c3ccc(-c4ccc(C(=O)Nc5ccc(C)cc5)c(C)c4)cc3C)cc2)c1,252.0,0.35683995,,,
848393860,CNc1ccc([C@@]2(c3ccccc3)c3ccccc3-c3cc(NC)ccc32)cc1,129.0,0.37057896,,,
848462258,CCC(C)OC(=O)c1cccc(Cl)c1,301.1,0.35874129,,,
849184713,COc1c(Cl)cc(C)cc1Br,,0.4236255,,,
850250800,Cc1cc(C(c2cccnc2)c2cc(C)c(N3C(=O)CC(Nc4cccc(NC5CC(=O)N(C)C5=O)c4)C3=O)c(C)c2)cc(C)c1C,,0.38678861,,,
850843223,Cc1ccc2c(c1)C(=O)N(c1ccc(C(=O)Nc3ccc(C(c4ccc(NC(=O)c5ccc(N6C(=O)c7ccc(C(C)(C(F)(F)F)C(F)(F)F)cc7C6=O)cc5)cc4)(C(F)(F)F)C(F)(F)F)cc3)cc1)C2=O,16.0,0.36985522,,,
851867509,CCC(C)C(=O)Oc1cccc(C)c1,219.0,0.35823799,0.2055,1.071947231,13.42046484
852036166,COc1ccc(C2(c3ccc(Oc4ccc(C(=O)Oc5c(C)cc(C(C)(C)c6cc(C)c(OC(=O)c7ccc(C)cc7)c(C)c6)cc5C)cc4)cc3)CCC(C(C)(C)C)CC2)cc1,290.0,0.39731792,,,
852138859,CCCCCCCCCCCCCN1C(=O)c2ccc3c4c(ccc(c24)C1=O)C(=O)N(C)C3=O,101.4116865,,,,
852180145,CCN(CCOC(=O)C(C)(C)CC)c1ccc(N=Nc2ccc(C#N)cc2)cc1,52.0,0.37352321,,,
852184111,Cc1cc(C)c(C)s1,213.5,0.5168642,,,
852432684,CNc1ccc(Cc2ccc(NC(=O)/C=C/c3ccc(/C=C/C(C)=O)cc3)cc2)cc1,252.0,0.3481612,,,
852454383,CNc1ccc(/C=C2/c3ccccc3-c3ccc(NC)cc32)cc1,252.0,0.3508840749999999,,,
852757055,CNc1cc(C)c(C)c2c(NC)cc(C)c(C)c12,130.0,0.34685576,,,
852866777,Cc1cccc(Cc2cccc(N3C(=O)c4ccc([Si](C)(C)c5ccc(-c6ccc([Si](C)(C)c7ccc8c(c7)C(=O)N(C)C8=O)cc6)cc5)cc4C3=O)c2)c1,24.5,0.38577325,,,
853471397,C/C=C/CCCCCCC(Cl)CCCCCCC,176.0,,0.3405,0.903154394,19.54188854
854050780,CCCOCCOP(=O)(N=Nc1ccc(Oc2ccc(N=NP(=O)(OC)OC)cc2)cc1)OC,159.0,0.35616921,,,
854325702,COCCOCCOCCOCCOCCOCCC[Si](C)(CCCOCCOCCOCCOCCOCCOC)OC,120.0,0.36409015,,,
854626537,CNc1ccc(-c2c(NC)ccc3c2[C@@H](C)CC3(C)C)cc1,114.2,0.36596567,,,
855265813,Cc1ccc(Oc2ccc(C(c3ccc(Oc4ccc(-c5nnc(C)n5-c5ccc(C)cc5)cc4)cc3)(C(F)(F)F)C(F)(F)F)cc2)cc1,230.0,0.38349717,,,
856310175,CCC(C)(CC(=O)OC)C(=O)OC12CC3CC(C)(CC(C)(C3)C1)C2,,0.37886731,,,
857493941,CC=C(C)CCCOc1ccc(OC(=O)c2ccc(OC)cc2)cc1,16.0,0.33826779,,,
857690226,CCCCC(CC)C(=O)N(C)CCC,285.0,0.38443623,,,
858163366,CCCCCCCNC(=O)C(CC)CC(CC)C(=O)NC,140.0,0.35751221,,,
858271129,CN=Nc1ccc(C(=O)NCCCCNC(=O)c2ccc(C)cc2)cc1,213.0,0.34984295,,,
858364876,CNc1cc2c(cc1NC)C(C)(C)CC2(C)C,-69.7,0.36750858,,,
858663171,CCCC(=O)OC,61.75,0.3077545,,,
859360973,CNc1ccc(-c2cccc(-c3cccc(-c4ccc(NC)cc4)c3)c2)cc1,188.5,0.34516599,,,
859487043,CC(=O)Oc1ccc(C(=O)Oc2cccc(OC(=O)c3ccc(OC(=O)c4ccc(C)nc4)cc3)c2)cc1,224.0,0.33873144,,,
859606185,CCc1ccc(CNC(=O)c2cc(C(=O)NC)cc(C(C)(C)C)c2)cc1,351.0,0.34874019,,,
859644583,CCCCCCCCCCCCCCCOC(=O)C/C=C/CC(=O)OC,-41.10158883,,,,
859659419,CCCCSCC(CC)OC,176.0,0.41461382,,,
860122882,CNc1ccc([C@@]23C[C@@H]4C[C@@H](C[C@@](NC)(C4)C2)C3)cc1,,0.34323604,,,
860336451,CCCCCCCOC(=O)C(CCCCP(=O)(O)O)C(=O)OCCCCCCOc1ccc(-n2on2-c2ccc(OC)cc2)cc1,114.2,0.34888897,,,
860722279,CO[Si](C)(CCC(F)(F)F)O[Si](C)(CCC(F)(F)F)O[Si](C)(CCC(F)(F)F)CCC(F)(F)C(F)(F)C(F)(F)C(F)(F)C(F)(F)C(F)(F)CC[Si](C)(C)CCC(F)(F)F,230.0,0.38225238,,,
860898971,CCCOCCOCCOCCOC(=O)c1ccc(-c2ccc(C(=O)OC)cc2)cc1,110.0,0.34018016,,,
861130931,CCCCCCCCCCCCCCCCCCCCCC(C)COCCOCCOCCOCCOCCCCCC,204.0,,0.39925,0.886368922,18.76168306
861281692,COc1ccc(C(c2ccccc2)(c2ccccc2)c2ccc(Oc3ccc4c(=O)n5c6cc(-c7ccc8c(c7)nc7c9ccc(C)c%10cccc(c(=O)n87)c%109)ccc6nc5c5cccc3c45)cc2)cc1,285.0,0.40111229,,,
861681123,CCOC(=O)NCc1ccc(CNC(=O)OCc2ccc(C)o2)o1,,0.32330608,,,
862321368,CCCCCCCCOc1ccc(-c2ccc(C(=O)OCCCCCC)cc2C(C)CC)cc1,-69.7,0.38417048,,,
862498467,CC(=O)Oc1ccc(C23CC4CC(CC(C4)C2)C3)c(OC(=O)c2ccc3c(c2)C(=O)N(c2ccc(-c4ccc(N5C(=O)c6ccc(C)cc6C5=O)cc4C)c(C)c2)C3=O)c1,19.0,0.38353529,,,
862699408,COc1cc(C(C)(C)c2ccccc2)c(OC(=O)c2cccc(C(C)=O)c2)cc1C(C)(C)c1ccccc1,213.0,0.38262051,,,
862879139,CNc1ccc(-c2ccccc2)cc1-c1c(NC)ccc2ccccc12,144.0,0.34947854,,,
863587457,CCC(O)COC(=O)CCCCC(=O)OC,,0.31523099,,,
863625275,CNc1c(C)cc(C2(c3cc(C)c(NC)c(C)c3)c3cccc(C)c3-c3c(C)cccc32)cc1C,357.0,0.38998404,,,
864305544,CCC(C)(C)C(=O)OC(F)(C(F)(F)F)C(F)(F)F,94.0,,0.069,1.327370903,15.38423682
864842890,CCCCCCCCCCCCCOc1ccc(C=NN=Cc2ccc(OC)cc2O)c(O)c1,75.0,0.36634153,,,
865092427,Cc1ccc(OC(=O)c2ccc(C(=O)Oc3ccc(C4(C)c5ccccc5C(=O)N4C)cc3)cc2)cc1,64.0,0.36865057,,,
865332656,CCCCCCCCCCCCC(=O)N(C)C,-24.0,0.37628119,,,
865769090,CCC(C)(F)C(C)=O,180.0,0.32677748,,,
865858202,COc1ccc(C(=O)CNc2ccc(S(=O)(=O)c3ccc(NCC(=O)c4ccc(C)cc4)cc3)cc2)cc1,110.0,0.36395079,,,
865879594,CCC(C)CNc1ccc([N+](=O)[O-])c(C(F)(F)F)c1,204.0,0.3854775,,,
865948061,Cc1ccc(-c2ccc(-c3ccc(-n4c(=O)c5cc6c(=O)n(C)c(=O)c6cc5c4=O)cc3)cc2)cc1,278.5221779,,,1.11034621,79.61238701
866279797,CNc1ccc(C(=O)c2ccc(NC(=O)c3cc(C(C)=O)cc(C(C)(C)C)c3)cc2)cc1,-65.0,0.36605303,,,
866677131,COc1ccc(/C=C/c2ccc(OCCCCCCCCCCC[Si](C)(C)OC)cc2)cc1,,0.37913945,,,
866841862,CNc1ccc(C(C)=C(c2ccc(N)cc2)c2ccc(NC)cc2)cc1,282.0,0.36759676,,,
866951127,CCC(C)CCCC(C)C,5.980301023,,0.2573333333333333,,
867336767,CNc1ccccc1C(C)(C)c1ccc(-c2ccc(C(C)(C)c3ccccc3NC)cc2)cc1,-43.0,0.35983878,,,
867393548,CCCCCCCCCCCCCCCNC(=O)NCCCCCCNC(=O)NC,4.0,0.36160098,0.4,0.953783995,18.42693992
867402833,CCC(C)C(=O)c1ccccc1,153.0,0.36539681,,,
867714785,CCCC[Si](C)(C)C(C)=C(C)C,152.5242236,,,,
867758699,Cc1nc(-c2ccccc2)nc(N(CCCCCCCCCCN(C)c2ccccc2)c2ccccc2)n1,271.0,0.38458096,,,
869392310,CNC1=CC=C2C=Cc3c(NC)ccc4c3[C@H]2[C@@H]1C=C4,75.0,0.33488674,,,
869406421,Cc1cc(Cc2cc(C)c(N3C(=O)c4cccc(Oc5c(C)cc(Cc6cc(C)c(Oc7cccc8c7C(=O)N(C)C8=O)c(C)c6)cc5C)c4C3=O)c(C)c2)cc(C)c1C,64.0,0.40218453,,,
870443283,Cc1ccc(Nc2nc(Nc3ccc(-c4nc5cc(-c6ccc7[nH]c(C)nc7c6)ccc5[nH]4)cc3)nc(N(c3ccccc3)c3ccccc3)n2)cc1,180.0,0.4152424,,,
870679146,CC(=O)Nc1cccc(NC(=O)c2ccc3c(c2)C(=O)N(c2ccc(Oc4ccc5ccc(Oc6ccc(N7C(=O)c8ccc(C)cc8C7=O)cc6)cc5c4)cc2)C3=O)c1,47.0,0.35133483,,,
871001883,CNc1ccc(-c2ccc(NC(=O)c3cccc(C(C)=O)c3)c(O)c2)cc1O,72.75,0.32620307,,,
871245251,CCCOP(=O)(N=Nc1ccc(C(=O)c2ccc(N=NP(=O)(OC)OCC)cc2)cc1)OCC,,0.36466519,,,
871482212,CCC(C)OC(=O)C1CCCCC1,62.0,0.36242795,,,
871802155,CCOCCOc1ccc(COC(=O)C(C)(C)CC)cc1OCCOCC,,0.3637068,,,
872295488,CCC(C)OC(=O)C(C)(C)C(C)(C)CC,282.0,0.37176287,,,
873004206,Cc1ccc(Oc2ccc(-c3ccc(Oc4ccc(N5C(=O)c6ccc(Oc7ccc(Sc8ccc(Oc9ccc%10c(c9)C(=O)N(C)C%10=O)cc8)cc7)cc6C5=O)cc4)cc3)cc2)cc1,-29.0,0.36939171,,,
873238288,CNc1cc(N)c(N)c(C)c1C(=O)Oc1cc(N)c(-c2cc(N)c(N)c(C)c2N)c(C)c1NC,142.0,0.32140926,,,
873401341,COc1ccc(NC(=C(C#N)C#N)c2ccc(C(Nc3ccc(C)cc3)=C(C#N)C#N)cc2)cc1,247.0,0.401116,,,
873453731,CC(=O)Oc1ccc(C(C)(C)c2ccc(OC(=O)c3ccc4c(c3)c3cc(C)ccc3n4C)cc2)cc1,73.83261176,,,,
873632495,CC#Cc1ccccc1C#C[SiH](C)c1ccccc1,,0.43769633,,,
873980403,CCC(C)(C)C(=O)OCCOCCOCCOc1ccc(N=Nc2ccc(C#N)cc2)cc1,271.0,0.35955244,,,
874837683,CCCCCc1cc(C(C)=O)cc(C(=O)Oc2ccc(S(=O)(=O)c3ccc(OC)cc3)cc2)c1,55.0,0.36567786,,,
875422792,COc1ccc2cc(Oc3ccc(S(=O)(=O)c4ccc(Oc5ccc(C(=O)c6ccc(C)cc6)cc5)cc4)cc3)ccc2c1,90.0,0.36982073,,,
875480288,CCCCC1CCN(C(=O)c2ccc(C(=O)C3CCN(C)CC3)c(Oc3ccccc3)c2)CC1,131.1821319,,,,
875491202,Cc1ccc(NC(=O)c2ccc(C(=O)Nc3ccc(C4(C)OC(=O)c5ccccc54)cc3)cc2)cc1,292.5925873,,,,
875508039,CNc1ccc(-c2ccc(NC)c(-c3ccc4ccccc4c3)c2-c2ccc3ccccc3c2)c(-c2ccc3ccccc3c2)c1-c1ccc2ccccc2c1,47.0,0.3677538,,,
876188876,COc1ccc(C2(c3ccc(Oc4ccc(C(=O)c5cccc(C(=O)c6ccc(C)cc6)c5)cc4)cc3)CCC3CCCCC3C2)cc1,72.75,0.39821297,,,
876238099,CCCCCCN(C)c1ccc(C)cc1,-128.6299242,,,,
877528478,CCCCCCCCCCCCCCCCCCCCCOC(=O)CCCCCC(=O)OC,62.0,,0.406,0.89731003,22.86240687
877661391,CCC#CC(C#CCOC(=O)CCCCCCCCC(=O)OC)=Cc1ccc(C#Cc2ccc([N+](=O)[O-])cc2)cc1,170.0,0.37813011,,,
878287974,CNc1ccc2c(c1)C1(CC2)CCc2ccc(NC)cc21,243.0,0.3601834849999999,,,
878623302,CCCCCCC1C2CC(C)C(C2)C1C,,0.40905206,0.261321169,0.82757252,10.70862832
878851923,COc1ccc(Oc2ccc(C(=O)c3ccc(P(=O)(c4ccccc4)c4ccc(C(=O)c5ccc(C)cc5)cc4)cc3)cc2)cc1,329.0,0.38390226,,,
879566898,CCc1c(C)c(C)c(CNC(=O)CCCC(=O)NC)c(C)c1C,286.0,0.33742347,,,
879855559,CCC1CCC(c2ccc(NC)cc2)(c2ccc(NC)cc2)CC1,386.0,0.35312515,,,
880146863,CCCCC(c1ccc(-c2ccc(N)cc2)cc1)(c1ccc(-c2ccc(NC)cc2)cc1)c1ccc(-c2ccc(NC)cc2)cc1,,0.37280295,,,
880265803,CCC(COC(=O)OC)OCCCCOc1ccc(C=Cc2ccc([N+](=O)[O-])cc2)cc1,66.0,0.34702977,,,
880356503,CCCOCCOC(=O)C(=O)OC,-2.0,0.30751302,,,
880710416,CC(=O)Nc1cccc(NC(=O)c2ccc3c(c2)C(=O)N(c2ccc(Oc4ccc(C5(c6ccc(Oc7ccc(N8C(=O)c9ccc(C)cc9C8=O)cc7)cc6)NC(=O)c6ccccc65)cc4)cc2)C3=O)c1,90.0,0.36419448,,,
881168754,CNc1cccc2c(NC)cccc12,205.0,0.33466696,,,
881173814,CC1C(=O)N(c2ccccc2)C(=O)C1C,197.1821336,,0.143,1.03911953,14.56697254
881250244,Cc1ccc(-c2nc3cc(-c4ccc5nc(-c6ccccc6)c(-c6ccc(N7C(=O)C8OC9C(=O)N(C)C(=O)C9C8C7=O)cc6)nc5c4)ccc3nc2-c2ccccc2)cc1,274.0,0.4262251,,,
881286368,CCN(CCOc1ccc(C(c2ccc(OCCN(CC)c3ccc(N=Nc4ccc([N+](=O)[O-])cc4)cc3)c(N3C(=O)c4ccc(C(C)(C(F)(F)F)C(F)(F)F)cc4C3=O)c2)(C(F)(F)F)C(F)(F)F)cc1N1C(=O)c2ccc(C)cc2C1=O)c1ccc(N=Nc2ccc([N+](=O)[O-])cc2)cc1,,0.37188256,,,
881699959,CNc1c2ccccc2c(-c2c3ccccc3c(NC)c3ccc(-c4ccc(C)cc4)c(-c4ccc(C)cc4)c23)c2c(-c3ccc(C)cc3)c(-c3ccc(C)cc3)ccc12,71.0,0.38407296,,,
882038181,CO[Si](C)(C)c1cccc(C(F)(F)C(F)(F)c2cccc([Si](C)(C)C)c2)c1,,0.40311719,,,
882891483,CC(=O)Nc1cc(NC(=O)c2cccc(C)n2)cc(-c2nnc(-c3ccccn3)o2)c1,170.0,0.38275614,,,
884131140,CCCOCCOCCN1C(=O)c2ccc(C(=O)Oc3ccc(OC(=O)c4ccc5c(c4)C(=O)N(C)C5=O)c(-c4ccccc4)c3)cc2C1=O,199.0,0.33757456,,,
884364741,COc1ccc(C(c2ccc(OC(C)=O)cc2)C2C3CCC(C3)C2C)cc1,,0.38003376,,,
884656805,CNc1nc(CCn2ccnc2C)nc(NC)n1,,0.323466525,,,
884758912,Cc1ccc(Oc2ccc(C(=O)c3ccc(Oc4ccc(-c5c6c(c(C)c7ccccc57)C(=O)N(c5ccccc5F)C6=O)cc4)cc3)cc2)cc1,230.0,0.37981659,,,
884792716,CNc1ccc(C(C)(C)c2ccccc2C(C)(C)c2ccc(NC)cc2)cc1,194.0,0.36215314,,,
884979712,CCCCCCCCCCCCCCNC(=O)c1cc(C)cc(N2C(=O)c3ccc(-c4ccc5c(c4)C(=O)N(C)C5=O)cc3C2=O)c1,,0.3677936,,,
885328080,CCOC(=O)CC(C)(CC)C(=O)O,-2.0,0.29105461,,,
885496474,CCN(CCOC(=O)C(C)(C)CC)c1ccc([N+](=O)[O-])cc1,255.0,0.35415635,,,
886271093,CCC(C)(C)C(=O)Oc1ccc(N=Nc2ccc(OC)cc2)cc1,252.0,0.35867178,,,
886386910,CC=Nc1ccc(C(=O)OCCCCOCCCCOCCCCOC(=O)c2ccc(N=Cc3ccc(C)s3)cc2)cc1,207.0,0.36455788,,,
886529018,CCCCCCCCCCCC(=O)Nc1ccc(NC(=O)CCCCCCCCCCN2C(=O)c3ccc(C(=O)c4ccc5c(c4)C(=O)N(C)C5=O)cc3C2=O)cc1,192.0,0.34716825,,,
886858918,CCC(C)c1ccc(Oc2ccccc2)cc1,,0.37467295,,,
887026171,CO[Si](C)(C)O[Si](C)(C)OC(C)CCC(C)C,247.6,0.42518322,,,
887350173,CNc1ccc2c(c1)Oc1cc3c(cc1O2)C1(CC3(C)C)CC(C)(C)c2cc3c(cc21)Oc1ccc(NC)cc1O3,135.0,0.395258,,,
887653372,CNc1cc2ccccc2c(-c2c(NC)c(N)cc3ccccc23)c1N,-28.0,0.33877583,,,
887685066,CNc1cccc2c(N[Se]C)cccc12,328.0,0.38429931,,,
887804615,CCCOCCOC(=O)c1ccc(NC=Nc2ccc(C(=O)OC)cc2)cc1,,0.34881657,,,
888408662,COc1ccc(S(=O)(=O)c2ccc(Oc3ccc(NC(=O)c4ccc(Oc5ccc(C(C)(C)c6ccc(C(C)(C)c7ccc(Oc8ccc(C(=O)Nc9ccc(C)cc9)cc8)cc7)cc6)cc5)cc4)cc3)cc2)cc1,,0.36526252,,,
889509807,Cc1ccc(Oc2ccccc2Oc2ccc(N3C(=O)c4ccc(S(=O)(=O)c5ccc6c(c5)C(=O)N(C)C6=O)cc4C3=O)cc2C(F)(F)F)c(C(F)(F)F)c1,230.0,0.3732598,,,
889670641,COc1ccc(C(C)(C)c2cccc(C(C)(C)c3ccc(Oc4ccc(C(=O)Nc5cccc(NC(=O)c6ccc(C)cc6)c5)cc4)cc3)c2)cc1,85.0,0.3636819,,,
889893408,CNc1cccc(NC(=O)c2ccc(NC(=O)c3ccc([Si](C)(C)c4ccc(C(=O)Nc5ccc(C(C)=O)cc5)cc4)cc3)cc2)c1,-83.0,0.35733019,,,
890037112,CCC(O)COc1ccc(C(C)(C)c2ccc(OCC(O)COc3cccc(NC(=O)Cc4cccc(CC(=O)Nc5cccc(OC)c5)c4)c3)cc2)cc1,-2.0,0.3397353,,,
890273694,CC1Oc2ccccc2C1C,255.0,0.40215636,0.154427579,1.092531193,17.46088525
890286804,Cc1ccc2c(c1)C(=O)N(c1ccc(Oc3ccc4ccc(Oc5ccc(N6C(=O)c7ccc(C(C)(C(F)(F)F)C(F)(F)F)cc7C6=O)cc5)cc4c3)cc1)C2=O,105.0,0.38094303,0.182668971,1.283568007,23.55917576
890297179,Cc1cc(CCCCCCO[Si](C)(C)C)c(C)s1,232.0,0.42932907,,,
890414662,Cc1ccc2c(c1)C(=O)N(c1cccc(C(=O)Nc3ccc(NC(=O)c4ccc(NC(=O)c5cccc(N6C(=O)c7ccc(C(C)(C(F)(F)F)C(F)(F)F)cc7C6=O)c5)cc4)cc3)c1)C2=O,177.0,0.35268551,,,
890512503,CCC(C)(C)C(=O)OC1CC(C)CCC1C(C)C,282.0,0.38071685,,,
890572584,CC=Cc1ccc(C)c(-c2cc(OCCC(C)C)c(OCCC(C)C)cc2-c2ccccc2)c1,155.0,0.39126142,,,
890993359,CCCCCCCC(=O)Oc1ccc(OC(=O)c2ccc3c(c2)C(=O)N(C)C3=O)c(C)c1,247.6,0.3439212,,,
892241258,CNc1cc(C(=O)O)c(C)cc1OC,93.18891585,,,,
893298020,CCOCCOCc1ccc(C(C)CC)cc1,98.0,0.37466356,,,
893952822,CCC(C)c1ccc(C(C)=O)cc1,-10.0,0.37541315,0.2296666666666666,1.013613515,14.74755617
894220698,Cc1ccc(C(=O)Nc2ccc(-c3nnc(C)o3)cc2)c(Oc2ccccc2)c1,10.0,0.38004401,,,
895111852,CCC(COC(=O)OC)OCCCCCCCCCCCOc1ccc(C=Cc2ccc([N+](=O)[O-])cc2)cc1,328.0,0.35711055,,,
895255248,Cc1cccc(N2C(=O)C(=O)N(CCCCCCN3C(=O)C(=O)N(C)C3=O)C2=O)n1,125.0,0.32153178,,,
895257711,CCCCCCCCCCc1nc2ccc(-c3ccc4nc(C)oc4c3)cc2o1,85.0,0.38117284,,,
895302963,COCCOCCOCCC[Si](C)(CCCOCCOCCOC)OC,-83.0,0.37166513,,,
895368318,Cc1ccc(Oc2ccc(N3C(=O)C4CCC(C5CCC6C(=O)N(C)C(=O)C6C5)CC4C3=O)cc2)cc1,,0.37758601,,,
895465907,CCCCCCCCCNC(=O)c1cccc(C(=O)NC)c1,0.0,0.34757271,,,
896186812,CNc1ccc(/C=C2\c3ccccc3-c3ccc(NC)cc32)cc1,53.0,0.352654845,,,
896500717,CCOCCOCCOC(=O)C(Cc1ccc(OC)cc1)NC(=O)CCc1ccc(OC(=O)CCC(C)=O)cc1,235.0,0.33599709,,,
896516520,CCOC(=O)c1ccc(-c2ccc(C(=O)OCC)c(C(=O)Nc3ccc(OC)cc3)c2)cc1C(=O)Nc1ccc(C)cc1,177.0,0.34732657,,,
896836306,CCCCCCCCCCCC(=O)Oc1ccc(-c2ccc(OC(=O)c3ccc4c(c3)C(=O)N(C)C4=O)cc2)cc1,255.0,0.34876143,,,
897111350,CCCCCCCCCOc1c(OC)cc(C=Cc2ccc(C=Cc3ccc(C=Cc4cc(OC)c(OC)c(OC)c4)cc3)cc2)cc1OC,155.0,0.36573737,,,
897856664,CC[Si](CC)(CC)Oc1ccc(N2C(=O)C(C)C(C)C2=O)cc1,303.0,0.41373857,,,
897919146,CCCCCCCCCCCOC(=O)c1ccc(C(=O)NCCCCCCNC(=O)c2ccc(C(=O)OC)cc2)cc1,-20.66610996,,,,
898827717,CC/C=C\COC(=O)CCCCCCCCC(=O)OC,65.2,0.35027613,,,
899188513,CCC(COc1ccc(-c2ccc(C#N)cc2)cc1)OC,302.3,0.3561426,,,
899991188,CCCCCCCCCNC(=O)CCCCCCCCCCCCCCC(=O)NC,10.0,0.37055224,0.355,0.905325915,21.08607303
900206396,Cc1ccc2c(c1)C(=O)N(c1cccc(P(=O)(c3ccc(Oc4ccc(C56CC7CC(CC(C7)C5)C6)cc4)cc3)c3cccc(N4C(=O)c5ccc(C(C)(C(F)(F)F)C(F)(F)F)cc5C4=O)c3)c1)C2=O,328.0,0.3944462,,,
900377151,CNc1ccc(/C(=C(/c2ccccc2)c2ccc(NC)cc2)c2ccccc2)cc1,147.0,0.3773241,,,
900477091,COC(COC(=O)c1ccccc1-c1ccccc1C(C)=O)COc1ccc(N=Nc2ccc(C#N)cc2)cc1,,0.3636633,,,
901091575,CC(=O)OCCCCCCCCCCOC(=O)c1ccc(N2C(=O)c3ccc(C)cc3C2=O)cc1,57.21,0.34926735,,,
901146079,Cc1ccc(Oc2ccc(Oc3ccc(N4C(=O)c5ccc(Oc6ccccc6Oc6ccc7c(c6)C(=O)N(C)C7=O)cc5C4=O)cc3)cc2)cc1,,0.35799953,,,
901361482,CCCCCCCCOc1ccc(OC(=O)c2ccc(C(=O)Oc3ccc(OCCCCCCCC)cc3)c(C(C)CC)c2)cc1,0.0,0.3687618,,,
901629107,CCCCCOC(=O)/C=C/C(=O)OC,115.5,0.32664054,,,
902689817,COc1ccc(C(=O)c2ccc(Oc3ccc(C(c4ccc(C)cc4)(C(F)(F)F)C(F)(F)F)cc3)cc2)c2ccccc12,298.0,0.36856069,,,
902705671,CCCCCCCCCCCCOC(=O)C(Cc1ccc(OC)cc1)NC(=O)CCc1ccc(OC(=O)CCCC(C)=O)cc1,169.5,0.35587178,,,
902763521,Cc1ccc(Oc2ccc(-c3ccc(Oc4ccc(-c5nnc(C)c6c(-c7ccc(F)cc7)c(-c7ccc(F)cc7)c(-c7ccc(F)cc7)c(-c7ccc(F)cc7)c56)cc4)cc3)cc2)cc1,64.0,0.4099229,,,
903431099,CCC(C)(C)C(=O)OCc1ccc(Cl)cc1,-63.4,0.35830867,0.167641229,1.187854535,16.19178259
903930104,Cc1ccc(OCCCCCCCCCCCOC(=O)CCCCC(=O)OCCCCCCCCCCCOc2ccc3nc(C)sc3c2)cc1,-17.21827415,,,,
904061966,CCC(C)(C)C(=O)Oc1ccc(N=Nc2ccc(OCCCCCCCCCCCOC(=O)c3ccc4c(c3)OCCOCCOCCOCCO4)cc2)cc1,110.0,0.35926185,,,
904517028,CO[Si](C)(C)c1ccc([Si](C)(C)Oc2c(C)cc(-c3cc(C)c(C)c(C)c3)cc2C)cc1,-22.0,0.39864657,,,
904673850,CCCCCCCNC(=O)CC(C)c1ccc(C(C)CC(=O)NC)cc1,34.0,0.35386702,,,
904679252,COc1ccc(Oc2ccc(C(=O)c3ccc(-c4ccc(C(=O)c5ccc(C)cc5)cc4)cc3)cc2)cc1-c1ccc(S(=O)(=O)O)c(C)c1,190.15,0.37255113,,,
904704494,CCCC(=O)N(C)CCC,61.0,0.35159195,,,
904791008,CCCCCCCCCCCCCCCC(=O)OC,27.5,0.38218205,0.3595,0.893283062,18.2412139
905076848,CCC(C)(C)C(=O)Oc1ccc(N=Nc2ccc(C#N)cc2)cc1,165.0,0.37991064,,,
906179701,Cc1ccc(-c2ccc(-c3ccc(-c4cc(-c5ccccc5)c5cc(Oc6ccc7nc(C)cc(-c8ccccc8)c7c6)ccc5n4)cc3)cc2)cc1,43.6,0.40373085,,,
906210584,CCC1CCC(COP(=O)(N=Nc2ccc(Oc3ccc(N=NP(=O)(OC)OC)cc3)cc2)OC)CC1,,0.36114969,,,
906778852,COc1cccc(NC(=O)CCCCC(=O)Nc2ccc(C)cc2)c1,94.15,0.33664117,,,
906799787,Cc1cnc(C2C(c3ccccc3)C(C)C2c2ccccc2)cn1,52.0,0.39156002,,,
907119862,CCCC(C)CC(C)(C)CNC(=O)c1ccc(C(=O)NC)cc1,298.0,0.3423688,,,
907128555,CCC(O)COC(=O)CCCCC(=O)OCC(O)COc1ccc(C(=O)Oc2ccc(OC)cc2)cc1,182.0,0.32619562,,,
907537660,CCC(C)(C)C(C)=O,42.0,,0.1669999999999999,0.887508896,15.25957674
907618399,Cc1cccc(P(=O)(c2ccccc2)c2cccc(N3C(=O)c4ccc(NC(=O)OCCOc5c(Br)cc(C(C)(C)c6cc(Br)c(OCCOC(=O)Nc7ccc8c(c7)C(=O)N(C)C8=O)c(Br)c6)cc5Br)cc4C3=O)c2)c1,58.0,0.37634912,,,
907710212,COc1c(C)cc(C(=O)c2ccc(C)cc2)cc1C,202.0,0.4003208,,,
908333095,CC(=O)Nc1cc(NC(=O)c2ccc3c(c2)C(=O)N(c2cc(-c4nnc(-c5ccccn5)o4)cc(N4C(=O)c5ccc(C)cc5C4=O)c2)C3=O)cc(-c2nnc(-c3ccccn3)o2)c1,300.0,0.38905414,,,
908476662,Cc1ccc(C(C)(C)c2ccc(N3C(=O)c4ccc(Oc5cccc6c(Oc7ccc8c(c7)C(=O)N(C)C8=O)cccc56)cc4C3=O)cc2)cc1,-22.0,0.38628112,,,
908638014,CCCCCCCCc1nc2ccc(-c3ccc4nc(C)oc4c3)cc2o1,-22.0,0.37087012,,,
908754108,CCC(C)C(=O)OCF,93.0,0.30797623,,,
908812975,COc1ccc(N(c2ccc(C)cc2)c2ccc3ccc(N(c4ccc(OC)cc4)c4ccc(OC)cc4)cc3c2)cc1,93.0,0.41219974,,,
908837792,CNc1ccc(CCCCCCc2ccc(NC)cc2)cc1,37.0,0.34643324,,,
909382922,COc1ccccc1S(=O)(=O)c1ccc(C)cc1,190.0,0.36770444,,,
909509106,CO[Si](C)(C)O[Si](C)(C)O[Si](C)(C)O[Si](C)(C)OC(C)CCCCC(C)C,27.5,0.42702035,,,
909673553,CCCC[Si](C)(C)O[Si](C)(C)CCCOc1ccc(C#N)cc1,320.0,0.40108774,,,
909955996,CC(=O)CCC1(CCC(=O)N2CCN(C)CC2)c2ccccc2-c2ccccc21,43.6,0.35082586,,,
910389413,CNc1cc(C)c2c(NC)cccc2c1,265.0,0.34129811,,,
911111741,CNc1ccc(/C=C/c2cccc(/C=C/c3ccc(NC)cc3)c2)cc1,85.0,0.35180608,,,
911981082,CCC(C)c1ccc(C(=O)OCC(C)C)cc1,67.0,0.38415931,,,
912214142,CCCCC(C)c1cc(C)cc(C)c1OC,88.0,0.42545276,,,
912864989,CCC(C)(Cl)C(=O)OC1CCCCC1,182.0,,0.1365,1.054643244,12.33320291
912967034,CCCc1ccc(CCNC(=O)CCCCCCCCCCCCCCCCCCCCC(=O)NC)cc1,42.0,,0.3195,0.936212185,22.57031329
913368014,CCC(OC)C(C(=O)OC)C(C)C(=O)OC,-22.1,0.33997342,,,
913582816,CCCCCCCCCCCCCCCCCCCCCCCOC(=O)Cc1ccccc1CC(=O)OC,-45.5,,0.367,,
913768396,COc1ccc(C(=O)OCCOCCOCCOC(=O)c2ccc(OC(=O)Nc3cc(NC(C)=O)ccc3C)cc2)cc1,100.4455143,,,,
914204004,CCCCOc1cc(C)c(OCCCC)cc1C,,0.42056313,,,
914466551,CCC(C)OC(=O)c1ccc(-c2ccccc2)cc1,160.0,0.35360889,,,
914573947,Cc1ccc(Oc2ccc(C3(c4ccc(Oc5ccc(N6C(=O)c7ccc(Oc8ccc(C9(c%10ccc(Oc%11ccc%12c(c%11)C(=O)N(C)C%12=O)cc%10)CCC(c%10ccccc%10)CC9)cc8)cc7C6=O)cc5)cc4)CC4CC3C3CCCC43)cc2)cc1,150.0,0.37595307,0.22907507,1.128591153,22.13342552
915211571,Cc1ccc(-c2cc(C(C)(C)C)c(Oc3ccc(N4C(=O)c5ccc(Oc6ccc7c(c6)C(=O)N(C)C7=O)cc5C4=O)cc3C(F)(F)F)c(C(C)(C)C)c2)cc1,147.0,0.41001219,,,
915222222,CC1C2CC(C(=O)OCCc3ccc(N(c4ccccc4)c4ccccc4)cc3)C(C2)C1C,37.0,0.37725216,,,
915365516,CNc1ccc2c(c1)[C@H]1c3ccccc3[C@@H]2c2ccc(NC)cc21,,0.37877881,,,
915411038,COc1ccc(N=CCCCC=Nc2ccc(OC(=O)Nc3ccc(Cc4ccc(NC(C)=O)cc4)cc3)cc2)cc1,201.0,0.35326814,,,
915653393,COc1ccc(C2(C)CCC(C(C)(C)c3ccc(Oc4ccc(C(=O)c5ccc(C)cc5)cc4)cc3)CC2)cc1,200.0,0.38061245,,,
915714545,CNc1ccc(-c2ccc(NC)c(C)c2-c2cccc(C)c2)cc1C,164.0,0.36515861,,,
915798099,COc1ccc(C2(c3ccc(OC(=O)CCC(C)=O)cc3)c3cc(N(C)C)ccc3-c3ccc([N+](=O)[O-])cc32)cc1,265.0,0.38013673,,,
915909655,CCC(C)(CC(=O)OC)C(=O)OC12CC3CC(CC(C3)C1)C2,85.0,0.37783312,,,
916135247,COc1ccc(NC(=O)c2ccc(C)cc2)cc1,15.0,0.35267198,,,
916461490,CCCCOc1ccc(-c2ccc(OC)c3ccccc23)c2ccccc12,197.0,0.36210647,,,
916566560,CNc1ccc([C@]2(C)CC(C)(C)c3cccc(NC)c32)cc1,307.0,0.36101129,,,
917149837,CC(=O)Nc1cccc(NC(=O)c2ccc3c(c2)C(=O)N(c2ccc(Oc4cccc5c(N6C(=O)c7ccc(C)cc7C6=O)cccc45)cc2)C3=O)n1,221.0,0.35579291,,,
917240080,Cc1ccc(C(c2ccc(-c3cc(-c4ccccc4)c4cc(Oc5ccc6nc(C)cc(-c7ccccc7)c6c5)ccc4n3)cc2)(C(F)(F)F)C(F)(F)F)cc1,-98.0,0.40660468,,,
917545259,CCCC(F)(F)C(C)(F)F,-45.5,0.34634024,,,
917692864,CC(F)(F)C(C)(F)Cl,145.0,,0.139,,
917837982,Cc1ccc(Oc2cc(C(C)(C)C)c(Oc3ccc(N4C(=O)c5ccc(-c6ccc7c(c6)C(=O)N(C)C7=O)cc5C4=O)cc3)cc2C(C)(C)C)cc1,215.0,0.40671678,,,
917938501,CCC(C)OC(=O)OCC(F)(F)F,197.0,0.32040893,,,
918157319,Cc1c(C)c2c(c(C)c1N1C(=O)c3ccc(Oc4ccc5c(c4)C(=O)N(C)C5=O)cc3C1=O)CCC2(C)C,325.2939228,,,,
918244660,Cc1cccc(NC(=O)c2ccc(OCCOCCOCCOCCOc3ccc(C(=O)Nc4ccc5[nH]c(C)nc5c4)cc3)cc2)c1,85.0,0.34339353,,,
918773447,Cc1ccc(-c2ccc(N3C(=O)c4cc5c(cc4C3=O)C(C(F)(F)F)(C(F)(F)F)c3cc4c(cc3O5)C(=O)N(C)C4=O)cc2C(F)(F)F)c(C(F)(F)F)c1,472.25,,0.334859311,1.258323544,61.41552649
919063854,CCC(C)CC1CCCC1,293.0,,0.2283333333333333,,
919712594,CCCCOC(=O)C(Cc1ccc(OC)cc1)NC(=O)CCc1ccc(OC(=O)CCCCC(C)=O)cc1,59.5,0.34179586,,,
919768604,CNc1ccc(/C(C)=C(\C)C(C)(C)c2ccc(NC)cc2)cc1,-108.0,0.360922,,,
920265814,Cc1cccc(C(=O)Nc2ccc(Oc3ccc(C(C)(C)c4ccc(Oc5ccc(NC(=O)c6cccc(N7C(=O)c8ccc(-c9cccc%10c9C(=O)N(C)C%10=O)cc8C7=O)c6)cc5)cc4)cc3)cc2)c1,52.1,0.36163095,,,
920561799,CO[Si](C)(C)O[Si](C)(C)Oc1ccc(-c2ccc(C)cc2)cc1,37.0,0.40651802,,,
920814890,COc1cc(-c2ccc(NC(=O)c3ccc4c(c3)C(=O)N(c3ccc(Oc5cccc6c(N7C(=O)c8ccc(C)cc8C7=O)cccc56)cc3)C4=O)c(OC)c2)ccc1NC(C)=O,57.0,0.35702577,,,
921026823,CC=[CH][Ge]([CH]=C[Si](C)(c1ccccc1)c1ccccc1)([c]1ccccc1)[c]1ccccc1,255.0,0.39366166,,,
922945428,COc1ccc(Oc2ccc(NC(=O)c3ccc(Oc4ccc(C(C)(C)c5cccc(C(C)(C)c6ccc(Oc7ccc(C(=O)Nc8ccc(C)cc8)cc7)cc6)c5)cc4)cc3)cc2)cc1,353.0,0.36520777,,,
922969981,COc1ccc(C(=O)Nc2ccc(C(c3ccc(NC(=O)c4ccc(C)cc4)cc3)(P3(=O)Oc4ccccc4-c4ccccc43)P3(=O)Oc4ccccc4-c4ccccc43)cc2)cc1,307.0,0.36147849,,,
922972840,CCC(C)(C)C(=O)OCCCCCCCCCCCCCCC(=O)NC1OC(COC(C)=O)C(OC2OC(COC(C)=O)C(OC(C)=O)C(OC(C)=O)C2OC(C)=O)C(OC(C)=O)C1OC(C)=O,60.0,0.34215996,,,
923029677,CCCCCCC(=O)SC,46.0,0.39191905,,,
923105283,Cc1ccc(OC(=O)c2ccc([Si](c3ccccc3)(c3ccccc3)c3ccc(C(=O)Oc4ccc(C5(C)OC(=O)c6ccccc65)cc4)cc3)cc2)cc1,200.0,0.37881873,,,
923146158,CCCCCCCCCCCCCCCNC(=O)NCCCCCCCCCCNC(=O)NC,261.0,0.37604443,0.344,,
923568845,CCCCCCOc1ccc(N(c2ccc(C)cc2)c2ccc(-c3ccc(N(c4ccc(OC)cc4)c4ccc(OCCCCCC)cc4)cc3)cc2)cc1,215.0,0.40556896,,,
924221537,Cc1ccc(-c2nc3cc(-c4ccc5nc(C)c(-c6ccccc6)nc5c4)ccc3nc2-c2ccccc2)cc1,197.0,0.44967432,0.300076156,1.056649095,27.81572221
924258388,CCC(C)OC(=O)c1ccc(OC)cc1,225.0,0.34230372,,,
924456640,CCCC(c1ccccc1)[Si](C)(C)C,182.0,0.39149503,,,
924584081,Cc1ccc(N(c2ccc(C#N)cc2)c2ccc(N3C(=O)c4ccc(Oc5ccc(C(c6ccc(Oc7ccc8c(c7)C(=O)N(C)C8=O)cc6)(C(F)(F)F)C(F)(F)F)cc5)cc4C3=O)cc2)cc1,243.0,0.39334445,,,
924846340,CNc1ccc2c(c1)-c1cc(NC)ccc1C21c2ccccc2-c2ccccc21,293.0,0.38016064,,,
925076863,CCCCCCC(C)CCC,260.0,0.40474828,,,
925163617,CC(=O)c1cc(C(=O)c2ccc3[nH]c4ccc(C)cc4c3c2)c(C(=O)O)cc1C(=O)O,106.1795053,,,,
925500331,Cc1ccc(CC(=O)Nc2cccc3c(NC(=O)Cc4ccc(-c5sc(C)c(-c6ccccc6)c5-c5ccccc5)cc4)cccc23)cc1,52.1,0.38341143,,,
925984041,CCCCCCCCCOC(=O)CCCCCNC(=O)CCCCC(=O)NCCCCCC(=O)OC,293.0,,0.293,,
925989264,COc1ccc(Oc2ccc(C(=O)c3ccc(-c4ccc(C(=O)c5ccc(C)cc5)cc4)cc3)cc2)cc1-c1ccccc1,57.0,0.3777411,,,
926324198,CCCCCCCCOc1cc(C)ccc1-c1nnc(C)o1,86.5,0.41320631,,,
926346453,CC(=O)NCCNC(=O)c1ccc(N2C(=O)c3ccc(C)cc3C2=O)cc1,155.0,0.32267936,0.262578056,1.289378324,24.32433339
926490158,CCCCCCC1(CCCCCC)c2cc(C)ccc2-c2ccc(-c3ccc4c(c3)c3cc(C)ccc3n4-c3ccccc3)cc21,234.0,0.39925527,,,
926565348,COc1ccc(Oc2ccc(Oc3ccc(S(=O)(=O)c4ccc(C)cc4)cc3)cc2)cc1,60.0,0.37216814,0.229938844,1.200029536,24.89017712
926565511,CCC(C)(C)C(=O)OCCCCCCN(C)c1ccc(N(C)C)cc1,46.0,0.36989914,,,
926851553,CCc1c(C)c(C)c(CSC(=O)CCCCC(=O)SC)c(C)c1C,44.80678229,,,,
927050868,CCCCCCOC(=O)c1ccc(C=Cc2ccc(C(=O)OC)cc2)cc1,-4.0,0.35355098,,,
927902684,CCC(C)(C)C(=O)OCC1(C)COCOC1,304.0,0.34420519,0.1305,1.010012446,10.74845321
928008419,CCCCCCCc1cc(-c2cc(CCCCCCC)c(-c3cc(C)c4cccccc3-4)s2)sc1C,173.0,0.44541284,,,
928940604,CNc1ccc(NC)c(-c2cccc3ccccc23)c1-c1cccc2ccccc12,147.0,0.36200233,,,
929171141,CNc1ccc2c(-c3ccccc3C)c3ccccc3c(-c3ccccc3C)c2c1NC,243.0,0.36841027,,,
929535825,CNc1ccccc1-c1c(N)ccc2cc3c(-c4ccccc4N)c(NC)ccc3cc12,95.2,0.35412155,,,
930553513,CCCCCCC1(CCCCCC)c2cc(-c3cccc(NC)c3)ccc2-c2ccc(-c3cccc(NC)c3)cc21,19.0,0.36800418,,,
930567238,Cc1ccc(Oc2ccc(N3C(=O)c4ccc(Oc5c(Oc6ccc7c(c6)C(=O)N(C)C7=O)cc(C(C)(C)C)cc5C(C)(C)C)cc4C3=O)cc2)cc1,250.0,0.39862825,,,
930831236,CNc1ccc(NC(=O)c2cc(-c3ccc(C(=O)O)c(C(C)=O)c3)ccc2C(=O)O)cc1,40.0,0.31148404,,,
931370343,CCC(C)c1ccc(-c2c3ccccc3cc3ccccc23)cc1,105.0,0.37620542,,,
931521712,CNC1=CC=C2C=CC=C[C@H]2[C@@H]1c1c(NC)ccc2ccccc12,391.5,0.34641044,,,
931723898,CNc1ccc(C(c2ccccc2)(c2ccc(N)cc2)c2ccc(NC)cc2)cc1,86.5,0.37211398,,,
931906273,COc1ccc(S(=O)(=O)c2ccc(Oc3ccc(S(=O)(=O)c4ccc(-c5ccc(-c6ccc(S(=O)(=O)c7ccc(C)cc7)cc6)cc5)cc4)cc3)cc2)cc1,27.0,0.37649648,,,
932177649,CC(=O)Nc1ccc(C2(c3ccc(NC(=O)c4ccc5c(c4)C(=O)N(c4cccc(N6C(=O)c7ccc(C)cc7C6=O)c4)C5=O)cc3)c3ccccc3-c3ccccc32)cc1,234.0,0.37103025,,,
932213408,CCCCCCCCCCCCCCCCCCCCCOC(=O)CCCCSCCCCC(=O)OC,,,0.322,0.926144559,18.71887364
932596908,Cc1ccc(Oc2ccc(C(C)(C)c3ccc(Oc4ccc(-c5nnc(C)n5-c5ccc(S(=O)(=O)c6ccccc6)cc5)cc4)cc3)cc2)cc1,-68.0,0.37755482,,,
933005938,CCC(COc1ccc(OC)cc1)OC(C)=O,228.0,0.33587551,,,
933916766,C/C=C/C,59.5588378,,0.394,0.775000418,34.672905605
934242824,CCNC(=O)OCCOC(=O)NCc1ccc(C(C)(C)c2ccc(C)o2)o1,,0.33830674,0.262,,
934350191,Cc1cccc(S(=O)(=O)NCCCNS(C)(=O)=O)c1,186.0,0.33288923,,,
934378848,COc1ccc(CC(NC(=O)CCc2ccc(OC(=O)CCC(C)=O)cc2)C(=O)OCc2ccccc2)cc1,173.0,0.33698124,,,
934720972,CNc1cc2cc3c4cc5ccccc5cc4c4cc5ccccc5cc4c3cc2c(N)c1NC,235.0,0.34084911,,,
934750353,CNc1ccc(C(C)(c2ccccc2)c2ccc(NC)cc2)cc1,170.0,0.35460063,,,
935609923,CCC(C)(C)c1ccc2ccccc2n1,192.0,0.38344332,,,
935627680,CCC(C)c1ccc(C(=O)c2ccccc2)cc1,8.5,0.37525609,,,
935941337,CCCCCCCCCCCCC(C(=O)NC)C(=O)NCCCCCCCCC,49.0,,0.331,,
935965318,CNCCCCCCCNC,-4.0,0.33180826,0.331,,
935976337,Cc1ccc2c(c1)C(=O)N(c1cc(C(=O)O)cc(N3C(=O)c4ccc(C(C)(C(F)(F)F)C(F)(F)F)cc4C3=O)c1)C2=O,50.0,0.37985486,,,
936348759,CCC(C)C(=O)OCC(F)(F)C(F)C(F)(F)F,142.0,0.32043251,,,
936419032,COc1ccc(OC(=O)c2ccc(OCCOc3ccc(C(C)=O)cc3)cc2)cc1C,68.01369706,,,,
936563267,CC(=O)c1ccc(Oc2ccc(-c3ccc(Oc4ccc(C(=O)c5ccc6c(c5)C(=O)N(c5ccc(Cc7ccc(N8C(=O)c9ccc(C)cc9C8=O)cc7)cc5)C6=O)cc4)cc3)cc2)cc1,,0.37592453,,,
937218293,CCC(C)OC(=O)C1CCCC1,,0.36011903,,,
937233675,COc1ccc(C(C)(c2ccccc2)c2ccc(OC(=O)OC3C(C)(C)C(OC(C)=O)C3(C)C)cc2)cc1,193.0,0.36891791,,,
937312139,CCCC1CC(OC(=O)CCCCCCCCCCOc2ccc(-c3ccc(C#N)cc3)cc2)CC1C,98.0,0.36926813,,,
937429768,CC(=O)Nc1ccc(Oc2ccc3ccccc3c2-c2c(Oc3ccc(NC(=O)c4ccc5c(c4)C(=O)N(c4cc(C(F)(F)F)cc(N6C(=O)c7ccc(C)cc7C6=O)c4Oc4ccc(C(F)(F)F)cc4)C5=O)cc3)ccc3ccccc23)cc1,228.0,0.37258957,,,
937600317,COc1ccc(/C=C/c2ccc(OCCCCC[Si](C)(C)OC)cc2)cc1,248.4,0.36872385,,,
938001500,CNc1ccc(C2=C(c3ccc(NC)cc3)[C@](C)(C(C)C)[C@@](C)(C(C)C)C(C)=C2C)cc1,366.5,0.3722569,,,
938126554,CCC/C=C(/C)C(C)(C)C,-22.0,,0.20825,0.831876241,13.577310245
938471508,CCCCCCCN1C(=O)c2ccc(C(=O)Nc3ccc(S(=O)(=O)c4ccc(NC(=O)c5ccc6c(c5)C(=O)N(C)C6=O)cc4)cc3)cc2C1=O,,0.34497827,0.20825,,
938632884,CNc1ccc(C)c(-c2c(C)ccc(NC)c2C)c1C,281.0,0.36618089,,,
938927224,Cc1ccc(Oc2ccc(-c3ccc(Oc4ccc(N5C(=O)c6ccc(Oc7c(C)cc(Cc8cc(C)c(Oc9ccc%10c(c9)C(=O)N(C)C%10=O)c(C)c8)cc7C)cc6C5=O)cc4)cc3)cc2)cc1,209.0,0.38112345,,,
939175685,CCC(CC)OC(=O)C(C)CC,149.0,,0.213,0.928441574,12.41393583
939569581,CCC(O)COc1ccc(C(C)(C)c2ccc(OCC(O)COc3cccc(NC(=O)C(=O)Nc4cccc(OC)c4)c3)cc2)cc1,198.0,0.33163835,0.213,,
940363363,Cc1ccc(Cc2ccc(N3C(=O)c4cc(-c5ccc(C(C)(C)C)cc5)c(-c5cc6c(cc5-c5ccc(C(C)(C)C)cc5)C(=O)N(C)C6=O)cc4C3=O)cc2)cc1,49.0,0.41910129,,,
940574386,COc1ccc(CC(NC(=O)CCc2ccc(OC(=O)CCCC(C)=O)cc2)C(=O)OC(C)C)cc1,-4.0,0.34201016,,,
940977758,Cc1ccc(Oc2ccc(-c3cc(-c4ccccc4)c4cc(C5(c6ccc7nc(C)cc(-c8ccccc8)c7c6)c6ccccc6-c6ccccc65)ccc4n3)cc2)cc1,332.7088378,0.42211202,,,
941025862,CC(=O)Nc1ccc2c(c1)-c1cc(NC(=O)c3ccc4c(c3)C(=O)N(c3cccc(P(=O)(c5ccccc5)c5cccc(N6C(=O)c7ccc(C)cc7C6=O)c5)c3)C4=O)ccc1C2,50.0,0.36796455,,,
941113349,CNc1ccc2ccc3c(NC)c(-c4cccc(-c5cccc(C6(c7ccccc7)c7ccccc7-c7ccccc76)c5)c4)cc4ccc1c2c43,92.0,0.36666503,,,
941524634,CCC(C)(C)C(=O)OCc1ccsc1,78.0,0.35367667,,,
941929262,COc1ccc(Oc2ccc(C(=O)c3ccc(NC(=O)c4ccc(C(=O)Nc5ccc(C(=O)c6ccc(C)cc6)cc5)cc4)cc3)cc2)cc1,,0.3613444,,,
942714544,CNc1c(-c2ccccc2)cc(-c2ccccc2)cc1C1(c2cc(-c3ccccc3)cc(-c3ccccc3)c2NC)c2ccccc2-c2ccccc21,193.0,0.3863404,,,
942731516,CNc1ccccc1CCc1ccc(NC(=O)Nc2ccc(CCc3ccc(NC(C)=O)cc3)cc2)cc1,98.0,0.35341699,,,
942798505,CCOCCOCCOC(=O)C(Cc1ccc(OC)cc1)NC(=O)CCc1ccc(OC(=O)COCC(C)=O)cc1,360.0,0.33608462,,,
943239154,COc1cccc(NC(=O)CCCCCCC(=O)Nc2ccc(C)cc2)c1,68.0,0.34067938,,,
943356153,COC(=O)C(C)NC(=O)CCCCCCCC(=O)NC(C)C(=O)OC1COC2C(C)COC12,366.5,0.33413155,,,
943955993,Cc1cc(C)c(O)c(/C=N/c2ccc(Cl)cc2)c1,-22.0,,0.141,1.17680677,13.61558599
944555071,CCCCCOc1ccc(OCCCCc2nnc(-c3ccc(-c4nnc(C)o4)cc3)o2)c(C)c1,,0.36004783,0.141,,
945028672,Cc1cccc(-c2nc3cc(-c4ccc5nc(C)c(-c6ccccc6)nc5c4)ccc3nc2-c2ccccc2)c1,241.0,0.42889461,0.231952429,1.066267313,21.51675846
945057179,Cc1ccc(Oc2c(C)cc(C(c3cc(C)c(Oc4ccc(N5C(=O)c6ccc(-c7ccc8c(c7)C(=O)N(C)C8=O)cc6C5=O)cc4)c(C)c3)c3cccc4ccccc34)cc2C)cc1,36.0,0.39971724,0.261279179,1.105842199,25.51139993
945096755,Cc1ccc(Sc2cc3c(cc2Sc2ccc(N4C(=O)c5ccc(Oc6ccc7c(c6)C(=O)N(C)C7=O)cc5C4=O)cc2)C(=O)N(CCc2ccccc2)C3=O)cc1,149.0,0.37134878,,,
945247998,CCCOCC1CC2CC1C(C)C2C1C(=O)OC(=O)C1C,24.0,0.3385676,,,
945652954,CCC(C)C(=O)OC(Cl)C(Cl)(Cl)Cl,217.0,0.36754584,,,
945771244,CN=P(C)(N1CCCCC1)N1CCCCC1,52.0,0.4443714,,,
945861213,COc1ccc(Oc2cccc(C(=O)Oc3ccc(OC(=O)c4cccc(C)c4)cc3)c2)cc1,140.0,0.35315362,,,
946366980,CCC(C)C(=O)OCCO,25.0,0.30069281,0.297878745,1.225132744,16.61684144
946712155,Cc1ccc2c(c1)C(=O)N(c1ccc(-c3ccc(N4C(=O)c5ccc(C(C)(C(F)(F)F)C(F)(F)F)cc5C4=O)c(OC(=O)C=Cc4ccccc4)c3)cc1OC(=O)C=Cc1ccccc1)C2=O,25.0,0.36819149,,,
946893976,CNc1cc(NC(=O)c2cccc(C(C)=O)c2)cc(C(=O)Oc2ccc(Oc3ccc(C#N)c(C#N)c3)cc2)c1,20.0,0.34874023,,,
947147165,CN/N=C(\NC)c1nc2c(N)nc(-c3ccccc3)nc2nc1N,20.0,0.35087811,,,
947769028,COc1ccc(C2(c3ccc(Oc4ccc(C=NN=Cc5ccc(C)cc5)cc4)cc3)c3ccccc3-c3ccccc32)cc1,198.0,0.39319174,,,
948546936,CC(=O)Oc1ccc(C(C)(C)c2ccc(OC(=O)c3ccc4c(c3)C(=O)N(c3ccc(-c5ccc(N6C(=O)c7ccc(C)cc7C6=O)cc5C)c(C)c3)C4=O)cc2)cc1,218.0,0.36840705,,,
948650769,Cc1ccc(C(=O)NCCNC(=O)c2ccc(S(C)(=O)=O)cc2)cc1,205.0712987,,,,
948765285,CCC(C)(C)C(=O)Oc1ccc(N=Nc2ccc([N+](=O)[O-])cc2)cc1,-6.0,0.37332413,,,
948991314,CC(F)(F)C1(F)C(F)(F)C(C)(F)C(F)(F)C(F)(F)C(F)(F)C1(F)F,119.0,0.31519849,,,
949058568,CCCCCCC1(CCCCCC)c2cc(N)c(N)cc2-c2cc(NC)c(NC)cc21,360.0,0.35765063,,,
949058569,CCC(CC)OC,68.0,0.38603228,,,
949132343,CCC(CC(C)=O)OC,315.0,0.34556434,,,
949159115,CNc1cccc(-c2ccc(-c3ccccc3)c(-c3ccccc3)c2-c2cccc(C)c2)c1NC,248.0,0.36795124,,,
949343034,CC(=O)Nc1ccc(Oc2cccc(Oc3ccc(NC(=O)c4ccc5c(c4)C(=O)N(c4ccc(Oc6cccc(Oc7ccc(N8C(=O)c9ccc(C)cc9C8=O)cc7)c6C#N)cc4)C5=O)cc3)c2)cc1,,0.35717581,,,
949719355,COP(=O)(Oc1ccc(Br)cc1)Oc1c(Br)cc(C(c2cc(Br)c(C)c(Br)c2)(C(F)(F)F)C(F)(F)F)cc1Br,83.5,0.39848019,,,
949756192,CNNC(=O)c1ccc(NC(=O)c2cc(C(C)=O)cc(N3C(=O)c4c(Cl)c(Cl)c(Cl)c(Cl)c4C3=O)c2)cc1,133.1528291,,,,
949789711,COc1ccc(C2(c3ccc(OC(=O)CCCCCCC(C)=O)cc3)c3ccccc3-c3ccccc32)cc1,78.0,0.36424024,,,
950036559,CN=Nc1ccc(C)cc1,144.6951233,,,,
950252228,COc1c(Br)cc(S(=O)(=O)c2cc(Br)c(OC(C)=O)c(Br)c2)cc1Br,217.0,0.41564538,,,
950647553,CCCc1ccc(C(C)CC)cc1,27.0,0.40348963,0.2345,0.892912233,13.03650471
950692936,Cc1cccc(S(=O)(=O)NCCCCCNS(C)(=O)=O)c1,140.0,0.34341367,0.2345,,
950984280,Cc1ccc(OCCOc2ccc(C=Cc3ccc([N+](=O)[O-])cc3)c(OCCOc3ccc(-c4nc5ccc(Oc6ccc7nc(C)c(-c8ccccc8)nc7c6)cc5nc4-c4ccccc4)cc3)c2)cc1,46.0,0.37078887,,,
951030953,Cc1ccc(Cc2ccc(N3C(=O)c4ccc(-c5ccc6c(c5)C(=O)N(C)C6=O)cc4C3=O)c(C(C)(C)C)c2)cc1C(C)(C)C,,0.4120274,,,
951186365,CC(=O)OCCCSCCCCSCCCOC(=O)c1ccc(N2C(=O)c3ccc(C)cc3C2=O)cc1,129.0,0.35877417,,,
951464832,CCCCCCOC(=O)C(Cc1ccc(OC)cc1)NC(=O)Cc1ccc(OC(=O)CCCCC(C)=O)cc1,319.0,0.34769384,,,
951628759,CCCOCCOC(=O)CCCCCCCCCCCCCCCCC(=O)OC,289.5,0.36953742,0.3485,0.948193246,23.57437713
951639938,CCC(c1ccccc1)C1C(=O)NC(=O)C1C,218.0,0.33021579,0.3485,,
951662507,CNc1ccc(C(C#N)(c2ccc(N)cc2)c2ccc(NC)cc2)cc1,209.0,0.35848755,,,
951933381,CC=CC1CC(C)C2C(=O)N(CCCCCCCCCCCC)C(=O)C12,70.5,0.3769725,,,
951940704,Cc1ccc(-c2nc3cc(S(=O)(=O)c4ccc5nc(C)c(-c6ccccc6)nc5c4)ccc3nc2-c2ccccc2)cc1,19.0,0.43534029,,,
952029062,CC(=O)Nc1ccc(N=Nc2ccc([N+](=O)[O-])cc2)c(NC(=O)c2ccc3c(c2)C(=O)N(c2c(C)cc(-c4cc(C)c(N5C(=O)c6ccc(C)cc6C5=O)c(C)c4)cc2C)C3=O)c1,119.0,0.37389366,,,
952776097,CC(=O)Oc1ccc(C(C)(C)c2ccc(OC(=O)c3ccc4c(c3)C(=O)N(c3ccc(-c5ccc(N6C(=O)c7ccc(C)cc7C6=O)c(C)c5)cc3C)C4=O)cc2)cc1,87.17702398,,0.295505091,1.160979338,27.92556144
952804603,CO[Si](C)(C)O[Si](C)(C)O[Si](C)(C)Oc1c(C)cc(-c2cc(C)c(C)c(C)c2)cc1C,324.0,0.39230829,,,
952898097,CCC(=O)Nc1cccc(NC(=O)COc2ccc3ccccc3c2Sc2c(OC)ccc3ccccc23)c1,305.0,0.33988537,,,
953208758,CNc1ccc(/C=C/c2c(-c3ccc4ccccc4c3)c(-c3ccc4ccccc4c3)c(NC)c(-c3ccc4ccccc4c3)c2-c2ccc3ccccc3c2)cc1,36.0,0.36715532,,,
953356077,COc1ccc(Oc2ccc(C(=O)c3ccc(C)cc3)cc2)cc1CBr,98.31320425,,,,
953833723,C=Cc1ccccc1-c1c(NC)ccc(-c2ccc(NC)cc2)c1-c1ccc(-c2ccccc2)cc1,166.0,0.36143904,,,
954090484,CC(C)=C(C)[Si](C)(C)C,,0.39006159,,,
954258008,CCCCCCCN(CC(F)(F)C(F)(F)F)C(=O)C(F)(F)C(F)(F)C(F)(F)C(F)(F)C(=O)N(C)CC(F)(F)C(F)(F)F,,0.33102861,,,
954755494,CCCCCOC(=O)NCCSCCCCCSCCNC(=O)OC,3.000872148,,,,
954781354,CNc1cc(N)c(-c2cccc3cc4ccc5cc6cc7ccccc7cc6cc5c4cc23)c(NC)c1,,0.34724713,,,
954804864,CCC(CCl)(CCl)COC(=O)c1ccc(C(=O)OC)cc1,11.46555203,,,,
954903716,CC(=O)OCCCCCCCCCCCCOC(=O)c1ccc(NC(=O)c2ccc(N3C(=O)c4ccc(C)cc4C3=O)cc2)cc1,-15.4,0.3516794,,,
955200653,COc1cccc(OC(=O)CCC(C)=O)c1,254.0,0.32498132,,,
955951687,CNc1ccc2c3cccc4c(NC)ccc(c5cccc1c52)c43,217.0,0.33296652,,,
956184132,Cc1ccc(Oc2ccc(Oc3ccc(N4C(=O)CC(=O)N(C)C4=S)cc3)cc2)cc1,152.0,0.37482752,,,
956462664,COc1ccc(NC(=C(C#N)C#N)c2ccc(-c3ccc(-c4ccc(C(Nc5ccc(C)cc5)=C(C#N)C#N)cc4)cc3)cc2)cc1,,0.39506825,,,
956860993,CCC(COc1ccc(C)cc1)OC,-55.31696784,,,,
957017762,Cc1ccc(N2C(=O)C(C)C(C)C2=O)cc1,,,0.1405,0.95394828,12.83180759
957944731,Cc1ccc(OC(=O)c2ccc(C(=O)Oc3ccc(C4(C)OCc5ccccc54)cc3)cc2)cc1,196.0,0.36114179,0.1405,,
958448882,CCCCCOc1ccc(-c2ccc(OC)c3ccccc23)c2ccccc12,46.75,0.36234593,,,
958708723,CCC(C)(C)C(=O)OC1CCOCC1,74.0,0.34938977,,,
958992897,CCCOc1ccc(C=C2CCC(=Cc3ccc(OCCOP(=O)(OC)OC)c(OC)c3)C2=O)cc1OC,74.0,0.34158729,,,
959078750,CCCCCCC(C)CCCC,324.0,0.4045687,,,
959788863,CCC(C)(C)C(=O)OCCCCC1CCCCC1,39.0,0.36717544,,,
960238804,CCCN(CCOC(=O)c1cc(OCCC2CCN(c3ccc(S(=O)(=O)C(F)(F)C(F)(F)C(F)(F)C(F)(F)C(F)(F)C(F)(F)C(F)(F)C(F)(F)F)cc3)CC2)cc(C(=O)OC)c1)c1ccc(S(=O)(=O)C(F)(F)C(F)(F)C(F)(F)C(F)(F)C(F)(F)C(F)(F)C(F)(F)C(F)(F)F)cc1,36.0,0.34501773,,,
960557401,Cc1ccc(Oc2ccc(Oc3ccc(N4C(=O)c5ccc(-c6cccc7c6C(=O)N(C)C7=O)cc5C4=O)cc3)cc2)cc1,-68.0,0.37743403,0.253562737,1.224657804,24.2410336
960896880,CCCCCCCCCCCCCCCCOC(=O)c1cc(NC(=O)c2ccc(NC(=O)CCCCCCCCC(=O)Nc3ccc(C(C)=O)cc3)cc2)ccc1NC,246.0,0.357945,,,
961207214,CCCCCCCCCCCOc1cccc(OC(=O)c2ccc(C(=O)Oc3cccc(OC)c3)cc2)c1,20.92794041,,,,
961272139,CNc1ccc(C2=C(c3ccccc3)/C(=C/c3ccccc3)[C@@H](NC)/C(=C/c3ccccc3)C2)cc1,312.0,0.38000782,,,
961432489,CNNC(=O)C=CC(=O)Nc1cccc(C=C2CCC(=Cc3cccc(NC(=O)C=CC(C)=O)c3)C2=O)c1,277.5,0.3318831,,,
961504352,CO[Si](C)(C)O[Si](C)(C)c1ccc([Si](C)(C)C)cc1,153.5,0.43360758,,,
961636865,COP(=O)(Oc1c(Cl)c(Cl)c(C)c(Cl)c1Cl)Oc1c(Cl)c(Cl)c(Cl)c(Cl)c1Cl,,0.36344351,,,
961938708,COC(=O)NC1CCC(CC2CCC(NC(=O)OC3CC4CC(C)CC(C3)O4)CC2)CC1,14.0,0.35624612,,,
961980503,CCC(C)(C)C(=O)OCCC#N,254.0,0.35439971,0.138,1.036075809,14.2239278
962173929,CC(=O)c1ccc2c(c1)C(=O)N(c1ccc(C(C)(C)c3cccc(C(C)(C)c4ccc(N5C(=O)c6ccc(C)cc6C5=O)cc4)c3)cc1)C2=O,86.0,0.38044047,0.138,,
962326024,CC=Cc1ccc2c(c1)C(CC(CC)CCCC)(CC(CC)CCCC)c1cc(C)ccc1-2,285.0,0.40667606,,,
962879741,CC(=O)c1ccc2c(c1)C(=O)N(c1ccc(Oc3ccc(N4C(=O)c5ccc(C)cc5C4=O)cc3Br)c(Br)c1)C2=O,220.0,0.40438149,,,
962995886,CCOCCOCCOC(=O)C(Cc1ccc(OC)cc1)NC(=O)CCc1ccc(OC(=O)COCCOCC(C)=O)cc1,,0.33730096,,,
963631367,C=Cc1cc(-c2ccc(NC)cc2)c(-c2ccc(-c3ccccc3)cc2)c(-c2ccccc2)c1NC,,0.3632724,,,
963881444,COc1ccccc1C(=O)OC(=O)c1ccccc1OC(=O)CCCCCC(C)=O,,0.32881448,,,
963896306,CCCN(CCCCCCOc1ccc(N=Nc2ccccc2)cc1)CCOC(=O)Nc1ccc(Cc2ccc(NC(=O)OC)cc2)cc1,-62.5,0.35226534,,,
963961682,CNc1ccc(C2(c3ccc(NC)cc3)c3ccccc3-c3ccc(N)cc32)cc1,133.0,0.36566131,,,
965296987,CC(C)C(C)C(=O)OC12CC3CC(C)(CC(C)(C3)C1)C2,74.0,0.39846139,,,
965501269,CO[Si](C)(CCC(F)(F)F)CCC(F)(F)C(F)(F)C(F)(F)C(F)(F)C(F)(F)C(F)(F)C(F)(F)C(F)(F)CC[Si](C)(C)CCC(F)(F)F,38.2,0.36576682,,,
965594112,CCC(C)c1ccc(C(=O)C(F)(F)F)cc1,316.5,0.3627692,,,
965608760,COc1ccc(NC(=O)CCCCCC(=O)Nc2ccc(C)cc2)cc1,157.0,0.33920775,,,
966245387,Cc1ccc(NC(=O)c2cccc(C(=O)Nc3ccc(S(C)(=O)=O)cc3)c2)cc1,240.0,0.34764197,,,
966864975,Cc1ccc(-c2nc3cc(-c4ccc5[nH]c(C)nc5c4)ccc3[nH]2)cc1,423.6341908,,,,
966953045,CCCCCCCCCCCCCCCCCCOc1ccc(OC(=O)c2ccc(C(=O)Oc3ccc(OCCCCCCCCCCCCCCCCCC)cc3)c(C(C)CC)c2)cc1,,0.39477312,,,
967532674,CCOC(C)CC,312.0,,0.2465,0.912688006,15.66973123
967548475,CNc1ccc(-c2cc(C/C=C/c3ccccc3)c(NC)c(C/C=C/c3ccccc3)c2-c2ccccc2)cc1,130.0,0.36169428,0.2465,,
967673328,CNc1ccc(-c2c(NC)ccc(-c3ccccc3)c2-c2ccccc2)cc1,153.5,0.35943481,,,
967943450,CNc1ccc2c(ccc3c4ccccc4ccc23)c1NC,194.5,0.33046619,,,
967962139,CCCCCCC(=O)Oc1ccc(-c2ccc(OC(=O)c3ccc4c(c3)C(=O)N(C)C4=O)cc2)cc1,-69.0,0.33858806,,,
967963503,CC1C(=O)OC(=O)C1C1C2CC(C(=O)OC3CCCCC3)C(C2)C1C,43.0,0.34535226,,,
968134863,CCCC[C@H](c1ccc(CC(C)Cc2ccc([C@@H](CCCC)c3ccc(NC)cc3)cc2)cc1)c1ccc(NC)cc1,86.0,0.36829564,,,
968431878,COc1ccc(NC(=O)c2cc(NC(=O)c3ccncc3)cc(C(=O)Nc3ccc(C)cc3)c2)cc1,285.0,0.33905768,,,
968537124,COc1ccc(OC(=O)c2ccc(C(C)=O)cc2)cc1C1CC2CCC1C2,220.0,0.3689794,,,
968666725,CCCCCCOC(=O)c1cc(C)cc(N2C(=O)CC(C3Cc4ccccc4C4C(=O)N(C)C(=O)C43)C2=O)c1,,0.35771333,,,
968949443,Cc1ccc2c(c1)nc1c3cc4c(=O)n5c6cc(C)ccc6nc5c4cc3c(=O)n21,384.637936,,,,
969077485,CCc1cc(CNC(=O)c2cccc(C(=O)NC)c2)cc(C(C)(C)C)c1,,0.35193217,,,
969180408,CCC(C)S(=O)(=O)c1ccccc1,-62.5,0.3645261,,,
969338627,CC1CCCC(S(C)(=O)=O)C1,133.0,0.35779851,,,
970030032,CCC(C)OC(=O)C(F)(F)C(F)(F)C(F)(F)C(F)(F)C(F)(F)C(F)(F)C(F)(F)F,225.0,0.3287593,,,
970285384,CCCN(C)C(=O)c1cc(F)c(F)c(F)c1F,91.0,0.33523927,,,
970455714,CCCCCOc1cccc(C(=O)OC(=O)c2cccc(OC)c2)c1,316.5,0.33788415,,,
970503486,CNc1cccc(NC(=O)c2cc(NC(=O)c3ccncc3)cc(C(C)=O)c2)c1,305.0,0.32910892,,,
971170976,COc1ccccc1-c1ccccc1Oc1ccc2c(=O)n3c4cc(-c5ccc6c(c5)nc5c7ccc(C)c8cccc(c(=O)n65)c87)ccc4nc3c3cccc1c23,296.0,0.3792992,,,
972068859,CCCCCCCOC(=O)CCCCCCCCCCCCCCCCCCC(=O)OCCCCCCN1C(=O)c2ccc(S(=O)(=O)c3ccc4c(c3)C(=O)N(C)C4=O)cc2C1=O,18.0,0.36103038,,,
972337368,CCCCOc1ccc(N=Nc2ccc(OCCCCCCOC(=O)C(C)(C)CC)cc2)cc1,,0.36838691,,,
972362080,CCC(C)OCCOCCOCCOC,40.0,0.35815042,,,
972393663,CNc1ccc(C2(c3ccc(NC)cc3)Cc3ccccc3C2)cc1,128.0,0.35273195,,,
972435079,CCCOCCOCCOCCOC(=O)C=CC(=O)NCCCCCCNC(=O)C=CC(=O)OC,108.0,0.32877992,,,
972454148,CNc1cc2c3cccc4cccc(c5cccc(c1NC)c52)c43,194.5,0.32584641,,,
972522646,Cc1ccc(OC(=O)Oc2ccc(C3(C)OC(=O)c4ccccc43)cc2)cc1,-28.0,0.35641972,,,
972638379,Cc1ccc2c(c1)C(=O)N(c1ccc(C(C)(C)c3ccc(C(C)(C)c4ccc(N5C(=O)c6ccc(C(C)(C(F)(F)F)C(F)(F)F)cc6C5=O)cc4)cc3)cc1)C2=O,95.0,0.39659641,,,
972642110,CNc1ccc2ccc3c(NC)c(-c4ccc(C5(c6ccccc6)c6ccccc6-c6ccccc65)cc4)cc4ccc1c2c43,180.0,0.36945993,,,
972695180,CCC(C)(CC)CSC,78.0,0.39492528,,,
972818761,CCc1ccccc1[Si](C)(C)C,19.0,0.37867068,,,
973091046,CCCCCCCCCCCCCNC(=O)C(=O)NC,,,0.309,,
973188497,CC(=O)Oc1ccc(C(c2ccc(OC(C)=O)c(N3C(=O)c4ccc(C(C)(C(F)(F)F)C(F)(F)F)cc4C3=O)c2)(C(F)(F)F)C(F)(F)F)cc1N1C(=O)c2ccc(C)cc2C1=O,-33.0,0.3749767,0.309,,
973722160,CNC1=C(N)[C@@H](NC)NC(=O)N1,,0.28374372,,,
974102332,CCC(C)C(=O)Nc1cccc(Cl)c1,,0.34957383,,,
974171598,CCCCCCCCCCCCCCCCCCCCCOC(=O)CCCCCCCCC(=O)OC,,,0.276,,
974543233,CC1C(=O)N(c2ccc(O[Si](C)(C)C(C)(C)C)cc2)C(=O)C1C,118.0,0.42394222,0.276,,
974608076,COc1c(-c2ccccc2)cc(C)cc1-c1cccc(-c2ccccc2)c1-c1ccccc1,195.0,0.40445891,,,
974829630,CNCCCCCCCCCCCCNC,,0.34669796,,,
974951002,CCC(CC)C(CC)COC(=O)c1ccc(C(=O)OC)cc1,305.0,0.35322539,,,
974977615,CCCCCCC(=O)Oc1ccc(C2(c3ccc(OC(=O)c4ccc5c(c4)C(=O)N(C)C5=O)cc3)CCCCC2)cc1,267.0,0.35101165,,,
975186441,CC(=O)OCCOC(=O)C=Cc1cccc(N2C(=O)c3ccc(C)cc3C2=O)c1,187.0,0.33326323,,,
975316837,CCCCCC=CCCCCC1CC(CCC2CC(C)OC2=O)C(=O)O1,266.5,0.35075006,,,
975372229,CSC(=O)OCCCCOC(=O)SN1CC(C)N(C)CC1C,-30.512105,,,,
975391754,CCOC(=O)C(Cc1ccc(OC)cc1)NC(=O)Cc1ccc(OC(=O)CCC(C)=O)cc1,128.0,0.33368013,,,
975529928,CNc1ccc2c(c1)[C@@H]1c3ccc(NC)cc3[C@H]2c2c(N)cccc21,108.0,0.38124543,,,
975679689,CNC(CCC(=O)Nc1ccc(N(c2ccccc2)c2ccccc2)cc1)C(C)=O,-10.0,0.36156406,,,
975874706,CCC(C)(C)C(=O)OCCCCCCCCCCOc1ccc(OC(=O)c2ccc(OC)c(Br)c2)cc1,97.0,0.3611176,,,
975942451,CNc1nc2c(c(=O)n1NC)Cc1nc(N)n(N)c(=O)c1C2,20.0,0.34327027,,,
977134165,CC(=O)c1ccc2c(c1)C(=O)N(C1CCC(CC3CCC(N4C(=O)c5ccc(C)cc5C4=O)CC3)CC1)C2=O,321.0,0.36459442,,,
977446169,CCCCCCCCCCCCCCCCCOC(=O)CCCCCCCCCCCCC(=O)OC,376.0,,0.297,,
977496062,COc1cccc(Oc2ccc(C(=O)c3ccc(NC(=O)CCCCCCCCC(=O)Nc4ccc(C(=O)c5ccc(C)cc5)cc4)cc3)cc2)c1,19.0,0.35461809,0.297,,
977560848,CNc1ccc(/C(=C(\c2ccccc2)c2ccc(NC)cc2)c2ccccc2)cc1,,0.374407055,,,
977724395,CCC(C)C(=O)OCCCCCCOc1ccc(C(=O)Oc2ccc(C#N)cc2)cc1,-76.0,0.35501894,0.2245,1.095853414,13.394951
977861855,CNc1ccccc1CCc1ccc(NC(=O)NCCCCCCNC(C)=O)cc1,75.5,0.3465376,0.2245,,
978144128,CCNC(=O)OCC(OC(=O)NCc1ccc(C)o1)c1ccco1,,0.32715503,,,
978251240,CC(=O)c1ccc2c(c1)C(=O)N(c1cccc(C(O)c3cccc(N4C(=O)c5ccc(C)cc5C4=O)c3)c1)C2=O,132.0,0.36289032,,,
978860750,CNc1ccc(C(C)(C)c2cccc(C(C)(C)c3ccc(NC)c(C)c3)c2)cc1C,252.2,0.3642123,,,
979011291,CCCCCCCCOc1ccc(-c2ccc(OC)c3ccccc23)c2ccccc12,235.4,0.3642299,,,
979179304,CCCOC(=O)NCC1(C)CC(NC(=O)OC)CC(C)(C)C1,254.0,0.33606063,0.237542815,1.089306467,19.43742856
979211683,CCOC(=O)c1ccc(C(C)CC)cc1,-50.0,0.36916022,,,
979410672,CCC(C)N1CCCC1=S,48.0,0.39052842,,,
979464287,Cc1ccc2c(c1)C(=O)N(c1cccc(Oc3cccc(N4C(=O)c5ccc(C(C)(C(F)(F)F)C(F)(F)F)cc5C4=O)c3)c1)C2=O,,0.3736609,,,
979533481,CCCCCCCCCCCNC(=NC)c1ccccc1,266.5,0.3881679,,,
979588845,COc1ccc(OC(=O)c2ccc(C(C)=O)cc2Oc2ccc(Oc3ccccc3)cc2)cc1,150.0,0.34706136,,,
980179181,C/C=C/C(C)(C)C(C)(C)C,70.0,,,0.820729949,15.50648001
980398576,Cc1cccc(N2C(=O)c3cccc(Oc4cccc(Oc5cccc6c5C(=O)N(C)C6=O)c4)c3C2=O)c1,292.0,0.35986815,,,
980411522,CCCCCCCCCCCCCCCCC(CC)C1C(=O)N(CCCCCCCCCCCC)C(=O)C1C,169.0,0.39088075,0.335,0.867649177,11.65178394
980661216,CCC(=O)Oc1ccc(C(C)(CC)OC(C)=O)cc1,2.162388076,,0.335,,
980673012,Cc1ccc(C)c(C(=O)c2ccc(F)cc2)c1,84.0,0.40977621,,,
981778956,Cc1cc(CCOC(=O)C(C)Br)c(C)s1,122.0,0.40626564,,,
981880572,CCCCCCC(=O)Oc1ccc2ccc(OC(=O)c3ccc4c(c3)C(=O)N(C)C4=O)cc2c1,244.0,0.3370471,,,
982011392,COc1ccc(C(=Cc2cc(OC)c(C=C(c3ccc(C)cc3)c3ccc(F)cc3)cc2OC)c2ccc(F)cc2)cc1,,0.38359708,,,
982052578,CCC(C)(CC(=O)OCC(C)C)C(=O)OCC(C)C,83.0,0.38664522,,,
982081375,Cc1ccc(Oc2ccc3ccccc3c2-c2c(Oc3ccc(N4C(=O)c5ccc(NC(=O)Nc6ccc(-c7cc(-c8ccc(-c9ccccc9)cc8)cc(-c8ccc(NC(=O)Nc9ccc%10c(c9)C(=O)N(C)C%10=O)cc8)n7)cc6)cc5C4=O)cc3)ccc3ccccc23)cc1,75.5,0.36383462,,,
982170716,CCCCCCCNC(=O)c1ccc(C(=O)NC)c(Sc2ccccc2)c1,241.0,0.35031486,,,
982448073,CCCCCCCOC(=O)C(=O)OC,29.0,0.33558333,,,
982641733,CCCOc1ccc(C(=O)OC(=O)c2ccc(OC)cc2)cc1,194.0,0.33048829,,,
982644871,CNc1cccc(NC(=O)CCCCCCCCC(=O)Nc2ccc(C(=O)NC(C)=S)cc2)c1,254.0,0.34266836,,,
982652113,Cc1ccc(Oc2ccc(C(=O)c3ccc(Cc4ccc(C(=O)c5ccc(Oc6ccc(-c7nc(-c8ccccc8)[nH]c7C)cc6)cc5)cc4)cc3)cc2)cc1,49.0,0.39839746,,,
982823848,COc1cc(C)cc(OC)c1OC,143.0,0.35493117,0.240386045,1.179002973,20.19618766
982899341,CNc1cc2ccc3ccc(NC)c4ccc(c1)c2c34,,0.33737081,,,
982900215,CNc1ccc(-c2ccc(NC(=O)Cc3cc(CC(C)=O)c(C)cc3C)cc2)cc1,19.5,0.33947658,,,
982959217,Cc1ccc(Oc2ccc(Oc3ccc(N4C(=O)C(c5ccccc5)=C(c5ccc(C6=C(c7ccccc7)C(=O)N(C)C6=O)cc5)C4=O)cc3)cc2)cc1,150.0,0.37787317,,,
983140270,COc1ccc(S(=O)(=O)c2ccc(Oc3ccc(P(C)(=O)c4ccc(C)cc4)cc3)cc2)cc1,30.0,0.37865073,,,
983336786,CNc1nc(CCC2OCC3(COC(CCc4nc(N)nc(N)n4)OC3)CO2)nc(NC)n1,292.0,0.32807349,,,
983359271,COc1ccc(C(c2ccc(OC3(F)C(C)(F)C(F)(F)C3(F)F)cc2)(C(F)(F)F)C(F)(F)F)cc1,66.5,0.34987919,,,
983408527,CCCCCCCOC(=O)OCCCCCCN1C(=O)c2ccc(-c3ccc(-c4ccc5c(c4)C(=O)N(C)C5=O)cc3)cc2C1=O,129.5,0.34233697,,,
983924337,CCCCCCCCCCCOC(=O)c1ccc(-c2ccc(-c3ccc(C(=O)OC)cc3)cc2)cc1,84.0,0.35722894,,,
984649058,CCCCCCCCCCCCCCCCCCCNC(=O)Cc1ccc(CC(=O)NC)cc1,94.0,0.36969623,,,
984722345,CC(=O)OCCCCCCCCCOC(=O)c1ccc(N2C(=O)c3ccc(C)cc3C2=O)cc1,80.0,0.34843599,,,
985031681,CC(=O)OCCCCCCCCCCCCOC(=O)c1ccc2c(c1)C(=O)N(c1ccc(Oc3ccc(N4C(=O)c5ccc(C)cc5C4=O)cc3)cc1)C2=O,244.0,0.35686622,,,
985113271,CCCOC(=O)Nc1ccc(CCCc2ccc(NC(=O)OC)cc2)cc1,230.0,0.33911152,,,
985128268,Cc1ccc(Oc2ccc(-c3ccc(Oc4ccc(N5C(=O)c6ccc(Oc7cc8ccccc8cc7Oc7ccc8c(c7)C(=O)N(C)C8=O)cc6C5=O)cc4)cc3)cc2)cc1,83.0,0.36958426,,,
985248291,CNc1c(C)cc(C2(c3cc(C)c(NC)c(C)c3)c3ccccc3-c3ccccc32)cc1C,233.0,0.39543139,,,
985685560,Cc1ccc(-c2nc3cc(-n4c(=O)c5cc6c(=O)n(C)c(=O)c6cc5c4=O)ccc3[nH]2)cc1,456.35,,,,
985716101,CC(=O)c1ccc2c(c1)C(=O)N(c1ccc(-c3cc(-c4ccc(OCCCC#N)cc4)cc(-c4ccc(N5C(=O)c6ccc(C)cc6C5=O)cc4)n3)cc1)C2=O,30.0,0.3862986,,,
985931014,CCCCCCCCCOC(=O)c1ccc(-c2ccc(C(=O)OC)cc2)cc1,73.0,0.3520318,,,
986199632,COC(=O)C(C)NC(=O)CCCCC(=O)NC(C)C(=O)OC1COC2C(C)COC12,194.0,0.32344295,,,
986628745,CCOC(=O)C(Cc1ccc(OC)cc1)NC(=O)CCc1ccc(OC(=O)CCCCCCCCC(C)=O)cc1,78.0,0.35082054,,,
987143129,CCC(C)C(=O)Oc1c(Cl)c(Cl)c(Cl)c(Cl)c1Cl,49.0,0.37010428,0.0849999999999999,1.469086914,15.64579264
987280139,Cc1ccc(Oc2ccc(S(=O)(=O)c3ccc(Oc4ccc(-c5nc(-c6ccccc6)[nH]c5C)cc4)cc3)cc2)cc1,113.0,0.39015986,0.0849999999999999,,
988391543,CNc1c(C)c(Cc2ccccc2)c(Cc2ccccc2)c(C(Cc2ccccc2)Cc2ccccc2)c1NC,74.1,0.36124078,,,
988399583,CO[Si](C)(C)O[Si](C)(C)O[Si](C)(C)O[Si](C)(C)c1ccc([Si](C)(C)C)cc1,125.0,0.44221475,,,
988455037,Cc1ccc(C(=O)Oc2c(C)cc(C(c3cccnc3)c3cc(C)c(OC(=O)c4ccc(N5C(=O)CC(Nc6cccc(NC7CC(=O)N(C)C7=O)c6)C5=O)cc4)c(C)c3)cc2C)cc1,302.0,0.3727379,,,
988551958,CCCC(C)SC,121.0,0.42340205,,,
988557841,Cc1ccc(Oc2ccc(-c3nc4ccc(-c5ccc6nc(C)c(-c7ccccc7)nc6c5)cc4nc3-c3ccccc3)cc2)cc1,342.0,0.46496815,,,
989355394,CCCCCOc1ccc(C(=O)OCC(F)(F)C(F)(F)C(F)(F)CC)cc1C(=O)OC,66.5,0.34033362,,,
989396731,CCCCc1nc2cc(-c3ccc4[nH]c(C)nc4c3)ccc2[nH]1,45.0,0.36451297,,,
990486279,Cc1ccc2c(c1)C(=O)N(c1cc(N3C(=O)c4ccc(C(C)(C(F)(F)F)C(F)(F)F)cc4C3=O)ccc1C)C2=O,265.0,0.39717883,0.153779126,1.24938533,21.20223784
990726873,CNc1cc(NC(=O)c2cc(OCCCN(C)c3ccc(N=Nc4ccc(S(C)(=O)=O)cc4)cc3)cc(C(C)=O)c2)cc(C(=O)OCCCN(C)c2ccc(N=Nc3ccc(S(C)(=O)=O)cc3)cc2)c1,231.0,0.3639981,,,
990755656,CNC1=C[C@@](O)(NC)N=C(N)N1,174.1,0.29677001,,,
990844091,Cc1ccc(Oc2ccc(S(=O)(=O)c3ccc(Oc4ccc(-c5c6c(c(C)c7ccccc57)C(=O)N(c5ccccc5)C6=O)cc4)cc3)cc2)cc1,,0.38038292,,,
990921781,CCC(C)(C)C(=O)OCC(=O)N1CCCC1,230.0,0.33084137,,,
991150899,COC(=O)OC1COC2C(C)COC12,267.0,0.32110167,,,
991486562,CCCC(C)C(C)C,233.0,0.38748444,0.2329999999999999,,
991497754,COc1ccc(-c2ccc(-c3ccc(Oc4ccc(C(C)(C)c5ccc(C)cc5)cc4)cc3)cc2)cc1,306.0,0.37801095,0.2329999999999999,,
991575324,Cc1ccc(Oc2ccc(N3C(=O)c4ccc(Oc5ccc(S(=O)(=O)c6ccc(Oc7ccc8c(c7)C(=O)N(C)C8=O)cc6)cc5)cc4C3=O)cc2)cc1,122.5,0.3668584,,,
991645843,CNc1cccc2c1[C@H]1c3ccccc3[C@@H]2c2cccc(NC)c21,73.0,0.3714413,,,
991677197,CCCCCCCCCCCOC(=O)c1ccc(C(=O)NCCCCCNC(=O)c2ccc(C(=O)OC)cc2)cc1,50.0,,0.307,,
991734116,Cc1ccc(Oc2ccc(Oc3ccc(N4C(=O)C5CCC(C6CCC7C(=O)N(C)C(=O)C7C6)CC5C4=O)cc3)cc2)cc1,78.0,0.36741646,0.307,,
991748625,Cc1ccc(Oc2ccc(-c3nc4cc(S(=O)(=O)c5ccc6nc(-c7ccccc7)c(C)nc6c5)ccc4nc3-c3ccccc3)cc2)cc1,62.0,0.4167925,,,
991749301,CCC(C)(C)C(=O)OCCCCCOc1ccc(-c2ccc(C#N)cc2)cc1,105.0,0.3553822,,,
992359277,CCC(C)(C)C(=O)OCCF,222.5,,0.1679999999999999,1.091984203,14.10579773
992375016,CCCCCOc1ccc(C(=O)OCCOC(=O)c2ccc(OC)cc2)cc1,-26.0,0.34108064,0.1679999999999999,1.19443613,23.20013793
992491355,CC(=O)c1ccc2c(c1)C(=O)N(c1cccc(C(O[Si](C)(C)O[Si](C)(C)O[Si](C)(C)C)c3cccc(N4C(=O)c5ccc(C)cc5C4=O)c3)c1)C2=O,182.0,0.39495463,,,
992696585,CCCCN(CCCC)C(=O)C(C)CC,342.0,,0.211,0.875138172,10.87629214
992902333,C/C=C/c1cc(OCC2CC3CC2C2CCCC32)c(C)cc1OCC1CC2CC1C1CCCC21,47.0,,0.24,1.004037835,17.43472846
993287384,CCCOC(=O)N(Cc1ccccc1)c1ccc(C)c(N(Cc2ccccc2)C(=O)OC)c1,56.0,,0.24,1.109114286,
993495758,Cc1cc2c(cc1C)S(=O)(=O)c1cc(N3C(=O)c4ccc(-c5ccc6c(c5)C(=O)N(C)C6=O)cc4C3=O)c(C)cc1-2,44.0,0.41132119,,,
993642509,CCC(O)CN(C)S(=O)(=O)c1ccc(-c2ccc(S(=O)(=O)N(C)CC(O)COc3ccc(OC)cc3)cc2)cc1,145.0,0.33724691,,,
994147149,CCCN(CCOC(=O)Nc1ccc(C)c(NC(=O)OC)c1)c1ccc(N=Nc2ccc(-c3nc4ccc([N+](=O)[O-])cc4n3CC)cc2)cc1,277.0,0.36037645,,,
994176414,COc1ccc2c(c1)C1(CC2(C)C)CC(C)(C)c2ccc(OC(=O)c3cccc(C(C)=O)c3)cc21,,0.38372241,0.197787592,1.04019662,15.18496739
994235992,Cc1ccc(Oc2cccc(Oc3ccc(N4C(=O)c5cccc(Oc6ccc(C(=O)c7ccc(Oc8cccc9c8C(=O)N(C)C9=O)cc7)cc6)c5C4=O)cc3)c2)cc1,-72.0,0.36092418,,,
994355655,CCc1cc(Cc2cc(CC)c(N3C(=O)c4ccc(C(C)=O)cc4C3=O)c(CC)c2)cc(CC)c1N1C(=O)c2ccc(C)cc2C1=O,194.0,0.4118037,0.222803856,1.063182588,23.80459701
994657756,CCC(CC)SC,-59.0,0.42316146,,,
995410408,CCN(CCOc1cc(-c2ccc(N3C(=O)c4ccc(C(C)(C(F)(F)F)C(F)(F)F)cc4C3=O)c(OCCN(CC)c3ccc(C(C#N)=C(C#N)C#N)cc3)c2)ccc1N1C(=O)c2ccc(C)cc2C1=O)c1ccc(C(C#N)=C(C#N)C#N)cc1,306.0,0.37956411,,,
995559885,CC(C)(F)Cl,9.0,0.33776563,,,
995697393,COC(CC(C)=O)C(C)(Cl)Cl,275.0,0.35072691,,,
996300632,COc1ccc(Oc2ccc(NC(=O)c3cc(C(=O)Nc4ccc(C)cc4)cc(C(C)(C)C)c3)cc2)cc1,335.0,0.36524897,,,
996351908,CC(=O)c1ccc2c(c1)C(=O)N(c1ccc(-c3cc(C(C)(C)C)c(Oc4ccc(N5C(=O)c6ccc(C)cc6C5=O)cc4)c(C(C)(C)C)c3)cc1)C2=O,84.0,0.41502916,,,
996538100,COc1ccc(C(c2ccccc2)c2ccc(OC(C)=O)cc2C)c(C)c1,,0.37510529,,,
997201189,Cc1ccc2c(c1)C(=O)N(c1ccc(-c3ccc(N4C(=O)c5ccc(C(C)(c6ccccc6)C(F)(F)F)cc5C4=O)cc3C(F)(F)F)c(C(F)(F)F)c1)C2=O,310.0,0.41024924,,,
997252615,CCC(C)OC,144.0,0.36080303,0.2614999999999999,0.965989074,16.476876
997287969,Cc1ccc(C(c2ccc(N3C(=O)c4ccc(OCCN(CCOc5ccc6c(c5)C(=O)N(C)C6=O)c5ccc(C=Cc6ccc([N+](=O)[O-])cc6)cc5)cc4C3=O)cc2)(C(F)(F)F)C(F)(F)F)cc1,140.0,0.35788304,0.2614999999999999,,
997443668,CCOC,-26.0,,0.246,1.241962384,21.59688826
997638129,CCC(C)C=O,182.0,,0.2425,1.074977648,19.22062685
998478267,Cc1ccc2oc(-c3cccc(-c4nc5cc(C(C)(C(F)(F)F)C(F)(F)F)ccc5o4)c3)nc2c1,260.0,0.42780861,0.2425,,
998917125,COC(CC(C)=O)C(Cl)Cl,110.2326669,,,,
999068142,Cc1ccc(Sc2ccc(Sc3ccc(Sc4ccc(S(C)(=O)=O)cc4S(=O)(=O)O)cc3)cc2)c(S(=O)(=O)O)c1,195.5,0.37255612,,,
999116161,CC(=O)Nc1ccc(-c2cc(-c3ccccc3)cc(-c3ccc(NC(=O)c4ccc5c(c4)C(=O)N(c4ccc(NC(=O)Nc6ccc(N7C(=O)c8ccc(C)cc8C7=O)cc6)cc4)C5=O)cc3)n2)cc1,238.0,0.35865584,,,
999660395,CC(=O)NCCN(CCNC(=O)c1ccc2c(c1)C(=O)N(c1ccc(Oc3ccc(N4C(=O)c5ccc(C)cc5C4=O)cc3)cc1)C2=O)c1ccc(C=Cc2ccc([N+](=O)[O-])cc2)cc1,290.0,0.34863371,,,
999723050,CCCOC(=O)C1C2C=CC(C2)C1C(=O)OC,60.0,0.33382733,,,
999774546,Cc1ccc(OCCCCCCOc2ccc(C3C4C(=O)N(c5ccc(N6C(=O)C7ON(C)C(C)C7C6=O)cc5)C(=O)C4ON3C)cc2)cc1,-25.8,0.35427898,,,
999910921,CCC(C)(C)C(=O)OC1CCC2CCCCC2C1,90.0,0.37667899,,,
1000606738,CCCCCCCCCCCOc1ccc(C=C2CCC(=Cc3ccc(OCCCCCCCCCCOP(=O)(OC)OC)c(OC)c3)C2=O)cc1OC,53.0,0.3684349,,,
1000610070,CNc1ccc(C(=O)c2ccc(NC(=O)c3ccc(C(C)=O)cc3)cc2)cc1,235.0,0.34522858,,,
1000940979,Cc1ccc(Oc2ccc(N3C(=O)C(Cl)=C(Oc4ccc(C(c5ccc(OC6=C(Cl)C(=O)N(C)C6=O)cc5)(C(F)(F)F)C(F)(F)F)cc4)C3=O)cc2)cc1,301.0,0.36044402,,,
1001186326,CCCCCCCN1C(=O)c2ccc(C(c3ccc4c(c3)C(=O)N(C)C4=O)(C(F)(F)F)C(F)(F)F)cc2C1=O,,0.34666187,0.16334633,1.288680122,21.88584092
1001439258,Cc1ccc(Oc2cccc(Oc3ccc(N4C(=O)c5ccc(Oc6ccc(C(C)(C)c7ccc(Oc8ccc9c(c8)C(=O)N(C)C9=O)cc7)cc6)cc5C4=O)cc3)c2C#N)cc1,202.0,0.37485348,,,
1002053152,CCCCCCCOC(=O)OCCCCCOC(=O)OCCCCCCOc1ccc(C(=O)c2ccc(OC)cc2)cc1,490.0,0.34762282,,,
1002421560,COC(C)COC(=O)CCCCC(C)=O,-15.95518318,,,,
1002611290,Cc1ccc(Oc2ccc(N3C(=O)c4cccc(Oc5ccc(Oc6ccc(Oc7cccc8c7C(=O)N(C)C8=O)cc6)cc5)c4C3=O)cc2)cc1,0.0,0.36415634,,,
1003276848,CNC1=Cc2cccc3ccc(NC)c1c23,245.0,0.33737221,,,
1003322685,CCC(C)(C)C(=O)OC1(C)CCCN(c2ccc(N=Nc3ccc(C=C(C#N)S(C)(=O)=O)cc3)cc2)C1,216.0,0.37311394,,,
1003416473,CC(Cl)=C(C)c1ccccc1,296.0,0.41584019,,,
1003531277,CCCCCCCCCCCC[N+]1(C)CCN(C(=O)C(C)CC)CC1,-81.38297384,,,,
1003609082,CCCCCCCCOc1cc(C#Cc2ccc(-c3nnc(C)o3)cc2)c(OCCCCCCCC)cc1C#Cc1ccc(C)cc1,222.0,0.44177748,,,
1003747074,Cc1ccc(Oc2cccc(Oc3ccc(N4C(=O)C5CCC(C6CCC7C(=O)N(C)C(=O)C7C6)CC5C4=O)cc3)c2)cc1,77.0,0.36411353,,,
1004036255,Cc1ccc(Oc2ccc(N3C(=O)C4C5C=CC(C6C(=O)N(C)C(=O)C56)C4C3=O)cc2)cc1,109.0,0.40046874,,,
1004048009,C=C=C=C(CCCCOC(=O)NC(=O)OCCCC)C(=C)CCCCOC(=O)NC(=O)OCCCC,27.51087357,,,,
1004172510,CCCCCCCCCNC(=O)CCP(C)(=O)CCC(=O)NC,347.5,0.34556001,,,
1005319308,CNc1ccc2c(c1NC)C1(c3ccccc3-c3ccccc31)c1ccccc1-2,182.0,0.37725763,,,
1005375030,CO[Si](Oc1ccc(C2(c3ccc(C)cc3)c3ccccc3-c3ccccc32)cc1)(c1ccccc1)c1ccccc1,280.0,0.41378255,,,
1006229444,Cc1ccc(Oc2ccc(N3C(=O)c4ccc(Oc5ccc6cc(Oc7ccc8c(c7)C(=O)N(C)C8=O)ccc6c5)cc4C3=O)cc2)cc1,-25.8,0.368655,,,
1006972816,CNc1ccc(C2(c3ccc(NC)cc3)c3ccccc3-c3cc(C)ccc32)cc1,,0.37206432,,,
1007721072,COc1ccc(S(=O)(=O)c2ccc(OC(=O)c3cccc(C(C)=O)c3)cc2)cc1,-71.0,0.35428669,,,
1007994898,CC(=O)c1ccc2c(c1)C(=O)N(c1c(C)cc(-c3cc(C)c(N4C(=O)c5ccc(C)cc5C4=O)c(C)c3)cc1C)C2=O,130.0,0.41642982,,,
1008054582,COc1ccc(S(=O)(=O)c2ccc(Oc3ccc4c(=O)n5c6cc(Oc7ccc8c(c7)nc7c9ccc(C)c%10cccc(c(=O)n87)c%109)ccc6nc5c5cccc3c45)cc2)cc1,301.0,0.37350253,,,
1008455726,Cc1ccc(Oc2ccc(-c3ccc(Oc4ccc(N5C(=O)c6ccc(Oc7ccc(C8(c9ccc(Oc%10ccc%11c(c%10)C(=O)N(C)C%11=O)cc9)CCC(C(C)(C)C)CC8)cc7)cc6C5=O)cc4)cc3C)c(C)c2)cc1,,0.38855303,,,
1009402745,Cc1ccc2c(c1)C(=O)N(c1cccc(P(=O)(c3cccc(N4C(=O)c5ccc(C(C)(C(F)(F)F)C(F)(F)F)cc5C4=O)c3)c3cc(C(F)(F)F)cc(C(F)(F)F)c3)c1)C2=O,202.0,0.39081756,,,
1010071702,CNc1ccc(-c2ccc(NC)cc2CCCCCCc2cc(N)ccc2-c2ccc(N)cc2)cc1,215.0,0.34872521,,,
1011327767,CNNc1ccc(-c2ccc(NNC)c(-c3ccccc3)c2-c2ccccc2)cc1,,0.37163024,,,
1011731362,CCCC[Si](C)(CCCC)[Si](CCCC)(CCCC)c1ccc(C)s1,0.0,0.44335751,,,
1011779904,CCC(CC(Cl)(Cl)Cl)OC,52.0,0.37859237,,,
1011876528,COc1ccc(C(C)(C)c2ccc(OC(=O)c3ccc(C(C)=O)cc3)c(C)c2)cc1C,145.0,0.37553512,,,
1011928148,CCC(C)(C)C(=O)OCC1(C)COC(C)(C)OC1,249.0,0.35893262,0.1525,0.956557271,11.46248639
1011964069,CNc1ccc(C2(c3ccc(NC)c(C)c3C)c3ccccc3-c3ccccc32)c(C)c1C,300.0,0.37955034,0.1525,,
1012063352,CC=Cc1nc(C=Cc2ccc3c(c2)c2cc(C)ccc2n3CCCCCC)c(C#N)c(C=Cc2ccc(N(c3ccccc3)c3ccccc3)cc2)c1C#N,193.0,0.40041543,,,
1012066552,Cc1ccc(Cc2ccc(N(c3ccc(C)cc3)c3ccc(-c4ccc(N(C)c5ccc(C)cc5)cc4)cc3)cc2)cc1,155.0,0.43960081,,,
1012240056,Cc1ccc(C(c2ccc(N3C(=O)c4ccc(Oc5ccc6c(c5)C(=O)N(C)C6=O)cc4C3=O)cc2)(C(F)(F)F)C(F)(F)F)cc1,213.0,0.38527977,,,
1012244611,Cc1ccc(N2C(=O)c3ccc(C(=O)c4ccc5c(c4)C(=O)N(c4ccc(-c6nc7cc(-c8ccc9nc(-c%10ccccc%10)c(C)nc9c8)ccc7nc6-c6ccccc6)cc4)C5=O)cc3C2=O)cc1,-0.2,0.41170662,0.224,1.081627625,22.18257973
1012389657,CCCOc1cccc(C(=O)OC(=O)c2cccc(OC)c2)c1,3.697542049,,0.224,,
1012615960,CC1CCC(CC2CCC(N3C(=O)C4C5C=CC(C6C(=O)N(C)C(=O)C56)C4C3=O)CC2)CC1,239.0,0.37857284,0.232731371,1.096899673,22.94222947
1012673977,Cc1nc(-c2ccccc2)nc(N(C)CCCCCCN(C)C)n1,-36.0,0.39607619,,,
1012813731,CCC(C)c1ccc(C(=O)c2ccc(OC)cc2)cc1,178.5,0.35659947,,,
1013332010,Cc1ccc(Oc2ccc(C(C)(C)c3ccc(Oc4ccc(-c5ncc(C)o5)cc4C(F)(F)F)cc3)cc2)c(C(F)(F)F)c1,108.0,0.40096044,,,
1013677154,COc1ccc(C(=O)OC(C)COC(C)COC(C)COC(=O)c2ccc(OC(=O)c3ccc(C(C)=O)cc3)cc2)cc1,,0.34810342,,,
1013955085,CNCCN(C)CCNC,130.0,0.3165625749999999,,,
1014178298,Cc1ccc(C(=O)OCCCCCCCCOC(=O)c2ccc(-c3nnc(C)s3)cc2)cc1,215.0,0.36108206,,,
1014358426,CCCCCCCCCCCCN1c2ccc(C)cc2Sc2cc(-c3ccc(-c4ccc(C)s4)s3)ccc21,305.0,0.45700932,,,
1015002552,CCCCCCCCCCCOc1ccc(OC(=O)c2ccc(OCCOCCOCCOc3ccc(C(=O)Oc4ccc(OC)cc4)cc3)cc2)cc1,260.0,0.34939934,,,
1015530423,CCC(C)(F)C(=O)OCC(F)(F)C(F)F,52.0,0.31321391,,,
1015804720,CNc1ccc2cc3cc4ccccc4cc3cc2c1NC,239.0,0.34122991,,,
1015995822,Cc1ccc(S(C)(=O)=O)cc1,166.0,0.37182941,0.199092642,1.355113919,22.15433268
1016001230,CN=P(C)(N(C)C)N(C)C,249.0,0.38583819,,,
1016053436,CCC1CC(COC(=O)c2ccc(C(=O)OC)cc2)CC(C(C)(C)C)C1,185.0,0.36365524,,,
1016427513,CCC(O)CN(C)S(=O)(=O)c1ccc(-c2ccc(S(=O)(=O)N(C)CC(O)COc3ccc(C(C)(C)c4ccc(OC)cc4)cc3)cc2)cc1,249.0,0.34670882,,,
1016483191,Cc1cccc(N2C(=O)c3ccc(Oc4ccc(S(=O)(=O)c5ccc(Oc6ccc7c(c6)C(=O)N(C)C7=O)cc5)cc4)cc3C2=O)c1,310.0,0.36206097,,,
1016549467,CCCCCCCCCCCc1nccn1CCc1nc(NC)nc(NC)n1,374.0,0.3488479,,,
1016554396,CNc1ccc2c(c1)cc(-c1ccccc1)c1cc(NC)ccc12,236.0,0.34652388,,,
1016682022,CCC(C)c1ccccn1,247.0,,0.196,0.996326132,14.84520894
1017422838,CNc1cccc(-c2cccc(NC)c2-c2cccc3ccc4cc5ccccc5cc4c23)c1-c1cccc2ccc3cc4ccccc4cc3c12,90.5,0.36507338,0.196,,
1017533864,CCC(C)c1ccc(C(=O)OC(C)C)cc1,,0.37933569,,,
1017786656,CNc1ccc(Cc2ccccc2C(c2ccccc2Cc2ccc(N)cc2)c2ccccc2Cc2ccc(NC)cc2)cc1,-53.0,0.36342323,,,
1017876939,COc1ccc(C2(c3ccc(Oc4ccc(C(=O)c5c(C(=O)c6ccc(C)cc6)c(-c6ccc(F)cc6)c(-c6ccc(F)cc6)c(-c6ccc(F)cc6)c5-c5ccc(F)cc5)cc4)cc3)c3ccccc3-c3ccccc32)cc1,-36.0,0.40790835,,,
1017988364,CCCCCCCCCCOC(=O)NCCCCCCNC(=O)OC,178.5,0.35605283,,,
1018289608,Cc1cccc(Oc2cccc(Oc3cccc(N4C(=O)c5ccc(-c6cccc7c6C(=O)N(C)C7=O)cc5C4=O)c3)c2)c1,108.0,0.35957648,0.194879024,1.245112428,20.36775118
1018372810,CNc1ccc(CC(Cc2ccc(N)cc2)Cc2ccc(NC)cc2)cc1,265.0,0.34584685,,,
1018492887,COc1ccc(C2(c3ccc(OC(=O)c4ccc(Oc5ccc(C6(c7ccc(Oc8ccc(C(C)=O)cc8)cc7)CCC(C(C)(C)C)CC6)cc5)cc4)cc3)CCCCCCCCCCC2)cc1,,0.38180644,,,
1018993474,Cc1ccc2c(c1)C(=O)N(c1cccc(C(=O)Nc3ccc(Oc4ccc(-c5ccc(Oc6ccc(NC(=O)c7cccc(N8C(=O)c9ccc(C(C)(C(F)(F)F)C(F)(F)F)cc9C8=O)c7)cc6)cc5)cc4)cc3)c1)C2=O,183.0,0.36515817,,,
1019146699,CCNC(=O)CCCCCCCCC(=O)NCC1COC(C)CO1,305.0,0.33667776,,,
1019302045,CC(=O)c1cc(C(=O)c2ccc3c(c2)C(=O)N(c2cccc(N4C(=O)c5ccc(C)cc5C4=O)c2)C3=O)cc(C(C)(C)C)c1,260.0,0.37683798,,,
1019871749,CNC[C@@]12C[C@H]3C[C@@H](C1)C[C@](c1ccc(NC)cc1)(C3)C2,,0.34037658,,,
1020201493,CCC(C)C(=O)OCCCSCCC#N,239.0,0.38516817,0.219,1.082808936,12.13020166
1020575007,C=CCc1c(NC)ccc(-c2ccc(NC)c(CC=C)c2CC=C)c1CC=C,57.0,0.35962472,0.219,,
1021238306,CCCCCCCCOc1cc(C(C)=O)ccc1C(=O)NNC,103.0,0.3601387,,,
1021483975,Cc1ccc(Oc2ccc(C(=O)c3ccc(-c4ccc(C(=O)c5ccc(Oc6ccc(-c7nc(-c8cccc(-c9nc(C)c(-c%10ccccc%10)[nH]9)c8)[nH]c7-c7ccccc7)cc6)cc5)cc4)cc3)cc2)cc1,185.0,0.39957908,,,
1022466130,CCCOC(=O)Nc1ccc(CCc2ccc(NC(=O)OC)cc2)cc1,36.0,0.33796445,,,
1022768745,CCCCCCCCNC(=S)NC,,0.37564095,,,
1022782104,Cc1ccc2oc(-c3ccc(Oc4ccc(-c5nc6cc(C(C)(c7ccccc7)C(F)(F)F)ccc6o5)cc4)cc3)nc2c1,86.0,0.41979595,,,
1022909256,CC(=O)Nc1ccc(NC(=O)c2ccc3c(c2)C(=O)N(c2ccc(Oc4cccc5c(N6C(=O)c7ccc(C)cc7C6=O)cccc45)cc2)C3=O)cc1,150.0,0.36136438,,,
1022982762,CC1CCC(CC2CCC(N3C(=O)c4ccc(-c5ccc6c(c5)C(=O)N(C)C6=O)cc4C3=O)C(C)C2)CC1C,64.0,0.37118198,,,
1023161233,CCC(C)(C)C(=O)OC1CC2CC1C1C3CCC(C3)C21,90.5,0.37657118,,,
1023305390,CNNC(=O)c1cc(NC(=O)c2ccc3c(c2)C(=O)N(c2ccc(C)cn2)C3=O)cc(C(=O)NNC(=O)C(C)=O)c1,,0.33035557,,,
1024068572,CCCCCCCC(=O)c1ccc(C(C)CC)cc1,219.5,0.39176934,0.2663333333333333,,
1024345756,CCCCCSCC(CC)(COC)CSCCCCC,-4.0,0.4182603,0.2663333333333333,,
1024792036,COc1ccc2c(c1)C1(CC2(C)C)CC(C)(C)c2ccc(OC(C)=O)cc21,118.0,0.39692149,0.198892107,1.005045691,12.92707658
1025306032,CCC1CCC(COC(=O)c2ccc(C(=O)OC)cc2)CC1,101.0,0.35960828,,,
1025433212,COc1ccc(S(=O)(=O)c2ccc(Oc3ccc(C(C)(C)c4ccc(C)cc4)cc3)cc2N)c(N)c1,265.0,0.37039035,,,
1025691953,COc1cccc(Oc2ccc(C(=O)O)c(C(=O)Nc3ccc(Oc4ccc(-c5ccc(Oc6ccc(NC(=O)c7cc(C)ccc7C(=O)O)cc6)cc5)cc4)cc3)c2)c1,52.0,0.34519508,,,
1025699725,CCCCCCCSCCSC,299.0,,0.234,,
1026017017,CCC(C)C(=O)Oc1ccc(N=Nc2ccc([N+](=O)[O-])cc2)cc1,100.0,0.3750338,0.234,,
1026090267,CCCCCCCNC(=O)CC(=O)NC,100.0,0.32199305,,,
1026468393,CCC(C)(C)C(=O)OCC(C)Oc1ccc(-c2ccc(-c3ccc(C#N)cc3)cc2)cc1,105.0,0.35257191,,,
1026585512,CNc1ccc(CCNC(=O)CCCCC(C)=O)cc1,105.0,0.33119767,,,
1026999069,CN/N=N\c1ccc2ccccc2c1-c1c(NNC)ccc2ccccc12,50.0,0.35871072,,,
1027170347,COc1ccccc1Oc1ccc(S(=O)(=O)c2ccc(C)cc2)cc1,95.0,0.3645491,,,
1027277278,CC=Cc1ccc2c(c1)C(CCCCCC)(CCCCCC)c1cc(C=Cc3nc(C)c(C#N)c(C=Cc4ccc(N(c5ccccc5)c5ccccc5)cc4)c3C#N)ccc1-2,228.0,0.40662582,,,
1027526557,CCOCCOc1cc(C(C)=O)ccc1C(=O)Oc1cc(OCCOC)c(OC)cc1OCCOC,293.0,0.34810915,,,
1027925897,CCCOCCOCCOC(=O)CCSCCC(=O)OC,58.0,0.34274002,,,
1028383994,CCOc1ccc(C(C)(C)c2ccc(Oc3ccc(C)n3-c3ccc([N+](=O)[O-])cc3)cc2)cc1,213.0,0.35710014,,,
1028416033,CO[Si](C)(C)O[Si](C)(C)O[Si](C)(C)OC(C)CCC(C)C,,0.43005336,,,
1028677935,Cc1ccc2c(c1)C(=O)N(c1ccc(Oc3ccc(C(=O)c4cccc(N5C(=O)c6ccc(C(C)(C(F)(F)F)C(F)(F)F)cc6C5=O)c4)cc3)cc1)C2=O,181.0,0.37383074,,,
1028942320,CCCCCCC(Cl)C(C)Cl,280.0,0.3900218,,,
1029035301,COc1c(F)c(F)c(-c2c(F)c(F)c(Oc3ccc(C(c4ccc(C)cc4)(C(F)(F)F)C(F)(F)F)cc3)c(F)c2F)c(F)c1F,73.0,0.36997043,,,
1029595953,CCCCCCCOc1ccc(C(=O)OC(=O)c2ccc(OC)cc2)cc1,64.73496741,,,,
1030451978,CNc1ccc([C@]23C[C@@H]4[C@H]5C[C@]6(c7ccc(NC)cc7)C[C@H]([C@H]5C2)[C@H](C3)[C@H]4C6)cc1,,0.3645152,,,
1031120219,CCC(COC(C)(C)C)OC,-58.0,0.3876684,,,
1031229001,CNc1ccc(Oc2ccc(-c3cccc4c3[C@H]3c5ccccc5[C@@H]4c4ccccc43)c(Oc3ccc(NC)cc3)c2)cc1,,0.37154684,,,
1032049018,CCCCC(CC)CCC(CC(C)C)OC(=O)C(C)CC,203.5,,0.2319999999999999,0.858171779,10.23167095
1032380700,CNc1cc([N+](=O)[O-])c(NC(=O)CCCCC(C)=O)cc1C=Cc1ccc(N(C)C)cc1,276.0,0.34629729,0.2319999999999999,,
1032824878,Cc1ccc(Oc2ccc(S(=O)(=O)c3ccc(Oc4ccc(-c5c6c(c(C)c7ccccc57)C(=O)N(C)C6=O)cc4)cc3)cc2)cc1,116.9,0.3747633,,,
1032864427,Cc1cccc(N2C(=O)c3ccc(Oc4ccc5c(c4)C4(CC(C)(C)c6ccc(Oc7ccc8c(c7)C(=O)N(C)C8=O)cc64)CC5(C)C)cc3C2=O)c1,52.0,0.38956456,0.195425517,1.109968877,20.26112885
1033105320,CCCCCCCCCCCCC(C)CCCCCC,299.0,,0.381,,
1033189892,CC=Cc1ccc(N(C)CCOC(=O)Nc2ccc(C)c(NC(=O)OCCN(C)c3ccc(C=CC4=CC(=C(C#N)C#N)C=C(C)O4)s3)c2)s1,307.0,0.37243706,0.381,,
1033278937,Cc1ccc(-c2ccc(C(C)(C)C(F)(F)F)cc2)cc1,260.0,,0.194,1.086916359,21.06056085
1033351470,CC(=O)Oc1ccc(C2(c3ccc(OC(=O)c4ccc5c(c4)C(=O)N(c4ccc(-c6ccc(N7C(=O)c8ccc(C)cc8C7=O)cc6C)c(C)c4)C5=O)cc3)CCC(C(C)(C)C)CC2)cc1,199.0,0.38006135,0.194,,
1033553223,Cc1ccc(Oc2ccc(Oc3ccc(N4C(=O)c5ccc(Oc6cc7ccccc7cc6Oc6ccc7c(c6)C(=O)N(C)C7=O)cc5C4=O)cc3)cc2)cc1,,0.36802502,,,
1033716962,CCC1CCCC(CN2C(=O)c3ccc(C(=O)c4ccc5c(c4)C(=O)N(C)C5=O)cc3C2=O)C1,50.0,0.36071936,,,
1033918415,CCCCCCCCOc1cc(C)cc(N2C(=O)c3ccc(Oc4ccc5c(c4)C(=O)N(C)C5=O)cc3C2=O)c1,-33.0,0.37173532,,,
1033946861,CCC(C)C(=O)OCCSCC#N,228.0,0.37675973,0.183,1.158953952,13.88465277
1034104971,CCCOC(=O)NC1CCC(CC2CCC(NC(=O)OCCOc3ccc(C4(c5ccc(OC)cc5)c5ccccc5-c5ccccc54)cc3)CC2)CC1,84.5,0.35609978,0.183,,
1034123279,CCC(C)(C)C(=O)OC12CC3CC(C)(CC(C)(C3)C1)C2,210.5,0.38728627,0.122,0.88188115,10.05911169
1034236621,COc1cc(C=C(c2ccccc2)c2ccc(-c3ccc(C)cc3)cc2)c(OC)cc1C=C(C)c1ccccc1,100.0,0.3885182,0.122,,
1034741718,CCCCSC,,0.44308089,,,
1034918215,CNc1ccc(C(C)(C)c2ccc(NC(=O)c3cc(NC(=O)c4ccccc4)cc(C(C)=O)c3)cc2)cc1,,0.35251392,,,
1034983348,CCCC[Si](C)(C)O[Si](C)(C)CCCOc1ccc(C(=O)Oc2ccc(-c3ccc(C#N)cc3)cc2)cc1,50.0,0.38002629,,,
1035315076,Cc1ccc(Oc2ccc(-c3cc(-c4ccccc4)c4cc(-c5ccc6nc(C)cc(-c7ccccc7)c6c5)ccc4n3)cc2)cc1,115.0,0.41044986,,,
1035856874,CCC(C)CC(C)CC,213.0,,0.202,,
1036138133,Cc1ccc(Oc2ccc(Oc3ccc(N4C(=O)c5ccc(Oc6ccc(C7(c8ccc(Oc9ccc%10c(c9)C(=O)N(C)C%10=O)cc8)CCC(C(C)(C)C)CC7)cc6)cc5C4=O)cc3)c(C(C)(C)C)c2)cc1,171.0,0.38499973,0.202,1.108698074,22.90343784
1036220346,COc1ccc(C=CC(=O)c2ccc(Oc3ccc(C(C)(C)c4ccc(C)cc4)cc3)cc2)cc1,-24.0,0.37255278,,,
1036443335,CNNC(=O)C=CC(=O)NCCCCCCNC(=O)C=CC(C)=O,99.0,0.30930644,,,
1036702537,CC(=O)Nc1ccc(Oc2cccc(Oc3ccc(NC(=O)c4ccc5c(c4)C(=O)N(c4ccc(Sc6ccc(Oc7ccc(Sc8ccc(N9C(=O)c%10ccc(C)cc%10C9=O)cc8)cc7)cc6)cc4)C5=O)cc3)c2)cc1,-35.0,0.36243783,,,
1037214507,COc1ccc(S(=O)(=O)c2ccc(Oc3ccc(Cc4ccc(C)cc4)cc3)cc2)cc1,76.75,0.37003696,0.211169803,1.184644856,21.96383699
1037247055,CNc1ccc2ccccc2c1/N=N/c1ccc(-c2ccc(/N=N/c3c(NC)ccc4ccccc34)c(C)c2)cc1C,-90.0,0.35713398,,,
1037483608,CC=CC1CC(C)C(C#N)([Si](C)(C)O[Si](C)(C)O[Si](C)(C)C)C1,242.0,0.44205828,,,
1037753254,CCOC(=O)OCC1OC(C)(C)OC1C,-17.0,0.33690966,,,
1037907132,CCC(C)C(=O)Oc1ccc(N=Nc2ccc(OC)cc2)cc1,167.0,0.35769038,,,
1037933162,COc1ccc(OC(=O)c2ccc(OC(=O)c3ccc(C(=O)Oc4ccc(C(C)=O)cc4)cc3)cc2)cc1,47.0,0.33585548,,,
1038226153,COc1ccc(S(=O)(=O)c2ccc(Oc3ccc(C(C)(C)c4ccc(C)cc4)cc3)cc2)cc1,,,0.204,1.135056188,22.20715615
1038295245,CC(=O)Nc1ccc(S(=O)(=O)c2ccc(NC(=O)c3ccc4c(c3)C(=O)N(c3ccc(Oc5ccc(N6C(=O)c7ccc(C)cc7C6=O)cc5)cc3)C4=O)cc2)cc1,-24.0,0.3576415,0.204,,
1038630240,CCCCC(CC)CC1(CC(CC)CCCC)c2cc(C)ccc2-c2ccc(C)cc21,,0.41460255,,,
1038723100,CNc1cc2cc3cc(C)c(NC)cc3cc2cc1C,,0.353293,,,
1038983275,CCCCCCCCCCCCOC(=O)C(Cc1ccc(OC)cc1)NC(=O)CCc1ccc(OC(=O)CCCCCCC(C)=O)cc1,179.0,0.36221772,,,
1039049249,COc1cc(C)c(C(c2cc(C(C)C)c(Oc3ccc(C(=O)c4ccc(C)cc4)cc3)cc2C)c2ccccc2C(=O)O)cc1C(C)C,314.0,0.41139,,,
1039097467,CCCC(C)(C)CC(C)COC(=O)c1ccc(C(=O)OC)cc1,253.0,0.34932417,,,
1039985158,CCCCCC(C)CC(=O)NC,,,0.254,,
1040974624,Cc1cccc(-c2nc3cc4nc(-c5ccccc5)c(C)nc4cc3nc2-c2ccccc2)c1,51.3,0.45725149,0.254,,
1041000545,CNc1ccc(-c2ccc(-c3ccc(NC)c(-c4ccc(C)cc4)c3-c3ccc(C)cc3)cc2)cc1,,0.37262427,,,
1041165828,CCCCCCC(=O)Nc1ccc(Cc2ccc(NC(=O)CCCCCN3C(=O)c4ccc(C(=O)c5ccc6c(c5)C(=O)N(C)C6=O)cc4C3=O)cc2)cc1,217.0,0.33846216,,,
1042275963,CC=CC(C)C(C)C(=O)OCCCCCCN(C)c1ccc(N(C)C)cc1,224.5,0.38084203,,,
1042390014,CCCCCOc1cc(C(C)=O)cc(C(=O)Oc2ccc(Oc3ccc(OC)cc3)cc2)c1,213.0,0.35782168,,,
1042430628,CNc1cc(C)c(Cc2ccc(CCc3ccc(Cc4c(C)cc(NC)cc4C)cc3)cc2)c(C)c1,185.0,0.36377279,,,
1042780856,CCCN(CCOC(=O)c1ccc(C(=O)OC)c(OC)c1)c1ccc(N=Nc2ccc(-c3nc4ccc([N+](=O)[O-])cc4n3CC)cc2)cc1,-24.0,0.36008701,,,
1043405335,CCCCCCCCc1cc(-c2ccc(-c3cc(CCCCCCCC)c(-c4ccc(C)cc4)s3)cc2)sc1C,140.0,0.44716761,,,
1044196654,CC(F)(F)C1(C)OC(F)(F)C(F)(F)O1,194.0,0.3876684,,,
1044241223,CCCCCCCCCCOC(=O)CCC(NC)C(C)=O,-9.0,0.37124704,,,
1044295958,COC(=O)C(Cc1ccccc1)NC(=O)CCCCC(=O)NC(Cc1ccccc1)C(=O)OC1COC2C(C)COC12,-53.5,0.33895751,,,
1044700576,CCC(C)OC(=O)C=Cc1ccccc1,303.5,0.35329706,,,
1044740151,CCCN(C)C(=O)c1c(F)cc(F)c(F)c1F,10.1,0.34348957,,,
1044945612,COc1ccc(C(C)(C)c2ccc(Oc3ccc(C(=O)c4ccc(Oc5ccc(C(=O)c6ccc(C)cc6)cc5)cc4)cc3)cc2)cc1,213.0,0.38948605,,,
1045029623,CCCCCCCNC(=O)CCc1ccc(CC(=O)NC)cc1,305.0,0.34201824,,,
1045248903,CNc1ccc(CCCc2cccc(CCCc3ccc(NC)cc3)c2)cc1,126.0,0.34755922,,,
1045265904,CCCOC(=O)CCSCCC(=O)OC,233.0,0.33737751,,,
1045484392,CNc1ccc(-c2ccc(NC(=O)c3cc(NC(=O)c4ccncc4)cc(C(C)=O)c3)cc2)cc1,,0.33973104,,,
1045667225,CCC(=O)NCCCCCCNC(=O)COC(=O)CCCCCCCCCCC(=O)OC,-4.0,0.34246271,,,
1046009311,CCSC(C)=C(C)C,179.0,0.42702088,,,
1046027555,COc1ccc(Oc2ccc(C=NCCCCN=Cc3ccc(C)cc3)cc2)cc1,189.55,0.36995005,,,
1046064945,CC=C(C)c1ccccc1C[Si](C)(C)C,97.5,0.43642908,,,
1047211829,CNc1ccccc1NC(=O)CCCCCCC(C)=O,71.92438381,,,,
1047488413,CNc1ccc([C@@H](C)/C=C2/C=CC/C(=C\[C@H](C)c3ccc(NC)cc3)C2)cc1,51.3,0.36075305,,,
1047573880,Cc1ccc(Oc2ccc(C(c3ccc(Oc4ccc(N5C(=O)c6ccc(-c7ccc8c(c7)C(=O)N(C)C8=O)cc6C5=O)cc4C(F)(F)F)cc3)(C(F)(F)F)C(F)(F)F)cc2)c(C(F)(F)F)c1,162.0,0.3742406,,,
1047587622,CCCC(C)(C)C,283.0,0.39620363,0.1956666666666666,,
1047765125,CC(=O)c1ccc2c(c1)C(=O)N(c1cc(Br)c(Oc3c(Br)cc(N4C(=O)c5ccc(C)cc5C4=O)cc3Br)c(Br)c1)C2=O,186.0,0.42586088,0.1956666666666666,,
1048177525,CCC(CCl)(CCl)COC(=O)CCCCC(=O)OC,2.83724036,,,,
1048219303,COc1ccc2c(c1)C(C)(C)CC2(C)c1ccc(Oc2ccc(C3(C)CC(C)(C)c4ccc(C)cc43)cc2)cc1,308.5311609,,,,
1048356010,COc1ccc(Oc2ccc(NC(=C(C#N)C#N)c3ccc(-c4ccc(C(Nc5ccc(C)cc5)=C(C#N)C#N)cc4)cc3)cc2)cc1,270.2905197,,,,
1048411136,CCCC(C)c1cc(C)cc(C)c1OC,15.0,0.42324434,,,
1048769739,CNc1ccc(NC)c(Cc2ccc3ccccc3c2)c1,228.0,0.34211504,,,
1048831581,CCCCCCCCCCCCCCOC(=O)c1cc(NC(=O)c2ccc(NC(=O)CCCCCCCCCCC(=O)Nc3ccc(C(C)=O)cc3)cc2)ccc1NC,-9.0,0.35634052,,,
1049514979,CNc1ccc([C@H](C)c2ccc(C(C)(c3ccc([C@@H](C)c4ccc(NC)cc4C)cc3)C3CCCCC3)cc2)c(C)c1,,0.37519578,,,
1049869017,CNc1ccc(C2(c3ccc(NC)cc3)c3ccccc3-c3ccc(N)c(N)c32)cc1,365.0,0.377461295,,,
1050100593,Cc1ccc(C(=O)Nc2ccc(NC(=O)c3ccc(-n4c(=O)c5sc6c(=O)n(C)c(=O)c6sc5c4=O)cc3)cc2)cc1,327.2441987,,,,
1050347337,COc1ccc(N=Cc2ccc(Oc3ccc(C(c4ccc(Oc5ccc(C=Nc6ccc(Oc7ccc(-c8ccc(C)cc8)cc7)cc6)cc5)cc4)(C(F)(F)F)C(F)(F)F)cc3)cc2)cc1,187.0,0.36915045,,,
1050360528,COc1ccc(C2(c3ccc(OC(C)=O)cc3)CCCCCC2)cc1,323.0,0.35365375,,,
1050435822,CCCCCCCNC(=O)NC,126.0,,0.328,1.021142597,23.54088095
1050763719,Cc1cccc(N2C(=O)c3ccc(Oc4ccc5c(c4)C(=O)N(C)C5=O)cc3C2=O)c1,,0.37088821,0.328,1.280091609,25.48843896
1050868721,CC(F)(F)C1(F)C(F)(F)C(C)(F)C(F)(F)C(F)(Cl)C1(F)F,,0.3357861,,,
1051120785,COC(=O)CCSCCC(C)=O,6.950276755,,,,
1051267871,CCCN(CCOC(=O)Nc1ccc(C)c(NC(=O)OC)c1)c1ccc(C(C#N)=C(C#N)C#N)cc1,108.0,0.35653071,,,
1051950887,CCCCCCCCOC(=O)C(Cc1ccc(OC)cc1)NC(=O)Cc1ccc(OC(=O)CCCCC(C)=O)cc1,-62.0,0.35265054,,,
1052347491,CCCNC(=O)c1ccccc1OC,97.5,0.32695077,,,
1052403305,CCC(C)C(=O)OCCCCCn1c2ccccc2c2ccccc21,,0.3540605,,,
1053128614,CNc1ccc2ccc3c(NC)c(-c4cccc(C5(c6ccccc6)c6ccccc6-c6ccccc65)c4)cc4ccc1c2c43,122.0,0.3681964,,,
1053654075,CCC(C)(C)COC(=O)c1ccc(C=Cc2ccc(C(=O)OC)cc2)cc1,162.0,0.36382705,,,
1053689640,CC(=O)c1ccc2c(c1)C(=O)N(c1ccc(C(c3ccccc3)(c3ccc(N4C(=O)c5ccc(C)cc5C4=O)cc3)C(F)(F)F)cc1)C2=O,87.0,0.39510719,,,
1053749106,CCCCCCCCCCCSSSSC,,0.45331783,,,
1054068496,CCCCCCCCCCCC(=O)NCc1ccc(CNC(=O)CCCCCCCCCCSC)cc1,-43.0,,0.285,0.976393146,21.13686578
1054663737,CCCOCCOc1ccc(NC(=O)c2cccc(C(=O)Nc3ccc(OC)cc3)c2)cc1,339.0,0.33617998,0.285,,
1054699439,CO[Si](C)(C)O[Si](C)(C)O[Si](C)(C)O[Si](C)(C)c1cccc([Si](C)(C)C)c1,0.9,0.44425689,,,
1055096978,CC(=O)Oc1ccc(C2(c3ccc(OC(=O)c4ccc5c(c4)C(=O)N(c4ccc(-c6ccc(N7C(=O)c8ccc(C)cc8C7=O)cc6C)c(C)c4)C5=O)cc3)CCCCCCCCCCC2)cc1,125.0,0.36900879,,,
1055238521,CCCCCCCCCCCCOc1ccc(OC(=O)c2ccc(C(=O)Oc3ccc(OCCCCCCCCCCCC)cc3)c(C(C)CC)c2)cc1,28.0,0.37774913,,,
1055403183,CCCCCSCC(CC)OC,84.0,0.4202301,,,
1055512615,CCC(C)c1ccc(C(F)(F)C(F)(F)C(F)(F)C(F)(F)C(F)(F)C(F)(F)C(F)(F)F)cc1,53.0,0.36402861,,,
1056241646,CC(=O)c1ccc2c(c1)C(=O)N(c1ccc(Oc3cccc(Oc4ccc(N5C(=O)c6ccc(C)cc6C5=O)cc4)c3C#N)cc1)C2=O,,0.37263888,,,
1056427666,CCC(C)(C)C(=O)OCC(F)(F)C(F)F,223.0,0.33748264,,,
1056745854,CCCSSC,-12.0,0.48456382,,,
1056838688,CCC(C)OCCOc1ccc(N=Nc2ccc([N+](=O)[O-])cc2)cc1,323.0,0.36475321,,,
1056941097,CCCOCCOCCOc1cccc(NC(=O)c2ccc(C(=O)Nc3cccc(OC)c3)cc2)c1,,0.33695594,,,
1057142863,CCCCCSCSC,1.410869343,,,,
1057428367,Cc1cccc(Oc2cccc(Oc3cccc(N4C(=O)c5ccc(Oc6ccc7c(c6)C(=O)N(C)C7=O)cc5C4=O)c3)c2C#N)c1,-75.0,0.36471825,,,
1057546694,CCC(C)C1CCC1,100.0,,0.209,,
1057577802,Cc1ccc(NC(=O)c2ccc(OCCOCCOCCOCCOCCOc3ccc(C(=O)Nc4ccc5[nH]c(C)nc5c4)cc3)cc2)cc1,,0.34464658,0.209,,
1057831981,CCCN(CCOC(=O)NCC1(C)CC(NC(=O)OC)CC(C)(C)C1)c1ccc(C=C(C#N)C#N)cc1,199.5,0.35418826,,,
1058058469,CCCCCCCCC1(CCCCCCCC)c2cc(C)ccc2-c2ccc(-c3ccc4c(c3)C3(CCC(C(C)(C)C)CC3)c3cc(C)ccc3-4)cc21,42.0,0.4177397,,,
1058114006,CCC(C)(F)C(=O)OCC(F)(F)C(F)(F)C(F)(F)C(F)F,245.0,0.31210556,,,
1058146720,CCCCS(=O)(=O)CCCCS(=O)(=O)CCCOC(=O)c1ccccc1C(=O)OC,80.0,0.34980137,,,
1058557408,CCCOC(=O)C1CCC(C(=O)OC)CC1,-27.0,0.32751388,0.235244695,1.143004225,18.94272389
1058865431,CNCCCNC,155.0,0.311097505,,,
1058915923,COc1ccc(S(=O)(=O)c2ccc(Oc3ccc(C4(c5ccc(Oc6ccc(S(=O)(=O)c7ccc(Oc8ccc(C=C9CCC(=Cc%10ccc(C)cc%10)C9=O)cc8)cc7)cc6)cc5)CCCC4)cc3)cc2)cc1,116.0,0.37436911,,,
1058961949,Cc1ccc(Oc2ccc(-c3ccc(Oc4ccc(N5C(=O)c6cccc(Oc7cc(C(C)(C)C)c(Oc8cccc9c8C(=O)N(C)C9=O)cc7C(C)(C)C)c6C5=O)cc4)cc3)cc2)cc1,280.0,0.39017325,,,
1059090867,CNc1cc(NC(=O)Nc2ccc(NC(C)=O)cc2)cc(C(=O)Nc2ccc3c(c2)C(=O)c2ccccc2C3=O)c1,147.0,0.32639066,,,
1059116091,COc1ccc(C(=O)Nc2cc(C(c3ccc(C)c(NC(=O)c4ccc(OC(=O)c5ccc(C(C)=O)cc5)cc4)c3)(C(F)(F)F)C(F)(F)F)ccc2C)cc1,,0.34683518,,,
1059315394,CC(=O)c1ccc2nc(-c3ccccc3)c(-c3ccc(-c4nc5cc(C)ccc5nc4-c4ccccc4)cc3)nc2c1,125.0,0.4322761,,,
1059383045,COc1ccc(C(=O)Nc2ccc(Cc3ccc(NC(=O)c4ccc(Oc5nc(C)nc(Sc6ccccc6)n5)cc4)cc3)cc2)cc1,28.0,0.35642575,,,
1059454282,CCCCCCCCC(C)=C(C)Cl,84.0,0.40192369,,,
1059658423,CCC(C)CCCC(C)(C)C,53.0,,0.216,,
1059731090,Cc1ccc(Oc2ccc(N3C(=O)c4ccc(S(=O)(=O)c5ccc6c(c5)C(=O)N(C)C6=O)cc4C3=O)cc2)cc1,49.0,0.38213277,0.216,,
1059955409,CC(C)=C(C)[Si](C)(C)C[Si](C)(C)C,25.0,0.41481827,,,
1060516600,C=C[C@@H](c1ccc(NC)cc1)c1ccc(C2(c3ccc([C@@H](C=C)c4ccc(NC)cc4)cc3)CCCCC2)cc1,311.0,0.36338058,,,
1060757060,CCC(C)=CC(C)S(C)(=O)=O,-76.0,0.38497626,,,
1060916262,Cc1ccc(Oc2ccc(C(c3ccc(Oc4ccc(N5C(=O)c6ccc(Oc7c(C)cc(C(C)(C)c8cc(C)c(Oc9ccc%10c(c9)C(=O)N(C)C%10=O)c(C)c8)cc7C)cc6C5=O)cc4)cc3)(C(F)(F)F)C(F)(F)F)cc2)cc1,275.0,0.38730912,,,
1061550399,Cc1ccc(N(c2ccc(C#N)cc2)c2ccc(N3C(=O)c4ccc(-c5ccc6c(c5)C(=O)N(C)C6=O)cc4C3=O)cc2)cc1,155.0,0.42334602,,,
1061842940,COc1cccc(OC2(F)C(C)(F)C(F)(F)C2(F)F)c1,-75.0,0.33739946,,,
1063041507,COc1ccc(N=C(c2ccccc2)c2ccc(Oc3ccc(C(C)(C)c4ccc(Oc5ccc(C(=Nc6ccc(C)cc6)c6ccccc6)cc5)cc4)cc3)cc2)cc1,204.0,0.38185283,,,
1063440128,CCCCCCCCCCCCOc1ccc(C(=O)Oc2ccc(C(=O)Oc3cccc(-c4ccc(OC(=O)c5ccc(OCCCCCCCCCCCCOC(=O)C(C)CC)cc5)cc4)c3)cc2)cc1,302.0,0.36748449,,,
1064087880,COC1C(C)(C)C(OC(C)=O)C1(C)C,-68.0,0.37459599,,,
1064576585,CCCOCCOc1ccc(NC=Nc2ccc(OC)cc2)cc1,42.0,0.35570592,,,
1064842298,Cc1ccc(OCCCCCCCCCCCOC(=O)CCCCCCCCC(=O)OCCCCCCCCCCCOc2ccc(-c3nnc(C)s3)cc2)cc1,245.0,0.37562329,,,
1064934987,CCC(C)c1ccc([SiH](C)C)cc1,80.0,0.42154947,,,
1065372195,CNCCCC(C)CNC,-27.0,0.32866479,,,
1065435792,CCC(C)(C)C(=O)OCCCCCCCCCCn1c2ccccc2c2cc(N=Nc3ccc([N+](=O)[O-])cc3[N+](=O)[O-])ccc21,,0.36431526,,,
1065541315,CCCCCCOc1cccc(NC(=O)c2cccc(C(=O)Nc3cccc(OC)c3)c2)c1,116.0,0.34386571,,,
1065659422,CNc1ccc(Cc2ccc(NC(=O)Nc3ccc(CCc4ccc(NC(C)=O)cc4)cc3)cc2)cc1,183.1975298,,,,
1065912423,Cc1ccc(Cc2ccc(N3C(=O)CC(Nc4ccc(NC5CC(=O)N(C)C5=O)cc4)C3=O)cc2)cc1,248.5034267,,,,
1065918379,COc1ccc(OC(=O)c2cc(NC(=O)c3ccc(NC(=O)C(C)N4C(=O)c5ccccc5C4=O)cc3)cc(C(C)=O)c2)cc1,58.7319127,,,,
1066071241,Cc1ccc(-c2ccc(C(C)(c3ccc(F)cc3)C(F)(F)F)cc2)cc1,125.0,,0.185,1.113444185,20.76961788
1066274431,COP(=O)(Oc1ccc(C(C)(C)c2ccc(C)cc2)cc1)OC1CCCCC1,145.0,0.36508508,0.185,,
1066470436,CCCCCCCCCCCCCCCCCc1cc(C)sc1C,,,0.396,,
1066912127,CCC(C)(CC)COC,60.0,0.38345634,0.396,,
1067785609,CNc1ccc(Nc2ccc(C(O)(c3ccccc3)c3ccc(C(O)(c4ccccc4)c4ccc(C)cc4)cc3)cc2)cc1,49.0,0.39313145,,,
1067787070,Cc1ccc(C)c(C(=O)c2ccccc2)c1,25.0,0.39891755,,,
1068100442,CCC(C)(C)C(=O)NC(C)c1cccc2ccccc12,,0.35801124,,,
1068153413,COc1ccc(Oc2cccc(C)n2)cc1,131.5,0.3485515,,,
1068186328,CCCOCC(CCl)OC,275.0,0.36652669,,,
1068353755,CCCCCCCNC(=O)c1ccc(C(=O)NC)c(Oc2ccc(Br)cc2)c1,184.0,0.35980816,,,
1068808459,CC=Cc1cc(OCC(CC)CCCC)c(C)cc1-c1ccc(F)c(C(F)(F)F)c1,213.0,0.39040099,,,
1068978203,CCC(O)COc1ccc(C(C)(C)c2ccc(OCC(O)COc3cccc(NC(=O)c4cccc(C(=O)Nc5cccc(OC)c5)c4)c3)cc2)cc1,325.0,0.34174788,,,
1069092654,C[CH2][Ge]([CH3])([CH3])[CH2]c1cocc1C,302.0,0.3589821,,,
1069141321,CNc1ccc(C(CC[C@](c2ccccc2)(c2ccc(NC)cc2)c2cccc(N)c2)(c2ccccc2)c2ccc(N)cc2)cc1,,0.37535492,,,
1070036927,Cc1ccc(Oc2ccc(-c3ccc(Oc4ccc(N5C(=O)c6ccc(Oc7ccc8c(c7)C(=O)N(C)C8=O)cc6C5=O)cc4)cc3)cc2)cc1,-47.0,0.37048176,,,
1070310585,CNc1ccc(-c2cc(-c3ccc(N)c(C)c3)cc(-c3ccc(NC)c(C)c3)c2)cc1C,283.5,0.36074996,,,
1070320227,Cc1ccc(-c2ccc(-c3cc(-c4ccc(Oc5ccc(Oc6ccccc6)cc5)cc4)c4cc(-c5ccc6nc(C)cc(-c7ccc(Oc8ccc(Oc9ccccc9)cc8)cc7)c6c5)ccc4n3)cc2)cc1,180.0,0.38429931,,,
1070754450,CNC1=C[C@@H]2[C@H]3c4cc(NC)ccc4[C@H](c4cc(N)ccc43)[C@@H]2C=C1,171.0,0.37404178,,,
1071356842,COc1ccc(C(=O)c2ccc(OC(=O)OC3C(C)(C)C(OC(C)=O)C3(C)C)cc2)cc1,244.0,0.35694077,,,
1071493956,CCCCCCCCCCCCSCCCCCCSC,358.0,,0.3145,0.923953778,21.98769917
1071638401,Cc1ccc(Oc2c(C)cc(-c3cc(C)c(Oc4ccc(N5C(=O)c6ccc(Oc7ccccc7Oc7ccc8c(c7)C(=O)N(C)C8=O)cc6C5=O)cc4C(F)(F)F)c(C)c3)cc2C)c(C(F)(F)F)c1,32.0,0.38084473,0.3145,1.230109509,24.05085365
1071860128,CO[Si](C)(C)CCCCCCCCCCCn1c2ccccc2c2ccccc21,133.0,0.38480246,,,
1071877788,CCCCCCCCC(=O)OCCCCC1COC(C)O1,67.0,0.35831824,,,
1071999103,CO[Si](c1ccccc1)(c1ccccc1)c1ccc(-c2ccc([Si](C)(c3ccccc3)c3ccccc3)cc2)cc1,160.0,0.40332327,,,
1072790069,CNc1c(CC(=O)O)cc2c(NC)nc(N)nc2c1C=O,245.0,0.32104988,,,
1073329534,COc1ccc(C(C)(C)c2cccc(C(C)(C)c3ccc(Oc4ccc(C(=O)Nc5ccc(NC(=O)c6ccc(C)cc6)cc5)cc4)cc3)c2)cc1,52.0,0.36368772,,,
1073330794,COc1ccc(C(=O)c2cccc(NC(=O)CCCCCCCCC(=O)Nc3cccc(C(=O)c4ccc(C)cc4)c3)c2)cc1,105.0,0.35027949,,,
1073733808,CCC(C)OC(=O)c1cccc(C)c1,,0.36484403,,,
1074067336,CCC(C)C(=O)OCCCSC,,0.38841806,0.211,1.075871128,12.36347326
1074560123,CCCCCCCCCNC(=O)CCC(=O)NC,69.22130195,,0.211,,
1074625910,CNCCCCCNC,,0.320050415,,,
1075276432,COc1ccc(-c2ccc(Oc3ccc(Oc4ccc(Oc5ccc(C)cc5)cc4)cc3)c3ccccc23)c2ccccc12,270.0,0.37716624,,,
1075404096,CC(=O)c1ccc2c(c1)C(=O)N(c1ccc(Cc3ccc(N4C(=O)c5ccc(C)cc5C4=O)cc3)cc1)C2=O,-45.0,0.37879971,0.272615302,1.231157372,25.41076537
1075461516,CCC(O)COC(=O)CCCCCCCCC(=O)OCC(O)COc1ccc(C=C(C)c2ccc(OC)cc2)cc1,-44.0,0.35077016,,,
1075544965,Cc1ccc2c(c1)C(=O)N(c1cccc(C(C)(C)c3ccc(N4C(=O)c5ccc(C(C)(C(F)(F)F)C(F)(F)F)cc5C4=O)cc3)c1)C2=O,86.0,0.3925623,,,
1075748489,COc1cccc(Oc2cccc(OC(C)=O)c2)c1,,0.34159568,,,
1075922952,CNc1ccc(-c2cc(C)c(-c3ccc(NC)cc3)c(C)c2N)cc1,-47.0,0.36789723,,,
1076149389,CCC(C)OC(=O)C(CC)(CC)CC,20.41787387,,,,
1076285178,CCCCCCCCCCC(=O)NC,180.0,0.36456285,0.30774671,0.953326288,22.00464482
1076325582,CCC(C)(C)C(=O)OC1CC2CCC1(C)C2(C)C,171.0,0.40517863,0.143,0.87251011,10.2622674
1076737435,COc1ccc(C(=O)Nc2ccc(NC(=O)c3ccc(C)cc3C(=O)O)cc2)c(C(=O)O)c1,216.6231471,,0.143,,
1076766601,CCOc1ccc(C(=O)OC(C)CC)cc1,-40.0,0.35412177,,,
1077387611,CCN1C(=O)c2ccc(C(c3ccc4c(c3)C(=O)N(Cc3nnc(-c5ccc(Oc6ccc(-c7nnc(C)o7)cc6)cc5)o3)C4=O)(C(F)(F)F)C(F)(F)F)cc2C1=O,116.0,0.36777032,,,
1077715415,CC=Cc1cc(OCCCCCC)c(C)cc1OC,295.0,0.38047762,,,
1077770059,CCc1cc(Cc2cc(CC)c(NC(=O)c3ccc4c(c3)C(=O)N(c3ccc(N=Nc5ccc(C)cc5)c(N5C(=O)c6ccc(C)cc6C5=O)c3)C4=O)c(CC)c2)cc(CC)c1NC(C)=O,133.0,0.3890601,,,
1077976008,CCCc1ccc(CCNC(=O)CCCCCCCCCCCCCCCCC(=O)NC)cc1,-28.0,0.36974923,0.368,0.942820572,20.09079341
1078277401,CNc1cccc(NC(=O)CCCCC(=O)Nc2ccc(C(=O)NC(C)=S)cc2)c1,71.0,0.33377673,0.368,,
1078510278,CCC(C)(C)C(=O)OCCCCCCOc1ccc(C(=O)Oc2ccc(N=Nc3ccc(C)cc3)c3ccccc23)cc1,245.0,0.36498491,,,
1078694994,COc1ccc(P(=O)(c2ccccc2)c2ccc(C)cc2)cc1,,0.38958964,,,
1079075328,Cc1ccc2c(c1)C(=O)N(c1ccc(Oc3ccc(Oc4ccc(N5C(=O)c6ccc(C(C)(C(F)(F)F)C(F)(F)F)cc6C5=O)cc4)cc3)c(C(F)(F)F)c1)C2=O,355.0,0.38478301,,,
1079079241,COc1ccc(OC(=O)c2ccc(C(C)=O)cc2)cc1C1CCCCC1,180.5,0.37641146,,,
1079236284,CNc1ccc(-c2ccc(C3=CC[C@](NC)(c4ccccc4)C=C3)cc2)cc1,,0.34703022,,,
1079254349,CNc1ccc(Cc2ccc(NC(=O)c3cc(C(C)=O)cc(N4C(=O)C5C6CCC(C6)C5C4=O)c3)cc2)cc1,125.0,0.36179092,,,
1079860530,COC(CCOc1ccccc1)CC(C)=O,210.0,0.34230265,,,
1080075202,CCCCCCCCCCCCCCCCCOC(=O)CC/C=C/CCC(=O)OC,270.0,0.37777688,0.304,,
1080185947,CCCC1CC(C)C2C3CCC(C3)C12,-45.0,0.38101564,0.304,0.933540935,15.81211052
1080677483,CC=CC1CC(C)C2C(=O)N(c3ccccc3)C(=O)C12,-44.0,0.3604348,,,
1080857742,Cc1ccc(C(c2ccccc2)c2ccc(N3C(=O)c4ccc(Oc5ccc6c(c5)C(=O)N(C)C6=O)cc4C3=O)cc2)cc1,94.0,0.39612833,,,
1081105585,CC(=O)c1ccc2c(c1)C(=O)N(c1c(C)cc(C)c(N3C(=O)c4ccc(C)cc4C3=O)c1C)C2=O,,0.40883151,,,
1081227608,CCN(CC)CCC[Si](C)(C)CC,154.0,0.38730657,,,
1081296468,COCCOCCOCCOCCOCCOCCOCCOCCO[Si](C)(C)OC,141.0,0.36497131,,,
1081913704,CCc1ccccc1CSSC,49.0,0.39101963,,,
1082020725,CO[Si](C)(C)c1ccc([Si](C)(C)O[SiH](C)CCC(F)(F)F)cc1,-65.0,0.41587885,,,
1082166960,CC(F)(F)C(C)(F)OC(F)(F)F,293.0,0.30823837,,,
1082266101,CCCCCCCCCOC(=O)NCCCCCCNC(=O)OC,20.0,0.35264374,,,
1082761945,CNC[C@H](NC)C(=O)[C@@H](N)[C@H](N)C=O,147.0,0.30524997,,,
1082852638,COc1ccc2c(c1)C1(CC2(C)C)CC(C)(C)c2ccc(OC(=O)c3ccc(C(C)=O)cc3)cc21,295.0,0.38802883,0.202420703,1.024454484,16.97613627
1083086006,C=CCOC(=O)c1cc(C(=O)Oc2ccc(OCCCCC)cc2)ccc1C(=O)Oc1ccc(OC)cc1,,0.34241314,,,
1083192261,CCCCN1C(=O)c2ccc(C(c3ccc4c(c3)C(=O)N(C)C4=O)(C(F)(F)F)C(F)(F)F)cc2C1=O,260.0,0.3510293,,,
1083208752,CC(=O)Nc1ccc(Oc2cccc3c(NC(=O)c4ccc5c(c4)C(=O)N(c4ccc(Oc6cccc7c(N8C(=O)c9ccc(C)cc9C8=O)cccc67)cc4)C5=O)cccc23)cc1,71.0,0.36673597,,,
1083322172,CCCCCCCCCCCCCCC(=O)N(C)CCC,-31.75,,0.309,,
1083424600,CCC(C)C(=O)OCCCCCCn1c2ccccc2c2ccccc21,-78.0,0.35821095,0.309,,
1084524118,Cc1ccc(Oc2ccc(-c3nc4cc5sc(C)nc5cc4s3)cc2)cc1,43.0,0.47726356,,,
1084974257,CCCCCc1cc2c(ccc3c4ccccc4ccc23)c(NC)c1NC,180.5,0.34568189,,,
1085199184,CCCNC(=O)c1cccc(C(=O)NCCOc2ccc3ccc(OC)cc3c2)c1,-5.0,0.32973712,,,
1085340471,CNc1c2nc(C)n(N)c(=O)c2cc2c(=O)n(NC)c(C)nc12,70.0,0.36303676,,,
1085397410,CC(=O)c1ccc2c(c1)C(=O)N(c1ccc(OCCOc3ccc(N4C(=O)c5ccc(C)cc5C4=O)cc3)cc1)C2=O,210.0,0.35082943,,,
1085462355,COc1ccc(C(C)(c2ccccc2)c2ccc(OC(=O)c3cccc(C(C)=O)c3)cc2)cc1,290.0,0.36571135,0.225378547,1.14435786,21.49596891
1085625486,CCCCCCCCCN(C)c1ccc(C(=O)c2ccc(N(C)C)cc2)cc1,56.0,0.38912701,,,
1085727848,CCCC(=C(C)c1ccccc1)c1ccccc1,75.0,0.39996108,,,
1085767747,COc1ccc(C2(c3ccc(OC(C)=O)c(Cl)c3)CC3CCC2C3)cc1Cl,267.0,0.37867206,,,
1086507513,CN[C@H]1CC[C@H](C(C)([C@H]2CC[C@H](NC)CC2)C(C)(c2ccc(N)cc2)c2ccc(N)cc2)CC1,,0.36049082,,,
1086648178,CC(=O)c1ccc2c(c1)C(=O)N(c1cccc(C(=O)N(C)c3ccc(N4C(=O)c5ccc(C)cc5C4=O)cc3)c1)C2=O,240.0,0.36412971,0.253404651,1.248995932,21.03114746
1086813009,COc1ccc(SC(=O)Sc2ccc(C)cc2)cc1,260.8,0.3635142,0.187987361,1.273621231,24.33313545
1087155239,CCCOCCOC(=O)CCCCCCCCC(=O)OC,206.0,0.34936993,0.229,,
1087298590,CCCN(C)C(=O)C1(c2ccc(Cl)cc2)CCC1,,0.37883274,0.229,,
1087567752,CC=C1CCC(=Cc2ccc(Sc3ccc(C)o3)o2)C1=O,102.2883172,,,,
1087727668,CNc1ccc(C(Cc2ccccc2)c2ccc(NC)cc2)cc1,20.0,0.35034415,,,
1087863432,CCC[CH2][Sn]([CH3])([CH3])[CH2]CCOC(=O)C(CCCCCCCCOc1ccc(-c2ccc(OCc3ccc(C#N)cc3)cc2)cc1)C(=O)OC,-18.0,0.34246271,,,
1087874446,CCCCCCCCCCOC(=O)C(C)(C)CC,164.0,0.38783787,0.259,0.880799375,10.58766356
1088069103,CCC(C)c1ccc(CCC(F)(F)C(F)(F)C(F)(F)C(F)(F)F)cc1,,0.37120433,0.259,,
1088166568,CCC(C)(C)C(=O)OCCCCOc1ccc(OC(=O)c2ccc(OC)cc2)cc1,269.0,0.33766319,,,
1089099608,CCCCCOc1cc(C(=O)Oc2ccc(OCCC)cc2)ccc1C(=O)Oc1ccc(OC)cc1,410.0,0.34588903,,,
1089343278,CCC(C)(C)C(=O)OC12CC3CC(CC(C3)C1)C2,-31.75,0.39138472,0.1245,0.905497494,10.82663282
1089446070,CNc1cc2c(cc1NC)-c1ccccc1C2,-78.0,0.34184722,0.1245,,
1089600845,Cc1ccc(Oc2ccc(C3(c4ccc(Oc5ccc(N6C(=O)c7ccc(Oc8ccc(C9(c%10ccc(Oc%11ccc%12c(c%11)C(=O)N(C)C%12=O)cc%10)CCCCCCCCCCC9)cc8)cc7C6=O)cc5)cc4)CC4CCC3C4)cc2)cc1,39.0,0.38133865,,,
1090041949,Cc1ccc(Oc2c(C)cc(C(C)(C)c3cc(C)c(Oc4ccc(N5C(=O)c6ccc(Oc7ccc(C8(c9ccc(Oc%10ccc%11c(c%10)C(=O)N(C)C%11=O)cc9)CCC(c9ccccc9)CC8)cc7)cc6C5=O)cc4)c(C)c3)cc2C)cc1,-37.0,0.38650416,0.242419906,1.099576141,21.55258827
1090062634,CCC(C)(Cl)C(=O)OCCC(F)(F)C(F)(F)C(F)(F)C(F)(F)C(F)(F)C(F)(F)C(F)(F)C(F)(F)F,-5.0,0.32985562,,,
1090620461,Cc1ccc(Oc2ccc(C(=O)c3ccc(Oc4ccc(-c5nc(-c6ccccc6)[nH]c5C)cc4)cc3)cc2)cc1,58.0,0.38724079,,,
1090704353,CCC(C)COCC1COC(=O)O1,22.0,0.31094849,,,
1090817229,Cc1ccc(Oc2cccc(Oc3ccc(N4C(=O)c5cccc(Oc6cccc(Oc7cccc8c7C(=O)N(C)C8=O)c6)c5C4=O)cc3)c2)cc1,290.0,0.3559394,0.165,1.216100189,17.29130819
1091045706,COc1ccc(-c2ccc(Oc3ccc(C(C)(C)c4ccc(C)cc4)cc3)cc2)cc1,56.0,0.37742789,0.165,,
1091424818,CNc1ccc2c(C)c(-c3ccccc3)c(-c3ccccc3)c(NC)c2c1N,190.0,0.35215178,,,
1091676819,COC(=O)C(C)(C#N)C(C#N)(C(=O)OC)c1ccc(C)cc1,276.0,0.40250352,,,
1091865104,Cc1ccc(Oc2cccc(Oc3ccc(N4C(=O)c5ccc(Oc6ccc(S(=O)(=O)c7ccc(Oc8ccc9c(c8)C(=O)N(C)C9=O)cc7)cc6)cc5C4=O)cc3)c2)cc1,183.0,0.3595073,,,
1092008018,CNc1ccc([C@@H]2c3ccccc3-c3ccc(NC)c(N)c32)cc1,48.0,0.35996312,,,
1092288968,CNc1ccc2c(c1)[C@@H]1c3ccc(C)cc3[C@H]2c2cc(NC)ccc21,350.0,0.38323804,,,
1092404802,CCCCCNC(=O)Cc1ccc(C(=O)NC)cc1,232.0,0.32910711,,,
1092542084,Cc1ccc(-n2c(=O)c3c(F)c4c(=O)n(C)c(=O)c4c(F)c3c2=O)cc1,337.816724,,,,
1092567276,Cc1ccc(Oc2ccc(-c3ccc(Oc4ccc(N5C(=O)c6ccc(Oc7ccc8cc(Oc9ccc%10c(c9)C(=O)N(C)C%10=O)ccc8c7)cc6C5=O)cc4)cc3)cc2)cc1,259.0,0.36600416,,,
1092652620,CCC(C)c1ccc(N(c2ccccc2)c2ccccc2)cc1,246.0,0.4131707,,,
1092863578,CCCCCCCCCOP(C)(=NC)OCCCCCCCCC,202.0,0.40563512,,,
1093119609,Cc1ccc(Oc2cc3ccccc3cc2Oc2ccc(N3C(=O)c4ccc(Oc5cc6ccccc6cc5Oc5ccc6c(c5)C(=O)N(C)C6=O)cc4C3=O)cc2)cc1,,0.36656282,,,
1093757238,COc1cccc(OC(=O)c2ccc(C(C)(C)c3ccc(C(C)=O)cc3)cc2)c1,200.0,0.36093522,0.222,1.102151001,21.991583
1093999589,CCCC[C@@H](c1ccc(NC)cc1)c1ccc(C(CC[C@H](CCC)C2CCCCC2)c2ccc([C@@H](CCCC)c3ccc(NC)cc3)cc2)cc1,219.0,0.37019133,0.222,,
1094849192,COc1ccc(C(c2ccc(Oc3ccc(C(=O)c4c(C(=O)c5ccc(C)cc5)c(-c5ccc(F)cc5)c(-c5ccc(F)cc5)c(-c5ccc(F)cc5)c4-c4ccc(F)cc4)cc3)cc2)(C(F)(F)F)C(F)(F)F)cc1,260.5,0.40384519,,,
1095118388,CNc1cc(NC(=O)CCCCCCCCC(C)=O)cc(-c2nnc(-c3ccccn3)o2)c1,117.0,0.36358328,,,
1096169476,CCCCCCCCCNC(=O)CCCCCCCCCCCCC(=O)NC,-74.5,,0.381,,
1096482563,CCC1(COC(=O)OC)CC=CCC1,112.0,0.3421933,0.381,,
1097037876,CC(=O)Nc1ccc(Oc2ccc(S(=O)(=O)c3ccc(Oc4ccc(NC(=O)c5ccc6c(c5)C(=O)N(c5ccc(Oc7ccc(C8(c9ccc(Oc%10ccc(N%11C(=O)c%12ccc(C)cc%12C%11=O)cc%10)cc9)NC(=O)c9ccccc98)cc7)cc5)C6=O)cc4)cc3)cc2)cc1,230.0,0.3628852,,,
1097383443,COc1ccc2ccc(Oc3ccc(C(=O)Nc4ccc(Oc5ccc(S(=O)(=O)c6ccc(Oc7ccc(NC(=O)c8ccc(C)cc8)cc7)cc6)cc5)cc4)cc3)cc2c1,123.5,0.35891323,,,
1098253429,COc1cc(C=C(c2ccc(C)cc2)c2ccc(F)cc2)c(OC)cc1C=C(C)c1ccc(F)cc1,-64.5,0.39273614,0.29,,
1098329316,CCCCCCCCCCCCC(CC)COC(=O)NC(=O)c1cccc(C(=O)NC(=O)OC)c1,23.0,0.34491692,,,
1098458595,CNc1cc(NC(=O)c2cc(OCCCS(=O)(=O)c3ccc(N=Nc4ccc(N(C)C)cc4)cc3)cc(C(C)=O)c2)cc(C(=O)OCCCN(C)c2ccc(N=Nc3ccc(S(C)(=O)=O)cc3)cc2)c1,57.0,0.36246198,,,
1098493024,CCCCCCCOc1ccc(C(=O)N(C(=O)c2ccc(OC)cc2)c2cc(C)cc(C)c2)cc1,95.0,0.37589953,,,
1098503912,CNc1ccc(CCCC=C(c2ccc(N)cc2)c2ccc(NC)cc2)cc1,183.0,0.35438758,,,
1099489498,CCC(C)C(=O)Oc1ccccc1C(C)(C)C,85.0,0.36674405,0.175,0.949266643,11.30667741
1099529039,CC1C(=O)N(CCCCCCOc2ccc(-c3ccc(C#N)cc3)cc2)C(=O)C1C,259.0,0.34826627,0.175,,
1099611212,CCC(C)(C)COC,232.0,0.38553594,,,
1099687723,CC(=O)Nc1ccc(NC(=O)c2ccc3c(c2)C(=O)N(c2ccc(NC(=O)Nc4ccc(N5C(=O)c6ccc(C)cc6C5=O)cc4)cc2)C3=O)cc1,61.0,0.33834111,,,
1100016656,CO[Si](C)(C)CCCC(=O)Oc1ccc(C=Nc2ccc(Oc3ccc(N=Cc4ccc(OC(=O)CCC[Si](C)(C)C)cc4)cc3)cc2)cc1,259.0,0.37725697,,,
1100237859,CCC(C)(COC(=O)OC)C(=O)OCc1ccccc1,118.0,0.34012243,,,
1100342042,CNc1ccc2c(c1)[C@]1(c3ccccc3-2)c2cc(NC)ccc2-c2ccc(C(C)(C)C)cc21,193.0,0.3907835,,,
1100790418,COc1ccc(-c2ccc(Oc3ccc(Oc4ccc(S(=O)(=O)c5ccc(Oc6ccc(C)cc6)cc5)cc4)cc3)c3ccccc23)c2ccccc12,154.0,0.3844144,,,
1100941404,CC(=O)Nc1ccc(S(=O)(=O)c2ccc(NC(=O)c3ccc4[nH]c(-c5cccc(-c6nc7cc(C)ccc7[nH]6)c5)nc4c3)cc2)cc1,,0.37607565,,,
1101351580,COc1ccc(-c2ccc(Oc3ccc(C(=O)c4c(C(=O)c5ccc(C)cc5)c(-c5ccccc5)c(-c5ccc6ccccc6c5)c(-c5ccc6ccccc6c5)c4-c4ccccc4)cc3)cc2)cc1,108.0,0.3993001,,,
1101626993,CC(=O)c1ccc2c(c1)C(=O)N(c1ccc(Sc3ccc(N4C(=O)c5ccc(C)cc5C4=O)cc3)cc1)C2=O,219.0,0.37953912,0.237456292,1.267940386,24.67773909
1101869163,CCCCOC(=O)c1ccc(OC(=O)C(C)CC)cc1,72.0,0.35302021,0.2329999999999999,1.072941358,12.11326982
1102089845,CCC(C)(CC(=O)OCCOCCOCCOCCOCCOCCOCCOC)C(=O)OCCOCCOCCOCCOCCOCCOCCOC,76.0,0.34860054,0.2329999999999999,,
1102195850,CCc1ccc(CNC(=O)CCCCCCCCC(=O)NC)cc1,84.0,0.34218034,,,
1102959825,Cc1ccc(-c2nc3cc(S(=O)(=O)c4ccc5nc(-c6ccccc6)c(C)nc5c4)ccc3nc2-c2ccccc2)cc1,216.0,0.42858574,,,
1103272237,CCCOC(=O)Nc1ccc(Cc2ccc(NC(=O)OCCOc3ccc(OC)cc3)cc2)cc1,230.0,0.33635449,,,
1103276909,CCC(C)C(=O)OC(F)(C(F)(F)F)C(F)(F)F,123.5,0.31831745,0.1119999999999999,1.502297049,14.21742857
1103729487,Cc1ccc2c(c1)C(=O)N(c1ccc(Oc3c(C)cc(C(c4cc(C)c(Oc5ccc(N6C(=O)c7ccc(C(C)(C(F)(F)F)C(F)(F)F)cc7C6=O)cc5)c(C)c4)c4cccc5ccccc45)cc3C)cc1)C2=O,-56.0,0.4076565,0.1119999999999999,1.147237154,22.30079166
1104001182,CNc1ccc(Nc2ccc(NC)cc2)cc1,94.0,0.31540535,,,
1104150399,CCCCCCC1(CCCCCC)c2cc(C)ccc2-c2ccc(-c3ccc4c(c3)c3cc(C)ccc3n4-c3ccc(OC)cc3)cc21,222.0,0.38956004,,,
1104675070,COc1ccc(C(c2ccc(OC(C)=O)cc2)C2CC3CC2C2C4CCC(C4)C32)cc1,158.0,0.37873472,,,
1104783164,Cc1ccc(-c2ccc(-c3ccc(-c4ccc(-c5ccc6c(c5)C(=O)N(c5ccc(Oc7ccc(C(C)(C)c8ccc(Oc9ccc(N%10C(=O)c%11ccc(C)cc%11C%10=O)cc9)cc8)cc7)cc5)C6=O)cc4)cc3)cc2)cc1,276.0,0.37765587,,,
1104839860,Cc1ccc(Oc2ccc(Oc3ccc(N4C(=O)c5ccc(Oc6ccc7ccc(Oc8ccc9c(c8)C(=O)N(C)C9=O)cc7c6)cc5C4=O)cc3)cc2)cc1,253.0,0.36627913,,,
1105092944,CNc1ccccc1-c1c(N)ccc2c(-c3ccccc3N)c(NC)ccc12,85.0,0.35001421,,,
1105455152,CC(=O)OCCOC(=O)N1CC(C)N(C)CC1C,60.10633691,,,,
1105607471,CCCCCOC(=O)/C=C\C(=O)OC,345.0,0.31922537,,,
1105655721,CC(=O)Nc1ccc(-c2ccc(NC(=O)c3ccc4c(c3)C(=O)N(c3c(C)cc(C)c(N5C(=O)c6ccc(C)cc6C5=O)c3C)C4=O)cc2C(F)(F)F)c(C(F)(F)F)c1,302.0,0.37354476,,,
1105688396,CCCOc1ccc(S(=O)(=O)c2ccc(OCCOP(=O)(OC)Oc3ccc(Br)cc3)cc2)cc1,227.0,0.35394137,,,
1106240394,CC(=O)C1CC1C(=O)N1CCN(C)CC1,100.5840527,,,,
1106363407,CNc1c(-c2ccccc2)cc(-c2cccc3ccccc23)c(-c2ccccc2)c1NC,,0.36326423,,,
1106578418,COc1ccc(CNC(=O)c2ccc(C(=O)NCc3ccc(OC4COC5C(C)COC45)cc3)cc2)cc1,112.0,0.33322541,,,
1106718991,Cc1cccc(N2C(=O)c3ccc(Oc4ccc(C(=O)c5ccc(Oc6ccc7c(c6)C(=O)N(C)C7=O)cc5)cc4)cc3C2=O)c1,253.0,0.37305754,,,
1106744054,CCCS(=O)(=O)CC(CC)OC,75.0,0.37543167,,,
1106849268,Cc1ccc(Oc2ccc(-c3ccc(Oc4ccc(N5C(=O)c6cccc(Oc7c(C)cc(Cc8cc(C)c(Oc9cccc%10c9C(=O)N(C)C%10=O)c(C)c8)cc7C)c6C5=O)cc4)cc3)cc2)cc1,228.0,0.3774632,,,
1108103978,CCCCCOCc1ccccc1C(C)CC,72.0,0.38189308,0.186,0.935560059,11.1484409
1108143190,Cc1cccc(-c2nc3cc(-c4ccc5nc(-c6ccccc6)c(C)nc5c4)ccc3nc2-c2ccccc2)c1,76.0,0.41818532,0.186,,
1108204726,Cc1cc(C)c(O)c(/C=N/c2ccc(N3CCOCC3)cc2)c1,-50.0,,0.266,1.120600809,15.17923007
1108782775,CCCCCCCOC(=O)OCCCCCCN1C(=O)c2ccc(-c3ccc4c(c3)C(=O)N(C)C4=O)cc2C1=O,216.0,0.339636,0.266,,
1108992243,CCC(=O)C(C)c1ccc(C)cc1,67.57313464,,,,
1109762567,Cc1ccc(Oc2cccc(N3C(=O)c4ccc(Oc5ccc6cc(Oc7ccc8c(c7)C(=O)N(C)C8=O)ccc6c5)cc4C3=O)c2)cc1,-2.0,0.36778289,,,
1109873532,CC(=O)OCCOC(=O)c1ccccc1N1C(=O)c2ccc(C)cc2C1=O,,0.34278751,,,
1110214736,CCOc1ccc(-c2ccc(OCCCCCCOc3ccc(N4C(=O)c5ccc(C(C)(C(F)(F)F)C(F)(F)F)cc5C4=O)cc3N3C(=O)c4ccc(C)cc4C3=O)cc2)cc1,214.0,0.3582791,,,
1110372599,CCCCCCCOC(=O)CCCCCCC(=O)OCCCCCCN1C(=O)c2ccc(S(=O)(=O)c3ccc4c(c3)C(=O)N(C)C4=O)cc2C1=O,312.0,0.34654201,,,
1110669170,CC(=O)c1ccc(N=Nc2ccc(C(=O)N3C(=O)N(C)C(c4ccccc4)(c4ccccc4)C3=O)cc2)cc1,183.844758,,,,
1110735297,CCC(C)(C)C(=O)OCCC(F)(F)C(F)(F)C(F)(F)C(F)(F)F,276.0,0.33305735,,,
1110869363,Cc1ccc(OCC2CCC(COc3ccc(N4C(=O)c5ccc(-c6ccc7c(c6)C(=O)N(C)C7=O)cc5C4=O)cc3)CC2)cc1,13.0,0.36298735,,,
1110958155,CNc1ccc(-c2ccc(NC)c(-c3ccccc3C(C)(C)C)c2)cc1,-40.5,0.36107989,,,
1111539989,CCc1ccc(OCc2ccc(COc3ccc(C)c4cccnc34)cc2)c2ncccc12,200.3538526,,,,
1112220366,CCC(C)(C)C(=O)OCc1cccc(Cl)c1Cl,345.0,0.35611555,0.14256689,1.272828419,16.14202319
1112287021,COc1ccc(N=Nc2ccc(S(=O)(=O)c3ccc(N=Nc4ccc(OC(=O)c5ccc(N=Nc6ccc(C(C)=O)cc6)cc5)cc4)cc3[N+](=O)[O-])c([N+](=O)[O-])c2)cc1,98.0,0.36582704,,,
1112294940,COP(=O)(Oc1c(Cl)cc(Cl)cc1Cl)Oc1c(Cl)c(Cl)c(C)c(Cl)c1Cl,10.0,0.36280983,,,
1112362061,CCCc1ccc(C)cc1,308.0,0.38563218,,,
1112494306,CC=CC1CC(C)C2C(=O)N(CCCC)C(=O)C12,150.3,0.36281424,,,
1112748716,COS(=O)(=O)c1ccc(-c2ccc(S(=O)(=O)Oc3ccc(-c4ccc(C)cc4)cc3)cc2)cc1,174.0,,,1.24578392,23.22098571
1112902230,CCOC(=O)CCC(NC)C(C)=O,253.0,0.32193384,0.256531849,1.16338802,15.5386839
1113081697,CCCCCOc1ccc(CCc2ccc(OC)cc2C)cc1,236.0,0.36894603,,,
1113417814,CCC(CCCCCCOc1ccc(N=Nc2ccc(Cl)cc2)cc1)COC(=O)CCCCC(=O)OC,228.0,0.36250896,,,
1113818194,CNc1ccc2c(c1)C(C)(C)C[C@@]21CC(C)(C)c2ccc(NC)cc21,,0.37806906,,,
1114103605,COc1c(C)cc(C2(c3cc(C)c(Oc4ccc(C(=O)c5cccc(C(=O)c6ccc(C)cc6)c5)cc4)c(C)c3)CCC3CCCCC3C2)cc1C,,0.39855056,,,
1114394646,CCCC[Si](C)(CCCC)c1ccc(-c2ccc(-c3ccc(-c4ccc(C)s4)s3)s2)s1,42.6,0.43213271,,,
1114536999,CCC(=O)OC(=O)c1ccc(C(=O)OC(=O)COc2ccc(OC)cc2)cc1,80.44433982,,,,
1115041145,COc1ccc(S(=O)(=O)c2ccc(Oc3ccc(C(C)(C)c4ccc(C)c(C)c4)cc3C)cc2)cc1,59.0,0.3875115,,1.095765995,20.44800803
1115283771,CO[Si](C)(C)O[Si](C)(C)c1c(F)c(F)c(F)c(F)c1F,65.0,0.38359544,,,
1115535876,CCCCCCCCCCCCCCCCOc1c(C)sc(C)c1C,,,0.388,,
1116045273,CCC(C)c1cccc2c1OCO2,122.0,0.35639333,0.388,,
1116077459,COc1c(-c2ccccc2)cc(C)cc1-c1ccc(C(C)(C)C)cc1,239.0,0.41314664,,,
1116322713,[2H]C([2H])([2H])C([2H])([2H])OC(=O)C(C)(C([2H])([2H])[2H])C([2H])([2H])C,43.0,0.35523733,,,
1116382939,CCCCCCC(C)=C(C)c1ccccc1,259.0,0.41697419,,,
1116523292,CCC(C)C(=O)OCCCn1c2ccccc2c2ccccc21,47.0,0.34946013,,,
1116545880,CCCN(C)C(=O)Cc1ccc(C(F)(F)F)cc1,320.0,0.34471923,,,
1116644924,CCC(C)(C)C1CCC(c2ccc(NC)cc2)(c2ccc(NC)cc2)CC1,1.0,0.36254494,,,
1117693803,CNc1ccc(-c2ccc(NC(=O)c3cccc(C(C)=O)c3)c(OC)c2)cc1OC,71.0,0.34285391,,,
1118322325,CCc1ccc(CNC(=O)CCCCCC(=O)NC)cc1,61.73836642,,,,
1119425310,CO[Si](C)(C)O[Si](C)(C)OC(C)CCCCC(C)C,225.0,0.4145335,,,
1120266201,Cc1ccc(C(=O)c2cc(C)ccc2C)cc1,,0.40940736,,,
1120810907,CNCCCCNC,150.3,0.31431622,,,
1120932055,Cc1ccc(Oc2ccc(-c3ccc(Oc4ccc(N5C(=O)c6cccc(Oc7c(C)cc(-c8cc(C)c(Oc9cccc%10c9C(=O)N(C)C%10=O)c(C)c8)cc7C)c6C5=O)cc4)cc3)cc2)cc1,240.0,0.37366019,,,
1121030015,CCCSC,94.0,0.44850444,0.223,1.187990132,21.83251301
1121099554,CCCCCCCCCCCCNC(=O)c1cc(C)cc(N2C(=O)c3ccc(-c4ccc5c(c4)C(=O)N(C)C5=O)cc3C2=O)c1,23.0,0.36819069,0.223,,
1121162795,CCC(c1ccccc1)C1C(=O)N(C)C(=O)C1C,254.4,0.35994352,,,
1121663416,COc1ccc(N=Cc2ccc(Oc3ccc(C(C)(C)c4ccc(Oc5ccc(C=Nc6ccc(Oc7ccc(-c8ccc(C)cc8)cc7)cc6)cc5)cc4)cc3)cc2)cc1,75.0,0.37355301,,,
1121754299,CNc1cc(-c2ccccc2)c(-c2ccccc2NC)cc1-c1ccccc1,,0.35590858,,,
1121884614,CCCCCCCCN1C(=O)c2ccc(-c3ccc(-c4ccc5c(c4)C(=O)N(C)C5=O)cc3)cc2C1=O,42.6,0.346649,,,
1122012910,CCC(C)(C)C(=O)OCCCOc1ccc2cc(C(=O)Oc3ccccc3)ccc2c1,,0.34405824,,,
1122196297,CNc1ccc(Cc2ccc(NC(=O)c3cc(NC(=O)c4ccccc4)cc(C(C)=O)c3)cc2)cc1,127.0,0.34866462,,,
1122498895,CCCCCCCCCCCCCOC(=O)CCCCCNC(=O)CCCCC(=O)NCCCCCC(=O)OC,65.0,,0.306,0.968420729,19.39078981
1122802098,CCc1ccc(CNC(=O)CCCCCCCCCCCCCC(=O)NC)cc1,,0.36199531,0.306,,
1123352348,CCC(=O)Nc1ccc(Oc2ccc(Oc3ccc(NC(=O)CN4C(=O)c5ccc(C(=O)c6ccc7c(c6)C(=O)N(C)C7=O)cc5C4=O)cc3)cc2)cc1,290.0,0.34069553,,,
1123567256,CCCCCCCCCCCCCCCCCCCCCOC(=O)CCC(C)CC(=O)OC,0.0,,0.362,0.897262686,19.1607057
1123597680,Cc1cccc(P(C)(=O)c2cccc(N3C(=O)c4ccc(NC(=O)OCCOc5ccc(P(=O)(c6ccccc6)c6ccc(OCCOC(=O)Nc7ccc8c(c7)C(=O)N(C)C8=O)cc6)cc5)cc4C3=O)c2)c1,24.9,0.35188872,0.362,,
1123733382,Cc1cccc(S(=O)(=O)NCCNS(C)(=O)=O)c1,205.0,0.32570227,,,
1124160654,CCC(C)(C)CC,,0.3612215,0.17,,
1124320017,CNc1ccc2c3ccccc3c3ccccc3c2c1NC,224.0,0.33446977,0.17,,
1125785790,COC(=O)C(Cc1ccc(OC)cc1)NC(=O)CCc1ccc(OC(=O)CCCCCCC(C)=O)cc1,1.0,0.34260216,,,
1125984046,Cc1ccc(-c2cc(-c3ccc(-c4ccccc4)cc3)cc(-c3ccc(N4C(=O)c5ccc(NC(=O)Nc6ccc(Oc7ccc(NC(=O)Nc8ccc9c(c8)C(=O)N(C)C9=O)cc7)cc6)cc5C4=O)cc3)n2)cc1,84.0,0.35547731,,,
1126266523,CCCCCCCCCCCNC(=O)NCc1ccc(CNC(=O)NC)cc1,180.0,0.34448877,,,
1126464769,COCCOc1cc(OC(=O)c2ccc(C(C)=O)cc2-c2ccccc2)c(OCCOC)cc1OC,-65.0,0.35160749,,,
1126802641,CON(C(F)(F)F)C(F)(F)C(F)=C(F)C(C)(F)F,90.0,0.30255693,,,
1127073632,CCCCCCCOC(=O)c1ccc2cc(C(=O)OC)ccc2c1,119.0,0.34925616,0.255211674,1.146197488,22.59328915
1127321613,CCCN(CCOC(=O)Nc1ccc(C)c(NC(=O)OC)c1)c1ccc(N=Nc2ccc(-c3nc4cc([N+](=O)[O-])ccc4[nH]3)cc2)cc1,240.0,0.35638392,,,
1127504526,CCCCOC(=O)NNC(=O)CCCCCCCCC(=O)NNC(=O)OC,94.0,0.33190974,,,
1128237994,CNc1ccc(C)c(Cl)c1Cl,115.5762842,,,,
1128593254,CNc1ccc(C2=CC[C@](NC)(c3ccc(-c4ccccc4)cc3)C=C2)cc1,83.0,0.34625627,,,
1128659903,CNc1ccc([C@@]2(C)CC(C)(C)c3cc(NC)ccc32)cc1,75.0,0.36572803,,,
1128762246,CNc1cccc(-c2cc(-c3ccccc3)c(-c3ccccc3)c(-c3ccccc3)c2-c2ccccc2)c1NC,55.5,0.36487251,,,
1129166454,CCCCCCCCCCOC(=O)c1ccc2cc(C(=O)OC)ccc2c1,218.2,0.35582087,,,
1129389664,Cc1ccc(-c2ccc(N3C(=O)c4ccc(Oc5ccc6c(c5)C(=O)N(C)C6=O)cc4C3=O)cc2C)c(C)c1,55.0,0.3973231,,,
1129473304,CCCOC(=O)NCCCCCCCCCNC(=O)OC,-87.0,0.34415845,,,
1129746387,CNc1ccc(/C=C/c2cc3ccccc3cc2/C=C/c2ccc(NC)cc2)cc1,202.0,0.35386503,,,
1130000577,CNc1ccc(-c2ccc(NC)c(-c3cccc4ccccc34)c2-c2cccc3ccccc23)c(-c2cccc3ccccc23)c1-c1cccc2ccccc12,64.0,0.37642959,,,
1130043437,CNCCCCCCCCCCNC,290.0,0.34317069,,,
1130524840,CC(=O)Nc1ccc(-c2ccc(NC(=O)N3CC(C)N(C)CC3C)cc2)cc1,-1.5,0.35679719,,,
1130989297,CCCCCCCCOc1cc(N2C(=O)c3ccc(C)cc3C2=O)cc(N2C(=O)c3ccc(C(C)(C(F)(F)F)C(F)(F)F)cc3C2=O)c1,243.1,0.37326139,,,
1131052008,CCCCCCC(C)OC,205.0,0.42182416,,,
1131219961,COc1ccc(C(=O)NNC(=O)c2ccc(C(=O)NNC(=O)c3ccc(OC(=O)c4cccc(C(C)=O)c4)cc3)cc2)cc1,,0.33957071,,,
1131234083,Cc1ccc(Sc2ccc(-c3nc4cc(-c5ccc6nc(-c7ccccc7)c(C)nc6c5)ccc4nc3-c3ccccc3)cc2)cc1,,0.41874626,,,
1131649373,CCCCCCCOC(=O)NCc1ccc(CNC(=O)OC)cc1,135.0,0.33648246,,,
1131929043,C=CC=C(c1ccc(NC)cc1)c1ccc(NC)cc1,84.0,0.35869466,,,
1132377613,CNC1=CC=C(C(c2ccc(N)cc2)(c2ccc(N)cc2)c2ccc(NC)cc2)CC1,285.0,0.35797409,,,
1132744464,COc1ccc(C2(c3ccc(OC(=O)c4ccc(C(C)=O)cc4)cc3)CCCCC2)cc1,,0.3621841,,,
1132763612,CC=Cc1ccc(C=Cc2cc(C)ncn2)cc1,84.80053451,,,,
1132889582,COc1ccc(-c2ccc(OC(=O)c3cccc(Oc4ccc(C(C)=O)cc4)c3)cc2)cc1,89.5930824,,,,
1132923909,CCCCCCCCCCCCC(=O)Oc1ccc(OC(=O)c2ccc3c(c2)C(=O)N(C)C3=O)cc1,250.0,0.34726599,,,
1133044696,CCC#CCOC(=O)CCCCCCCCCCC(=O)OC,201.0,0.36542527,,,
1133390257,Cc1ccc(Oc2ccc(-c3nc4cc(Oc5ccc(NC(=O)c6cc(C(=O)Nc7ccc(Oc8ccc9nc(-c%10ccccc%10)c(C)nc9c8)cc7)cc(N7C(=O)c8c(Cl)c(Cl)c(Cl)c(Cl)c8C7=O)c6)cc5)ccc4nc3-c3ccccc3)cc2)cc1,107.0,0.38426551,,,
1133460389,CCCCCCCOC(=O)C(CCCCCCP(=O)(OCC)OCC)C(=O)OCCCCCCOc1ccc(-n2on2-c2ccc(OC)cc2)cc1,288.0,0.3621374,,,
1133515947,CNc1cccc(NC(=O)Nc2ccc(Cc3ccc(NC(C)=O)cc3)cc2)c1,55.5,0.34788989,,,
1133631248,CCC(C)(C)C(=O)OCc1ccc2c(c1)OCCOCCOCCOCCO2,241.0,0.34634532,,,
1134375146,CNc1cc(NC)c2c(=O)[nH]c3c(N)cc(N)c4c(=O)[nH]c1c2c34,55.0,0.33153693,,,
1134601529,CCC(C)OC(=O)C(F)(F)C(F)(F)C(F)(F)C(F)(F)C(F)(F)F,92.0,0.32618869,,,
1134713599,CNc1ccc(NC)c2c(=O)n([C@H]3C(=O)NC(=O)[C@@H](N)C3(N)N)c(C)nc12,,0.34495062,,,
1134997266,COC(C)=C(OC)c1ccc(C)s1,64.0,0.371067,,,
1135072955,CC(=O)c1ccc2c(c1)C(=O)N(c1cccc(S(=O)(=O)c3cccc(N4C(=O)c5ccc(C)cc5C4=O)c3)c1)C2=O,58.0,0.36903562,,,
1135542546,CCCCC1(CCCNC(=O)c2ccccc2-c2ccccc2C(=O)NC)c2ccccc2-c2ccccc21,22.0,0.35838113,,,
1135550271,COc1ccc(-c2ccc(Oc3ccc(C(=O)c4ccc(C(=O)c5ccc(C)c(C(F)(F)F)c5)cc4)cc3C(F)(F)F)cc2)cc1,295.0,0.37975744,,,
1135788027,CCC(C)OC(=O)c1ccccc1OC(C)=O,,0.33486317,,,
1135838417,COc1ccc(NC(=O)c2cc(C(=O)Nc3ccc(C)cc3)cc(C(F)(F)C(F)(F)C(F)(F)C(F)(F)F)c2)cc1,9.0,0.34392183,,,
1136024156,CCCN(CCCCCCOc1ccc(C=Cc2ccc([N+](=O)[O-])cc2)cc1)CCOC(=O)NCCCCCCNC(=O)OC,,0.34321902,,,
1137226558,CCCCCOc1ccc(C(=O)Oc2ccc(OC(=O)CCCCCOC(=O)C(C)(C)CC)cc2)cc1,50.0,0.34489175,,,
1137323137,COC(=O)Oc1ccc(C(C)(C)c2ccc(OC(=O)OC3CC4CC(C)CC(C3)O4)cc2)cc1,325.0,0.34709392,,,
1137418125,CC=CCC(CC)c1ccccc1,44.0,0.38727971,,,
1137724791,CCC(C)c1ccc2c(c1)OCO2,,0.3514226,,,
1138085523,CC(=O)Oc1ccc(-c2ccc(OC(=O)c3ccc4c(c3)C(=O)N(c3ccc(Oc5ccc(N6C(=O)c7ccc(C)cc7C6=O)cc5)cc3)C4=O)cc2)cc1,,0.35288587,,,
1138097304,CCCCCCCCCCCCCCCCCCc1ccc(C(C)CC)cc1,278.0,0.40382331,0.3751666666666667,0.844184922,13.54553558
1138111441,CO[Si](C)(C)O[Si](C)(C)O[Si](C)(C)O[Si](C)(C)Oc1c(C)cc(-c2cc(C)c(C)c(C)c2)cc1C,250.0,0.4031994,0.3751666666666667,,
1138356248,CNc1ccc([C@@]2(C)CCc3ccc(NC)cc32)cc1,195.0,0.35627346,,,
1139097399,CCCCCCCCCCCCN1C(=O)c2c(c(-c3ccc(Oc4ccc(S(=O)(=O)c5ccc(Oc6ccc(C)cc6)cc5)cc4)cc3)c3ccccc3c2C)C1=O,-116.0,0.37826557,,,
1139542368,CNc1ccc(NC(=O)c2ccc(NC(=O)c3ccc([Si](C)(C)c4ccc(C(=O)Nc5ccc(C(C)=O)cc5)cc4)cc3)cc2)cc1,175.0,0.35485235,,,
1139696241,CNc1c(NC)c2ccc3ccc(C)c4c(C)c(C)c(c1C)c2c34,288.0,0.34040386,,,
1139986817,CCCCCCCNC(=O)c1ccc(C(=O)NC)c(Oc2ccc(F)cc2)c1,56.0,0.34608545,,,
1140194913,CCCCCCSC,-55.37860961,,,,
1140956631,CCCCCCCN1C(=O)C(C)C(SCCOCCSC2C(=O)N(CCCCCCN3C(=O)CC(C)(SCCOCCSC4(C)CC(=O)N(C)C4=O)C3=O)C(=O)C2C)C1=O,,0.34774274,,,
1141098203,CCC(C)(C)C(=O)Oc1cc(C)cc(C)c1,275.0,0.36781222,,,
1141104268,CCCCCNC(=O)CCCCCCC(=O)NC,232.0,,0.2915,1.002012128,18.29004994
1141363047,Cc1ccc(C(=O)OCCCCCCCCCCOc2ccc(C=CC(=O)C=Cc3ccc(OCCCCCCCCCCOC(=O)c4ccc(-c5nnc(C)o5)cc4)cc3)cc2)cc1,32.0,0.36732562,0.2915,,
1141791290,Cc1ccc2c(c1)C(=O)N(c1cccc(C(=O)Nc3ccc(Oc4cccc(Oc5ccc(NC(=O)c6cccc(N7C(=O)c8ccc(C(C)(C(F)(F)F)C(F)(F)F)cc8C7=O)c6)cc5)c4)cc3)c1)C2=O,58.0,0.35755231,,,
1142382691,Cc1ccc(Cc2ccc(N3C(=O)C(Cl)=C(Oc4ccc(C(c5ccc(OC6=C(Cl)C(=O)N(C)C6=O)cc5)(C(F)(F)F)C(F)(F)F)cc4)C3=O)cc2)cc1,-27.0,0.36436728,,,
1142386049,CC=CC1CC(C)C2C(=O)N(c3ccc(Cl)cc3)C(=O)C12,295.0,0.38672628,,,
1142561667,CCC(C)CNc1ccc([N+](=O)[O-])cc1[N+](=O)[O-],338.0,0.48421101,,,
1142759458,Cc1cc(-c2cc(C)c(N3C(=O)c4cccc(Oc5ccc(C(C)(C)c6ccc(Oc7cccc8c7C(=O)N(C)C8=O)cc6)cc5)c4C3=O)c(C)c2)cc(C)c1C,9.0,0.38334817,,,
1142909412,CN=P1(C)Oc2ccccc2-c2ccccc2O1,113.0,0.36981013,,,
1143081598,CO[Si](C)(C)CCCOCC1COC(=O)O1,38.0,0.34240927,,,
1143098154,CCCCCCCCCCCCCCCCN1C(=O)c2cc(Sc3ccc(C)cc3)c(Sc3ccc(N4C(=O)c5ccc(Oc6ccc7c(c6)C(=O)N(C)C7=O)cc5C4=O)cc3)cc2C1=O,78.0,0.37283494,,,
1143195068,Cc1ccc(OCCN(CCOc2ccc(-c3nc4ccc(Oc5ccc6nc(C)c(-c7ccccc7)nc6c5)cc4nc3-c3ccccc3)cc2)c2ccc(N=Nc3ccc([N+](=O)[O-])cc3C)cc2)cc1,-9.0,0.38224032,,,
1143212466,COC1CCC(OC(=O)CCCCCCC(C)=O)CC1,-35.83964331,,,,
1143308077,CCCCNS(C)(=O)=O,,,,1.368480015,21.72486866
1143554851,CCC(C)C(=O)OCC(F)(F)C(F)(F)C(F)(F)F,278.0,0.32963325,,,
1143744739,CNc1cccc(C(=O)c2ccc(NC(=O)c3cccc(C(=O)c4ccc(C(C)=O)cc4)c3)cc2)c1,165.0,0.35096229,,,
1144028367,CNc1ccc(CC(C)(C)NC(=O)CCCCC(C)=O)cc1,187.0,0.34067775,,,
1144294791,Cc1ccc2c(c1)C(=O)N(c1cccc(C(F)(F)C(F)(F)C(F)(F)C(F)(F)C(F)(F)c3cccc(N4C(=O)c5ccc(C(F)(F)C(F)(F)C(F)(F)C(F)(F)C(F)(F)C(F)(F)C(C)(F)F)cc5C4=O)c3)c1)C2=O,59.5,0.34340133,,,
1144375159,CCCCCCCCc1cc(-c2cc(CCCCCCCC)c(-c3ccc(C)cc3)s2)sc1C,257.0,0.42872185,,,
1144377193,CC(=O)Nc1cccc(C(=O)Nc2cccc(NC(=O)c3ccc4[nH]c(-c5cccc(-c6nc7cc(C)ccc7[nH]6)c5)nc4c3)c2)c1,160.0,0.36420228,,,
1144496929,CCC(C)(COC)COCCOCCOCCOC,50.0,0.36052012,,,
1144952297,CC(=O)c1ccc2c(c1)C(=O)N(c1ccc(Oc3ccc(C(=O)c4ccc(Oc5ccc(C(=O)c6ccc(Oc7ccc(N8C(=O)c9ccc(C)cc9C8=O)cc7)cc6)cc5)cc4)cc3)cc1)C2=O,194.0,0.37284844,,,
1145064910,CNc1ccc(C2=CC[C@@H](c3ccc(NC)cc3)[C@@H]2c2ccc(C(C)(C)C)cc2)cc1,,0.37225779,,,
1145617844,CNc1ccc([C@@H]2C=C(C(C)C)C=C[C@@]2(c2ccc(NC)cc2)C(C)C)cc1,138.0,0.36697228,,,
1145796233,CNc1ccc(S(=O)(=O)c2ccc(NC)cc2)cc1,232.0,0.33955438,,,
1146375572,CCC(C)(CC(=O)OCc1ccccc1)C(=O)OCc1ccccc1,32.0,0.34757807,0.176,1.113470646,10.67770667
1146618065,CCCCCCCOC(=O)OCCOC(=O)OCCCCCCOc1ccc(C(=O)c2ccc(OC)cc2)cc1,-16.0,0.34934036,0.176,,
1146876238,CCCN(CCOC(=O)Nc1ccc(C)c(NC(=O)OC)c1)c1ccc(N=Nc2ccc([N+](=O)[O-])cc2)cc1,130.0,0.34824049,,,
1146896045,CCCCNC(=O)Cc1ccc(C(=O)NC)cc1,167.0,0.32374161,,,
1147140569,Cc1ccc(Cc2ccc(N3C(=O)c4ccc(Oc5ccc6c(c5)C(=O)N(C)C6=O)cc4C3=O)cc2)cc1,338.0,0.37624478,,,
1147168409,CCCCCCC(=O)NC,331.0,0.34031759,0.301,,
1148404116,Cc1ccc(Oc2ccc(N3C(=O)c4ccc(Oc5ccc6c(c5)C(=O)N(C)C6=O)cc4C3=O)cc2Br)c(Br)c1,113.0,0.40092491,0.301,,
1148596222,CCC(C)(C)C(=O)OCCCOc1ccc(C(=O)Oc2ccc3ccc(=O)oc3c2)cc1,215.0,0.32418426,,,
1148927533,CCCCCCOC(=O)OCCCCCN1C(=O)c2ccc(C(=O)c3ccc4c(c3)C(=O)N(C)C4=O)cc2C1=O,78.0,0.33350028,,,
1148967455,CNc1ccc2ccc3c(-c4ccc5ccc6ccccc6c5c4NC)cccc3c2c1,106.0,0.35015279,,,
1149199303,C=CCOC(=O)C(C)(C)CC,,0.34181464,,,
1149265769,CNCc1cccc(NC)c1,55.0,0.32297138,,,
1150009994,CCC(C)(CCC(C)C(=O)OC)C(=O)OC,264.0,0.33779719,0.238137173,1.042726823,17.37339911
1150049230,COc1ccc(NC(=O)c2ccc(C(=O)Nc3ccc(Oc4ccc(C5(c6ccc(C)cc6)C6CC7CC(C6)CC5C7)cc4)cc3)c3ccccc23)cc1,189.0,0.37034563,,,
1150090312,CC(=O)Nc1ccc(NC(=O)c2ccc3c(c2)C(=O)N(c2cc(-c4nc5ccccc5s4)cc(N4C(=O)c5ccc(C)cc5C4=O)c2)C3=O)cc1,109.0,0.37132377,,,
1150209468,CCCCCCCCOc1cc(-c2ccc3c(c2)C(CCCCCC)(CCCCCC)c2cc(C)ccc2-3)c(OCCCCCCCC)cc1C,160.0,0.40970568,0.291,0.863900052,18.18381296
1150286039,CNc1ccc2c(c1NC)[C@H](c1ccccc1)c1ccccc1-2,265.0,0.35924295,0.291,,
1150417190,CC(=O)c1ccc2nc(-c3ccccc3)c(-c3ccc(N4C(=O)c5ccc(C(=O)c6ccc7c(c6)C(=O)N(c6ccc(-c8nc9cc(C)ccc9nc8-c8ccccc8)cc6)C7=O)cc5C4=O)cc3)nc2c1,160.0,0.40701998,,,
1150491517,COc1ccc(C(c2ccc(Oc3ccc(C(=O)c4ccc(C)cc4)cc3)cc2)c2ccccc2C(=O)[O][Na])cc1,169.1341304,,,,
1150533909,CO[Si](C)(C)CCC(F)(F)C(F)(F)C(F)(F)C(F)(F)F,156.0,0.3677149,,,
1150855035,CCCCCCOc1ccc(OC(=O)c2ccc(OCCCCCCOC(=O)C(C)(C)CC)cc2)cc1,14.67015775,,,,
1150964358,CNc1ccc(-c2c(Cc3ccccc3)c(Cc3ccccc3)c(NC)c(Cc3ccccc3)c2Cc2ccccc2)cc1,94.0,0.36853875,,,
1151260550,Cc1ccc(Oc2ccc(N3C(=O)c4ccc(Oc5ccc6c(c5)C(=O)N(c5ncc(C)s5)C6=O)cc4C3=O)cc2)cc1,,0.39445531,,,
1151287804,Cc1ccc(-c2ccc(-c3cc(-c4ccc(Oc5ccc(-c6ccccc6)cc5)cc4)c4cc(-c5ccc6nc(C)cc(-c7ccc(Oc8ccc(-c9ccccc9)cc8)cc7)c6c5)ccc4n3)cc2)cc1,-30.0,0.38807327,,,
1151772971,CCCOC(=O)c1ccc(-c2ccc(C(=O)OC)cc2C)c(C)c1,130.0,0.36167035,,,
1152245354,CCCCC[C@@H](c1ccc(CCc2ccc([C@H](CCCCC)c3ccc(NC)cc3)cc2)cc1)c1ccc(NC)cc1,108.5,0.36934253,,,
1152269820,Cc1ccc(Oc2ccc(N3C(=O)C(c4ccccc4)=C(c4ccc(C5=C(c6ccccc6)C(=O)N(C)C5=O)cc4)C3=O)cc2)cc1,50.4,0.39159291,,,
1152453728,COc1ccc(NC(=O)c2ccc(Oc3ccc(C(C)(C)c4ccc(C(C)(C)c5ccc(Oc6ccc(C(=O)Nc7ccc(C)cc7)cc6)cc5)cc4)cc3)cc2)cc1,331.0,0.36801205,,,
1152527958,CCCCOC(=O)c1cc(N=Nc2ccc(OCC)cc2)ccc1-c1ccc(N=Nc2ccc(OCC)cc2)cc1C(=O)OC,-18.0,0.36910686,,,
1153123442,Cc1ccc2c(c1)C(=O)N(c1c(C)cc(C)c(N3C(=O)c4ccc(C(C)(C(F)(F)F)C(F)(F)F)cc4C3=O)c1C)C2=O,215.0,0.4222629,0.150371313,1.174741146,21.3426379
1153144775,CNc1ccccc1-c1ccc(NC(=O)c2cccc(C(C)=O)c2)cc1,,0.34730716,,,
1153274738,CC(=O)c1ccc(N=Nc2ccc(C(=O)N3C(=O)N(C)C4(CCCC4)C3=O)cc2)cc1,17.25361376,,,,
1153424706,CCC(C)(CC)S(=O)(=O)Nc1c(N)c(N)c(C)c(NC)c1NC,300.0,0.33683103,,,
1153616490,CNc1ccc(C(=O)Oc2ccc(OC(=O)c3ccc(NC)cc3)c3c2[C@H]2c4ccccc4[C@@H]3c3ccccc32)cc1,55.0,0.36285875,,,
1153834877,CCCCCCCNC(=O)CCCCCCCCCCCCCCC(=O)NC,15.0,0.37018411,0.367,0.913177976,25.33874374
1153885240,CCC(=O)NCCCCCCNC(=O)CCc1ccc(OC)cc1,73.0,0.33856885,0.367,,
1154018955,CCC(C)n1c2ccccc2c2c3ccccc3ccc21,109.0,0.36652293,,,
1154163429,COc1ccc(N=Nc2c(C)cc(Cc3cc(C)c(N=Nc4ccc(OC(=O)c5ccc(C(C)=O)cc5)cc4)c(C)c3[N+](=O)[O-])c([N+](=O)[O-])c2C)cc1,271.0,0.36435194,,,
1154938499,CCCCP(CCCNC(=O)CCCCC(=O)NC)CC(C)C,51.6,0.35350822,,,
1155135793,CCC(C)(COC)COCCCCCCCCCCOc1ccc(-c2ccc(C#N)cc2)cc1,251.0,0.37119619,,,
1155257724,CNc1ccc(Oc2ccc(C(C)(C)c3ccc(Oc4ccc(NC)cc4)cc3)cc2)cc1,68.0,0.35032863,,,
1155325628,CCCCCCCCCCCCCCCCCCCCCc1nnc(C)o1,77.0,,0.398,0.88997462,21.82969596
1155566609,CCCCCCCCCCOC(=O)C(O)C(O)C(=O)OC,,0.33968364,0.398,,
1155913960,CCCN(C)C(=O)CCCCCCCCC(=O)N(C)C,94.0,0.35452131,,,
1156088794,CCCCS(=O)(=O)CCCCS(=O)(=O)CCCOC(=O)c1cccc(C(=O)OC)c1,,0.35593374,,,
1156094009,CNc1ccc2c(c1)C1(C(C)=C2C)C(C)=C(C)c2ccc(NC)cc21,34.0,0.39134226,,,
1156161130,CNc1ccc(C2=CC[C@@](NC)(c3ccccc3)C=C2)cc1,269.0,0.34164757,,,
1156532186,[2H]c1c([2H])c([2H])c(C([2H])(C)C([2H])([2H])C)c([2H])c1[2H],356.0,0.38844688,0.199,0.93861698,15.86735299
1156634940,COc1ccc(C(C)(C)c2ccc(Oc3ccc(C(=O)c4cccc5cccc(C(=O)c6ccc(C)cc6)c45)cc3)cc2)cc1,58.0,0.37726443,0.199,,
1156665768,Cc1cc(C(=O)Oc2ccc(-c3ccc(O[Si](C)(C)C(C)(C)C)cc3)cc2)cc(N2C(=O)c3ccc(-c4ccc5c(c4)C(=O)N(C)C5=O)cc3C2=O)c1,71.0,0.39199576,,,
1156796148,CNc1ccc(C2=CC[C@H](c3ccc(NC)cc3)[C@H]2c2ccccc2)cc1,255.0,0.35771822,,,
1156980921,CCCc1cccc(C)c1,,0.37970446,,,
1157376824,CC(=O)OCCCCCCCCCCOC(=O)c1ccc(NC(=O)c2ccc(N3C(=O)c4ccc(C)cc4C3=O)cc2)cc1,-75.0,0.34823376,,,
1157422620,CC=Cc1ccc(OC(=O)c2ccc(C(=O)Oc3cccc4ccc(C)nc34)cc2)cc1,-11.0,0.35224005,,,
1157657223,Cc1ccc(Oc2ccc(Oc3ccc(-c4cnc5cc(-c6ccc7nc(C)cnc7c6)ccc5n4)cc3)cc2)cc1,0.0,0.39204345,,,
1158192712,COC(=O)C(CCSC)NC(=O)CCCCC(=O)NC(CCSC)C(=O)OC1COC2C(C)COC12,300.0,0.34425455,,,
1158201779,CC(=O)Nc1ccc(NC(=O)c2ccc3[nH]c(-c4cc(-c5nc6cc(C)ccc6[nH]5)cc(N5C(=O)c6ccccc6C5=O)c4)nc3c2)cc1,364.0,0.3726693,,,
1158220592,CCC(=O)C(C)c1ccc(C(C)(C)C)cc1,,0.38642464,,,
1158703899,CCCOCCOCCN1C(=O)c2ccc(C(=O)Oc3ccc(C(C)(C)c4ccc(OC(=O)c5ccc6c(c5)C(=O)N(C)C6=O)cc4)cc3)cc2C1=O,73.0,0.34462113,,,
1158783004,CCC(OC=O)C(COC(=O)OC)OC=O,210.5,0.27866603,,,
1158854097,CCCCCCCCCCCC(=O)NCCCCCCNC(=O)CCCOC,293.0,,0.3245,0.954616145,20.55029983
1158896668,CCCOC(=O)CCC(=O)OC,174.0,0.31070608,0.3245,,
1159125442,CCC(C)C(=O)OCC(F)(F)C(F)(F)OC(F)(F)C(F)(F)C(F)(F)F,9.0,0.3160919,,,
1159254929,CCCCCCCCCCN1C(=O)c2ccc(C(c3ccc4c(c3)C(=O)N(C)C4=O)(C(F)(F)F)C(F)(F)F)cc2C1=O,377.0,0.35013256,,,
1159550508,CCCCCCCCCOC(=O)NCc1ccc(CNC(=O)OC)cc1,-25.31417235,,,,
1159696305,Cc1ccc(Oc2ccc(C(c3ccc(Oc4ccc(N5C(=O)c6ccc(Oc7ccccc7Oc7ccc8c(c7)C(=O)N(C)C8=O)cc6C5=O)cc4C(F)(F)F)cc3)(C(F)(F)F)C(F)(F)F)cc2)c(C(F)(F)F)c1,195.0,0.36819358,0.172393313,1.347929123,21.61668503
1159981352,COc1ccc(Oc2ccc(C(C)=Nc3ccc(Oc4ccc(N=C(C)c5ccc(C)cc5)cc4)cc3)cc2)cc1,117.5082044,,,,
1160560393,Cc1cccc(NC(=O)CCCCCCCC(=O)Nc2cccc(S(C)(=O)=O)c2)c1,295.0,0.34373731,,,
1160783446,CNC1CC(C)(C)CC(C)(CNC(=O)c2cc(NC(=O)c3ccc(NC(=O)C(CC(C)C)N4C(=O)c5ccccc5C4=O)cc3)cc(C(C)=O)c2)C1,195.2683571,,,,
1160809525,CCC(C)(C)C(=O)OC1CC(C)CC(C)(C)C1,72.0,0.38218681,0.146,0.860209573,10.34521471
1161122757,CCCCCCCCOC(=O)C(Cc1ccc(OC)cc1)NC(=O)Cc1ccc(OC(=O)CCCC(C)=O)cc1,291.5,0.34547985,0.146,,
1161267582,COc1ccc(C2(c3ccc(Oc4ccc(C(=O)c5cccc(C(=O)c6ccc(C)cc6)c5)cc4)c(C)c3)CCC3CCCCC3C2)cc1C,,0.3933978,,,
1161429718,CCC[C@H](c1ccc(C[C@H](CC)c2ccc([C@@H](CCC)c3ccc(NC)cc3)cc2)cc1)c1ccc(NC)cc1,71.0,0.36752092,,,
1161669930,CC1CC2C3CCC(C3)C2C1C,7.0,,,0.88601111,12.5969108
1161685710,C=C(c1ccc(NC)c(NC)c1)[C@H]1[C@@H]2C[C@H]3C[C@@H](C2)C[C@@H]1C3,135.0,0.35093584,,,
1161927023,CC(=O)c1ccc2c(c1)C(=Nc1ccc(Oc3ccc(C(c4ccc(Oc5ccc(N=C6OC(=O)c7ccc(C)cc76)cc5)cc4)(C(F)(F)F)C(F)(F)F)cc3)cc1)OC2=O,,0.36045189,,,
1162303824,COc1ccc(C(=O)c2cccc(NC(=O)c3cccc(C(=O)Nc4ccc(C(=O)c5ccc(C)cc5)cc4)c3)c2)cc1,-11.0,0.35641643,,,
1162525545,CC=CCCCCCCCCCCC,0.0,0.40688317,0.357300526,0.852224825,22.18283972
1163047718,Cc1cc(-c2cc(C)c(N3C(=O)c4ccc(Oc5c(C)cc(Cc6cc(C)c(Oc7ccc8c(c7)C(=O)N(C)C8=O)c(C)c6)cc5C)cc4C3=O)c(C)c2)cc(C)c1C,,0.40667295,,,
1163052769,COc1ccc(Oc2ccc(C(=O)c3ccc(C)cc3)cc2)cc1-c1cccc(C(F)(F)F)c1,125.0,0.38193114,,,
1163216608,CNc1cc(NC(=O)c2ccc(C(C)=O)cc2)cc(C(=O)Oc2ccccc2)c1,97.0,0.34066113,,,
1163273261,CNc1ccccc1-c1ccc(NC)c(-c2ccccc2)c1,210.5,0.34288507,,,
1164865014,CCCCCCCCCCCCCCCCCOC(=O)CCCCC(=O)OC,230.0,0.37375344,,,
1164892547,CNc1ccc(Cc2ccc(NC(=O)c3cc(C(C)=O)cc(S(=O)(=O)c4ccccc4)c3)cc2)cc1,,0.35674478,,,
1165921168,CCC(C)C(=O)OCC(COC(=O)c1ccccc1)(COC(=O)c1ccccc1)COC(=O)c1ccccc1,9.0,0.34152411,,,
1166008818,CON(C(F)(F)F)C(F)(Br)C(C)(F)F,102.0,0.34640325,,,
1166293848,CNC(CCCCNC(=O)NCCCCNC(C)=O)C(=O)OC,0.336556425,,,,
1166324163,Cc1ccc(Oc2ccc(Oc3ccc(N4C(=O)C5CCC6C(=O)N(C)C(=O)C6C5C4=O)cc3)cc2)cc1,195.0,0.36688453,0.274145489,1.213193563,28.01179501
1166598350,CNc1ccc2cc3ccccc3cc2c1NC,71.0,0.33917986,,,
1166612863,Cc1ccc(CC(=O)Nc2cccc(NC(=O)Cc3ccc(-c4sc(C)c(-c5ccccc5)c4-c4ccccc4)cc3)c2)cc1,295.0,0.3789381,,,
1166758072,CCCOc1ccc(C2(c3ccc(OCCO[Si](OC)(c4ccccc4)c4ccccc4)cc3)c3ccccc3-c3ccccc32)cc1,158.0,0.36865547,,,
1167306747,CCC(C)c1ccc(Cl)cc1Cl,118.0,,0.1006666666666666,1.218576983,14.20802348
1167512472,CCCCN(C)C,54.3,0.38665346,0.1006666666666666,,
1168402050,COc1ccc(OC(=O)/C=C/c2ccc(/C=C/C(C)=O)cc2)cc1,,0.34258266,,,
1169343082,CC(=O)c1ccc2c(c1)C(=O)N(c1ccc(Oc3ccc(C(C)(C)c4ccccc4)cc3)c(N3C(=O)c4ccc(C)cc4C3=O)c1)C2=O,-11.1,0.38545958,,,
1169485252,COc1ccc(Oc2ccc(C=NCCN=Cc3ccc(C)cc3)cc2)cc1,-68.0,0.37614959,,,
1169539258,CCC(C)(CC(=O)OC)C(=O)O,135.0,0.27558304,,,
1169677958,CCCCCCCOCOC,-41.68464364,,0.278,,
1169871864,CCC(C)c1ccccc1C(=O)O,191.0,0.32924433,0.278,,
1169954236,Cc1ccc2c(c1)C(=O)N(c1ccc(Oc3cc(C(C)(C)C)c(Oc4ccc(N5C(=O)c6ccc(C(C)(C(F)(F)F)C(F)(F)F)cc6C5=O)cc4)cc3C(C)(C)C)cc1)C2=O,,0.41309361,,,
1170082688,CCCCCCCCCCCNC(C)=NC,125.0,0.39022876,,,
1170368720,CNc1cc(NC(=O)Nc2ccc(CCc3ccccc3NC(C)=O)cc2)ccc1C,97.0,0.34797387,,,
1170403788,Cc1ccc(OCCOCCOCCOc2cccc(N3C(=O)c4ccc(Oc5ccc6c(c5)C(=O)N(C)C6=O)cc4C3=O)c2)cc1,125.0,0.33992834,,,
1170534949,CNc1c(C(C)C)cc(C2(c3cc(C(C)C)c(NC)c(C(C)C)c3)c3ccccc3-c3ccccc32)cc1C(C)C,38.0,0.41778352,,,
1171030201,COc1ccc(C(C#N)(c2ccccc2)c2ccc(OC(C)=O)cc2)cc1,185.0,0.36601192,,,
1171188982,CNc1ccc(NC)c(-c2c(-c3ccccc3)ccc3ccccc23)c1,267.0,0.35686225,,,
1171923773,CCCCC(c1ccc([C@@H](C)c2ccc(NC)cc2)cc1)c1ccc([C@@H](C)c2ccc(NC)cc2)cc1,,0.36515652,,,
1171970548,Cc1ccc(Oc2ccc(C(=O)c3cccc(C(=O)c4ccc(Oc5ccc(N6C(=O)c7ccc(Oc8ccc9c(c8)C(=O)N(C)C9=O)cc7C6=O)cc5C(F)(F)F)cc4)n3)cc2)c(C(F)(F)F)c1,159.0,0.35861377,,,
1173339618,CCC(C)C(N)=O,,0.23763722,0.444629702,1.263155414,17.78837154
1173467294,CCc1ccc(COP(=O)(N=Nc2ccc(C(=O)c3ccc(N=NP(=O)(OC)OC)cc3)cc2)OC)cc1,204.0,0.35518082,,,
1173471549,CCC(C)C(=O)OCCN(C)S(=O)(=O)C(F)(F)C(F)(F)C(F)(F)C(F)(F)C(F)(F)C(F)(F)C(F)(F)C(F)(F)F,-148.0297376,,,,
1173729020,CCC=C(C)CS(C)(=O)=O,,0.37474397,,,
1174292255,CO[Si](C)(CCC(F)(F)F)CCC(F)(F)C(F)(F)C(F)(F)C(F)(F)C(F)(F)C(F)(F)CC[Si](C)(C)CCC(F)(F)F,420.0,0.37288957,,,
1174531602,CNc1ccccc1Sc1ccccc1NC,134.0,0.34070371,,,
1174602411,CNc1ccc(Cc2cc(C(C)C)cc(C(C)(C)c3ccc(NC)cc3)c2)cc1,200.0,0.36692867,,,
1175231244,CC(F)(F)C1(F)C(F)(F)C(C)(F)C1(F)F,138.0,0.34723685,,,
1175281698,COc1ccc(C(C)(C)c2ccc(OC(=O)c3ccc4c(c3)C(C)(c3ccc(C(C)=O)cc3)CC4(C)C)cc2)cc1,,0.37916583,,,
1175337954,CC(=O)N1C(=O)N(C(=O)c2ccc3c(c2)C(=O)N(c2ccc(Oc4ccc(N5C(=O)c6ccc(C)cc6C5=O)cc4)cc2)C3=O)C(C)(C)C1=O,270.0,0.37117268,,,
1175753193,CC(=O)Oc1ccc(OC(=O)c2ccc3c(c2)C(=O)N(c2ccc(Oc4ccc(N5C(=O)c6ccc(C)cc6C5=O)cc4)cc2)C3=O)c(-c2ccccc2)c1,48.0,0.35913328,,,
1175936826,CCCN(CCOC(=O)c1ccc(C(=O)OC)cc1)c1ccc(N=Nc2ccc(-c3nc4ccc([N+](=O)[O-])cc4n3CC)cc2)cc1,3.0,0.36628188,,,
1176059607,CCC(=O)Nc1ccc(Oc2ccc(NC(=O)c3ccc4c(c3)C(=O)N(C)C4=O)cc2)cc1,,0.33775225,,,
1176518490,CCCCCCCCCC(C)CC,274.0,,0.3193333333333333,0.79444681,10.8952526
1177030933,CCC1CC(C)C(=O)OC1=O,,0.29067637,0.3193333333333333,,
1177244369,CCCCCCCNC(=O)c1ccccc1-c1ccccc1C(=O)NC,228.0,0.34846301,,,
1177484221,Cc1cc(C(=O)Nc2ccc(-c3nnc(C)o3)cc2)cc(N2C(=O)c3ccccc3C2=O)c1,97.0,0.3700457,,,
1177560732,CCOC(=O)C(Cc1ccc(OC)cc1)NC(=O)Cc1ccc(OC(=O)CC(C)CCC(C)=O)cc1,135.0,0.33783278,,,
1177876091,CNc1ccc(C(c2ccc(NC(=O)c3cccc(C(C)=O)c3)cc2)(P2(=O)Oc3ccccc3-c3ccccc32)P2(=O)Oc3ccccc3-c3ccccc32)cc1,-37.5,0.36614746,,,
1178071397,CCC(O)CN(C)c1cc(C)c(N=Nc2ccc([N+](=O)[O-])cc2)c(C)c1,210.0,0.36660744,,,
1178419855,Cc1ccc2c(c1)C(=O)N(c1cc(C(=O)Nc3c(C)cc(-c4cc(C)c(NC(=O)c5ccc(C)c(N6C(=O)c7ccc(C(C)(C(F)(F)F)C(F)(F)F)cc7C6=O)c5)c(C)c4)cc3C)ccc1C)C2=O,267.0,0.38149095,,,
1178529764,CCCCCCCCCCCNC(=O)CCCCCCC(=O)NC,212.0,,0.422,0.946533099,22.25983328
1178789985,CNc1ccc(-c2ccccc2Cc2ccccc2-c2ccc(NC)cc2)cc1,159.0,0.351946935,0.422,,
1179116190,CCC(C)(C)C(=O)Oc1ccc(C(C)(C)C)cc1,262.0,0.38346494,0.181,0.896405025,11.99542846
1179190627,Cc1ccc(C)n1C(C(=O)NO)n1ccc2ccccc21,180.3082327,,0.181,,
1179272125,Cc1ccc2c(c1)C(=O)N(c1cccc(C(F)(F)C(F)(F)C(F)(F)C(F)(F)C(F)(F)c3cccc(N4C(=O)c5ccc(C(F)(F)C(F)(F)C(C)(F)F)cc5C4=O)c3)c1)C2=O,277.0,0.34613604,,,
1179363034,CCCCCCCCCCSC(C)=C(C)C,122.5,0.40626048,,,
1179731134,CCCOCCOC(=O)CCCCCCCCCCC(=O)OC,227.0,0.35940014,,,
1179754286,COC(=O)OCCCCCCOC(=O)OC1COC2C(C)COC12,107.0,0.33128506,,,
1180333206,CCCCCNC(=O)CCCCC(=O)NC,230.0,0.32958527,0.302,1.040711554,18.074599
1180480883,CNNC(=O)c1cc(NC(=O)c2ccc3c(c2)C(=O)N(c2ncccc2C)C3=O)cc(C(=O)NNC(=O)C(C)=O)c1,138.0,0.32332887,0.302,,
1180503880,CCCCCCCOC(=O)NC1CCC(CC2CCC(NC(=O)OCCCCCCOc3ccc(CCc4ccc(OC)cc4)cc3)CC2)CC1,250.0,0.36064219,,,
1180568340,COc1ccc(C2(c3ccc(OC(=O)c4cccc(C(C)=O)c4)cc3)CCCCC2)cc1,,0.36356124,,,
1180738924,COP(=O)(Oc1cccc2c(C)cccc12)OC1CCCCC1,212.2,0.36283438,,,
1181185977,C=CCc1c(NC)ccc2cc3cc(NC)ccc3c(CC=C)c12,193.0,0.34493349,,,
1181407570,Cc1cc(Oc2c(C)cc(-c3cc(C)c(Oc4cc(N5C(=O)c6ccc(Oc7ccc8c(c7)C(=O)N(C)C8=O)cc6C5=O)cc(C(F)(F)F)c4)c(C)c3)cc2C)cc(C(F)(F)F)c1,,0.38333986,,,
1181944068,CC(=O)c1ccc2c(c1)C(=O)N(c1ccc(-c3c(-c4ccc(-c5ccccc5)cc4)cc(-c4ccc(OCCCCCCOc5ccc(-c6cc(-c7ccc(-c8ccccc8)cc7)c(-c7ccc(N8C(=O)c9ccc(C)cc9C8=O)cc7)c(-c7ccc(-c8ccccc8)cc7)c6)cc5)cc4)cc3-c3ccc(-c4ccccc4)cc3)cc1)C2=O,111.0,0.37259523,,,
1182108104,CC(=O)Nc1ccc(Oc2ccc(NC(=O)c3ccc4c(c3)C(=O)N(c3cc(C(F)(F)F)cc(N5C(=O)c6ccc(C)cc6C5=O)c3Oc3ccc(C(F)(F)F)cc3)C4=O)cc2-c2ccccc2)c(-c2ccccc2)c1,,0.3736737,,,
1182258858,CNN[C@@H](NC)[C@H](O)C(N)N,-24.0,0.29561057,,,
1182569183,CCOC(CC)C(C)(C(=O)OC)C(C)(C)C(=O)OC,27.5,0.35110044,,,
1182679846,CCCCOC,58.0,,0.296,,
1182712915,COc1ccc(S(=O)(=O)c2ccc(Oc3ccc(C(c4ccc(C)cc4)c4ccccc4C(=O)O)cc3)cc2)cc1,122.0,0.37097336,0.296,,
1182822577,Cc1ccc(-c2cc(-c3ccccc3)c3cc(-c4ccc5nc(C)cc(-c6ccccc6)c5c4)ccc3n2)cc1,265.0,0.42908191,,,
1182969887,Cc1ccc(C(=O)Nc2ccc(Oc3ccc(S(=O)(=O)c4ccc(Oc5ccc(NC(=O)c6ccc(N7C(=O)c8ccc(-c9cccc%10c9C(=O)N(C)C%10=O)cc8C7=O)cc6)cc5)cc4)cc3)cc2)cc1,156.0,0.35960225,,,
1183558225,Cc1ccc(-c2nc3ccc(Oc4ccc(Oc5ccc(P(=O)(c6ccccc6)c6ccc(Oc7ccc(Oc8ccc9nc(C)c(-c%10ccccc%10)nc9c8)cc7)cc6)cc5)cc4)cc3nc2-c2ccccc2)cc1,212.0,0.40210863,,,
1183565625,CC=CCCCCCCCCCC(CCCCCCCCCC)COCCOCCOCCOCCOCCCCCC,,0.39011499,,,
1183988874,COC(=O)c1ccc(N=Nc2ccc(C(=O)OC3COC4C(C)COC34)cc2)cc1,262.0,0.35808986,,,
1184109682,CCC(C)C(NC(=O)CCCCC(=O)NC(C(=O)OC1COC2C(C)COC12)C(C)CC)C(=O)OC,111.5,0.34256683,,,
1184454690,CCCCNC(=O)CCCCC(=O)NCCCOC,140.0,0.33205833,,,
1184730423,COc1ccc(C2(c3ccc(OC(=O)c4cccc(C(C)=O)c4)c(C)c3)c3ccccc3-c3ccccc32)cc1C,122.5,0.39753607,,,
1185510088,CNc1cc2c(cc1C)[C@H]1c3cc(C)c(NC)cc3[C@@H]2[C@H]2CCCC[C@H]12,324.0,0.3950421,,,
1185605956,Cc1ccc(Oc2ccc(Oc3ccc(NC(=O)c4ccc(Oc5ccc6c(c5)C(=O)N(C)C6=O)cc4)cc3)cc2)cc1,63.0,0.35953155,,,
1185913675,CC1=CC(C2CC(=O)N(c3ccc(Oc4ccc(C)cc4)cc3)C2=O)CC2C(=O)N(C)C(=O)C12,230.0,0.36657642,,,
1186098894,CNc1ccc(C2(c3ccc(NC)cc3)CCC(CC3CCCCC3)CC2)cc1,395.0,0.36004283,,,
1186143208,CCCCCOC(=O)CCCCCNC(=O)OC,47.28425166,,,,
1186744234,CCCCc1ccc(-c2c(-c3ccccc3)cc(-c3cccc(-c4cc(-c5ccccc5)c(-c5ccc(C)cc5)c(-c5ccccc5)c4-c4ccccc4)c3)c(-c3ccccc3)c2-c2ccccc2)cc1,248.0,0.4003854,,,
1186809405,CCCN(CCOC(=O)c1ccc(C(=O)OC)c(OC)c1)c1ccc(N=Nc2ccc(C=Cc3nc4ccc([N+](=O)[O-])cc4n3CC)cc2)cc1,,0.35606018,,,
1187123244,CC/C=C\COC(=O)NCCCCCCNC(=O)OC,91.0,0.32961119,,,
1187202232,CCC(C)(C(=O)OC)c1ccccc1,102.0,0.36467404,0.1426666666666667,0.964628447,13.63274404
1187350081,CC(=O)Nc1ccc(Oc2ccc(Oc3ccc(NC(=O)c4ccc5c(c4)C(=O)N(c4ccc(Oc6ccc(C7(c8ccc(Oc9ccc(N%10C(=O)c%11ccc(C)cc%11C%10=O)cc9)cc8)NC(=O)c8ccccc87)cc6)cc4)C5=O)cc3)cc2)cc1,111.0,0.36132612,0.1426666666666667,,
1188519956,CCC(C)C1CC1,-71.0,,0.2175,0.863629462,14.17497209
1188842959,CCC(C)c1ccc(C)cc1,27.5,,0.1873333333333333,0.869468057,14.54352841
1188921734,CC(=O)c1ccc2c(c1)C(=O)N(c1cccc(Nc3nc(Nc4cccc(N5C(=O)c6ccc(C)cc6C5=O)c4)nc(N(c4ccccc4)c4ccccc4)n3)c1)C2=O,58.0,0.38475396,0.1873333333333333,,
1189256579,CCCOCCOCCOC(=O)c1ccc(-c2ccc(-c3ccc(C(=O)OC)cc3)cc2)cc1,,0.34164497,,,
1189403071,CCC(O)COc1ccc(C(C)CC(C)(C)c2ccc(OC)cc2)cc1,40.3,0.35423541,,,
1189744629,CCC1CC1COC(=O)c1cccc(C(=O)OC)c1,10.23490017,,,,
1190275023,Cc1ccc(NC(=O)CCCCCC(=O)Nc2ccc(S(C)(=O)=O)cc2)cc1,134.0,0.3393363,,,
1190316839,COc1ccc(C(=O)OC(C)COC(=O)c2ccc(OC(=O)c3ccc(C(C)=O)cc3)cc2)cc1,,0.33682987,,,
1190678672,CCC(C)c1ccc([Si](C)(C)C)cc1,252.2,0.43524245,,,
1190710133,CNc1ccc(-c2ccc3cc4ccc(-c5ccc(NC)cc5)cc4cc3c2)cc1,111.5,0.34703567,,,
1190953274,CCCCCCCCCCCNC(=O)c1ccc(C(=O)NC)c(Sc2ccccc2)c1,41.0,0.36364477,,,
1191042202,CCC(C)C(=O)OCCn1c2ccccc2c2ccccc21,,0.35947428,,,
1191663733,COc1ccc(Oc2ccc(C(=O)c3cccc4cccc(C(=O)c5ccc(C)cc5)c34)cc2)cc1C(C)(C)C,131.0,0.38686999,,,
1191731244,CCC=CC(CC)S(C)(=O)=O,-73.6,0.38724825,,,
1191831125,CCC(C)OC(=O)c1ccc(C(C)C)cc1,223.0,0.37812553,,,
1192232068,CC(=O)Nc1ccc(-c2sc(-c3ccc(NC(=O)c4ccc5c(c4)C(=O)N(c4ccc(-c6sc(-c7ccc(N8C(=O)c9ccc(C)cc9C8=O)cc7)c(-c7ccccc7)c6-c6ccccc6)cc4)C5=O)cc3)c(-c3ccccc3)c2-c2ccccc2)cc1,395.0,0.41434744,,,
1192456163,CNc1ccc(/C(=C\C/C(=C/C(C)(C)c2ccc(NC)cc2)c2ccc(N)cc2)CC(C)(C)c2ccc(N)cc2)cc1,287.0,0.35963898,,,
1192553911,Cc1ccc2oc(-c3ccc(-c4nc5cc(C(C)(C(F)(F)F)C(F)(F)F)ccc5o4)cn3)nc2c1,248.0,0.44520367,,,
1192592037,COc1cccc(NC(=O)c2ccc([Si](C)(C)c3ccc(C(C)=O)cc3)cc2)c1,,0.36668921,,,
1192958446,Cc1cccc(N2C(=O)c3ccc(Oc4ccccc4Oc4ccc5c(c4)C(=O)N(C)C5=O)cc3C2=O)c1,136.0,0.36147212,,,
1193670213,CCCC[Si](C)(c1cccc2ccccc12)C1CCCCC1,102.0,0.38478574,,,
1193720815,CCC(C)C(C)c1ccccc1,34.0,,0.1506666666666666,,
1193815432,CNc1ccc2c(NC)cc3cccc4ccc1c2c43,287.0,0.33523592,0.1506666666666666,,
1193899229,CC(=O)c1ccc2c(c1)C(=O)N(c1ccc(N(c3ccccc3)c3ccc(N4C(=O)c5ccc(C)cc5C4=O)cc3)cc1)C2=O,230.0,0.40964735,,,
1194500574,CNc1cc2c3c(c1NC)C(C)(C)C(C)(C)[C@@]3(C)C(C)(C)C2(C)C,242.0,0.36944886,,,
1194503224,CCC(C)C(=O)Oc1cccc(N(C)C)c1,278.0,0.36366436,0.221,1.096542432,12.53190731
1195238736,CNc1ccc2c(c1)C1(c3ccccc3-c3ccccc31)c1c-2cc(-c2ccccc2)c(NC)c1-c1ccccc1,338.0,0.38640294,0.221,,
1195485493,Cc1cc(N2C(=O)c3ccc(-c4ccc5c(c4)C(=O)N(C)C5=O)cc3C2=O)c(O)cc1O,,0.36305869,,,
1196350517,CCC(C)(C)C(=O)Oc1cc(C)ccc1C,240.0,0.36692261,,,
1197069937,CCC,-2.526682925,0.40967205,,0.811251102,24.4363295
1197104268,CCCC=C(C)C,224.0,,0.256,,
1197180422,CCCCCC(=O)OC,121.0,0.3399073,0.256,,
1197310078,CCCCCCCCCCCOc1ccc(N(c2ccccc2)c2ccc(-c3ccc(N(c4ccccc4)c4ccc(OC)cc4)cc3)cc2)cc1,300.0,0.38946721,0.258,,
1198345617,COP(=O)(Oc1ccc(C(C)(C)c2ccc(C)cc2)cc1)Oc1c(Cl)cccc1Cl,41.0,0.36463475,0.235,,
1199431647,CC(=O)Nc1ccc(Cc2ccc(NC(=O)c3ccc4c(c3)C(=O)N(c3ccc(Oc5ccc6ccc(Oc7ccc(N8C(=O)c9ccc(C)cc9C8=O)cc7)cc6c5)cc3)C4=O)cc2)cc1,270.0,0.35646665,,,
1199538165,CNc1ccccc1C1(c2ccccc2NC)c2ccccc2-c2ccccc21,103.0,0.37077531,,,
1199796903,CCCCCCCCCC(=O)NCCCCCCNC(=O)CCCOC,290.0,,0.286,0.961251471,18.75749252
1200344407,CNc1ccc([C@]2(C)CCc3cc(NC)ccc32)cc1,50.0,0.35515271,,,
1200465842,Cc1ccc(Oc2ccc(Oc3ccc(N4C(=O)c5ccc(-c6ccc7c(c6)C(=O)N(C)C7=O)cc5C4=O)cc3)c(C)c2)cc1,75.0,0.37233946,,,
1200924510,Cc1ccc(Oc2ccc(N3C(=O)c4ccc(Oc5ccc(Sc6ccc(Oc7ccc8c(c7)C(=O)N(C)C8=O)cc6)cc5)cc4C3=O)cc2)cc1,111.0,0.3674231,0.286,,
1201052937,CCCCCCNC(=O)OC,-13.55087665,,0.268,1.071824251,20.62252342
1201572278,CCCCCOc1cc(C)ccc1-c1nnc(C)o1,-58.0,0.42893237,,,
1201617221,CCCCSc1cc(-c2cc(SCCCC)c(-c3ccc(C)cc3)s2)sc1C,136.0,0.50761848,,,
1201779173,CNc1ccc(C2(c3ccc(NC)cc3)C=CC(c3ccccc3)C=C2)cc1,-67.0,0.3550972,0.268,,
1202036659,CNc1cccc(-c2c3ccccc3c(-c3cccc(N)c3N)c3ccccc23)c1NC,100.0,0.35466159,,,
1202039443,CCOCC(CC)OC,106.8,0.37418551,,,
1202357620,CCC(C)C(=O)OCCC(C)OC,230.0,0.35734175,0.212,1.002966511,13.18729468
1202772120,CNc1ccc(NC(=O)c2cc(C(=O)c3ccc(C(=O)O)c(C(C)=O)c3)ccc2C(=O)O)cc1,273.0,0.31519377,,,
1202816034,COc1ccc(C(C)=Cc2ccc(OC(=O)CCCCCCCCCCC(C)=O)cc2)cc1,6.458707655,,,,
1202982181,CCCCOC(=O)C(Cc1ccc(OC)cc1)NC(=O)CCc1ccc(OC(=O)CCCCCCCCC(C)=O)cc1,338.0,0.35549527,0.212,,
1203408030,CNc1ccc(/C=C/c2ccc(/C=C/c3ccc(NC)cc3)c3ccccc23)cc1,,0.3544734,,,
1203525380,CCOC(=O)C(C)(CC)CC,352.0,0.36305897,0.145,0.864397975,12.48037065
1203570548,CNc1cc2c(cc1NC)C(C)(C)C(C)C2(C)C,220.0,0.36621378,,,
1203599832,CCCCCCC(=O)Oc1ccc(C(C)(C)c2ccc(OC(=O)c3ccc4c(c3)C(=O)N(C)C4=O)cc2)cc1,224.0,0.34816577,,,
1203618670,CCCCCCCOP(=O)(N=Nc1ccc(Oc2ccc(N=NP(=O)(OC)OC)cc2)cc1)OC,47.5,0.36018857,0.145,,
1204067122,CSc1ccc(C(=O)c2ccc(C(c3ccc(C(=O)c4ccc(C)cc4)cc3)(C(F)(F)F)C(F)(F)F)cc2)cc1,129.0,0.38438273,,,
1204134441,CCCCCCCOC(=O)CCCCSCCCCC(=O)OC,,,0.224,,
1204249965,CCC(C)CC(C)(C)C,270.0,0.39627266,0.1735,0.748691234,11.55027129
1204523273,CCCC(=O)OCCCCc1cc(C)sc1C,-61.0,0.38073142,,,
1204736801,CN=Nc1ccc(Nc2ccc(C(=O)c3ccc(C(=O)c4ccc(Nc5ccc(C)cc5)cc4)cc3)cc2)cc1,47.0,0.38946168,0.224,,
1204898498,COc1ccc(N=CC=Nc2ccc(OC(=O)NCCCCCCNC(C)=O)cc2)cc1,213.2,0.34892214,0.1735,,
1205044664,CNc1ccc(C2(c3ccc(NC)cc3C)c3ccccc3-c3ccccc32)c(C)c1,343.0,0.37196959,,,
1205228260,Cc1ccc(-c2ccc(-c3ccc(-c4ccc(-c5ccc6c(c5)C(=O)N(c5ccc(Oc7ccc(N8C(=O)c9ccc(C)cc9C8=O)cc7)cc5)C6=O)cc4)cc3)cc2)cc1,111.0,0.36808729,,,
1205655131,CCC(C)(C)C(=O)OCCCCCCCCCCn1c2ccccc2c2cc(C=C(C#N)C(=O)OC)ccc21,-54.0,0.36253093,,,
1205814834,CO[Si](C)(C)O[Si](C)(C)O[Si](C)(C)O[Si](C)(C)OC(C)CCC(C)C,270.6233171,0.43174845,,,
1205844020,CC(F)(F)C1(F)C(F)(F)C(C)(F)C(F)(F)C(F)(F)C1(F)F,-58.0,0.31955151,,,
1205846674,Cc1ccc(-c2ccc(-c3nc4cc(Oc5ccc(NC(=O)c6ccc7c(c6)C(=O)N(c6ccc(C(c8ccc(N9C(=O)c%10ccc(C(=O)Nc%11ccc(Oc%12ccc%13nc(-c%14ccccc%14)c(C)nc%13c%12)cc%11)cc%10C9=O)cc8)(C(F)(F)F)C(F)(F)F)cc6)C7=O)cc5)ccc4nc3-c3ccccc3)cc2)cc1,-58.0,0.38363567,,,
1206071463,CCN(CCOC(=O)C(C)(C)CC)c1ccc(N=Nc2ccc(S(C)(=O)=O)cc2)cc1,-58.0,0.37573,,,
1206416017,CCC(C)C(=O)NC(C)(C)C,-65.0,0.37998182,0.199,0.889061076,12.90682668
1206915036,Cc1ccc2c(c1)C(=O)N(c1ccc(-c3ccc(Oc4ccc5c(c4)C(C)(c4ccc(Oc6ccc(-c7ccc(N8C(=O)c9ccc(C(C)(C(F)(F)F)C(F)(F)F)cc9C8=O)cc7)cc6C(F)(F)F)cc4)CC5(C)C)c(C(F)(F)F)c3)cc1)C2=O,-65.0,0.38854581,0.18898492,1.229265414,22.79048612
1207045788,CNc1ccc(C(c2ccc(NC(=O)c3cc(C(C)=O)cc(C(C)(C)C)c3)cc2)(P2(=O)Oc3ccccc3-c3ccccc32)P2(=O)Oc3ccccc3-c3ccccc32)cc1,-65.0,0.37321457,,,
1207110637,Cc1cccc(C(F)(F)C(F)(F)C(F)(F)c2cccc(N3C(=O)c4ccc(Oc5ccc6c(c5)C(=O)N(C)C6=O)cc4C3=O)c2)c1,-67.0,0.3566638,0.199,,
1207409378,CCCCCCCCC1(CCCCCCCC)c2cc(C)ccc2-c2ccc(C(C#N)=Cc3cc(C=C(C)C#N)cc(N(c4ccccc4)c4ccccc4)c3)cc21,-67.0,0.41240529,,,
1208726540,CCCCCCCNC(=O)/C=C/CC/C=C/C(=O)NC,2.127453311,,,,
1208748565,CCC(C)C(=O)OCCN(CC)c1ccc(N=Nc2ccc([N+](=O)[O-])cc2)cc1,-66.0,0.36721657,,,
1208847299,CC(=S)Nc1ccc(Oc2ccc(NC(=S)N3C(=O)c4ccc(C(=O)c5ccc6c(c5)C(=O)N(C)C6=O)cc4C3=O)cc2)cc1,90.0,0.35715427,,,
1208969128,CNc1cc(NC(=O)c2cccc(C(C)=O)c2)cc(-c2nnc(-c3ccccn3)o2)c1,96.0,0.38233539,,,
1209031692,Cc1ccc2c(c1)C(=O)N(c1ccc(C(=O)Nc3ccc(Oc4ccc(NC(=O)c5ccc(N6C(=O)c7ccc(C(C)(C(F)(F)F)C(F)(F)F)cc7C6=O)cc5)cc4)cc3)cc1)C2=O,273.0,0.36250996,,,
1209050565,CCC(O)C(O)CN(C)c1ccc(N(C)C)cc1,101.0,0.36101121,,,
1209050682,CCCCCOC(=O)CCCCCCCCCCCCCCCCCCCCCCCCCCCCCCCCCCC(=O)OC,290.0,0.38882843,0.49475,0.868453809,25.68405963
1209057611,CC(=O)Nc1ccc(C(=O)c2ccc(NC(=O)c3ccc4c(c3)C(=O)N(c3ccc(NC(=O)Nc5ccc(N6C(=O)c7ccc(C)cc7C6=O)cc5)cc3)C4=O)cc2)cc1,,0.3459702,,,
1209084809,COc1ccc(-c2cc(-c3ccccc3)c(-c3ccc(OC(=O)c4ccc(C(C)=O)cc4-c4ccccc4)cc3)c(-c3ccccc3)c2-c2ccccc2)cc1,265.0,0.38146128,,,
1209928353,CCCCCCCCCOC(=O)NCCCCCCCCCCNC(=O)OC,24.78605928,,0.49475,,
1210327805,CNC1CCC(CC2CCC(NC(=O)CCCCCCCCCCC(C)=O)CC2)CC1,235.0,0.36732026,,,
1210773764,CCCCCCCCc1cc(-c2ccc(C)s2)sc1-c1ccc(-c2ccc(-c3sc(-c4ccc([Si](C)(C)C)s4)cc3CCCCCCCC)s2)s1,205.0,0.43305383,,,
1210971861,Cc1ccc(Oc2ccc(N3C(=O)c4ccc(Oc5ccc(C6(c7ccc(Oc8ccc9c(c8)C(=O)N(C)C9=O)cc7)CCC(c7ccccc7)CC6)cc5)cc4C3=O)cc2)cc1,129.0,0.37299608,0.234347519,1.165731568,21.18749891
1211550700,Cc1ccc(Oc2ccc(-c3cc(-c4ccccc4)c4cc(C5(c6ccc7nc(C)cc(-c8ccccc8)c7c6)c6ccccc6C(=O)c6ccccc65)ccc4n3)cc2)cc1,,0.42004547,,,
1212285406,CNC1(N)C=C(C2=C(c3ccccc3)C(N)(N)[C@@](O)(NC)C(c3ccccc3)=C2)C=C[C@@]1(N)O,,0.3198717,,,
1212362961,COc1c(C)cc(-c2cc(C)c(OC(=O)CCCCC(C)=O)c(C)c2)cc1C,-61.0,0.37060213,,,
1212645329,COCCCCOc1nc(C)nc(OC)n1,-56.0,0.3615296,,,
1213234132,CCOc1ccc(C=C2CCC(=Cc3ccc(OCc4nnc(-c5ccc(-c6ccc(-c7nnc(C)n7-c7ccccc7)cc6)cc5)n4-c4ccccc4)cc3)C2=O)cc1,140.326419,,,,
1213369367,CCC(C)C(=O)Nc1ccccc1Cl,72.0,0.34811254,,,
1213893349,CNCC(C)CNC,30.0,0.31971706,,,
1213899080,CNc1ccc2c(c1)C1(c3ccccc3-c3cc(C)ccc31)c1cc(NC)ccc1-2,212.0,0.38631578,,,
1214234223,CCCCCCCCCCCOC(=O)CCCCCCCCCCCCCCCCC(=O)OC,27.0,0.38276992,0.3415,0.8954389,20.54848101
1214356356,CCCCCCCCCCCCC(=O)Oc1ccc(C2(c3ccc(OC(=O)c4ccc5c(c4)C(=O)N(C)C5=O)cc3)OC(=O)c3ccccc32)cc1,,0.35534379,,,
1214422376,CCCN(C)C(=O)CCC(=O)OC,110.0,0.31456612,,,
1214923559,CCCCCCCCCCCCCCCCCCCCCOC(=O)C(=O)OC,31.0,,0.3545,0.917519076,22.92381656
1215056104,CNc1c(NC)c(-c2ccc(-c3c4ccccc4cc4ccccc34)cc2)c(-c2ccccc2)c(-c2ccccc2)c1-c1ccccc1,175.0,0.37007258,,,
1215188002,CC(=O)c1ccc2c(c1)C(=O)N(c1cccc(Cc3ccc(Cc4ccc(Cc5cccc(N6C(=O)c7ccc(C)cc7C6=O)c5)cc4)cc3)c1)C2=O,320.0,0.37158061,,,
1215512335,CCCCCCCCCCCc1ccc(-c2c(-c3ccccc3)cc(-c3ccc(-c4cc(-c5ccccc5)c(-c5ccc(C)cc5)c(-c5ccccc5)c4-c4ccccc4)cc3)c(-c3ccccc3)c2-c2ccccc2)cc1,190.0,0.39608248,0.3545,,
1215694607,COc1ccc(C(c2ccc(Oc3ccc(C(=O)c4cccc5cccc(C(=O)c6ccc(C)cc6)c45)cc3)cc2)(C(F)(F)F)C(F)(F)F)cc1,108.0,0.37599895,,,
1215820166,CCc1ccc2oc(=O)c(C(=O)Nc3ccc(Oc4ccc(C(c5ccc(Oc6ccc(NC(=O)c7cc8cc(C)ccc8oc7=O)cc6)cc5)(C(F)(F)F)C(F)(F)F)cc4)cc3)cc2c1,,0.34746519,,,
1216120038,CN=P(C)(OCCOC)OCCOC,,0.3536972,,,
1216424248,CCCCCCCCCCCOC(=O)c1cccc(C(=O)OC)c1,63.0,0.35874529,,,
1217132738,CCC(C)OC(=O)C(C)(Cl)CC,244.0,,0.174,1.057163419,14.79567929
1217226410,CCC(C)C(=O)c1ccc(OC)cc1,,0.34949255,,,
1217265261,CC(=O)Nc1ccc(C2(c3ccc(N4C(=O)c5ccc(C)cc5C4=O)cc3)CCCCC2)cc1,-96.0,0.3710893,,,
1217496894,CNC(CCC(=O)OC)C(C)=O,101.0,0.30960525,0.174,1.214403667,15.91208579
1217545349,CCC(C)C(=O)Oc1ccccc1Cl,290.0,0.35897864,0.166,1.226889668,13.82994352
1217713342,CC(=O)c1ccc2c(c1)C(=O)N(c1ccc(C3(c4ccc(N5C(=O)c6ccc(C)cc6C5=O)cc4)c4ccccc4-c4ccccc43)cc1)C2=O,,0.42161644,0.227667352,1.135742607,23.42529212
1217901314,Cc1ccc2c(c1)C(=O)N(c1cccc(C(F)(F)C(F)(F)C(F)(F)C(F)(F)C(F)(F)c3cccc(N4C(=O)c5ccc(C(F)(F)C(F)(F)C(F)(F)C(C)(F)F)cc5C4=O)c3)c1)C2=O,135.0,0.34717027,,,
1218214236,CCOC(=O)OC1C(C)OC2OC(C)(C)OC21,262.0,0.33284068,0.166,,
1218861482,COC(C)CCOC(=O)c1cccc(C(C)=O)c1,-42.28619333,,,,
1219358292,CCCCCCCNC(=O)CC(C)(C)c1ccc(C(C)(C)CC(=O)NC)cc1,183.0,0.35064905,,,
1219579071,Cc1cccc(OCCCCCCCCOc2cccc(N3C(=O)c4ccc(-c5ccc6c(c5)C(=O)N(C)C6=O)cc4C3=O)c2)c1,283.0,0.34538338,,,
1219791952,CNc1c2ccccc2c(-c2c3ccccc3c(NC)c3ccc(-c4cccc5ccccc45)c(-c4cccc5ccccc45)c23)c2ccccc12,-78.0,0.37377403,,,
1220036380,COc1ccc(S(=O)(=O)c2ccc(Oc3ccc(-c4ccc(C)cc4)cc3)cc2N)c(N)c1,-22.5,0.36266828,,,
1220421998,COc1ccc(Sc2ccc(OC(=O)OC3C(C)(C)C(OC(C)=O)C3(C)C)cc2)cc1,262.0,0.36425728,,,
1220689198,Cc1ccc(-c2ccc(C)nc2)cn1,138.2497069,,,,
1220722345,CCC(C)OC(=O)c1ccccc1OC,322.0,0.33690183,,,
1220760786,CCCCCCCCCCCCCCCCCCCNC(=O)CCc1ccc(CCC(=O)NC)cc1,72.0,0.37301777,0.3755,0.937104778,21.36882265
1220908034,CCCCCCCCCCCCCCCCCCOC(=O)c1cc(NC(=O)c2ccc(NC(=O)CCCCCCCCC(=O)Nc3ccc(C(C)=O)cc3)cc2)ccc1NC,-55.0,0.36094499,,,
1221040845,COP(=O)(Oc1ccc([N+](=O)[O-])cc1)Oc1c(Br)cc(C(c2cc(Br)c(C)c(Br)c2)(C(F)(F)F)C(F)(F)F)cc1Br,212.0,0.39706819,,,
1221113390,CCCOC(=O)CCC(NC)C(C)=O,225.0,0.33535597,0.3755,1.127131081,14.79848013
1221138931,CCCCCCCCCCCCCCCNC(=O)CCCCCCCCCCCCCCCCC(=O)NC,128.0,0.38552553,0.4341428571428571,0.886924555,21.34846534
1221972864,CC=CC1CC(C)C(C#N)(CC)C1,142.0,0.39311406,,,
1223012575,CCCCCCCCOC(=O)C(Cc1ccc(OC)cc1)NC(=O)CCc1ccc(OC(=O)CCCCCCCCC(C)=O)cc1,31.0,0.35909297,,,
1223074288,CCC(c1ccccc1)(c1ccc(OC)cc1)c1ccc(OC(C)=O)cc1,236.0,0.36890167,0.4341428571428571,,
1223077195,CNc1c2ccccc2c(-c2c3ccccc3c(NC)c3ccc(-c4ccccc4)c(-c4ccccc4)c23)c2c(-c3ccccc3)c(-c3ccccc3)ccc12,320.0,0.37429399,,,
1223442975,CCCCCCCCCCCOc1c(OC)cc(/C=C/c2ccc(/C=C/c3cc(OC)c(OC)c(OC)c3)cc2)cc1OC,242.2,0.36539147,,,
1223466134,COc1ccccc1C(=O)OC(=O)c1ccccc1OC(=O)CCCCCCCCC(C)=O,108.0,0.34302627,,,
1223535676,CNc1ccccc1CC(c1ccccc1N)(c1ccccc1N)c1ccccc1NC,,0.34821531,,,
1223550383,COc1ccc(C2(c3ccc(OC(=O)CCCCCCCCC(C)=O)cc3)c3ccccc3-c3ccccc32)cc1,65.0,0.36635489,,,
1224319371,Cc1ccc2c(c1)C(=O)N(c1ccccc1Oc1ccc(N3C(=O)c4ccc(C(C)(C(F)(F)F)C(F)(F)F)cc4C3=O)cc1)C2=O,63.0,0.37203471,,,
1224371344,CCCCCCCCCNC(=O)CCCCC(=O)NC,280.0,0.35113971,0.291,,
1224631495,COc1ccc(S(=O)(=O)c2ccc(-c3ccc(-c4ccc(S(=O)(=O)c5ccc(C)cc5)cc4)cc3)cc2)cc1,154.0,0.37003296,,,
1224767743,COCCON(OCCOC)c1ccc(N=Nc2cc([N+](=O)[O-])ccc2OCCOC(=O)Nc2ccc(Cc3ccc(NC(C)=O)cc3)cc2)cc1,-17.0,0.33829793,,,
1225123322,CCC(C)C(=O)OCCCOc1ccc(C(=O)OCCCC(F)(F)C(F)(F)C(F)(F)C(F)(F)C(F)(F)C(F)(F)C(F)(F)C(F)(F)F)cc1,114.0,0.33201436,0.291,,
1225921990,COc1ccc(C(=O)Nc2cc(SCCC#N)c(NC(=O)c3ccc(C)cc3)cc2SCCC#N)cc1,31.0,0.36223788,,,
1225989211,CCCCC(=O)Nc1ccc(Oc2ccc(NC(=O)CCCN3C(=O)c4ccc(C(=O)c5ccc6c(c5)C(=O)N(C)C6=O)cc4C3=O)cc2)cc1,15.5,0.33327208,,,
1226464299,CNc1c(C(C)(C)C)cc(C2(c3cc(C(C)(C)C)c(NC)c(C(C)(C)C)c3)c3ccccc3-c3ccccc32)cc1C(C)(C)C,147.0,0.41407636,,,
1226489424,Cc1ccc(Oc2ccc(N3C(=O)c4c(F)c(F)c(Oc5c(F)c(F)c(Oc6c(F)c(F)c7c(c6F)C(=O)N(C)C7=O)c(F)c5F)c(F)c4C3=O)cc2)cc1,283.2696326,,,,
1226552406,CC(=O)Nc1ccc(NC(=O)c2ccc3c(c2)C(=O)N(c2cccc(N4C(=O)c5ccc(C)cc5C4=O)c2)C3=O)cc1,235.0,0.34777302,,,
1226651340,CCCCCCOC(=O)C(Cc1ccc(OC)cc1)NC(=O)CCc1ccc(OC(=O)CCCCCCC(C)=O)cc1,213.0,0.35314116,,,
1227244872,CCCCCCCCCOC(=O)C(C)CC,283.0,,0.281,0.892016503,10.93715508
1227492040,Cc1cccc(-c2nc3cc(-c4ccc5c(c4)nc(C)n5C)ccc3[nH]2)c1,-78.0,0.41641721,,,
1227953094,CCCCOc1cc(N2C(=O)c3ccc(C)cc3C2=O)cc(N2C(=O)c3ccc(C(C)=O)cc3C2=O)c1,-22.5,0.37183498,,,
1229175862,COc1ccc(S(=O)(=O)c2ccc(Oc3ccc(C4(c5ccc(C)cc5)c5ccccc5-c5ccccc54)cc3)cc2)cc1,50.0,0.39274981,0.281,1.096450635,19.41986966
1229640212,CCCCC1CCC(c2ccc([C@@H](C)c3ccc(NC)cc3)cc2)(c2ccc([C@@H](C)c3ccc(NC)cc3)cc2)CC1,46.0,0.36917749,,,
1230182375,CC(=O)N1C(=O)N(C(=O)c2ccc3c(c2)C(=O)N(c2cccc(P(=O)(c4ccccc4)c4cccc(N5C(=O)c6ccc(C)cc6C5=O)c4)c2)C3=O)C(C)(C)C1=O,138.7903633,,,,
1231617285,CCC(C)NC=O,318.0,0.27493701,,,
1231928634,CC(=O)c1cc2c(cc1Cl)C(=O)N(c1c(C)cc(C)c(N3C(=O)c4cc(C)c(Cl)cc4C3=O)c1C)C2=O,376.0,0.41818103,,,
1233245878,Cc1ccc(Oc2ccc(-c3cccc(-c4ccc(Oc5ccc(-c6c7c(c(C)c8ccccc68)C(=O)N(c6ccccc6)C7=O)cc5)c(C(F)(F)F)c4)n3)cc2C(F)(F)F)cc1,144.0,0.39084929,,,
1233315694,CC=Cc1ccc(C)cc1,128.0,0.38774885,,,
1233336012,CCCOCCOc1cccc(NC(=O)c2ccc(C(=O)Nc3cccc(OC)c3)cc2)c1,341.0,0.33599238,,,
1233529700,CCCN(CCOC(=O)C=Cc1ccc(C=CC(=O)OC)cc1)c1ccc(N=Nc2ccc([N+](=O)[O-])cc2)cc1,91.0,0.35081029,,,
1233557380,CCCC(C)(C)CC,138.0,0.39381473,0.174,,
1234075748,CC(=O)c1ccc2c(c1)C(=O)N(c1cccc(C(=O)c3cccc(N4C(=O)c5ccc(C)cc5C4=O)c3)c1)C2=O,346.66,0.36313366,,,
1234355256,COc1ccc2ccc(Oc3ccc(C(=O)Nc4ccc(Oc5ccc(C(C)(C)c6ccc(C(C)(C)c7ccc(Oc8ccc(NC(=O)c9ccc(C)cc9)cc8)cc7)cc6)cc5)cc4)cc3)cc2c1,242.2,0.36837941,,,
1235337223,CNC1=N[C@H](NC)N(CO)C(N)=N1,107.0,0.29102826,0.174,,
1235772628,CCc1cccc(CC)c1-c1c(-c2ccccc2)ccc(NC)c1NC,,0.3607122,,,
1235835504,COc1c(Br)cc(C(C)(C)c2cc(Br)c(OC(=O)c3cccc(C(C)=O)c3)c(Br)c2)cc1Br,65.0,0.41973656,,,
1236281959,Cc1ccc(C(C)(C)c2ccc(N3C(=O)c4ccc(Oc5ccc6c(c5)C(=O)N(C)C6=O)cc4C3=O)cc2)cc1,65.0,0.38484293,0.27785637,1.188319624,24.31651904
1236372812,CC(=O)Nc1ccc(Oc2ccc(C(C)(C)c3ccc(Oc4ccc(NC(=O)c5ccc6c(c5)C(=O)N(c5ccc(Oc7ccc8ccc(Oc9ccc(N%10C(=O)c%11ccc(C)cc%11C%10=O)cc9)cc8c7)cc5)C6=O)cc4)cc3)cc2)cc1,280.0,0.36074861,,,
1236653976,CCCOCCOC(=O)OC,154.0,0.32111694,,,
1236698324,Cc1cccc(C(c2cccc(N3C(=O)c4ccc(Oc5ccc6c(c5)C(=O)N(C)C6=O)cc4C3=O)c2)(C(F)(F)F)C(F)(F)F)c1,-10.0,0.36984267,,,
1237680808,CN=P(C)(Oc1ccc(C(C)C)cc1)Oc1ccc(C(C)C)cc1,48.0,0.40872556,,,
1237730261,CNc1ccc(C(C)(C)c2ccc(NC(=O)c3cc(C(C)=O)cc(N4C(=O)C=CC4=O)c3)cc2)cc1,140.0,0.34689977,,,
1237783866,COc1ccc(C(c2ccc(Oc3c(F)c(F)c(C(=O)c4c(F)c(F)c(C)c(F)c4F)c(F)c3F)cc2)(C(F)(F)F)C(F)(F)F)cc1,15.5,0.3658273,,,
1237875565,CCCN(CCN1C(=O)c2ccc(C(c3ccc4c(c3)C(=O)N(C)C4=O)(C(F)(F)F)C(F)(F)F)cc2C1=O)c1ccc(C=Cc2ccc([N+](=O)[O-])cc2)cc1,147.0,0.36049034,,,
1238011731,CCC(C)(C)C(=O)OCCCCCCOc1ccc(C=Nc2ccc(C#N)cc2)cc1,242.0,0.3618059,,,
1238020141,CCC(C)OC(=O)C1(C)CCCCC1,68.5,0.3613498,,,
1238107253,Cc1cc(N2C(=O)c3ccc(Oc4cccc5c(Oc6ccc7c(c6)C(=O)N(C)C7=O)cccc45)cc3C2=O)cc(C(F)(F)F)c1,28.0,0.37819795,,,
1238169222,CN=P(C)(OCc1ccc(Br)cc1)OCc1ccc(Br)cc1,,0.37799409,,,
1238226226,Cc1ccc(Cc2ccc(N3C(=O)CC(Nc4ccc(Cc5ccc(NC6CC(=O)N(C)C6=O)cc5)cc4)C3=O)cc2)cc1,151.0,0.3630038,,,
1238987612,CNCc1cccc(CNC)c1,276.0,0.31831938,,,
1239353537,CC(=O)OCCOC(=O)c1ccc(N2C(=O)c3ccc(C)cc3C2=O)cc1,50.0,0.3305321,,,
1239672440,CCCCOc1ccc(C(=O)OC(=O)c2ccc(OC)cc2)cc1,311.0,0.34021913,,,
1239731818,Cc1ccc(Sc2ccc(Sc3ccc(N4C(=O)c5ccc(Oc6ccc7c(c6)C(=O)N(C)C7=O)cc5C4=O)cc3)s2)cc1,224.5,0.37246963,,,
1239746533,CCCCCCOC(=O)c1ccc2cc(C(=O)OC)ccc2c1,48.0,0.3442798,0.227057601,1.167601884,22.04085291
1239868812,COc1ccc(-c2ccc(OC(=O)c3ccc(-c4ccc(C(C)=O)cc4)cc3-c3ccccc3)cc2)cc1,158.0,0.35602332,,,
1240229654,CC1C2CC(C1C)C([Si](C)(C)C)C2,198.0,0.43382057,,,
1240400626,CC(=O)Oc1ccc(OCCCCCCCCCCCCOc2ccc(OC(=O)c3ccc4c(c3)C(=O)N(c3ccc(Cc5ccc(N6C(=O)c7ccc(C)cc7C6=O)cc5)cc3)C4=O)cc2)cc1,,0.35267151,,,
1240885962,COc1ccc(Oc2ccc(C(=O)c3ccc(C)cc3)cc2)cc1-c1ccc(Oc2ccccc2)cc1,,0.37479029,,,
1241111211,CCCCCCCCC1(CCCCCCCC)c2ccccc2-c2cc(NC)c(NC)cc21,341.0,0.36691614,,,
1241410417,Cc1ccc(-c2ccc(N3C(=O)c4ccc(Oc5ccc6c(c5)C(=O)N(C)C6=O)cc4C3=O)cc2)cc1,27.0,0.37368209,,,
1241617720,CCC(COC)(CS(=O)(=O)CC)CS(=O)(=O)CC,-89.0,0.37003283,,,
1242192055,CCCCCOC(=O)NCC(F)(F)C(F)(F)C(F)(F)C(F)(F)CNC(=O)OC,346.66,0.31017139,,,
1242216634,CC(F)C(C)C(F)(F)F,244.0,0.31361691,,,
1242356842,CNc1ccc2c3ccc4ccc5ccccc5c4c3c3ccccc3c2c1NC,278.5,0.35285371,,,
1242684513,CCCCCCOC(=O)c1ccc(C(=O)OC)cc1,95.0,0.34203506,,,
1242973596,CCC(C)(C)C(=O)OC1(C)C2CC3CC(C2)CC1C3,218.0,0.37224912,,,
1242989659,CCCOCCOCCOC(=O)c1ccc(C(=O)OC)cc1,36.06576581,,,,
1243367222,Cc1ccc(Oc2ccc(Oc3ccc(P(=O)(c4ccccc4)c4ccc(Oc5ccc(Oc6ccc(-c7nc8ccc(-c9ccc%10nc(C)oc%10c9)cc8o7)cc6)cc5)cc4)cc3)cc2)cc1,150.0,0.38892688,,,
1243527935,CCCCC(CC)Cn1c2ccc(C)cc2c2cc(Nc3ccc(Oc4ccc(NC)cc4)cc3)ccc21,371.0,0.38890239,,,
1244119715,C/C=C/c1cc(CCCCCCCCCCC)c(/C=C/c2ccc(C)cc2)cc1CCCCCCCCCCC,298.0,,0.368,0.89127614,15.68183389
1244604743,Cc1cc(O)c(O)cc1C,158.9171015,,0.183,0.986360805,13.85120498
1244610888,Cc1ccc(-c2nc3ccc(Oc4ccc5nc(C)c(-c6ccccc6)c(-c6ccccc6)c5c4)cc3c(-c3ccccc3)c2-c2ccccc2)cc1,140.0,,0.27,0.956272559,25.28802464
1245028222,COc1ccc(Oc2ccc(NC(=C(C#N)C#N)c3ccc(C(Nc4ccc(C)cc4)=C(C#N)C#N)cc3)cc2)cc1,286.0,0.39351854,0.368,,
1245052771,Cc1ccc(NC(=O)c2cccc(C(=O)Nc3ccc(N4C(=O)c5ccc(Oc6ccc7c(c6)C(=O)N(C)C7=O)cc5C4=O)cc3)c2)cc1,155.8375326,,0.183,,
1245106816,COc1c(C(C)C)cc(C)cc1C(C)C,242.0,0.44422978,0.27,,
1245265865,CC=CC1CC(C)C2C(=O)N(c3ccc(C)cc3)C(=O)C12,166.0,0.38445256,,,
1245320293,COc1ccc(Oc2ccc(C(=O)c3ccc(C)cc3)cc2)cc1C,,0.37828298,,,
1245611127,CCC(OC)c1ccccc1,16.0,0.36793308,0.181,1.068349202,12.8198381
1246412636,Cc1cccc(N2C(=O)c3ccc(Oc4c(C)cc(-c5cc(C)c(Oc6ccc7c(c6)C(=O)N(C)C7=O)c(C)c5)cc4C)cc3C2=O)c1,115.0,0.39022826,,,
1246466408,CC(=O)Nc1ccc(Oc2ccc(-c3ccc(Oc4ccc(NC(=O)c5ccc6c(c5)C(=O)N(c5ccc(Oc7ccccc7-c7ccccc7Oc7ccc(N8C(=O)c9ccc(C)cc9C8=O)cc7)cc5)C6=O)cc4)cc3)cc2)cc1,265.0,0.3624363,,,
1246478630,CCC(C)(C)C(=O)OCCCCCCCCCCOc1ccc(OC(=O)c2ccc(OC)cc2)cc1,250.0,0.35295865,0.181,,
1247053205,COc1c(Cl)cc(C2(c3cc(Cl)c(OC(C)=O)c(Cl)c3)CC3CCC2C3)cc1Cl,-27.0,0.40020648,,,
1247276415,CCCNC(=O)c1ccc([Si](c2ccccc2)(c2ccccc2)c2ccc(C(=O)NCCN(C)c3ccc(/C=C/c4ccc([N+](=O)[O-])cc4)cc3)cc2)cc1,224.5,0.35889095,,,
1247283822,COc1ccc(C(C)(C)c2ccc(Oc3ccc(C(=O)c4ccc(P(=O)(c5ccccc5)c5ccc(C(=O)c6ccc(C)cc6)cc5)cc4)cc3)cc2)cc1,0.0,0.38593544,,,
1247292893,CC(=O)c1ccc2c(c1)C(=O)N(c1cccc(OCCOCCOc3cccc(N4C(=O)c5ccc(C)cc5C4=O)c3)c1)C2=O,303.0,0.34407338,,,
1247307752,Cc1ccc(OCCCCCCCCCCCOc2ccc(-c3ccc4nc(-c5cccc(-c6cc(-c7ccccc7)c7cc(C)ccc7n6)c5)cc(-c5ccccc5)c4c3)cc2)cc1,149.0,0.3894808,,,
1247311317,CCCC(C)C(C)CCNC(=O)c1cc(C(=O)NC)cc(C(C)(C)C)c1,,0.35663758,,,
1247317223,CNc1ccc(-c2cc3ccc2CCc2ccc(c(-c4ccc(NC)c(N)c4)c2)CC3)cc1N,152.4,0.36354697,,,
1247694906,CC(=O)Nc1cc(C(F)(F)F)ccc1Oc1cccc2c(Oc3ccc(C(F)(F)F)cc3NC(=O)c3ccc4c(c3)C(=O)N(c3ccc(Oc5ccc(N6C(=O)c7ccc(C)cc7C6=O)cc5-c5ccccc5)c(-c5ccccc5)c3)C4=O)cccc12,86.0,0.36667366,,,
1248304721,Cc1ccc(Oc2ccc(-c3cnc4cc(-c5ccc6nc(C)cnc6c5)ccc4n3)cc2)cc1,-0.8,0.39789231,,,
1248717152,CC(=O)Nc1ccc(Oc2ccc(NC(=O)c3ccc4c(c3)C(=O)N(c3cccc(P(=O)(c5ccccc5)c5cccc(N6C(=O)c7ccc(C)cc7C6=O)c5)c3)C4=O)cc2)cc1,239.0,0.36252693,,,
1248950707,CCCC(=O)NCC(=O)NC,70.42884183,,,,
1249625777,CCCCNC(=O)CNC(=O)C(NC(=O)C(Cc1ccccc1)NC(=O)CCCCCCCCC(=O)NC(Cc1ccccc1)C(=O)NC(C(=O)NCC(=O)NCCCOCCOCCOC)C(C)C)C(C)C,280.0,0.34386538,,,
1249855570,COC(=O)c1ccc(C(c2ccc(C)cc2)c2ccc(N(C)c3ccc(C)cc3)cc2)cc1,95.0,0.42975739,,,
1250128226,CCC(CC)(CC)COC,218.0,0.3776766,,,
1250174161,CCC(C)C(C)(C)C,58.5,0.37444531,0.2026666666666666,,
1250664164,CNc1cc2cc3cc4cc5ccccc5cc4cc3cc2cc1NC,168.0,0.34863907,,,
1250759727,CNc1ccc(-c2c3ccccc3c(-c3ccc(NC)cc3)c3ccccc23)cc1,303.0,0.3582881,,,
1250976105,COc1ccc(NC(=O)/C=C/c2ccc(/C=C/C(=O)Nc3ccc(C)cc3)cc2)cc1,125.0,0.33908362,0.2026666666666666,,
1251251952,CC=CC(C)(C)C,146.0,0.41706039,,,
1251718993,CC(=O)CCCCCCCCC(=O)N1CC(C)N(C)CC1C,376.0,0.35664394,,,
1251846091,CCCN(CCOC(=O)Nc1ccc(Cc2ccc(NC(=O)OC)cc2)cc1)c1ccc(N=Nc2ccc([N+](=O)[O-])cc2)cc1,286.0,0.34851961,,,
1251856230,Cc1ccc2c(c1)C(=O)N(c1ccc(Oc3ccc(N4C(=O)c5ccc(C(F)(F)C(F)(F)C(F)(F)C(C)(F)F)cc5C4=O)cc3)cc1)C2=O,84.0,0.35606637,,,
1252158010,Cc1ccc(S(=O)(=O)c2ccc(N3C(=O)c4ccc(Oc5ccc6c(c5)C(=O)N(C)C6=O)cc4C3=O)cc2)cc1,33.0,0.37544083,0.249871544,1.283240207,24.28355102
1252177757,Cc1ccc(Oc2ccc(Oc3ccc(N4C(=O)c5ccc(Oc6ccc(C7(c8ccc(Oc9ccc%10c(c9)C(=O)N(C)C%10=O)cc8)CCC(c8ccccc8)CC7)cc6)cc5C4=O)cc3)c(C(C)(C)C)c2)cc1,87.0,0.38624967,0.258275143,1.137986282,22.8835921
1252473600,CC(C)C(C)C(=O)OC12CC3CC(CC(C3)C1)C2,58.0,0.38554512,,,
1252624826,CCCCCC[Si](C)(C)CC,16.0,0.39640493,,,
1252741517,CNc1ccc(-c2ccc(NC)c(/C=C/c3ccccc3)c2/C=C/c2ccccc2)cc1,165.0,0.35976311,,,
1252756161,CSCC(=O)NN=Cc1ccc(OCCCCCCCCCCOc2ccc(C=NNC(=O)CSc3nnc(C)s3)cc2)cc1,37.0,0.36696758,,,
1252814215,CCCCCCCCCCCCCCCCNC(=O)C(C)CC,223.0,,0.3105,0.864456022,12.35489175
1252824054,CC=CC1CC(C)C(C(=O)Oc2ccccc2)C1,220.0,0.36298238,,,
1253121067,CCCCCCOC(=O)c1ccc(-c2ccc(C(=O)OC)cc2)cc1,205.0,0.34210366,,,
1253393179,CCOC(C)OCC(CC)OC,,0.36879886,0.3105,,
1253409024,CC(=O)Nc1cccc(NC(=O)c2ccc3c(c2)C(=O)N(c2ccc(S(=O)(=O)c4ccc(N5C(=O)c6ccc(C)cc6C5=O)cc4)cc2)C3=O)c1,345.0,0.35906708,,,
1253785759,CCCOC(=O)C(C)(F)CC,255.0,0.35411146,,,
1253961002,COc1ccc([Si](c2ccccc2)(c2ccccc2)c2ccc(OC(=O)c3ccc4c(c3)Cc3cc(C(C)=O)ccc3-4)cc2)cc1,212.0,0.38005772,,,
1254056862,CCC(C)(C)C(=O)OCCCCCCCCCCOc1ccc(N=Nc2ccc(C3OCC4(CO3)CC3C=CC4C3)cc2)cc1,152.4,0.3670177,,,
1254412515,CC#Cc1cccc(C#C[SiH](C)C)c1,236.0,0.48442803,,,
1254752288,CNc1ccc(-c2ccc3c(c2)C(C)(C)c2cc(-c4ccc(NC)cc4)ccc2-3)cc1,151.0,0.3647088899999999,,,
1255030804,CNc1ccc(-c2cc(NC)cc(-c3ccccc3)c2)cc1,34.0,0.34439898,,,
1255406268,Cc1ccc2c(c1)C(=O)N(c1c(C(C)C)cc(Cc3cc(C(C)C)c(N4C(=O)c5ccc(C(C)(C(F)(F)F)C(F)(F)F)cc5C4=O)c(C(C)C)c3)cc1C(C)C)C2=O,295.0,0.43780015,0.16484689,1.054205669,21.01509178
1255816024,Cc1cccc(Cc2cccc(N3C(=O)c4ccc([Si](C)(C)c5ccc([Si](C)(C)c6ccc7c(c6)C(=O)N(C)C7=O)cc5)cc4C3=O)c2)c1,254.0,0.39436632,,,
1256351112,CNc1ccc(C2(c3ccc(NC)cc3)c3cccc(C)c3-c3cccc(C)c32)cc1,21.0,0.3731668,,,
1256508173,CC(=O)Nc1cccc(Oc2ccc(S(=O)(=O)c3ccc(Oc4cccc(NC(=O)c5ccc(N6C(=O)c7ccc(C)cc7C6=O)cc5)c4)cc3)cc2)c1,290.0,0.35369558,,,
1256836915,CCCCCCCCCCCCCCCCOc1cc(C)ccc1NC,165.0,,0.3671666666666667,0.899934311,14.9826959
1256957523,CCCOP(=O)(N=Nc1ccc(-c2ccc(N=NP(=O)(OC)OCC)cc2)cc1)OCC,195.0,0.35913079,,,
1256991095,CC=CC1CC(C)C2C(=O)N(CCCCCCCCC)C(=O)C12,155.0,0.37137448,,,
1257255803,COc1ccc2ccc(Oc3ccc(C(=O)Nc4ccc(Oc5ccc(C(C)(C)c6ccc(Oc7ccc(NC(=O)c8ccc(C)cc8)cc7)cc6)cc5)cc4)cc3)cc2c1,133.5,0.36672584,0.3671666666666667,,
1257657215,Cc1ccc(Oc2ccc(Oc3ccc(-c4nc(C)nc(-c5ccccc5)n4)cc3)cc2)cc1,173.0,0.40894875,,,
1257792790,CO[Si](C)(CCC(F)(F)C(F)(F)C(F)(F)C(F)(F)C(F)(F)C(F)(F)F)O[Si](C)(C)c1ccc([Si](C)(C)C)cc1,,0.39205725,,,
1257932675,CCC(C)OC(=O)CC(C)=O,9.819405608,,,,
1257958128,CCCCCCCCCCNC(=O)CCCCCCCCCC(=O)NC,,,0.312,0.933531017,25.4839371
1258103517,CNc1ccc(-c2ccc(NC)c(C)c2-c2ccccc2)cc1,334.0,0.35793789,,,
1258628140,COc1ccc(-c2ccc(OC(C)(Oc3ccccc3)Oc3ccccc3)c(C)c2)cc1C,235.0,0.3726312,,,
1259156024,CC(=O)Nc1cccc(NC(=O)c2cccc(C(=O)Nc3cccc(N4C(=O)c5ccc(C)cc5C4=O)c3)c2)c1,213.4893774,,0.312,,
1259678348,CCC(C)C(=O)Oc1ccc(-c2ccccc2)cc1,58.0,0.3489094,0.2055,1.091305455,11.54820166
1259746879,CC(=O)Nc1ccc(NC(=O)c2ccc3c(c2)C(=O)N(c2ccc(Oc4ccc(N5C(=O)c6ccc(C)cc6C5=O)cc4)cc2)C3=O)cc1,48.20867337,,,,
1260132541,Cc1ccc(Cc2ccc(N3C(=O)c4ccc([Si](C)(C)c5ccc6c(c5)C(=O)N(C)C6=O)cc4C3=O)cc2)cc1,-30.0,0.39071977,,,
1260477255,CCCCCCCNC(=O)c1c(Cl)c(Cl)c(C(=O)NC)c(Cl)c1Cl,37.0,0.35512749,0.2055,,
1260660121,CCC/C=C(/C)CCCCCCC,,,0.269,,
1261008131,CC(=O)c1cc(C(=O)c2ccc3c(c2)C(=O)N(c2ccc(Oc4ccc(S(=O)(=O)c5ccc(Oc6ccc(N7C(=O)c8ccc(C)cc8C7=O)cc6)cc5)cc4)cc2)C3=O)cc(C(C)(C)C)c1,143.0,0.37319105,,,
1261139473,COc1ccc(C2(c3ccc(OC(=O)c4ccc(C(C)=O)cc4)cc3)c3ccccc3Cc3ccccc32)cc1,205.0,0.3749586,,,
1261531807,CCCc1ccc(CCNC(=O)CCCCCCCCCCCCC(=O)NC)cc1,-55.0,0.36154696,0.269,,
1261888727,CCCN(C)c1ccc(Cc2ccc(N(CCC)C(=O)c3ccc(C(C)=O)cc3)cc2)cc1,173.7390032,,,,
1262712163,COP(=O)(Oc1ccc(-c2ccc(C)cc2)cc1)OC1CCCCC1,,0.36429244,,,
1263057506,C#CCOC(=O)C(C)(C)CC,212.0,0.35098547,,,
1263366372,COc1ccc(CC(NC(=O)CCc2ccc(OC(=O)CCCC(C)=O)cc2)C(=O)OCc2ccccc2)cc1,262.0,0.33929019,,,
1263725170,Cc1ccc(Oc2cccc(Oc3ccc(N4C(=O)c5ccc(Oc6cccc(Oc7ccc8c(c7)C(=O)N(C)C8=O)c6)cc5C4=O)cc3)c2)cc1,236.0,0.35641912,,,
1263773798,COc1ccc(C2(c3ccc(OC(=O)CCCCCCCCCCC(C)=O)cc3)c3ccccc3-c3ccccc32)cc1,236.5,0.36830388,,,
1263993270,COc1ccc(Oc2ccc(C(=O)c3cccc4cccc(C(=O)c5ccc(C)cc5)c34)cc2)cc1,-77.6,0.3769196,,,
1264073564,CC[C@H](c1ccc(NC)cc1)c1cccc([C@H](CC)c2ccc(NC)cc2)c1,280.0,0.36105687,,,
1264214740,CSc1ccc(Nc2ccc(Nc3ccc(C)cc3)cc2)cc1,282.0,0.4021004,,,
1264383388,CNc1ccc(/N=N/c2ccc(/C=C/c3ccc(/N=N/c4ccc(NC)c5ccccc45)cc3)cc2)c2ccccc12,-83.0,0.36475136,,,
1264421130,CCCCCCC(C)OC(=O)c1ccc(-c2ccc(-c3ccc(C(=O)OC(C)CCCCCC)cc3)c(C(C)CC)c2)cc1,254.5,0.37966374,,0.947782381,10.01820949
1264684812,CCC(C)c1cc(C(=O)Oc2ccc(OC)cc2)ccc1C(=O)Oc1ccc(OC)cc1,47.5,0.34367981,,,
1264707088,CCCOC(=O)Nc1ccc(CCCCc2ccc(NC(=O)OC)cc2)cc1,93.0,0.34609329,,,
1264767069,CCOc1ccc(N=Nc2ccc(-c3ccc(N=Nc4ccc(OCC)cc4)cc3C(=O)Oc3ccc(OC)cc3)c(C(C)=O)c2)cc1,311.0,0.36951145,,,
1264867007,Cc1ccc(Oc2ccc(C(=O)c3ccc(C(=O)c4ccc(Oc5ccc(-c6cc(C)[nH]n6)cc5)cc4)cc3)cc2)cc1,62.0,0.38159758,,,
1265296504,CCOC(=O)c1cc(C)cc(N2C(=O)CC(C3Cc4ccccc4C4C(=O)N(C)C(=O)C43)C2=O)c1,58.0,0.36068687,,,
1265311522,CC(=O)c1ccc2c(c1)C(=O)N(c1ccc(C(=O)c3ccc(C(=O)c4ccc(N5C(=O)c6ccc(C)cc6C5=O)cc4)cc3)cc1)C2=O,66.0,0.37431986,,,
1265853164,CCCSCc1ccc(Cc2ccc(CSCCOC(=O)CCSCc3ccc(Cc4ccc(CSCCC(=O)OC)cc4)cc3)cc2)cc1,72.0,0.36622097,,,
1266330575,Cc1ccc(-c2cc(C(C)(C)C)c(Oc3ccc(N4C(=O)c5ccc(-c6ccc7c(c6)C(=O)N(C)C7=O)cc5C4=O)cc3)c(C(C)(C)C)c2)cc1,117.0,0.40434518,,,
1266599294,CCCCCCOC(=O)Nc1ccc(C)c(NC(=O)OC)c1,202.0,0.33765741,,,
1266997255,CCCOC(=O)c1ccccc1C(=O)OC,278.5,0.3271084,,,
1267165499,CNc1cccc(-c2cccc(/C=C/c3ccccc3)c2/C=C/c2ccccc2)c1NC,,0.35817163,,,
1267231154,CC(=O)Nc1cccc(NC(=O)c2ccc3c(c2)C(=O)N(c2cc(-c4nc5ccccc5s4)cc(N4C(=O)c5ccc(C)cc5C4=O)c2)C3=O)n1,235.0,0.36524921,,,
1267496441,CCCCCC(=O)N(C)CCCC,92.0,0.36869304,,,
1267767457,CCCCCCCCC(=O)OCCOC(=O)CCCCCCCC1OCC(COCC2COC(C)O2)O1,-2.553202642,,,,
1267983155,CCC(C)(COC)COCC(F)(F)C(F)(F)C(F)(F)C(F)(F)C(F)(F)C(F)(F)C(F)(F)F,,0.33988756,,,
1268212088,CNC1=C(/C=C/c2ccc(NC)cc2)C=C(Cc2ccccc2)C(N)(N)[C@@H]1Cc1ccccc1,143.0,0.34133831,,,
1268591883,CC(C)C(=O)OC(C)(C)C,12.73837737,,,,
1268903954,CCC1CCC(COC(=O)c2ccc(NC(=O)OC)cc2)CC1,148.8519878,,,,
1269165942,CCCOc1ccc(S(=O)(=O)c2ccc(OCCOP(=O)(OC)Oc3ccc(C)cc3)cc2)cc1,12.0,0.34896025,,,
1269399876,CCC(O)COc1ccc(S(=O)(=O)c2ccc(OC)c(C)c2)cc1C,381.5,0.35246453,,,
1269445005,CCC(=O)Nc1cccc2c(NC(=O)COc3ccc4ccccc4c3Sc3c(OC)ccc4ccccc34)cccc12,52.0,0.34427885,,,
1269889405,CCCCOc1ccc(Br)cc1C(C)CC,125.0,0.41686593,0.1493333333333333,1.214722149,12.90254496
1269952522,CNc1ccc2c(c1)-c1cc(NC)ccc1C2(c1ccccc1N)c1ccccc1N,,0.36757979,,,
1270138741,CNc1ccc2cc3ccccc3cc2c1-c1c(NC)ccc2cc3ccccc3cc12,110.0,0.35802001,,,
1270448600,CNc1ccccc1C1(c2cc(C)ccc2NC)CCCCC1,358.0,0.36301614,0.1493333333333333,,
1270893836,CCCCCCCCCCOC(=O)c1ccc(C(=O)NCCCCCCNC(=O)c2ccc(C(=O)OC)cc2)cc1,280.0,,0.259,,
1271079066,CCCCc1ccc(N(C)c2ccc(-c3ccc(C)cc3)cc2)cc1,282.0,0.43625228,,,
1271134038,COc1cccc2ccc(Oc3ccc(NC(=O)c4ccc(Oc5ccc(Oc6ccc(C(=O)Nc7ccc(C)cc7)cc6)cc5)cc4)cc3)cc12,-83.0,0.35493198,,,
1272587185,Cc1ccc(Oc2ccc(-c3cc(-c4ccccc4)c4cc5nc(C)cc(-c6ccccc6)c5cc4n3)cc2)cc1,254.5,0.42862349,0.259,,
1273620790,CCC(C)C(=O)OCCCCOc1ccc(N=Nc2ccc([N+](=O)[O-])cc2)cc1,342.0,0.35994367,,,
1274254712,CCC(O)COc1ccc(C(C)(C)c2ccc(OCC(O)COc3ccc(NC(=O)CCCC(=O)Nc4ccc(OC)cc4)cc3)cc2)cc1,93.0,0.3351735,,,
1275263414,CCCCCNC(=O)c1ccc(C(=O)NC)c(Oc2ccccc2)c1,46.0,0.33751561,,,
1275276173,COc1ccc(NC(=O)c2ccc(P(=O)(c3ccccc3)c3ccc(C(=O)Nc4ccc(Oc5ccc(P(=O)(c6ccccc6)c6ccc(C)cc6)cc5)cc4)cc3)cc2)cc1,116.0,0.37546944,,,
1275591013,CC(=O)c1ccc2c(c1)C(=O)N(c1ccc(-c3ccc(N4C(=O)c5ccc(C)cc5C4=O)c(C)c3)cc1C)C2=O,58.0,0.38954407,0.3105729,1.145826917,30.85058936
1275707146,COc1ccc(Oc2ccc(Oc3ccc(Oc4ccc(OC(=O)c5cccc(C(C)=O)c5)cc4)cc3)cc2)cc1,66.0,0.35576866,,,
1275832134,C/C=C/c1cc(CCCCCCCCCCCC)c(/C=C/c2ccc(C)cc2)cc1CCCCCCCCCCCC,188.0,,0.315,0.863597922,16.18461866
1276163646,CCCCCCCN(C(=O)C(F)(F)C(F)(F)C(F)(F)C(=O)N(C)C(C)C)C(C)C,117.0,0.35467829,,,
1276246944,COc1cc(NC(=O)Oc2ccc(C)cc2)ccc1-c1ccc(NC(=O)Oc2ccc(-c3nc(-c4ccc([N+](=O)[O-])cc4)[nH]c3C)cc2)cc1OC,202.0,0.36184068,,,
1276410560,Cc1ccc2c(c1)C(=O)N(c1ccc(NC(=O)C(F)(F)C(F)(F)C(F)(F)C(F)(F)C(F)(F)C(F)(F)C(=O)Nc3ccc(N4C(=O)c5ccc(C(C)(C(F)(F)F)C(F)(F)F)cc5C4=O)cc3)cc1)C2=O,,0.33986713,0.315,,
1276975260,CCCOc1cc(C(=O)OCCN(CCC)c2ccc(-c3nc4ccc([N+](=O)[O-])cc4o3)cc2)ccc1C(=O)OC,114.0,0.35306861,,,
1277787594,CCCCCCCOC(=O)Nc1ccc(C)c(NC(=O)OCCCCCCOc2ccc(-c3ccc(OC)cc3)cc2)c1,224.0,0.3490302,0.272492356,1.118434945,20.85561007
1277971955,CCC(C)(C)C#N,102.0,,0.146,0.912756425,16.28256988
1278963276,Cc1ccc(Oc2cccc(NC(=O)c3cc(C(=O)Nc4cccc(Oc5ccc(-c6nnc(C)o6)cc5)c4)cc(N4C(=O)c5c(Cl)c(Cl)c(Cl)c(Cl)c5C4=O)c3)c2)cc1,115.0,0.3655579,,,
1279775850,Cc1ccc(Oc2ccc(C3(c4ccc(Oc5ccc(N6C(=O)c7ccc(Oc8ccc(C9(c%10ccc(Oc%11ccc%12c(c%11)C(=O)N(C)C%12=O)cc%10)CCCCCCCCCCC9)cc8)cc7C6=O)cc5)cc4)CCC(C(C)(C)C)CC3)cc2)cc1,105.7,0.38480107,0.254842041,1.073893097,21.40172477
1280165390,CNc1ccc(-c2ccc(NC)c(OC)c2)cc1OC,235.0,0.33411517,,,
1280502593,CCCCCCCCOC(=O)c1ccc(-c2ccc(C(=O)OC)cc2)cc1,254.0,0.35177391,,,
1280563800,CCC(C)OC(=O)OCCC(F)(F)C(F)(F)C(F)(F)C(F)(F)C(F)(F)C(F)(F)F,286.0,0.32384943,0.1594999999999999,,
1282073595,COc1ccc(C(C)(C)c2ccc(Oc3ccc(C(=O)c4c(C(=O)c5ccc(C)cc5)c(-c5ccc(F)cc5)c(-c5ccc(F)cc5)c(-c5ccc(F)cc5)c4-c4ccc(F)cc4)cc3)cc2)cc1,12.0,0.40131849,,,
1282093980,CCCCCCCNC(=O)c1ccc(C2(C)CC(C)(C)c3ccc(C(=O)NC)cc32)cc1,381.5,0.35883552,0.232150722,1.041144622,19.63449193
1282732042,CC(=O)c1ccc2c(c1)C(=O)N(c1ccc(-c3nc(-c4ccccc4)nc(-c4ccc(N5C(=O)c6ccc(C)cc6C5=O)cc4)n3)cc1)C2=O,52.0,0.40912107,,,
1282744521,CNc1ccc(CC2=CC[C@H](Cc3ccc(NC)cc3)C=C2)cc1,96.5,0.34680076,,,
1283103305,CCC(Cc1cccc2ccccc12)C[Si](C)(C)C,119.0,0.37233408,,,
1283259076,CCCCCCCCc1ccc(C(C)CC)cc1,87.0,0.40676664,0.2674999999999999,0.86701632,11.37694228
1284040004,CNc1ccc([C@H]2[C@H](C)c3cc(NC)ccc3C2(C)C)cc1,358.0,0.36746212,,,
1284082821,CCC(O)COc1ccc(C(C)(C)c2ccc(OCC(O)COc3cccc(NC(=O)CCCCCC(=O)Nc4cccc(OC)c4)c3)cc2)cc1,-16.0,0.33816204,,,
1284164313,Cc1ccc(Oc2ccc(-c3nc4cc(Oc5ccc6nc(C)c(-c7ccccc7)nc6c5)ccc4nc3-c3ccccc3)cc2)cc1,254.0,0.41462508,0.2674999999999999,,
1285221061,CCCCCCCCN1C(=O)c2ccc(C(c3ccc4c(c3)C(=O)N(C)C4=O)(C(F)(F)F)C(F)(F)F)cc2C1=O,-49.0,0.3489851,,,
1285571721,CCC1CCCC(CNC(=O)CCCCC(=O)NC)C1,,0.33557048,,,
1285747694,CCCCCCCCCCCCCCCCCCCCCOC(=O)CCCCCCC(=O)OC,44.0,,0.3379999999999999,0.892806607,20.14069114
1286286715,CCN(CCOC(=O)C(C)(C)CC)c1ccc(N=Nc2nc3ccc([N+](=O)[O-])cc3s2)cc1,37.0,0.37343287,,,
1286574060,Cc1ccc(-c2ccc(-c3c(-c4ccccc4)nc4ccc(Oc5ccc6nc(-c7ccccc7)c(C)c(-c7ccccc7)c6c5)cc4c3-c3ccccc3)cc2)cc1,46.0,0.40808604,,,
1286616307,Cc1ccc(C2(c3ccc(-c4cc(-c5ccccc5)c5cc(C6(c7ccc8nc(C)cc(-c9ccccc9)c8c7)c7ccccc7-c7ccccc76)ccc5n4)cc3)c3ccccc3-c3ccccc32)cc1,132.5,0.44097468,0.3379999999999999,,
1286748689,COc1ccc(-c2ccc(-c3ccc(Oc4ccc(C(c5ccc(C)cc5)(C(F)(F)F)C(F)(F)F)cc4)c(C(F)(F)F)c3)cc2)cc1C(F)(F)F,264.0,0.37834788,,,
1286920787,CC=C(C#N)C(=O)OCCCCCCOC(=O)C(C#N)=Cc1ccc2c(c1)c1cc(C)ccc1n2CCCCCCCCCCCOc1ccc(C=Cc2ccc([N+](=O)[O-])cc2)cc1,47.0,0.36240665,,,
1287697682,Cc1ccc2cc(OC(=O)c3cccc(C(=O)Oc4ccc5cc(-c6nc7ccccc7nc6C)ccc5c4)c3)ccc2c1,17.0,0.37114739,,,
1287726377,COc1ccc(Oc2ccc(C(=O)c3ccc(C(=O)c4ccc(C)cc4)cc3)cc2)cc1,-45.0,0.37938549,,,
1287850309,CC=C(C)c1ccccc1C(F)(F)F,,0.41894641,,,
1287920729,Cc1ccc(Sc2cc3c(cc2Sc2ccc(N4C(=O)C5C6C=CC(C7C(=O)N(C)C(=O)C67)C5C4=O)cc2)C(=O)N(CCc2ccccc2)C3=O)cc1,107.0,0.38062067,,,
1288275829,COc1ccc(C(C)(C)c2ccc(Oc3ccc(C(=O)Nc4cccc(NC(=O)c5ccc(C)cc5)c4)cc3)cc2)cc1,180.0,0.36217731,,,
1288612893,CNc1ccc2c(c1)-c1ccc3c4ccc5c6c(ccc(c7ccc(c1c73)C2)c64)Cc1c(NC)cccc1-5,224.0,0.33775178,,,
1289045435,CNc1cc(C)c(-c2cccc(C)c2-c2cc(C)c(NC)cc2C)cc1C,365.0,0.37804144,,,
1289126534,CCCCC1(CCCNC(=O)CCCCC(=O)NC)c2ccccc2-c2ccccc21,,0.34825862,,,
1289234945,CCC(C)C(=O)OCCCCCCCOC(=O)c1ccc(OC(=O)c2ccc(C#N)cc2)cc1,105.0,0.35313837,,,
1289453744,CN=P(C)(OCC(F)(F)C(F)(F)C(F)(F)F)OCC(F)(F)C(F)(F)C(F)(F)F,-77.91107652,,,,
1290046924,COc1ccc(NC(=O)c2cc(NC(=O)CCCN3C(=O)c4ccccc4C3=O)cc(C(=O)Nc3ccc(C)cc3)c2)cc1,225.0,0.33591306,,,
1290159505,CC(=O)Nc1cccc2c(NC(=O)c3ccc4c(c3)C(=O)N(c3ccc(Oc5cccc6c(N7C(=O)c8ccc(C)cc8C7=O)cccc56)cc3)C4=O)cccc12,365.0,0.36744912,,,
1290242331,COc1ccc(C(=C(Cl)Cl)c2ccc(OC(C)=O)cc2)cc1,134.0,0.37391919,0.199949495,1.309864067,23.77172397
1290671546,CNc1ccc2c(c1)-c1ccccc1-c1cc(NC)ccc1-c1cc(N)ccc1-2,151.0,0.37663236,,,
1290806312,Cc1ccc(Oc2ccc3ccc(Oc4ccc(N5C(=O)CC(=O)N(C)C5=S)cc4)cc3c2)cc1,142.5,0.37149644,,,
1290822168,Cc1cc(N=Nc2ccc(C#N)cc2)cc(C)c1O,202.0,0.39563271,,,
1291515166,CCC(C)OC(=O)C1(F)C(F)(F)C(F)(F)C(F)(F)C(F)(F)C1(F)F,265.0,0.33243377,0.086,0.81190569,13.56949767
1291566068,CCCCCCCCCCCCC(=O)Oc1ccc(C(C)(C)c2ccc(OC(=O)c3ccc4c(c3)C(=O)N(C)C4=O)cc2)cc1,119.0,0.357058,,,
1291851819,CCCCCCCCCCCCCNC(=O)CCCCC(=O)NC,87.0,,0.3745,0.944709172,22.08425305
1292415850,CCCCCCC(C)=C(C)Cl,88.5,0.40438433,0.086,,
1292622955,CNc1ccc(/C=C/c2ccc(NC)c(C)c2C)cc1,275.0,0.35534148,,,
1293239198,C=c1cc2ccc3cc(=c4c5ccccc5c(=C)c5ccccc45)cc4ccc(c1)c2c34,437.49,,0.3745,,
1293974706,CNc1cc2c3ccccc3c3ccccc3c2c(NC)c1N,108.0,0.3316594,,,
1294053022,CC1C2CCC(C2)C1C,225.0,0.39273913,,0.859348965,14.8573309
1294362796,CCCCCCCCCCCCCCOC(=O)C(C)CC,44.0,,0.3215,0.867171478,11.51022625
1294421875,CCCCCCCOC(=O)OCCCOC(=O)OCCCCCCN1C(=O)c2ccc(C(=O)c3ccc4c(c3)C(=O)N(C)C4=O)cc2C1=O,37.0,0.33499957,,,
1294607317,COc1ccc(C(C)c2ccc(OC(=O)c3ccc(Oc4ccc(C(C)=O)cc4)cc3)cc2)cc1,76.95210942,,,,
1295002110,Cc1ccc2c(c1)C(=O)N(c1ccc(Sc3ccc(Sc4ccc(Sc5ccc(N6C(=O)c7ccc(C(C)(C(F)(F)F)C(F)(F)F)cc7C6=O)cc5)cc4)cc3)cc1)C2=O,190.0,0.38799659,0.3215,,
1295229741,CCCCCCCOC(=O)CCCCCCCCC(=O)OCCCCCCN1C(=O)c2ccc(S(=O)(=O)c3ccc4c(c3)C(=O)N(C)C4=O)cc2C1=O,355.0,0.34948634,,,
1295293979,CC1C(C)C2CC1C1C=CCC12,54.0,0.43220188,0.161458476,0.94806811,14.53842481
1295301974,CCC(C)C(=O)OCCOCC(F)(F)C(F)(F)C(F)(F)F,17.0,0.33448798,,,
1295510505,CCCC[Si](C)(C)O[Si](C)(C)CCCN1C(=O)c2ccc(C(=O)c3ccc4c(c3)C(=O)N(C)C4=O)cc2C1=O,-45.0,0.37495768,,,
1295536082,Cc1ccc(Oc2ccc(-c3ccc(Oc4ccc(N5C(=O)c6ccc(Oc7ccc(-c8ccc(Oc9ccc%10c(c9)C(=O)N(C)C%10=O)cc8)cc7)cc6C5=O)cc4)cc3)cc2)cc1,,0.36892515,,,
1295850561,CNc1ccc(CC(CC(C)(C)c2ccc(NC)cc2)=C(C)C)cc1,107.0,0.34957516,,,
1295880392,CNCCCNCCNCCCNC,243.0,0.33492047,,,
1296143576,CO[Si](C)(C)CCCN=C1C=CC(=NCCC[Si](C)(C)C)c2c(O)ccc(O)c21,165.0,0.39150617,,,
1296755065,Cc1ccc(C)nc1,322.0959561,,,,
1297415322,CCCCCCOP(C)(=NC)OCCCCCC,,0.4012116,,,
1297876567,Cc1ccc(Oc2ccccc2Oc2ccc(N3C(=O)c4ccc(-c5ccc6c(c5)C(=O)N(C)C6=O)cc4C3=O)cc2)cc1,61.0,0.36105469,0.29151673,1.252823634,26.10125056
1297972519,CCCCCCCCCCCCCCCCCC(=O)NC,15.38660594,,0.379,,
1298070198,CCCC(C)COC(=O)C(C)CC,390.0,,0.217,0.903896392,12.10743643
1298418799,CCOc1cc(C(C)=O)ccc1C(=O)NNC,207.5,0.33579349,,,
1298446728,Cc1ccc2c(c1)C(=O)N(c1ccc3c(c1)Cc1cc(N4C(=O)c5ccc(C(C)(C(F)(F)F)C(F)(F)F)cc5C4=O)ccc1-3)C2=O,145.0,0.40300966,0.379,,
1298577403,Cc1cccc(Oc2cccc(Oc3cccc(N4C(=O)C5C6C=CC(C7C(=O)N(C)C(=O)C67)C5C4=O)c3)c2)c1,151.0,0.37016836,0.217,,
1298805440,CCC(C)(C)C(=O)OCCC(C)(C)C,152.0,,0.1895,0.860835583,11.4609216
1299104612,CCC(C)C(=O)NCCCCCC(=O)O,220.0,0.30692904,0.2495,1.07691203,11.78404643
1299119036,CNc1ccccc1-c1ccc(NC(=O)c2ccc(C(C)=O)cc2)cc1,258.0,0.34525764,,,
1299451372,CNc1ccc2c(c1)C(C)(C)c1cc3cc4ccccc4c(NC)c3cc1-2,214.0,0.36945143,0.1895,,
1299554017,CCCCCCCCCCCCC(=O)NC,,0.37505502,0.3409999999999999,0.934153202,21.42021733
1299836604,CCCCCCCCCCCCCCCCCCCCCCOC(=O)C(C)CC,,,0.3585,0.846770802,13.56836556
1300048574,Cc1ccc2c(c1)C(=O)N(c1ccc(Oc3c(C(C)(C)C)cc(-c4ccc(N5C(=O)c6ccc(C(C)(C(F)(F)F)C(F)(F)F)cc6C5=O)cc4)cc3C(C)(C)C)cc1)C2=O,120.0,0.41772006,,,
1300127001,CCC1(C)CC(=O)OC1=O,143.854555,,0.3409999999999999,,
1300383951,CO[Si](C)(C)O[Si](C)(C)O[Si](C)(C)O[Si](C)(C)C#Cc1ccc(C#C[Si](C)(C)C)cc1,,0.46246248,0.3585,,
1300562294,COc1ccc(-c2ccc(OC(=O)c3ccc(C(C)=O)cc3Sc3ccc4ccccc4c3)cc2)cc1,225.0,0.35785251,,,
1300646660,Cc1ccc(Oc2ccc(-c3cccc(-c4ccc(Oc5ccc(-c6c7c(c(C)c8ccccc68)C(=O)N(c6ccccc6)C7=O)cc5)c(C(F)(F)F)c4)c3)cc2C(F)(F)F)cc1,299.0,0.38085344,,,
1300902354,CNc1ccc([C@H](C)c2ccc(C3(c4ccc([C@@H](C)c5ccc(NC)cc5C)cc4)CCCCC3)cc2)c(C)c1,167.0,0.37089997,,,
1300907784,CSc1ccc(C(=O)c2ccc(C(C)(C)c3ccc(C(=O)c4ccc(C)cc4)cc3)cc2)cc1,177.0,0.40938395,,,
1301068905,COC(COC(=O)c1ccc(C(C)=O)cc1)COc1ccc(N=Nc2ccc(C#N)cc2)cc1,151.5,0.35889758,,,
1301288779,CCC(C)OC(=O)C(C)(C)C,68.0,0.3821509,,,
1301620481,CNc1ccc2c(c1)C(c1ccc(C)cc1)(c1ccc(C)cc1)c1cc(NC)ccc1-2,54.0,0.38337526,,,
1301630790,Cc1ccc(Oc2ccc(-c3ccc(Oc4ccc(N5C(=O)c6ccc(Oc7ccc(C8(c9ccc(Oc%10ccc%11c(c%10)C(=O)N(C)C%11=O)cc9)CCCCCCCCCCC8)cc7)cc6C5=O)cc4)cc3C)c(C)c2)cc1,93.0,0.38784907,0.271126559,1.09791089,25.91346709
1301948076,CCOC(CC)C1C(=O)OC(=O)C1C,42.0,0.31032484,,,
1302310440,Cc1ccc(CCc2ccc(N3C(=O)C(=O)N(c4ccc(CCc5ccccc5N5C(=O)C(=O)N(C)C5=O)cc4)C3=O)cc2)cc1,,0.35446793,,,
1302453294,CNc1cccc(NC(=O)c2ccc(C(=O)Nc3cccc(NC(=S)NC(=O)CCCCCCCCC(=O)NC(C)=S)c3)cc2)c1,355.0,0.34740592,,,
1302563585,COS(=O)(=O)c1ccc(Oc2ccc(S(=O)(=O)Oc3ccc(C4(c5ccc(C)cc5)CCCCC4)cc3)cc2)cc1,149.9071313,,,,
1303245845,CNc1ccc(Cc2ccccc2-c2ccccc2-c2ccc(NC)cc2)cc1,84.0,0.35281368,,,
1304546254,CC=CC1CC(C)C2C(=O)N(CCCCCCC)C(=O)C12,240.0,0.36908283,,,
1305600405,CNc1c(N)c(O)c(C)c(O)c1NC,271.0,0.30904003,,,
1305829895,CCCCCCCCCNC(=O)C(OC)C(OC)C(=O)NC,61.0,0.3476494,,,
1306591589,COc1ccc(Oc2ccc(S(=O)(=O)c3ccc(-c4ccc(S(=O)(=O)c5ccc(C)cc5)cc4)cc3)cc2)cc1,175.0,0.36986468,,,
1307322805,Cc1ccc(Oc2ccc(Oc3ccc(NC(=O)c4cccc(Oc5ccc6c(c5)C(=O)N(C)C6=O)c4)cc3)cc2)cc1,233.0,0.35725183,,,
1307515193,Cc1ccc(NC2CC(=O)N(c3ccc(-c4sc(-c5ccc(N6C(=O)CC(Nc7ccc(-c8nc(C#N)c(C#N)nc8C)cc7)C6=O)cc5)c(-c5ccccc5)c4-c4ccccc4)cc3)C2=O)cc1,,0.40408501,,,
1307775698,CCCCC1(CCCNC(=O)c2cccc(C(=O)NC)c2)c2ccccc2-c2ccccc21,145.0,0.35132317,,,
1308167790,CC(=O)c1ccc2c(c1)C(=O)N(c1cccc(Cc3ccc(C(=O)c4cccc(N5C(=O)c6ccc(C)cc6C5=O)c4)cc3)c1)C2=O,-45.0,0.37344882,,,
1308663062,CN[C@@]12C3=CCc4ccccc4[C@]31C21[C@]2(NC)C3=CCc4ccccc4[C@@]312,68.0,0.35949556,,,
1308684557,COc1ccc(-n2on2-c2ccc(OC(=O)CCCCCCCCCCC(C)=O)cc2C)c(C)c1,50.67469492,,,,
1308745603,CCCCCCCCCCCCOC(=O)C(C)(C)CC,,,0.2665,0.876333907,11.1507459
1308822610,CNc1ccc([C@@]2(C)c3ccc(NC)cc3CC2(C)C)cc1,,0.36731857,,,
1308893158,Cc1ccc(-c2ccc(-c3cc(-c4ccc(-c5ccc(Oc6ccccc6)cc5)cc4)c4cc(-c5ccc6nc(C)cc(-c7ccc(-c8ccc(Oc9ccccc9)cc8)cc7)c6c5)ccc4n3)cc2)cc1,,0.38479819,,,
1309160623,CCCOC(=O)NNC(=O)CCCCCCCCC(=O)NNC(=O)OC,,0.3238941,0.2665,,
1309401144,Cc1cccc(S(=O)(=O)c2cccc(N3C(=O)c4ccc(Oc5ccc6c(c5)C(=O)N(C)C6=O)cc4C3=O)c2)c1,-104.0,0.36365297,,,
1310550432,CCC(OCC(C)C)C1(C)C(=O)OC(=O)C1(C)C,241.0,0.34284139,,,
1310881775,CC(=O)Oc1ccc(C(c2ccc(OC(=O)c3ccc4c(c3)C(=O)N(c3c(C)cc(-c5cc(C)c(N6C(=O)c7ccc(C)cc7C6=O)c(C)c5)cc3C)C4=O)cc2)(C(F)(F)F)C(F)(F)F)cc1,251.0,0.37721251,,,
1311329501,C[Se]c1c(Cl)c(Cl)c(C)c(Cl)c1Cl,213.0,0.39302909,,,
1311388075,CC(=O)c1ccc2c(c1)C(=O)N(c1ccc(C(=O)Nc3ccc(N4C(=O)c5ccc(C)cc5C4=O)cc3)cc1)C2=O,240.0,0.36650764,0.331274593,1.278260146,31.49922765
1311473361,COc1ccc(C(=Cc2cc(OC)c(C=C(c3ccc(C)cc3)c3ccc(C(F)(F)F)cc3)cc2OC)c2ccc(C(F)(F)F)cc2)cc1,394.0,0.3904137,,,
1312487500,CNC(CC(=O)OCc1ccccc1)C(C)=O,70.10647363,,,,
1312935547,CCC(C)C(=O)OCCCCCCCCCCCCOC(=O)c1ccc(OC(=O)c2ccc(C#N)cc2)cc1,45.0,0.3602016,,,
1313130081,COc1ccc(NC(=O)c2cc(NC(=O)C34CC5CC(CC(C5)C3)C4)cc(C(=O)Nc3ccc(C)cc3)c2)cc1,68.0,0.35628794,,,
1313149520,Cc1ccc(C(c2ccccc2)(c2ccc(N3C(=O)c4ccc(Oc5ccc6c(c5)C(=O)N(C)C6=O)cc4C3=O)cc2)C(F)(F)F)cc1,275.0,0.39310677,,,
1313165210,CNc1ccc(C2(c3ccc(NC)c(F)c3)c3ccccc3-c3ccccc32)cc1F,,0.37295561,,,
1313737543,CO[Si](C)(C)c1cccc(C(F)(F)C(F)(F)C(F)(F)c2cccc([Si](C)(C)C)c2)c1,42.0,0.39988791,,,
1313953255,CCC(CC(C)(C#N)C#N)c1ccc(Cl)cc1,63.0,0.39209317,,,
1314048322,C=Cc1c(NC)c(NC)cc2ccc3cc4ccccc4cc3c12,355.0,0.34315656,,,
1314252641,CCC(O)COc1ccc(C(=O)c2ccc(OCC(O)COc3ccc(C(C)(C)c4ccc(OC)cc4)cc3)cc2)cc1,219.0,0.34542983,,,
1314700598,CCCCCCCNC(=O)CCP(C)(=O)CCC(=O)NC,84.0,0.33988654,,,
1314710990,COc1ccc(C(C)(C)c2ccc(Oc3ccc(C(=O)Nc4ccc(-c5ccc(NC(=O)c6ccc(C)cc6)cc5C(F)(F)F)c(C(F)(F)F)c4)cc3)cc2)cc1,141.0,0.36383822,0.2685,1.198766828,27.69445684
1315123551,CO[Si](C)(C)O[Si](C)(C)Oc1c(C)cc(-c2cc(C)c(C)c(C)c2)cc1C,271.0,0.3890851,,,
1315505306,CCC(=O)c1cc(OC(=O)c2ccc(OCCCCCCCCOc3ccc(C(C)=O)cc3)cc2)ccc1OC,,0.35362648,,,
1315760893,C=C[C@H](c1ccc(Cc2ccc([C@@H](C=C)c3ccc(NC)cc3)cc2)cc1)c1ccc(NC)cc1,175.0,0.35508348,0.2685,,
1315872207,CCC(C)(C)C(=O)Oc1ccc(C(=O)C=Cc2ccc(Cl)cc2)cc1,15.0,0.3546963,,,
1316732452,COC(=O)OCCCCOC(=O)OC1COC2C(C)COC12,335.0,0.3180929,,,
1316887618,CCC(C)(C)C1=NC(C)(C)C(=O)O1,293.0,0.35497529,,,
1318130357,CC=CC1CC(C)C2C(=O)N(c3ccc(Br)cc3)C(=O)C12,257.0,0.39805684,,,
1318650528,CCCCC(C)C,146.0,0.40163185,,,
1318766747,CCCN(CCOC(=O)Nc1ccc(C)c(NC(=O)OC)c1)c1ccc(N=Nc2ccc(B(c3c(C)cc(C)cc3C)c3c(C)cc(C)cc3C)cc2)cc1,220.0,0.34069727,,,
1318838343,CNc1ccc(NC(=O)C=CC(C)=O)cc1,115.1255691,,,,
1319010024,CCC(C)c1cccc(NC(C)=O)c1,120.0,0.3447239,,1.037473199,12.26908267
1319112543,Cc1ccc(-c2c(-c3ccccc3)nc3ccc(-c4ccc5nc(-c6ccccc6)c(C)c(-c6ccccc6)c5c4)cc3c2-c2ccccc2)cc1,57.5,0.39774474,,,
1319321747,CCCCCCC1(CCCCCC)c2ccccc2-c2ccc(-c3ccc4c(c3)C(CCCCCC)(CCCCCC)c3cc(-c5ccc(C(C)CC)cc5)ccc3-4)cc21,250.0,0.40538104,,0.887288053,12.74028627
1319410597,COc1cccc(OC(=O)c2cc(C(C)(C)C)c(OC(=O)c3ccc(C(=O)Oc4c(C(C)(C)C)cc(C(C)=O)cc4C(C)(C)C)cc3)c(C(C)(C)C)c2)c1,135.2011857,,,,
1320165565,CNc1cc(C)c(C2(c3c(C)cc(NC)cc3C)c3ccccc3-c3ccccc32)c(C)c1,89.0,0.3801695,,,
1320607876,COc1ccc(C2(c3ccc(OC(=O)CCCC(C)=O)cc3)c3ccccc3-c3ccccc32)cc1,251.0,0.36266451,,,
1321017513,COc1ccc(-c2ccc(C(C)(C)c3ccc(-c4ccc(OC(C)=O)c(F)c4)cc3)cc2)cc1F,213.0,0.36767878,,,
1321194504,CCC(C)P(=O)(c1ccccc1)c1ccccc1,231.0,0.38231193,,,
1321346245,CCOCC1OC(C)C(OCC)C(OCC)C1OC,175.0,0.37498776,,,
1321681529,COc1ccc(OC(=O)c2cc(OCCCCCCOCC3CCCN3c3ccc([N+](=O)[O-])cc3)c(C(C)=O)cc2OCCCCCCOCC2CCCN2c2ccc([N+](=O)[O-])cc2)cc1,265.5,0.34952872,,,
1321705347,COP(=O)(Oc1ccccc1)OC(CCl)COc1ccc(S(=O)(=O)c2ccc(OCC(C)CCl)cc2)cc1,-52.6,0.35156893,,,
1321934906,COc1ccc(N=Nc2ccc(C)cc2)cc1,116.9759489,,,,
1322145207,COc1cc(C)cc(/C=N/c2ccc(C)cc2)c1C,-47.9,,0.215,0.9332806,24.66422713
1322304083,CNc1ccc(C(c2ccc(N)cc2)c2cccc(NC)c2)cc1,163.0,0.35836442,,,
1322409102,CCCCCCCCOC(=O)C(Cc1ccc(OC)cc1)NC(=O)CCc1ccc(OC(=O)CCCCCCC(C)=O)cc1,374.0,0.35829726,,,
1322812178,Cc1ccc(Oc2ccc(-c3ccc(Oc4ccc(N5C(=O)c6ccc(Oc7ccc8ccc(Oc9ccc%10c(c9)C(=O)N(C)C%10=O)cc8c7)cc6C5=O)cc4)cc3)cc2)cc1,63.0,0.36611158,0.215,,
1322899924,CCCCCCC(F)COc1ccc(C(=O)Oc2ccc(-c3ccc(OCCCCCCCCCCOC(=O)c4cc(C)sc4C)cc3)cc2)cc1,246.0,0.36606782,,,
1323119594,COC(=O)C(C)NC(=O)CCCCCC(=O)NC(C)C(=O)OC1COC2C(C)COC12,219.0,0.32870245,,,
1323225597,Cc1cccc(N2C(=O)c3cccc(Oc4ccc(S(=O)(=O)c5ccc(Oc6cccc7c6C(=O)N(C)C7=O)cc5)cc4)c3C2=O)c1,335.0,0.36430041,,,
1323245183,CNc1ccc(C)c(C)c1-c1c(NC)ccc(C)c1C,104.0,0.36698246,,,
1323525187,CCC(C)C(=O)OCCN(C)C,300.0,0.36492858,,,
1323609368,COc1cc(C=C(c2ccc(F)cc2)c2ccc3cc(C)ccc3c2)c(OC)cc1C=C(C)c1ccc(F)cc1,131.15,0.3940856,,,
1324036450,CNc1ccc(-c2cc(NC)ccc2-c2c(-c3ccccc3)ccc(-c3ccccc3)c2-c2ccccc2)cc1,56.0,0.36283476,,,
1324493760,CCc1cc(C2(c3cc(CC)c(NC)cc3CC)c3ccccc3-c3ccccc32)c(CC)cc1NC,15.0,0.38916158,,,
1325509753,CNc1ccc(C(=O)c2ccc(NC)cc2)cc1,335.0,0.337244965,,,
1325980765,CCC(C)(C)C(=O)OCCCCCC(=O)Oc1ccc(OC(=O)c2ccc(OC)cc2)cc1,293.0,0.3349532,,,
1326111661,CCCCC(CC)C(CCCC)COC(=O)c1ccc(C(=O)OC)cc1,,0.36856898,,,
1326151916,Cc1ccc(Cc2ccc(N3C(=O)CC(Nc4ccc(N(c5ccc(Nc6ccc([N+](=O)[O-])cc6)cc5)c5ccc(NC6CC(=O)N(C)C6=O)cc5)cc4)C3=O)cc2)cc1,-8.0,0.37796488,,,
1327742614,COc1ccc(S(=O)(=O)c2ccc(OC(=O)c3ccc([Si](c4ccccc4)(c4ccccc4)c4ccc(C(C)=O)cc4)cc3)cc2)cc1,180.0,0.37668952,,,
1328109466,CCCCC1CC(=O)N(C)C(=O)C1,151.0,0.32853402,0.23,1.09306772,17.92550338
1328279815,CCC(C)COC(=O)c1ccc(OC(=O)c2ccc(OCCCCCC[Si](C)(C)OC)cc2)cc1,120.0,0.36613468,,,
1328538029,CN=P(C)(OC)OC,57.5,0.33810683,,,
1329379844,CCC(C)OC(=O)C(F)(F)C(F)(F)C(F)(F)C(F)(F)C(F)(F)C(F)(F)C(F)(F)C(F)(F)C(F)(F)F,250.0,0.32895822,0.23,,
1329476125,CC(=O)Nc1ccc(Cc2ccc(NC(=O)c3ccc4c(c3)C(=O)N(c3ccc(S(=O)(=O)c5ccc(N6C(=O)c7ccc(C)cc7C6=O)cc5)cc3)C4=O)cc2)cc1,55.0,0.35825823,,,
1329795537,CCC(O)COC(=O)CCCCCCCCCCC(=O)OCC(O)COc1ccc(OC)cc1,70.0,0.34177602,,,
1329805417,CCCCc1cc(-c2cc(CCCC)c(-c3ccc(C)cc3)s2)sc1C,,0.49358329,,,
1330350980,CCC(O)COc1ccc(C(C)(C)c2ccc(OCC(O)COc3cccc(NC(=O)CCCCC(=O)Nc4cccc(OC)c4)c3)cc2)cc1,,0.34097584,,,
1330491095,COc1ccc(C(C)(C)c2ccc(OC(=O)Oc3ccc(Cc4ccc(OC(C)=O)cc4)cc3)cc2)cc1,49.0,0.35217052,,,
1330672528,CNc1nc(C)nc(NC)n1,40.0,0.3244865,,,
1330783970,CCCCCCCNC(=O)C(O)C(O)C(=O)NC,149.1553302,,,,
1330841310,CCCCCCCCCCCOC(=O)c1ccc(-c2ccc(C(=O)OC)cc2)cc1,-52.6,0.35720916,,,
1330844840,CCC(COCOCC(C)([N+](=O)[O-])[N+](=O)[O-])OC,250.0,0.44890128,,,
1331449531,CCCC(C(=O)OCC)C(C)C(=O)OCC,90.0,,0.2075,0.983422084,17.46362519
1332074394,Cc1ccc(N2C(=O)c3ccc(-c4ccc5c(c4)C(=O)N(C)C5=O)cc3C2=O)cc1,163.0,0.38387233,0.481624413,1.270230048,43.13790934
1332282841,CCC(C)C(=O)OCCCCCCCCCCCn1c2ccccc2c2ccccc21,370.0,0.36992924,,,
1332783697,COC(=O)OCC1OC(C)(C)OC1COC(=O)OC1COC2C(C)COC12,78.6,0.32749602,0.2075,,
1332933153,Cc1ccc([Si](C)(C)C)cc1,126.7080905,,,,
1333138019,CCOC(=O)C(Cc1ccc(OC)cc1)NC(=O)Cc1ccc(OC(=O)CCCC(C)=O)cc1,10.0,0.33525127,,,
1333183317,COc1ccc(C(C)=Nc2ccc(N=C(C)c3ccc(Oc4ccc(C(c5ccccc5)(c5ccccc5)c5ccc(C)cc5)cc4)cc3)cc2)cc1,207.0,0.38978483,,,
1333418832,CNc1ccc(-c2ccc3c4ccc(-c5ccc(NC)cc5)cc4c4ccccc4c3c2)cc1,103.0,0.34206693,,,
1333567417,CNc1ccc(C2(c3ccc(NC)cc3)C=C(C(C)C)C=C[C@@H]2C(C)C)cc1,127.5,0.37150212,,,
1333596225,CC(=O)c1ccc2c(c1)C(=O)N(c1ccc(-c3ccc(N4C(=O)c5ccc(C)cc5C4=O)cc3C)c(C)c1)C2=O,131.15,0.39115299,,,
1333610491,CNc1ccc(-c2ccc(NC)c(-c3ccccc3-c3cccc4ccccc34)c2)cc1,56.0,0.35656149,,,
1333766804,CCCCOCCCCOCCCN1C(=O)c2ccc(C(=O)Oc3ccc(-c4ccc(OC(=O)c5ccc6c(c5)C(=O)N(C)C6=O)cc4)cc3)cc2C1=O,48.0,0.33894182,,,
1333923150,CNCCCNCCCNC,-15.0,0.3265421,,,
1334743519,COc1ccc(C(c2ccc(Oc3ccc(C(=O)c4ccc(C(c5ccc(C(=O)c6ccc(C)cc6)cc5)(C(F)(F)F)C(F)(F)F)cc4)cc3)cc2)(C(F)(F)F)C(F)(F)F)cc1,,0.37426463,,,
1335169485,CCCc1ccc(C)c(Br)c1,341.0,0.40939985,,,
1335256384,COc1ccc(C(=O)NNC(=O)c2cccc(C(=O)NNC(=O)c3ccc(OC(=O)c4cccc(C(C)=O)c4)cc3)c2)cc1,22.0,0.33756272,,,
1335530924,CCC1CCC(c2ccc(NC(C)=O)cc2)(c2ccc(N3C(=O)c4ccc(C)cc4C3=O)cc2)CC1,231.0,0.37532282,,,
1335818219,CCCCCCCCCCCCc1ccc(C(C)CC)cc1,151.0,0.40128707,0.3035,0.85312948,11.9470464
1335837736,CC(=O)OCCN(CCOC(=O)c1ccc2c(c1)C(=O)N(c1cccc(N3C(=O)c4ccc(C)cc4C3=O)c1)C2=O)c1ccc(N=Nc2ccc(C)cc2)cc1,45.0,0.35543807,,,
1335930330,Cc1cccc(N2C(=O)c3ccc(Oc4cccc5c(Oc6ccc7c(c6)C(=O)N(C)C7=O)cccc45)cc3C2=O)c1,266.0,0.36724296,,,
1336441380,CCCCOC(=O)c1cccc(C(=O)OC)c1,,0.3342418,0.3035,,
1336532550,CCCN(C)C(=O)CCC(F)(F)C(F)(F)C(F)(F)C(F)(F)C(F)(F)C(F)(F)F,-52.64825421,,,,
1336700268,COc1ccc(-c2ccc(OC(=O)c3ccc(Oc4ccc(C5(c6ccc(Oc7ccc(C(C)=O)cc7)cc6)CCC(C(C)(C)C)CC5)cc4)cc3)cc2C)c(C)c1,385.0,0.37755445,,,
1336943329,CC(C)F,,0.33115728,,,
1336999615,CNc1ccc(-c2ccc(NC)c(Cc3ccccc3)c2Cc2ccccc2)cc1,70.0,0.35426981,,,
1337045352,CCCCCCCOC(=O)OCCCCCCCCCCOC(=O)OCCCCCCOc1ccc(C(=O)c2ccc(OC)cc2)cc1,,0.36434074,,,
1337142448,COc1ccc(NC(=O)c2ccc([Si](C)(C)c3ccc(C(C)=O)cc3)cc2)cc1,40.0,0.36897255,,,
1337289078,COc1ccc(S(=O)(=O)c2ccc(-c3ccc(C)cc3)cc2)cc1,16.0,0.37072306,,,
1337317565,CCC(C)(C)C(=O)O,324.0,0.2715841,,,
1337375382,CC(=O)Nc1ccc(Oc2ccc(NC(=O)c3ccc4c(c3)C(=O)N(c3ccc(S(=O)(=O)c5ccc(N6C(=O)c7ccc(C)cc7C6=O)cc5)cc3)C4=O)cc2)cc1,250.0,0.35862232,,,
1337675110,COc1ccc2ccc(Oc3ccc(C(=O)Nc4ccc(Oc5ccc(Oc6ccc(NC(=O)c7ccc(C)cc7)cc6)cc5)cc4)cc3)cc2c1,90.0,0.35681519,,,
1337696117,CCCCCCCCCCCCNC(=O)CCCCCCCCCCC(=O)NC,-9.0,0.37340882,0.389,,
1337772240,Cc1ccc(OC(=O)c2cccc(C(=O)Oc3ccc(C4(C)C(=O)Nc5c(Cl)cc(Cl)cc54)cc3)c2)cc1,-66.8,0.3679968,,,
1338251164,COC(COC(=O)c1ccccc1C(C)=O)COc1ccc(N=Nc2ccc(C#N)cc2)cc1,-18.0,0.35887152,,,
1338688328,CCC(C)(C)C(=O)OC(C)C(C)(C)C,324.0,0.3963458,0.1674999999999999,0.844615787,10.99075229
1339056719,Cc1cccc(N2C(=O)c3ccc(Oc4ccc(Oc5ccc(Oc6ccc7c(c6)C(=O)N(C)C7=O)cc5)cc4)cc3C2=O)c1,10.0,0.3655675,,,
1339302130,CCCCOC(=O)C(C)CC,122.3,,0.2075,0.952753315,12.71172021
1339379527,CC(C)=C(C)c1ccccc1,103.0,0.41349595,0.1674999999999999,,
1340249291,Cc1ccc2c(c1)C(=O)N(c1cccc(N3C(=O)c4ccc(C(C)(C(F)(F)F)C(F)(F)F)cc4C3=O)c1)C2=O,107.8,0.38859265,,,
1340852987,CCC(C)(C)C(=O)OCC[N+](C)(C)CCCCS(=O)(=O)O,220.0,0.45104433,0.2075,,
1341096524,CC=CC1CC(C)C2C(=O)N(CCCCCCCC)C(=O)C12,269.0,0.36926721,,,
1341187910,CCc1cccc(CNC(=O)CCCCC(=O)NC)c1,52.0,0.32740895,0.254557959,1.139825525,18.56226113
1341702533,CC=Cc1ccc(C=Cc2ccc3c(c2)Sc2cc(C)ccc2N3c2ccc(OCCCCCCCCCCCC)cc2)cc1,-15.0,0.3922989,,,
1341724908,CNc1ccc(Oc2ccc(C(c3ccc(Oc4ccc(NC)cc4)cc3)(C(F)(F)F)C(F)(F)F)cc2)cc1,191.0,0.34875187,,,
1341866550,CNc1cc(C)c(Cc2ccc(CCCCCCCCCCCCCCCCCc3ccc(Cc4c(C)cc(NC)cc4C)cc3)cc2)c(C)c1,341.0,0.35929695,,,
1342064373,COc1ccc(OC(=O)c2ccc(C(C)=O)cc2Sc2ccccc2)cc1-c1ccccc1,15.0,0.36668313,,,
1342174126,CC(=O)c1ccccc1-c1ccccc1C(=O)N1CCN(C)CC1,95.5,0.36072955,,,
1342666772,Cc1ccc(C(=O)c2ccc(-c3nc4cc(-c5ccc6nc(C)[nH]c6c5)ccc4[nH]3)cc2)cc1,300.9001313,,,,
1343284955,COC(=O)c1cc(N2C(=O)c3cc(C)c(Cl)cc3C2=O)cc(N2C(=O)c3cc(Cl)c(C(C)=O)cc3C2=O)c1,65.0,0.39142907,,,
1344066127,CCCCCCCCCCCOc1ccc(CCc2ccc(OC)cc2C)cc1,-49.0,0.3784776,,,
1344203582,CCCCCCCCCCCCc1cc(-c2ccc(-c3cc(CCCCCCCCCCCC)c(-c4ccc(C)cc4)s3)cc2)sc1C,,0.42148672,,,
1344237352,Cc1cc(C(c2cccc(C(F)(F)F)c2)c2cc(C)c(N3C(=O)c4ccc(Oc5ccc6c(c5)C(=O)N(C)C6=O)cc4C3=O)c(C)c2)cc(C)c1C,298.0,0.41905022,,,
1344927771,CCC(C)C(=O)OCCCOc1ccc(N=Nc2ccc([N+](=O)[O-])cc2)cc1,385.0,0.35935263,,,
1345021190,CCCCCCCCCOc1ccc(C=C2CCC(=Cc3ccc(OCCCCCCCCOP(=O)(OC)OCC)c(OC)c3)C2=O)cc1OC,,0.36323545,,,
1345501676,COc1ccc(CC(NC(=O)CCc2ccc(OC(=O)COCC(C)=O)cc2)C(=O)OCc2ccccc2)cc1,70.0,0.33379444,,,
1345670200,CCC(COc1ccc(C(C)(c2ccccc2)c2ccc(OC)cc2)cc1)OC(C)=O,,0.35362656,,,
1345726690,CCC#CCOC(=O)CCCCCCC(=O)OC,185.0,0.35175594,,,
1345866279,CO[Si](C)(C)c1ccc(C)cc1,80.0,0.39948933,,,
1345870350,Cc1ccc(Oc2ccc(C(=O)c3ccc(C(=O)c4ccc(Oc5ccc(-c6nc7ccccc7n6-c6ccc(-n7c(C)nc8ccccc87)cc6)cc5)cc4)cc3)cc2)cc1,180.0,0.3802456,,,
1345870546,CCCCCCCCCN1C(=O)c2ccc(C(c3ccc4c(c3)C(=O)N(C)C4=O)(C(F)(F)F)C(F)(F)F)cc2C1=O,312.0,0.35143027,,,
1346046576,COc1ccc(C(=O)OCCCCCCOC(=O)c2ccc(C)cc2)cc1,-52.0,0.35010483,,,
1346259301,CC=CC(C)C(C)C(=O)OCCN(C)c1ccc(N(C)C)cc1,321.0,0.37701058,,,
1346551249,CCC1(C)CCC(C)CC1,260.0,,0.164,,
1346729731,CNc1ccc2cc(NC)c(-c3cc4ccccc4c(N)c3N)cc2c1,36.0,0.34931736,,,
1346910233,CCCCCCCCCCCCCOc1ccc(N(c2ccccc2)c2ccc(-c3ccc(N(c4ccccc4)c4ccc(OC)cc4)cc3)cc2)cc1,264.1,0.39073827,,,
1347090486,CCCCCCCCCCCOC(=O)CCCCCCCCC(=O)OC,163.0,0.37098942,0.281,0.930218098,21.56106622
1347844859,Cc1ccc2c(c1)C(=O)N(c1cccc(S(=O)(=O)c3cccc(N4C(=O)c5ccc(C(C)(C(F)(F)F)C(F)(F)F)cc5C4=O)c3)c1)C2=O,102.0,0.37548521,0.150446539,1.336308485,20.89638432
1347977204,CCCOC(=O)CC(=O)OC,-90.52916041,,,,
1349126211,CCC(C)C(=O)Oc1cccc(C(=O)OC)c1,-13.0,0.33263806,0.281,1.206588234,15.68591994
1349202654,CCC1CCC(COC(=O)c2cccc(C(=O)OC)c2)CC1,220.0,0.35579865,,,
1349238031,CCCCCCCN1C(=O)c2ccc(C(=O)c3ccc4c(c3)C(=O)N(C)C4=O)cc2C1=O,269.0,0.34709523,,,
1349530452,COc1ccc(CC(NC(=O)CCc2ccc(OC(=O)CCCCCCC(C)=O)cc2)C(=O)OC(C)C)cc1,161.7,0.34605005,,,
1349559067,CCC(CS(=O)(=O)C(C)C)OC,281.0,0.37689062,,,
1349609988,CNc1c(N)n(C)c(NC)nc1=O,191.0,0.3003834,,,
1349614436,Cc1ccc2c(c1)C(=O)N(c1ccc(C(=O)Nc3ccc(Oc4ccccc4Oc4ccc(NC(=O)c5ccc(N6C(=O)c7ccc(C(C)(C(F)(F)F)C(F)(F)F)cc7C6=O)cc5)cc4)cc3)cc1)C2=O,39.0,0.35589538,,,
1349968586,CNC(=O)[C@H](CCC[C@H](N)C(=O)O)NC,270.0,0.29081425,,,
1350186524,Cc1cc(Cc2cc(C)c(N3C(=O)c4ccc(Oc5cc6ccccc6cc5Oc5ccc6c(c5)C(=O)N(C)C6=O)cc4C3=O)c(C)c2)cc(C)c1C,,0.38811935,,,
1350245180,CCC[C@H]1CC[C@H](/C=C/[C@H]2CC[C@H](CCCCC(c3ccc(NC)cc3)c3ccc(NC)cc3)CC2)CC1,108.0,0.3683838,,,
1350837084,CCC(C)(CC)C(=O)OC,227.0,0.3539173,,,
1350968415,CC1C(=O)N(CCCCCCCCOc2ccc(-c3ccc(C#N)cc3)cc2)C(=O)C1C,-49.0,0.35300767,,,
1352932501,CNc1ccc(-c2ccc(-c3cc(-c4ccc(NC)cc4)cc(-c4ccc(-c5ccc(N)cc5)cc4)c3)cc2)cc1,298.0,0.35536772,,,
1353112393,CCCCCCCCCCCNC(=O)CCCCCCCCCCCCCCCCCCCCC(=O)NC,261.0,,0.38825,0.884434958,21.19385371
1353148965,CNc1cc(NC)c2c3ccccc3c3ccccc3c2c1,127.0,0.33007057,,,
1353215039,Cc1cccc(Oc2ccc(P(=O)(c3ccccc3)c3ccccc3)c(Oc3cccc(N4C(=O)c5ccc(-c6ccc7c(c6)C(=O)N(C)C7=O)cc5C4=O)c3)c2)c1,84.0,0.3682581,,,
1354246474,CC(=O)Nc1ccc(C(c2ccc(NC(=O)c3ccc(N4C(=O)c5ccc(C)cc5C4=O)cc3C)cc2)(C(F)(F)F)C(F)(F)F)cc1,64.0,0.36478693,0.38825,,
1355319996,CC(=O)NCCN(CCNC(=O)c1ccc(N2C(=O)c3ccc(C)cc3C2=O)cc1)c1ccc(C=Cc2ccc([N+](=O)[O-])cc2)cc1,,0.33834048,,,
1355567925,COc1ccc(NC(=O)c2ccc(Oc3ccc(C(C)(C)c4ccc(C(C)(C)c5ccc(Oc6ccc(C(=O)Nc7ccc(Oc8ccc(-c9ccc(C)cc9)cc8)cc7)cc6)cc5)cc4)cc3)cc2)cc1,281.0,0.36733109,,,
1355819266,CNc1cccc(NC(=O)CCCCCCCCC(C)=O)c1,130.0,0.34121372,,,
1356052280,CCCOCCOCCOCCOc1ccc(/C=C(\C)c2ccc(OC)cc2)cc1,193.0,0.35954959,,,
1356279835,CCC(C)c1ccccc1Cl,,,0.1436666666666667,,
1356849537,Cc1ccc(N(c2ccc(N(C)C)cc2)c2ccc(N3C(=O)c4ccc(S(=O)(=O)c5ccc6c(c5)C(=O)N(C)C6=O)cc4C3=O)cc2)cc1,321.0,0.417039,,,
1356914950,Cc1cccc(N2C(=O)c3cccc(Oc4ccc(-c5ccc(Oc6cccc7c6C(=O)N(C)C7=O)cc5)cc4)c3C2=O)c1,-3.0,0.36636392,,,
1357039642,COc1ccc(S(=O)(=O)c2ccc(-c3ccc(S(=O)(=O)c4ccc(C)cc4)cc3)cc2)cc1,-19.2,0.37627805,0.1436666666666667,,
1357177247,Cc1ccc(-c2ccc(-c3ccc(-c4ccc(N(C)c5ccc(C)cc5)cc4)c4c(C)ccc(C)c34)c3c(C)ccc(C)c23)cc1,264.1,0.41844123,,,
1358109974,CNc1ccc(/C=C/c2cc(/C=C/c3ccc(N)cc3)cc(/C=C/c3ccc(NC)cc3)c2)cc1,,0.35610463,,,
1358861008,CC(=O)Nc1ccc(Oc2ccc(Oc3ccc(NC(=O)c4ccc5c(c4)C(=O)N(c4ccc(Oc6ccc(C7(c8ccc(Oc9ccc(N%10C(=O)c%11ccc(C)cc%11C%10=O)cc9)cc8)CC8CC7C7CCCC87)cc6)cc4)C5=O)cc3)cc2)cc1,,0.36692147,,,
1358943628,CCC(C)(F)C(=O)OC,76.0,0.3195917,,,
1359050753,C=CCC1=C(NC)c2c(NC)ccc3cccc(c23)[C@H]1CCCCC,110.0,0.3464462,,,
1359082710,Cc1ccc(Oc2ccc(C(c3ccc(Oc4ccc(-c5nnc(C)n5-c5cccc(C(F)(F)F)c5)cc4)cc3)(C(F)(F)F)C(F)(F)F)cc2)cc1,-38.0,0.38188218,,,
1359130105,Cc1cccc(N2C(=O)c3cccc(Oc4ccc(Oc5ccc(Oc6cccc7c6C(=O)N(C)C7=O)cc5)cc4)c3C2=O)c1,-17.0,0.36431938,,,
1359436093,CNc1ccc(-c2ccc(C)cc2)c(-c2ccc(C)cc2)c1NC,238.0,0.36465263,,,
1359594039,COc1ccc(C(=Cc2ccc(C)cc2)c2ccc(C(=Cc3ccc(N(C)c4ccccc4)cc3)c3ccc(OC)cc3)cc2)cc1,155.0,0.40199668,,,
1359687224,CCCCCCCCOC(=O)C(Cc1ccc(OC)cc1)NC(=O)CCc1ccc(OC(=O)CCC(C)=O)cc1,15.0,0.35002992,,,
1359872176,CCC(C)(C)C(=O)NC(=O)OC(C)COc1ccc(S(=O)(=O)c2ccc(OCC(C)O)cc2)cc1,,0.33219505,,,
1360256183,CCc1ccc(C(C)(C)c2ccc(CN3C(=O)c4ccc(C(c5ccc6c(c5)C(=O)N(C)C6=O)(C(F)(F)F)C(F)(F)F)cc4C3=O)o2)o1,275.0,0.35852465,,,
1361184303,CNc1ccc(C2(c3ccc(NC)c(-c4ccccc4)c3)c3ccccc3-c3ccccc32)cc1-c1ccccc1,282.0,0.379009425,,,
1361620762,CC=CC(C)C(C)C(=O)OC,42.5,0.36981772,,,
1361875495,COC(=O)C(C(=O)OC)c1cc(C)sc1C,-54.0,0.39850796,,,
1362818896,COc1ccc(C2(c3ccc(Oc4ccc(C(=O)c5ccc(Oc6ccc(C(=O)c7ccc(C)cc7)cc6)cc5)cc4)cc3)c3ccccc3-c3ccccc32)cc1,271.0,0.39211202,,,
1362829798,CCOP(=O)(C(C)CC)N(C)C,142.0,0.3661564,,,
1362985746,CC=NN(CCCC)c1ccc(S(=O)(=O)c2ccc(N(CCCC)N=Cc3ccc4c(c3)c3cc(C)ccc3n4CC)cc2)cc1,139.604302,,,,
1363453372,COc1ccc(Oc2ccc(NC(=O)c3cc(C(=O)Nc4ccc(C)cc4)cc(N4C(=O)c5c(Cl)c(Cl)c(Cl)c(Cl)c5C4=O)c3)cc2)cc1,315.5911196,,,,
1363602163,CCCCCc1ccc(-c2c(-c3ccccc3)cc(-c3cccc(-c4cc(-c5ccccc5)c(-c5ccc(C)cc5)c(-c5ccccc5)c4-c4ccccc4)c3)c(-c3ccccc3)c2-c2ccccc2)cc1,127.0,0.39697678,,,
1364091804,CCC(C)(C)C(=O)OCCCCCCCCCCOc1ccc(N=Nc2ccc(C#N)cc2)cc1,46.0,0.37216814,,,
1364709079,CO[Si](C)(C)O[Si](C)(C)O[Si](C)(C)c1ccc([Si](C)(C)C)cc1,64.0,0.438999,,,
1365155281,CC#Cc1cccc(C#C[SiH](C)c2ccccc2)c1,48.0,0.45724186,,,
1365375368,CCC(C)C(=O)Oc1cc(C)cc(C)c1,281.0,0.36603281,,,
1365608843,CCCCCCCNC(=O)C(OC)C(OC)C(=O)NC,134.0,0.33568737,,,
1365694834,CCCCCCCCC(=O)OCC1COC(C)O1,265.0,0.35131956,,,
1365820335,CC1OCCCC1C1C(=O)OC(=O)C1C,,0.31521835,,,
1365848174,Cc1ccc(-c2nc3cc4nc(-c5ccccc5)c(C)nc4cc3nc2-c2ccccc2)cc1,-9.0,0.51398194,,,
1365937405,CCC(OC(C)C)C1C(=O)OC(=O)C1C,43.0,0.31948862,,,
1366065674,Cc1ccc(Oc2ccc(C(=O)c3ccc(Oc4ccc(N5C(=O)c6ccc(Oc7ccc8c(c7)C(=O)N(C)C8=O)cc6C5=O)cc4)cc3)cc2)cc1,32.0,0.36983712,,,
1366196353,CNc1ccc(-c2ccc(NC)cc2-c2cccc3ccccc23)c(-c2cccc3ccccc23)c1,,0.35926745,,,
1366250569,CCCCCCCCCCCCCOC,,,0.4307499999999999,0.85333452,24.21423422
1366419204,CNc1ccc(C2(c3ccc(NC)c(C)c3)c3cc(-c4ccccc4)ccc3-c3ccc(-c4ccccc4)cc32)cc1C,180.0,0.3801140149999999,,,
1366538369,COc1ccc(OC(=O)c2ccc(NC(=O)c3ccc(C(C)=O)cc3)cc2)cc1,176.5386789,,,,
1366987461,CNc1ccc(C(=CCC(C)(c2ccc(N)cc2)c2ccc(NC)cc2)c2ccc(N)cc2)cc1,355.0,0.35500045,0.4307499999999999,,
1367013502,CN=P(C)(OCCOCCOC)OCCOCCOC,85.0,0.35370177,,,
1367398148,CCCCOC(=O)OC,177.0,0.31917204,,,
1367679735,CCC1CCC(COP(=O)(N=Nc2ccc(C(=O)c3ccc(N=NP(=O)(OC)OC)cc3)cc2)OC)CC1,110.0,0.36569586,,,
1367828072,CCC(C)(C)C(=O)Oc1ccc(OCc2ccccc2)cc1,7.5,0.34318377,,,
1367832773,Cc1ccc(N(c2ccccc2)c2ccc(N3C(=O)c4ccc(S(=O)(=O)c5ccc6c(c5)C(=O)N(C)C6=O)cc4C3=O)cc2)cc1,119.0,0.41550047,,,
1367879345,CCCSC(=O)CCCCC(=O)SC,-21.91188888,,,,
1368560795,CNc1ccc2c(-c3ccccc3)c3cc(NC)ccc3c(-c3ccccc3)c2c1,275.0,0.36152182,,,
1369201997,CC(=O)NC1CCC(CC2CCC(NC(=O)c3ccc(N4C(=O)c5ccc(C)cc5C4=O)cc3)CC2)CC1,282.0,0.3545699,0.308291763,1.133082066,28.28450564
1369478865,CCC(C)S(=O)c1ccccc1,137.9705527,,,,
1369988926,COc1ccc(C(C)(C)c2ccc(Oc3ccc(C(=O)c4ccc(C(=O)c5ccc(C)cc5)cc4)cc3)cc2)cc1,,0.38241921,,,
1370170679,CCC(CC)(c1ccc(OC)cc1)c1ccc(OC(=O)c2ccc(C(C)=O)cc2)cc1,257.0,0.36895658,,,
1370228225,CCCCCC(c1ccc(O)cc1)C(C)c1ccc(O)cc1C,142.0,0.35379237,,,
1370311648,COc1cccc(NC(=O)c2ccc(C(c3ccc(C(=O)Nc4ccc(C)cc4)cc3)(C(F)(F)F)C(F)(F)F)cc2)c1,157.6228264,,,,
1370577687,CCC(C)C(=O)NCC(N)=O,185.0,0.24561261,,,
1370610727,CCCCC=C(C)c1ccccc1,238.0,0.38339331,,,
1370707470,CCCN(C)CC[Si](C)(C)C,,0.41091348,,,
1370747504,CCCCCCCNC(=O)CCCCCCCCCCCCC(=O)NC,95.3,,0.355,0.933728856,22.40485025
1370904651,COc1ccc(C(c2ccc(OC(C)=O)cc2)C2C3CCC(C3)C2c2ccccc2)cc1,48.0,0.36998662,,,
1371045959,CC1CC2CC1C(C)C2C,73.0,0.40953416,0.171048226,0.898563014,14.97922281
1372092396,COc1ccc(C(C)(C)c2ccc(OC(=O)c3ccc(C(C)=O)cc3)c(Cl)c2)cc1Cl,134.0,0.37511386,0.355,,
1372197295,COc1c(C)cc(C)cc1C,275.0,,,0.945927386,16.3810139
1372357517,CCCCCCCOC(=O)OC,,0.34844798,,,
1373042522,CCCCCCOC(=O)C(Cc1ccc(OC)cc1)NC(=O)CCc1ccc(OC(=O)CCCC(C)=O)cc1,231.0,0.34700053,,,
1373216700,CNc1ccc2c(c1)C1(c3cc(N)ccc3-2)c2cc(N)ccc2-c2ccc(NC)cc21,32.0,0.38294109,,,
1373295279,CCC[C@H](CCCCC(c1ccc(N)cc1)c1ccc(N)cc1)C(c1ccc(NC)cc1)c1ccc(NC)cc1,,0.35865315,,,
1373519109,CCC(C)COC(=O)c1ccc(OC(=O)c2ccc(OCCCCCCCCC(CC)OC)cc2)cc1,-0.17829817,,,,
1373716942,CCCCCCCCCCCCOC(=O)C(Cc1ccc(OC)cc1)NC(=O)CCc1ccc(OC(=O)CCCCC(C)=O)cc1,180.0,0.36106386,,,
1373795866,CNc1ccc(-c2ccc(-c3ccc(-c4ccc(NC)cc4)c4ccccc34)c3ccccc23)cc1,-64.8,0.36481305,,,
1375025595,CC[Si](C)(c1ccc(OC(C)=O)cc1)c1ccc(OC(=O)c2ccc(C)s2)cc1,-62.0,0.3789267,,,
1375441577,CN/N=N\c1ccc2ccccc2c1-c1c(/N=N/NC)ccc2ccccc12,85.0,0.36086898,,,
1375874201,CNC1=CC=C(C2(c3ccc(NC)cc3)CCCCC2)CC=C1,54.0,0.35363223,,,
1376051647,CCC(C)(C)C(=O)Oc1cccc(C)c1C,106.0,0.36564325,,,
1376172701,CNc1ccc(C(C)(CCc2cc(NC)ccc2-c2ccc(N)cc2C)c2ccc(N)cc2)cc1,-23.0,0.36703698,,,
1376684295,COc1ccc(NC(=O)c2ccc(Oc3ccc(C(=O)Nc4ccc(C)cc4)cc3)cc2)cc1,395.0,0.35061579,,,
1376982255,CCCCCCCCCCCC(=O)Nc1ccc(Oc2cccc(NC(=O)CCCCCCCCCCN3C(=O)c4ccc(C(=O)c5ccc6c(c5)C(=O)N(C)C6=O)cc4C3=O)c2)cc1,142.0,0.34938578,,,
1377024014,CC(=O)NNC(=O)c1ccc(C)nc1,135.1836518,,,,
1377176379,Cc1ccc(C2(c3ccc(-c4nnc(C)o4)cc3)OC(=O)c3ccccc32)cc1,,0.4359793,,,
1377849521,CCC(C)c1ccc(COCCO)cc1,,0.34743668,,,
1378439616,CCCCCCC(=O)Nc1ccc(NC(=O)CCCCCN2C(=O)c3ccc(C(=O)c4ccc5c(c4)C(=O)N(C)C5=O)cc3C2=O)cc1,22.0,0.33248324,,,
1378483093,Cc1ccc(Oc2ccc(Oc3ccc(Oc4ccc(-c5nc6ccc(-c7ccc8nc(C)c(-c9ccccc9)nc8c7)cc6nc5-c5ccccc5)cc4)cc3)cc2)cc1,,0.39796101,,,
1378557946,CN[C@H]1CC[C@H](C[C@H]2CC[C@H](NC)[C@@H](C)C2)C[C@@H]1C,,0.36416977,,,
1378818444,CNc1ccc(C(Cc2ccccc2)(Cc2ccccc2)c2ccc(NC)cc2)cc1,-81.0,0.36110645,,,
1379119982,CCCCCCOc1cc(C=CC2=C(C#N)C(=C(C#N)C#N)OC2(C)C)ccc1OCCCCCCOC(=O)C(C)(C)CC,-17.7,0.37360953,,,
1379290572,COc1ccc(NC(=O)Nc2ccccc2CCc2ccccc2NC(=O)Nc2ccc(C)cc2)cc1,120.0,0.35119431,,,
1380589062,CCOc1ccc(OC(=O)c2ccc(OCCCCCCCCCCCOC(C)CC)cc2)cc1,95.3,0.36990497,,,
1380807593,Cc1ccc(Oc2ccc(C(=O)c3cccc(C(=O)c4ccc(Oc5ccc(N6C(=O)c7ccc(Oc8ccc9c(c8)C(=O)N(C)C9=O)cc7C6=O)cc5)cc4)c3)cc2)cc1,127.5,0.36329439,,,
1381195647,Cc1ccc(NC2CC(=O)N(c3ccc(Cc4ccc(N5C(=O)CC(Nc6ccc(-c7nc(-c8ccc(C=Cc9ccc([N+](=O)[O-])cc9)cc8)[nH]c7C)cc6)C5=O)cc4)cc3)C2=O)cc1,274.0,0.37470794,,,
1381337604,COc1ccc(C(=Cc2ccc(-c3ccc(C=C(c4ccccc4)c4ccc(OC(=O)CCCCC(C)=O)cc4)cc3)cc2)c2ccccc2)cc1,126.0,0.37196915,,,
1381529897,CCC(C)(C)C(=O)OCCNC(C)(C)C,275.0,0.36999858,0.184,0.899956342,11.94476747
1382189340,CCCC=C(C)C(C)C,380.0,0.40099098,,,
1382529497,CO[Si](C)(C)O[Si](C)(C)C#Cc1ccc(C#C[Si](C)(C)C)cc1,160.0,0.4683381,,,
1382532575,CNc1ccc(C2=CC[C@](NC)(c3ccccc3)C=C2)cc1,180.0,0.343948335,0.184,,
1382706123,COc1c(F)c(F)c(S(=O)(=O)c2c(F)c(F)c(Oc3ccc(C(c4ccc(C)cc4)(C(F)(F)F)C(F)(F)F)cc3)c(F)c2F)c(F)c1F,25.0,0.36236981,,,
1382769983,CNc1cccc2c1OC1(Oc3c(cccc3NC)C=C1C)C(C)=C2,,0.35078115,,,
1383097828,CCC(C)(C)C(=O)OC(F)(F)C(F)(F)C(F)(F)C(F)(F)C(F)(F)C(F)(F)C(F)(F)C(F)(F)F,,0.32884638,0.084,1.517768128,12.13515797
1383379124,COc1ccc(CC(NC(=O)CCc2ccc(OC(=O)CCCCC(C)=O)cc2)C(=O)OCC(C)C)cc1,,0.34693865,,,
1383381631,CNc1ccc(C2(c3ccc(NC)cc3)c3ccccc3-c3cccc(N)c32)cc1,-64.8,0.368668165,,,
1383628967,CC(=O)c1ccc(Oc2ccc(N3C(=O)c4ccc(C)cc4C3=O)cc2)cc1,37.0,0.36913731,0.084,,
1384565570,CCCCCCCCCOc1ccc(CCc2ccc(OC)cc2C)cc1,196.0,0.37561448,,,
1385095283,CNc1cccc2c1-c1ccc(NC)c3cccc-2c13,350.0,0.33425976,,,
1385421838,CCCCCCCCCCCCCNC(=O)CCCCCCCCCCCCCCCCCCCCC(=O)NC,190.0,,0.3944285714285714,0.881825572,22.00194528
1386193418,CCC(c1ccc(N)cc1)(c1ccc(NC)cc1)c1ccc(NC)cc1,212.0,0.36099654,,,
1386252295,CCC(CS(=O)(=O)CC)OC,-42.0,0.36974777,,,
1386318462,Cc1ccc(Oc2ccc(C(c3ccc(Oc4ccc(-c5nc(-c6ccccn6)nnc5C)cc4)cc3)(C(F)(F)F)C(F)(F)F)cc2)cc1,50.0,0.39042731,0.3944285714285714,,
1386480271,CCC(C)n1c2ccccc2c2cc3ccccc3cc21,43.0,0.38102074,,,
1386834034,CCCCCCCCCCCCCCCCCOC(=O)NCc1ccc(CNC(=O)OC)cc1,182.0,0.36337534,,,
1387274327,COC(C)C(=O)NC(C)C(C)=O,,0.33069722,,,
1387462410,CCCN(C)C(=O)c1ccccc1F,49.0,0.34924662,,,
1387601413,CCCN(CCNC(=O)c1ccc2c(c1)C(=O)N(C)C2=O)c1ccc(C=Cc2ccc([N+](=O)[O-])cc2)cc1,,0.34587663,,,
1387608181,CCCCCCCCCCCCCCCCCCCCC(C)CC,21.77937998,,0.4019999999999999,,
1387610033,CNc1ccccc1NC(=O)c1ccc(C(C)=O)cc1,231.8080905,,,,
1387678477,Cc1ccc(-c2cnc3cc4ncc(C)nc4cc3n2)cc1,,0.44896941,,,
1387768222,COc1ccc(S(=O)(=O)c2ccc(Oc3ccc(C(C)(C)c4ccc(C)c([N-][N+]#N)c4)cc3[N-][N+]#N)cc2)cc1,181.1592195,,0.4019999999999999,,
1388155176,CNc1ccc2c(c1NC)Cc1ccccc1C2,,0.3459074,,,
1388167094,CC1c2cccc3cccc(c23)C1C,127.5,0.40696221,,,
1388289215,CCCCCNC(=O)C(=O)NC,274.0,0.29824188,,,
1388694213,CCC(C)(F)C(=O)OCC(F)(F)C(F)(F)C(F)(F)C(F)(F)C(F)(F)C(F)(F)C(F)(F)F,-98.70472035,,,,
1388851619,CCCC1(CCC)c2c(NC)cccc2-c2cccc(NC)c21,47.0,0.36616885,,,
1388941962,COP(=O)(Oc1ccc([N+](=O)[O-])cc1)Oc1ccc(S(=O)(=O)c2ccc(C)cc2)cc1,380.0,0.35035156,,,
1389124790,Cc1cccc(S(=O)(=O)c2cccc(N3C(=O)c4ccc(Oc5ccc(Sc6ccc(Oc7ccc8c(c7)C(=O)N(C)C8=O)cc6)cc5)cc4C3=O)c2)c1,46.0,0.36721228,,,
1389236508,CCC(C)(C)C(=O)OC(COc1cc2ccccc2c2ccccc12)COc1cc2ccccc2c2ccccc12,200.0,0.34422999,,,
1389502780,CNc1ccc2cc3c(NC)cccc3cc2c1,263.0,0.3412073,,,
1389796975,COc1ccc(-c2ccc(Oc3ccc(C(=O)c4ccccc4-c4ccccc4C(=O)c4ccc(C)cc4)cc3)cc2)cc1,,0.37420624,,,
1389935777,CCC(C)C(=O)NC,,0.31352975,,,
1390124643,Cc1cc(-c2cc(C)c(N3C(=O)c4ccc(S(=O)(=O)c5ccc6c(c5)C(=O)N(C)C6=O)cc4C3=O)c(C)c2)cc(C)c1C,392.0,0.39879809,,,
1390426236,CCC(C)c1cccc(OC(C)=O)c1,232.0,0.34951316,,1.002961799,14.19064142
1390442930,CCCCCCCCC(CC)COC(=O)NC(=O)c1cccc(C(=O)NC(=O)OC)c1,37.0,0.33456199,,,
1390880036,COc1ccc(-c2ccc(OC(=O)/C=C/c3ccc(/C=C/C(C)=O)cc3)cc2)cc1,208.0,0.34195777,,,
1390904524,CCC(C)(C)C(=O)OCC1CC(NC(=O)OC(C)(C)C)CN1C(=O)OC(C)(C)C,120.0,0.36053611,,,
1391196204,CCCCSC(C)CC,,0.42462566,,,
1391471000,Cc1ccc(Oc2ccc(C(=O)c3ccc(Oc4ccc(-c5c6c(c(C)c7ccccc57)C(=O)N(c5ccccc5C(F)(F)F)C6=O)cc4)cc3)cc2)cc1,41.0,0.38249401,,,
1391471674,CNNC(=O)c1cc(NC(=O)c2ccc3c(c2)C(=O)N(c2ncccc2C)C3=O)cc(C(=O)NNC(=O)CCCC(C)=O)c1,114.0,0.3253017,,,
1391761944,CCc1cc(C(C)(C)C)cc(C)c1O,104.0,0.40309705,,,
1392013159,CC(=O)c1ccc2c(c1)C(=O)N(c1ccc(-c3ccc(N4C(=O)c5ccc(C)cc5C4=O)cc3)cc1)C2=O,112.0,0.37421287,0.374004427,1.240794321,31.25412886
1392018017,Cc1ccc2c(c1)C(=O)N(c1ccc(-c3ccc(-c4ccc(N5C(=O)c6ccc(C(C)(C(F)(F)F)C(F)(F)F)cc6C5=O)cc4)cc3)cc1)C2=O,302.652739,,,,
1392118578,CCCCCCCCCOC(=O)CCCCCNC(=O)c1ccc(C(=O)NCCCCCC(=O)OC)cc1,193.0,,0.276,,
1392601033,CNc1ccc(C(=C(c2ccc(N)cc2)c2ccc(NC)cc2)c2ccc(N)cc2)cc1,49.0,0.36763505,,,
1393144437,CCCOC(=O)c1ccc(C2(C)CC(C)(C)c3ccc(C(=O)OC)cc32)cc1,56.0,0.36910231,,,
1393145054,Cc1ccc2c(c1)C(=O)N(c1ccc(Cc3ccc(N4C(=O)c5ccc(C(C)(C)CCCCC(C)(C)C)cc5C4=O)cc3)cc1)C2=O,76.0,0.36933669,0.276,,
1393359836,CC(=O)Nc1ccc(Sc2ccc(NC(=O)c3ccc4c(c3)C(=O)N(c3ccc(Oc5ccc(C6(c7ccc(Oc8ccc(N9C(=O)c%10ccc(C)cc%10C9=O)cc8)cc7)NC(=O)c7ccccc76)cc5)cc3)C4=O)cc2)cc1,297.0,0.36914488,,,
1393430812,CNc1ccc(CC[C@H](c2ccccc2)c2ccc(NC)cc2)cc1,-12.0,0.34550971,,,
1394137835,CO[Si](C)(C)c1ccc2cc3cc([Si](C)(C)C)ccc3cc2c1,127.0,0.407332,,,
1394335529,CCCCCCCCCCCCCCCCCCCCCCCOC(=O)CC(CC(=O)OC)c1ccccc1,-20.0,,0.354,,
1394769597,CNc1ccc2ccc3c4ccccc4ccc3c2c1NC,260.0,0.34015504,,,
1394885564,Cc1ccc(-c2ccc(C(C)(C(F)(F)F)C(F)(F)F)cc2)cc1,57.0,0.38907083,,,
1394969707,COC(COC(=O)c1ccc(C)cc1C(C)=O)COc1ccc(N=Nc2ccc(C#N)cc2)cc1,224.0,0.3633577,0.354,,
1395351360,COc1cccc2ccc(Oc3ccc(NC(=O)c4ccc(Oc5ccc(C(C)(C)c6cccc(C(C)(C)c7ccc(Oc8ccc(C(=O)Nc9ccc(C)cc9)cc8)cc7)c6)cc5)cc4)cc3)cc12,253.0,0.36813986,,,
1395602302,COc1ccc(C(=O)c2ccc(C)cc2)cc1,47.0,0.37786189,0.276789879,1.182134646,25.66079856
1395946154,Cc1ccc(C(c2ccc(C#N)cc2)c2ccc(N(C)c3ccc(C)cc3)cc2)cc1,57.65,0.45124557,,,
1396011418,COc1ccc2c(c1)C(C)(c1ccc(OC(C)=O)cc1)CC2(C)C,109.0,0.37135373,,,
1396173463,CC[C@@H]1OC(=O)C[C@@](O)(CC(N)(N)C(N)(/C=C(\C)[C@H]2OC(=O)CC/C=C(\C)[C@H](C)[C@H](O)[C@H](C)[C@H](OC(=O)NC)/C=C\C=C/[C@@H]2C)NC)[C@@H]1C,154.0,0.30358477,,,
1396280832,CNc1ccc2c(c1)-c1cc(NC)ccc1C2(C)C,169.9,0.36307576,,,
1396448482,CNc1ccc(CCc2cc3ccc2CCc2ccc(c(CCc4ccc(NC)cc4)c2)CC3)cc1,312.0,0.35371722,,,
1396499237,CNc1ccc([C@]23C[C@@]4(c5ccc(N)cc5)C[C@](c5ccc(N)cc5)(C[C@](c5ccc(NC)cc5)(C4)C2)C3)cc1,,0.37559858,,,
1397085325,CNc1cc(C)c(Cc2ccc(CCCCCCc3ccc(Cc4c(C)cc(NC)cc4C)cc3)cc2)c(C)c1,392.0,0.35526555,,,
1397226441,Cc1ccc(Oc2ccc(N3C(=O)c4ccc(Oc5ccc(C6(c7ccc(Oc8ccc9c(c8)C(=O)N(C)C9=O)cc7)CCCCCCCCCCC6)cc5)cc4C3=O)cc2)cc1,,0.37598187,,,
1397367740,CO[Si](C)(C)CCCCCCOC(=O)C(C)Oc1ccc(OC(=O)c2ccc(-c3ccc(OCCCCCCCCCC[Si](C)(C)C)cc3)cc2)cc1[N+](=O)[O-],,0.37268989,,,
1397495008,Cc1ccc(Oc2ccc(Oc3ccc(-c4cnc5ccc(-c6ccc7nc(C)cnc7c6)cc5n4)cc3)cc2)cc1,250.0,0.38737398,,,
1397532955,CCC(F)(F)C1(F)CC(CC(O)(C(F)(F)F)C(F)(F)F)CC1C,120.0,0.32389296,,,
1397660267,CCCOC(=O)c1ccc(-c2ccc(-c3ccc(C(=O)OC)cc3)cc2)cc1,139.0,0.34358239,,,
1397915827,CNCCC[Si](C)(C)O[Si](C)(C)CCCNC,154.0,0.37320765,,,
1397995354,Cc1ccc(Oc2ccc(Sc3ccc(Oc4ccc(N5C(=O)c6ccc(Oc7ccc(Oc8ccc9c(c8)C(=O)N(C)C9=O)cc7)cc6C5=O)cc4)cc3)cc2)cc1,114.0,0.36490067,,,
1398649969,CCCCCCCCCCCCCCCc1cc(C)sc1C,231.0,,0.3742499999999999,0.902739983,16.04613034
1399574805,CCCCCCCN(C)C(=O)CCCC(=O)N(C)C,112.0,0.35107943,,,
1399918189,Cc1ccc(Oc2ccc(C(=O)c3ccc(Oc4ccc(-c5c6c(c(C)c7ccccc57)C(=O)N(c5ccccc5-c5ccccc5)C6=O)cc4)cc3)cc2)cc1,,0.38081371,,,
1399962717,Cc1cccc(S(=O)(=O)NCCCCNS(C)(=O)=O)c1,193.0,0.33938166,0.3742499999999999,,
1399980984,CCC(C)(C)C(=O)OCCCCCCC(F)(F)C(F)(F)C(F)(F)C(F)(F)C(F)(F)C(F)(F)C(F)(F)C(F)(F)C(F)(F)C(F)(F)C(F)(F)C(F)(F)F,171.0,0.348815,,,
1400204987,COC(CCl)COC(=O)C1=C(C(=O)OCC(CCl)OC(=O)c2ccc(C(C)=O)cc2)C2C=CC1C2,290.0,0.35028816,,,
1400904747,CNc1cccc(-c2ccccc2-c2cccc3ccccc23)c1NC,76.0,0.35403641,,,
1401313512,COP(=O)(Oc1c(Cl)cccc1Cl)Oc1c(Cl)c(Cl)c(C)c(Cl)c1Cl,65.0,0.35947365,,,
1401699288,COC1C(C)(C)C(OC(=O)c2ccc(C(C)=O)cc2)C1(C)C,243.0,0.37886333,,,
1401767370,CCSCCCOC(=O)C(C)CC,127.0,0.39575862,0.2155,1.049932374,13.79806606
1401880967,CCCCCCCCCCCCCCCCOC(=O)C(C)(C)CC,-20.0,,0.26,,
1401907543,COc1ccc(C(C)=C(C#N)c2ccc(C(=O)OC3CCN(C)CC3)cc2)cc1,260.0,0.38086854,,,
1402707423,CCC(C)(C)C(=O)OCCC(C)CC(C)(C)C,201.0,0.37283397,0.198,,
1403025307,CCC(C)Cc1ccccc1C,50.0,0.37559758,0.26,,
1403056181,CNc1ccc(-c2ccc(NC)cc2-c2cccc(C)c2)cc1,382.0,0.35636161,,,
1403885669,CC(F)(F)C(F)(F)C1(F)C(C)(F)OC(F)(F)C1(F)F,245.0,,0.1265,1.564699369,19.456651
1404736558,CCOC(=O)C(Cc1ccc(OC)cc1)NC(=O)Cc1ccc(OC(=O)CCCCCCCCC(C)=O)cc1,82.0,0.34457254,,,
1404881179,COc1ccc(OC(=O)Oc2ccc(C(C)(C)c3ccc(OC(C)=O)cc3)cc2)cc1,84.0,0.34624319,,,
1404906780,CCC(C)c1c(C)cc(C)cc1C,154.0,0.40245926,0.1669999999999999,,
1405342945,CCN(CCOC(=O)C(C)(C)CC)c1ccc(N=Nc2ccc([N+](=O)[O-])c3ccccc23)cc1,169.9,0.35424799,,,
1405483472,Cc1ccc(NC(=O)c2cc(C(=O)Nc3ccc(S(C)(=O)=O)cc3)cc(S(=O)(=O)c3ccccc3)c2)cc1,312.0,0.35464323,,,
1405504097,Cc1ccc2c(c1)C(=O)N(c1ccc(OCCCCCCOc3ccc(N4C(=O)c5ccc(C(C)(C(F)(F)F)C(F)(F)F)cc5C4=O)cc3)cc1)C2=O,184.0,0.35628749,0.1669999999999999,,
1405932277,CC1CCC(CC2CCC(N3C(=O)c4ccc(-c5ccc6c(c5)C(=O)N(C)C6=O)cc4C3=O)CC2)CC1,118.0,0.36947651,,,
1406114427,C=C[C@@H](c1ccc(NC)cc1)c1ccc(C2(c3ccc([C@@H](C=C)c4ccc(NC)cc4)cc3)CCC(CCCC)CC2)cc1,,0.36703684,,,
1407338879,CC(=O)c1cc(C(=O)c2ccc3c(c2)C(=O)N(c2ccc(C(c4ccc(N5C(=O)c6ccc(C)cc6C5=O)cc4)(C(F)(F)F)C(F)(F)F)cc2)C3=O)cc(-c2ccccc2)c1,,0.37734538,,,
1408229683,CCC(C)(C)C(=O)OCc1ccccc1Cl,264.0,0.35759108,0.159,1.151611779,13.32041855
1408675476,COc1ccc(C(c2ccc(OC(=O)c3ccc(C(C)=O)cc3)cc2)(C(F)(F)F)C(F)(F)F)cc1,150.9011854,,,,
1408691704,CNc1cccc(NC(=O)c2cccc(C(=O)Nc3cccc(NC(=S)NC(=O)CCCCC(=O)NC(C)=S)c3)c2)c1,139.0,0.33460461,,,
1408899479,CCCCCCCCCCCCCCCC(=O)NC,154.0,0.37887581,0.389,0.89024336,23.00931982
1409017581,Cc1ccc(Oc2ccc(C(=O)c3cccc(C(=O)c4ccc(Oc5ccc(-c6nc(-c7ccccn7)nnc6C)cc5)cc4)c3)cc2)cc1,230.0,0.37990238,,,
1409490636,CNc1ccc(C)c2c(NC)cccc12,201.7,0.33694341,,,
1409584413,CCC(C)c1ccccc1C(=O)NC,126.0,0.35557991,0.1836666666666666,,
1409830378,CCC(OC)C1C(=O)OC(=O)C1C,,0.287972,,,
1409947542,CCC(C)(C)C(=O)OCCC1CCCCC1,307.0,0.36923892,,,
1410914942,COc1ccc(S(=O)(=O)c2ccc(Oc3c(C)cc(C(c4cc(C)c(C)c(C)c4)(C(F)(F)F)C(F)(F)F)cc3C)cc2)cc1,167.0,0.39642368,0.1836666666666666,1.103576244,21.11102867
1411169396,CCCCCCCCCCCCCc1cc(OC)cc(OC(=O)c2cccc(C(C)=O)c2)c1,242.0,0.37339649,,,
1411192314,Cc1ccc(-c2cc(-c3ccc(-c4ccccc4)cc3)cc(-c3ccc(N4C(=O)c5ccc(NC(=O)Nc6ccc(-c7cc(-c8ccc(-c9ccccc9)cc8)cc(-c8ccc(NC(=O)Nc9ccc%10c(c9)C(=O)N(C)C%10=O)cc8)n7)cc6)cc5C4=O)cc3)n2)cc1,230.0,0.3711086,,,
1411288736,CCC(=O)NCCCCCCNC(=O)CC1COC(C)CO1,20.0,0.32963111,,,
1411415365,CCCOC(=O)c1cc(C(=O)OC)cc(C(C)(C)C)c1,235.0,0.35812909,,,
1411771596,COc1ccc(S(=O)(=O)c2ccc(Oc3ccc(C=C4CCCC(=Cc5ccc(C)cc5)C4=O)cc3)cc2)cc1,98.0,0.37492274,,,
1411897079,Cc1ccc(C(=O)Oc2ccc(C(C)(C)c3ccc(OC(=O)c4ccc(N5C(=O)CC(SCCOCCSC6CC(=O)N(C)C6=O)C5=O)cc4)cc3)cc2)cc1,180.0,0.34542063,,,
1412120720,CNc1cccc(NC(=O)c2cccc(C(=O)Nc3ccc(C(=O)NC(C)=S)cc3)c2)c1,-7.0,0.33903798,,,
1412767415,CCC(O)COc1ccc(C(C)(C)c2ccc(OCC(O)COc3ccc(S(=O)(=O)c4ccc(OC)cc4)cc3)cc2)cc1,,0.34762026,,,
1412954804,CCC(C)c1ccc(COc2ccc(-c3ccc(-c4ccc(C)cc4)c4nsnc34)cc2)cc1,3.0,0.35943603,,,
1413330755,CC(=O)Nc1ccc(C(c2ccc(NC(=O)c3ccc4c(c3)C(=O)N(c3ccc(Oc5ccc6ccc(Oc7ccc(N8C(=O)c9ccc(C)cc9C8=O)cc7)cc6c5)cc3)C4=O)cc2)(C(F)(F)F)C(F)(F)F)cc1,245.0,0.35976848,,,
1413610901,COc1ccc(OC(=O)c2cc(OCCCCCCCOCC3CCCN3c3ccc([N+](=O)[O-])cc3)c(C(C)=O)cc2OCCCCCCCOCC2CCCN2c2ccc([N+](=O)[O-])cc2)cc1,82.0,0.35542806,,,
1413611773,COc1cc(C)c(C)c(C)c1Br,84.0,0.42901007,0.179808547,1.421050088,20.79527124
1413837140,CCC(C)(C)C(=O)OCSC,72.0,0.36623582,,,
1414225049,CCNC(=O)C(C)CC,55.10481694,,,,
1415337639,CCCOCCOCCOCCOC(=O)c1ccc(-c2ccc(-c3ccc(C(=O)OC)cc3)cc2)cc1,144.0,0.3414643,,,
1415406733,CC(=O)CCCCC(=O)c1ccc(C=C2CCC(=Cc3ccc(C)cc3)C2=O)cc1,197.4539358,,,,
1415457510,CNc1cc2ccccc2c(-c2cccc(C)c2)c1NC,-76.0,0.35472795,,,
1416739755,CNc1cccc(C2(c3cccc(NC)c3C)c3ccccc3-c3ccccc32)c1C,143.0,0.371195595,,,
1417031371,CCC(C)c1cc(Br)ccc1OC(C)C,270.0,0.4237647,0.124,,
1417043259,CNc1ccc(C2=CC(C)(C)[C@H](NC)C(C)(C)C2)cc1,1.0,0.36534008,,,
1417054451,CNc1ccc(/C=C/c2ccc(NC)c(-c3ccccc3)c2-c2ccccc2)cc1,80.0,0.36615587,,,
1417361969,CCC(C)c1ccc(C(=O)N2CCCCC2)cc1,117.0,0.37271412,0.124,,
1417768053,CNc1ccc([Si](c2ccccc2)(c2ccccc2)c2ccc(NC(=O)c3ccc4c(c3)Cc3cc(C(C)=O)ccc3-4)cc2)cc1,292.0,0.37694297,,,
1417800703,COc1cccc(N(c2ccccc2)c2ccc(-c3ccc(N(c4ccc(N=Nc5ccc([N+](=O)[O-])cc5)cc4)c4cccc(OC(=O)OCCOCCOC(C)=O)c4)cc3)cc2)c1,43.0,0.37231044,,,
1417827855,CC(=O)Nc1ccc(Oc2ccc(C3(c4ccc(Oc5ccc(NC(=O)c6ccc7c(c6)C(=O)N(c6ccc(N8C(=O)c9ccc(C)cc9C8=O)cc6)C7=O)cc5)cc4)NC(=O)c4ccccc43)cc2)cc1,97.0,0.36551103,,,
1418585210,CCC(C)c1cccc(O)c1,126.0,0.34145083,,,
1418607549,CCC(C)c1ccc(CCl)cc1,,0.38772297,,,
1418628819,CCC(COC)(CSC)CSC,307.0,0.41704128,,,
1419016384,CCC(C)C(=O)OCCN(CC)c1ccc(/N=N/c2ccc([N+](=O)[O-])cc2)cc1,167.0,,0.2135,1.12679408,12.43938389
1419552421,CNc1ccccc1C(c1ccccc1)(c1ccccc1N)c1ccccc1NC,242.0,0.37480672,,,
1420611006,CCCCC1(C)CCN(C(=O)CCCC(=O)N2CCC(C)(C)CC2)CC1,,0.3501927,,,
1420737735,CN[C@@H](CCCC(=O)[C@](N)(CS)C(=O)O)C(=O)[C@@](CS)(NC)C(=O)O,260.5,0.30543387,0.2135,,
1420812496,COC(COC(=O)c1cc(C(C)=O)cc(C(C)(C)C)c1)COc1ccc(N=Nc2ccc(C#N)cc2)cc1,54.1,0.37044454,,,
1421209921,COc1ccccc1C(=O)OC(=O)c1ccccc1OC(=O)CCCCCCC(C)=O,,0.33135982,,,
1421320527,COc1ccc(CC(NC(=O)CCc2ccc(OC(=O)COCCOCC(C)=O)cc2)C(=O)OC(C)C)cc1,114.0,0.33859086,,,
1421392945,CCNC(=O)OCC(OC(=O)NCc1ccc(C(C)(C)c2ccc(C)o2)o1)c1ccco1,-7.0,0.34356107,,,
1421653372,COP(=O)(Oc1ccc(C)cc1)Oc1c(C)cc(S(=O)(=O)c2cc(C)c(C)c(C)c2)cc1C,202.0,0.36875805,,,
1421658168,CNc1ccc(-c2ccc(Cc3ccccc3)cc2)c(C)c1NC,322.0,0.34585663,,,
1421896070,CCCCCCCC(=O)N(C)CCC,189.0,0.37652091,,,
1421909568,CNCCOCCNC,153.5,0.310244355,,,
1422009513,CCC(C)C1CCCC1,110.0,,0.2016666666666666,,
1422047403,CC[Si](C)(C)[Si](C)(C)[Si](C)(C)[Si](C)(C)C,248.0,0.44384338,,,
1422066716,COc1ccc(N(C)c2ccc3ccc(N(c4ccc(OC)cc4)c4ccc(-c5ccc(C)cc5)cc4)cc3c2)cc1,25.5,0.43192443,,,
1422469487,Cc1ccc(Oc2ccc(S(=O)(=O)c3ccc(Oc4ccc(-c5c6c(c(C)c7ccccc57)C(=O)N(c5ccc(C(F)(F)F)cc5)C6=O)cc4)cc3)cc2)cc1,272.0,0.38077033,0.2016666666666666,,
1422560601,CNC(C)(C)C(C)(C)NC,73.0,0.338250255,,,
1423269762,CCCCCCCCC(=O)OCCOC(=O)CCCCCCCC1OCC2(COC(C)OC2)CO1,94.0,0.34857545,,,
1423401067,Cc1ccc(Oc2ccc(C(C)(C)c3ccc(Oc4ccc(-c5cccc(C)n5)cc4C(F)(F)F)cc3)cc2)c(C(F)(F)F)c1,28.0,0.39554354,,,
1423424888,CNc1c(NC)c2cc3ccccc3cc2c2cc3ccccc3cc12,143.0,0.34595266,,,
1423530794,COc1ccc(C2N(C)C(=O)N3C(c4ccc(OC)cc4)N(c4ccc(Oc5ccc(C)cc5)cc4)C(=O)N23)cc1,270.0,0.39684923,,,
1424144967,Cc1ccc(C(C)c2ccc(-n3c(=O)c4cc5c(=O)n(C)c(=O)c5cc4c3=O)cc2)cc1,307.2645731,,,,
1424387141,Cc1ccc2c(c1)C(=O)N(c1ccc(Oc3ccc(N4C(=O)c5ccc(C(F)(F)C(F)(F)C(F)(F)C(F)(F)C(F)(F)C(F)(F)C(C)(F)F)cc5C4=O)cc3)cc1)C2=O,140.0,0.35411311,,,
1424467870,CNc1ccc(Cc2cccc(Cc3ccc(NC)cc3)c2)cc1,117.0,0.3462571,,,
1426385152,CCCCOc1ccc(OCCCc2nnc(-c3ccc(-c4nnc(C)o4)cc3)o2)c(C)c1,292.0,0.37021373,,,
1426651085,Cc1ccc2c(c1)C(=O)N(c1ccc(Oc3cccc(Oc4ccc(N5C(=O)c6ccc(C(C)(C(F)(F)F)C(F)(F)F)cc6C5=O)cc4)c3)cc1)C2=O,50.0,0.36867528,0.179360522,1.306690546,23.58910882
1426845091,COc1ccc(N=C(C)c2ccc(Oc3ccc(C(c4ccccc4)(c4ccccc4)c4ccc(Oc5ccc(C(C)=Nc6ccc(C)cc6)cc5)cc4)cc3)cc2)cc1,280.15,0.38825618,,,
1426880410,CCC(C)(F)C(=O)OC(C(F)(F)F)C(F)(F)F,60.0,0.31561364,,,
1426978607,COc1ccc(S(=O)(=O)c2ccc(Oc3ccc4c(=O)n5c6cc(-c7ccc8c(c7)nc7c9ccc(C)c%10cccc(c(=O)n87)c%109)ccc6nc5c5cccc3c45)cc2)cc1,290.0,0.37552366,,,
1427121961,CCC(C)(N=C=O)C1C(=O)OC(=O)C1C,40.0,0.29181625,,,
1427163348,CC1C(=O)N(c2cc(Br)c(O[Si](C)(C)C(C)(C)C)c(Br)c2)C(=O)C1C,0.0,0.46658823,,,
1427715399,Cc1ccc2c(c1)C(=O)N(c1ccc(C(c3ccccc3)(c3ccc(N4C(=O)c5ccc(C(C)(C(F)(F)F)C(F)(F)F)cc5C4=O)cc3)C(F)(F)F)cc1)C2=O,125.0,0.40799156,,,
1428013665,CCCCCCCCCOC(=O)c1cccc(C(=O)OC)c1,,0.35394853,0.236431842,1.094982437,20.71510537
1428459269,CCCCP(CCCNC(=O)NC)c1ccccc1,-49.19787298,,,,
1429766327,CNc1ccc(-c2ccc(-c3ccc(NC)cc3)c3ccccc23)cc1,,0.35146434,,,
1429793294,CNc1cc(NC)c(N)cc1N,178.0,0.32432141,,,
1430116322,CCC(SSC)c1ccccc1,114.0,0.40293208,,,
1430315937,CCC(O)COc1cccc(OC)c1,112.0,0.33076501,,,
1430519110,CC(=O)c1ccc(C(=O)c2ccc(C=C3CCCC(=Cc4ccc(C)cc4)C3=O)cc2)cc1,240.3798309,,,,
1430804351,COc1ccc(Oc2ccc(C(=O)Nc3ccc(Oc4ccc(S(=O)(=O)c5ccc(Oc6ccc(NC(=O)c7ccc(C)cc7)cc6)cc5)cc4)cc3)cc2)cc1-c1ccccc1,322.0,0.3631401,,,
1431061733,CCC(C)c1ccc(Cl)c([N+](=O)[O-])c1,169.0,0.45234816,,,
1431221596,Cc1cccc(NC(=O)CCCCCCCCCCC(=O)Nc2cccc(S(C)(=O)=O)c2)c1,113.5,0.35368633,,,
1431937128,CCC(C)(C)C(=O)Oc1ccc(C(=O)Oc2ccc(C)cc2)cc1,-6.0,0.34694127,,,
1432698021,CCC(C)OC(=O)c1ccc([Si](C)(C)C)cc1,102.0,0.40244256,,,
1432821779,CCCN(CCOC(=O)c1ccc([Si](C)(C)c2ccc(C(=O)OC)cc2)cc1)c1ccc(C=Cc2ccc([N+](=O)[O-])cc2)cc1,305.0,0.3656424,,,
1432826264,CCCCCOC(=O)c1cccc(C(=O)OC)c1,58.0,0.33869423,,,
1433887505,CNC1CCC(CC(C)(C)NC(=O)CCCCC(C)=O)CC1,,0.33902943,,,
1434137991,CCCCCCCCCSSCCCCSSC,,,0.192,,
1434167997,C/C=C/CCCCCCCCCC(Cl)CCCCCCCCCC,28.0,,0.3419999999999999,0.878956685,20.00761368
1435049128,CCCOc1ccc(C(=O)Oc2ccc(OC(=O)CCCCCOC(=O)C(C)(C)CC)cc2)cc1,58.0,0.34387044,,,
1435571706,CCC(F)(F)CC(C)(C(F)(F)F)C(F)(F)F,20.0,0.3151687,0.192,,
1435785371,CCCCCCOC(=O)CCCCSCCCCC(=O)OC,128.0,,0.202,,
1436177841,CCC(C)C1CCC(C(C)(C)C)CC1,231.0,0.41878097,,,
1436330682,Cc1ccc2c(c1)C(=O)N(c1ccc(C(C)(C)c3ccc(N4C(=O)c5ccc(C(C)(C(F)(F)F)C(F)(F)F)cc5C4=O)cc3)cc1)C2=O,10.0,0.40114484,0.188288469,1.229423781,23.30793156
1436575335,CNc1ccc2c(c1)C(C)(C)c1cc(NC)ccc1-2,107.0,0.36132753,0.202,,
1436896741,CCN(CCOC(=O)C(C)(C)CC)c1ccccc1,75.0,0.36250293,,,
1437172858,CNc1ccc(NC(=O)c2cc(NC(=O)c3ccncc3)cc(C(C)=O)c2)cc1,-68.0,0.33138478,,,
1437182858,CNc1cccc(NC(=O)c2cccc(C(=O)Nc3cccc(NC(=S)NC(=O)c4ccc(C(=O)NC(C)=S)cc4)c3)c2)c1,232.0,0.33973914,,,
1437198887,CCCCC(=O)Nc1ccc(Oc2ccc(Oc3ccc(NC(=O)CCCN4C(=O)c5ccc(C(=O)c6ccc7c(c6)C(=O)N(C)C7=O)cc5C4=O)cc3)cc2)cc1,290.0,0.33944014,,,
1437455994,CCC(C)c1cccc2ccccc12,80.0,,0.194,0.993182994,12.95937506
1437522401,CC=CC1=C(C)CC(C(=O)OCC)(C(=O)OCC)C1,0.0,0.37814836,,,
1437709159,CNc1ccc2ccccc2c1-c1ccc2ccccc2c1NC,125.0,0.35558527,,,
1437848848,Cc1ccc(Oc2ccc(C(C)(C)c3ccc(Oc4ccc(S(C)(=O)=O)cc4)cc3)cc2)s1,45.0,0.3741321,0.194,,
1438275910,Cc1ccc(Oc2ccc(-c3csc(N=Cc4ccc(OCCCCCCCCOc5ccc(C=Nc6nc(C)cs6)cc5)cc4)n3)cc2)cc1,163.0,0.37304106,,,
1438410833,CCCCOC(=O)C(Cc1ccc(OC)cc1)NC(=O)CCc1ccc(OC(=O)COCCOCC(C)=O)cc1,,0.34168737,,,
1438539748,CCCCOC(=O)OCCCCCCOC(=O)OCCCN1C(=O)c2ccc(C(=O)c3ccc4c(c3)C(=O)N(C)C4=O)cc2C1=O,178.0,0.32872339,,,
1439560323,CCCCC(=O)NCCCCCCNC(=O)CCCOC(=O)c1ccc(C(=O)OC)cc1,60.02078862,,,,
1439590900,COc1ccc(NC(=O)Nc2ccccc2CCc2ccc(NC(=O)Nc3ccc(C)cc3)cc2)cc1,112.0,0.34891233,,,
1439796054,Cc1ccc(C(c2ccc(N3C(=O)c4cc5c(cc4C3=O)C(C(F)(F)F)(C(F)(F)F)c3cc4c(cc3O5)C(=O)N(C)C4=O)cc2)(C(F)(F)F)C(F)(F)F)cc1,254.0,0.42823132,0.206835687,1.308883696,28.7514194
1439837660,CC(=O)Nc1ccc(C2(c3ccc(NC(=O)c4ccc5c(c4)C(=O)N(c4ccc(Oc6cccc(Oc7ccc(N8C(=O)c9ccc(C)cc9C8=O)cc7)c6)cc4)C5=O)cc3)c3ccccc3-c3ccccc32)cc1,327.0,0.36700382,,,
1439947780,CNc1ccc(C(c2ccc(NC)cc2)c2ccc(C(C)C)cc2)cc1,102.0,0.36575628,,,
1441154602,CNc1ccc2ccc3ccc(NC)c4ccc1c2c34,415.0,0.33563497,,,
1441221742,CCCCOC(=O)CCCCCC(=O)OC,-71.28231613,,,,
1441373602,Cc1ccc(C(=O)Nc2ccc(-c3cc(Br)ccc3NC(=O)c3ccc(S(C)(=O)=O)cc3)cc2)cc1,164.0,0.36672831,,,
1441731142,Cc1ccc(Cc2ccc(NC(=O)c3cccc(Oc4ccc5c(c4)C(=O)N(C)C5=O)c3)cc2)cc1,305.0,0.35744351,,,
1441736260,CCCCCCOc1ccc(C(=O)OC(=O)c2ccc(OC)cc2)cc1,-9.0,0.35004101,,,
1442807010,CCC(C)(F)C(=O)OCC(F)(F)F,,0.31655801,,,
1443435953,CNc1ccc2c3cccc4cccc(c5c(NC)ccc1c25)c43,45.0,0.33627702,,,
1443684978,Cc1ccc(-c2ccc(N3C(=O)c4ccc(Oc5ccc(Sc6ccc(Oc7ccc8c(c7)C(=O)N(C)C8=O)cc6)cc5)cc4C3=O)cc2)cc1,70.0,0.36479388,,,
1443853019,CCCCCCCCCCCCCCNC(=O)C(C)CC,4.8,,0.3746666666666667,0.86728938,11.91385451
1443895665,CNc1ccccc1-c1cc(-c2ccccc2N)cc(-c2ccccc2NC)c1,65.0,0.34714968,,,
1443962559,CCC(=O)NCCCCCCNC(=O)COC(=O)CCCCCCCCC(=O)OC,430.0,0.33901503,,,
1444001096,CCC(C)C(=O)OCCCOc1ccc(-c2ccc(C#N)cc2)cc1,231.0,0.35282472,0.3746666666666667,,
1444443456,CCC(C)C(=O)OC1CCCCC1,132.9,0.36637018,0.201,0.975831621,11.16519036
1444497775,CNc1ccc2c(c1)C(C)(C)c1cc3cc4ccc(NC)cc4cc3cc1-2,107.0,0.366552245,,,
1444677131,Cc1ccc(NC(=O)c2ccc(OCCOCCOCCOCCOc3ccc(C(=O)Nc4ccc5[nH]c(C)nc5c4)cc3)cc2)cc1,98.0,0.34281464,,,
1444682939,CNc1cccc(NC(=O)c2cccc(C(=O)Nc3cccc(NC(=S)NC(=O)c4cccc(C(=O)NC(C)=S)c4)c3)c2)c1,130.5,0.34030013,0.201,,
1444841962,COc1cc(C=Nc2nc(C)cs2)ccc1OCCCCOc1ccc(C=Nc2nc(-c3ccc(Oc4ccc(C)cc4)cc3)cs2)cc1OC,104.0626058,,,,
1446315012,CNc1ccc2c(C)c3cc(NC)ccc3c(C)c2c1,19.0,0.34480504,,,
1446335630,CCC[C@H]1CC[C@H](/C=C\[C@H]2CC[C@H](CCCCC(CCCC[C@H]3CC[C@H](/C=C\[C@H]4CC[C@H](CCC)CC4)CC3)(c3ccc(NC)cc3)c3ccc(NC)cc3)CC2)CC1,80.0,0.376234835,,,
1446403769,COc1ccc(Oc2cccc(C)n2)c(-c2ccccc2)c1,,0.36427467,,,
1446406615,CNc1ccc(C2(c3ccc(NC)cc3)c3cccc(N)c3-c3c(N)cccc32)cc1,-37.0,0.36840054,,,
1446517158,CCC(C)c1ccc(C(C)(C)O)cc1,45.0,0.3711129,0.2316666666666666,0.934073122,12.4288407
1446956621,CCC(C)C(=O)Oc1ccc(C(C)(C)C)cc1,132.0,0.37651726,0.2245,0.958441992,10.3213082
1447075360,CCCCCCCCCCCCNC(=O)CCCCCCCCC(=O)NCCCCCCCCCCCNC(=O)C(=O)NC,2.0,,0.3195,0.945505999,21.31594048
1447287020,CCCCOC(=O)c1ccc(C(=O)OC)cc1,131.0,0.33381899,0.2316666666666666,1.225085012,21.9703172
1447445383,COc1ccc(C(C)(C)c2ccc(Oc3nc(C)nc(OC)n3)cc2)cc1,121.2094568,,0.2245,,
1447629123,COc1ccc(Oc2ccc(OC(C)=O)cc2)cc1,,0.34396355,0.3195,,
1447631278,COc1cccc(Oc2cccc(C)c2)c1C#N,37.5,0.37237337,0.192496388,1.208287072,18.74259643
1448332716,CCCCCCCCOC(=O)CC(C)(CC)C(=O)OCCCCCCCC,327.0,0.38613046,0.275383563,0.954492402,11.99034433
1448341292,COc1c(-c2ccccc2)cc(C)cc1-c1ccccc1,,,0.184951114,1.041525617,16.01472431
1448448374,CO[Si](C)(CCC(F)(F)F)CCC(F)(F)C(F)(F)C(F)(F)C(F)(F)CC[Si](C)(C)CCC(F)(F)F,178.0,0.37622546,,,
1448731732,CNc1cccc(-c2c3ccccc3cc3ccccc23)c1NC,160.0,0.34840678,,,
1449297338,CCCCCCCCCCCCCCCCCCCCCOC(=O)COCC(=O)OC,115.0,,0.3249999999999999,0.930690382,21.36408001
1449481867,CCC(C)C(=O)OCCc1ccccc1,,0.35483589,0.196,1.060028456,12.57995644
1449543209,CCCCCCCCCCCCCCc1cc(C)sc1C,161.85,,0.4182499999999999,0.91341608,16.14848283
1449552519,CCCCCCOC(=O)c1ccccc1C(=O)[O][Cd][O]C(=O)c1ccccc1C(=O)OCCCCCOC(=O)NCCCCCCNC(=O)OC,71.0,0.3810089,0.3249999999999999,,
1450236105,CC#Cc1cccc(C#C[Si](C)(C)C)c1,45.0,0.49595595,0.196,,
1450460730,COc1ccc(C(C)(CCC(=O)O)c2ccc(OC(=O)c3cccc(C(C)=O)c3)c([N+](=O)[O-])c2)cc1[N+](=O)[O-],127.0784722,,0.4182499999999999,,
1450812051,COc1ccc(OC(=O)c2ccc(C(C)=O)cc2)cc1C(F)(F)F,,0.33995878,,,
1450851242,COC(=O)C(Cc1ccc(OC)cc1)NC(=O)CCc1ccc(OC(=O)CCCC(C)=O)cc1,200.0,0.33262746,,,
1451556354,CCC(C)c1ccc(F)cc1,430.0,,,0.989259062,16.36886102
1451589071,Cc1ccc2cc(OC(=O)c3ccc(C(=O)Oc4ccc5cc(-c6nc7ccccc7nc6C)ccc5c4)cc3)ccc2c1,278.0,0.37059699,,,
1451687458,CNc1ccc(-c2ccc(NC(=O)c3cc(C(C)=O)cc(S(=O)(=O)c4ccccc4)c3)cc2)cc1,220.0,0.35263573,,,
1451767844,CSC(C)C(C)=O,-25.0,0.38098783,,,
1452233273,CCCCC(CC)(CCCC)C(=O)OC,-17.98562642,,,,
1452416309,Cc1ccc(Oc2ccc(C(=O)c3ccc(Oc4ccc(-c5nc(-c6cccc(-c7nc(C)c(-c8ccccc8)[nH]7)c6)[nH]c5-c5ccccc5)cc4)cc3)cc2)cc1,288.0,0.39966133,,,
1452761460,CCc1cccc(CNC(=O)c2ccccc2-c2ccccc2C(=O)NC)c1,243.0,0.34299947,,,
1452778640,CCCCOC(=O)C1CCC(C(=O)OC)CC1,53.0,0.33783784,0.222,1.082251488,20.95656384
1453017209,CC=C(C)c1ccc([N+](=O)[O-])cc1,-12.60583746,,,,
1453388212,CCOC(=O)Nc1ccc(Cc2ccc(NC(=O)OCc3ccc(C)o3)cc2)cc1,50.0,0.3423126,,,
1453450335,COc1cccc(Oc2cccc(NC(=O)c3cc(Oc4ccc(C(=O)O)c(C(=O)Nc5cccc(C)c5)c4)ccc3C(=O)O)c2)c1C#N,257.0,0.33531487,0.222,,
1453479470,CNc1ccc(C2(c3ccc(NC)cc3C)CCCCC2)c(C)c1,159.3,0.35510458,,,
1453811128,CC(=O)c1ccc2c(c1)C(=O)N(c1ccc(-c3ccc(NC(=O)c4cccc(C(=O)Nc5ccc(-c6ccc(N7C(=O)c8ccc(C)cc8C7=O)cc6)cc5)c4)cc3)cc1)C2=O,76.0,0.35651308,,,
1453894655,C=C(c1ccc(C)cc1)c1ccc(Oc2ccc(S(=O)(=O)c3ccc(OC)cc3)cc2)cc1,2.0,0.37206608,,,
1453979051,CNc1cc(Oc2ccccc2)c(NC)c2c1C(=O)c1c(N)c(Oc3ccccc3)cc(N)c1C2=O,54.25,0.34012349,,,
1454170504,CC(=O)c1ccc2c(c1)C(=O)N(c1ccc(C(C)(C)c3ccc(C(C)(C)c4ccc(N5C(=O)c6ccc(C)cc6C5=O)cc4)cc3)cc1)C2=O,25.0,0.39003172,,,
1454388009,Cc1ccc(-c2ccc(N(C)c3ccc(C(F)(F)F)cc3)cc2)cc1,12.0,0.44845876,,,
1454873499,COc1ccc(Oc2ccc(C=Nc3ccc(Oc4ccc(N=Cc5ccc(C)cc5)cc4)cc3)cc2)cc1,140.0,0.37351245,,,
1455090776,CNc1ccc(-c2ccccc2)c(-c2ccc(NC)c3ccccc23)c1-c1cccc2ccccc12,282.0,0.36684133,,,
1455134437,CC(=O)Nc1ccc(NC(=O)c2ccc3c(c2)C(=O)N(c2cccc(P(=O)(c4ccccc4)c4cccc(N5C(=O)c6ccc(C)cc6C5=O)c4)c2)C3=O)cc1,159.0,0.3614848,,,
1455221251,COc1ccc(CC(NC(=O)CCc2ccc(OC(=O)CCCC(C)=O)cc2)C(=O)OCC(C)C)cc1,-6.0,0.34198543,,,
1455433082,CCCN(C)C(C)=O,,0.32742534,,,
1455448064,Cc1ccc(Oc2ccc(-c3c(-c4ccccc4)nc4ccc(-c5ccc6nc(-c7ccccc7)c(C)c(-c7ccccc7)c6c5)cc4c3-c3ccccc3)cc2)cc1,115.0,0.40050787,,,
1455477899,CC(=O)CCCCCCCCC(=O)N1CCN(C)CC1,200.1,0.3439724,0.32743928,1.068360477,23.7286096
1455663460,CNc1ccc([C@]2(C)c3cc(NC)ccc3[C@@H](C)[C@H]2C)cc1,170.0,0.3637627799999999,,,
1455763004,CCC(C)C(=O)c1ccc(C)c(C)c1,71.0,0.3826776,,,
1455946712,CNc1ccc(-c2cccc3c2[C@@H](c2ccc(NC)cc2)c2ccccc2C3)cc1,167.0,0.36094468,,,
1456134582,CCCCCCCNC(=O)CCP(=S)(CCC(=O)NC)c1ccccc1,52.0,0.34436665,,,
1457502415,Cc1ccc(Cc2ccc(N3C(=O)c4cc(-c5ccc([Si](C)(C)C)cc5)c(-c5cc6c(cc5-c5ccc([Si](C)(C)C)cc5)C(=O)N(C)C6=O)cc4C3=O)cc2)cc1,322.0,0.43467136,,,
1457793219,CCC(CCCCCCOc1ccc(N=Nc2ccc(C(F)(F)F)cc2)cc1)COC(=O)CCCCC(=O)OC,118.0,0.35608461,,,
1458472862,CC(=O)Nc1ccc(Oc2cccc(NC(=O)c3ccc4c(c3)C(=O)N(c3ccc(Oc5ccc6ccc(Oc7ccc(N8C(=O)c9ccc(C)cc9C8=O)cc7)cc6c5)cc3)C4=O)c2)cc1,145.0,0.35874109,,,
1458806978,CCc1cc(C2(c3cc(CC)c(NC)c(C(C)C)c3)c3ccccc3-c3ccccc32)cc(C(C)C)c1NC,-19.0,0.40355199,,,
1458835114,CCC(C)c1ccc(C#N)cc1,220.0,0.40396396,,,
1458927340,CCCOc1cc(C(=O)OCCN(CCC)c2ccc(N=Nc3ccc(-c4nc5ccccc5o4)cc3)cc2)ccc1C(=O)OC,-25.0,0.36708551,,,
1458930812,CCCCCCCCCCCCCc1nc2ccc(-c3ccc4nc(C)oc4c3)cc2o1,80.0,0.39112847,,,
1459842972,CN[C@H]1OC(N)(NC)NC1=O,307.5,0.29071263,,,
1459846963,Cc1ccc2c(c1)C(=O)N(c1ccc(Oc3ccc(N4C(=O)c5ccc(C(F)(F)C(F)(F)C(F)(F)C(F)(F)C(F)(F)C(C)(F)F)cc5C4=O)cc3)cc1)C2=O,-3.0,0.35492786,,,
1460712253,CCCCCCCCCCNC(=O)C(OC)C(OC)C(=O)NC,,0.35120821,,,
1460910986,CNc1ccc(-c2c(-c3ccc(C(c4ccccc4)c4ccccc4)cc3)cc(-c3cccc(NC)c3)cc2-c2ccc(C(c3ccccc3)c3ccccc3)cc2)cc1,-6.8,0.36459266,,,
1461036801,CC=C(C)CCCCCCCCCCOc1ccc(-c2ccc(OCC(F)CCCCCC)cc2)cc1,27.34580481,,,,
1461767577,Cc1ccc(Oc2ccccc2Oc2ccc(N3C(=O)c4ccc(Oc5cc6ccccc6cc5Oc5ccc6c(c5)C(=O)N(C)C6=O)cc4C3=O)cc2)cc1,43.0,0.36199186,,,
1461784308,Cc1ccc(N(c2ccc(C#N)cc2)c2ccc(N3C(=O)c4ccc(Oc5ccc(C(C)(C)c6ccc(C(C)(C)c7ccc(Oc8ccc9c(c8)C(=O)N(C)C9=O)cc7)cc6)cc5)cc4C3=O)cc2)cc1,159.3,0.395355,,,
1461861414,CCCCCCCCCCOc1cc(C)ccc1-c1nnc(C)o1,76.0,0.41425345,,,
1462340201,CCCCC1C2CC(C)C(C2)C1C,95.0,0.41628236,0.241394354,0.793157119,12.17988527
1462614613,COP(=O)(Oc1ccc(C)cc1)OC1CCCCC1,136.0,0.35761127,,,
1462748332,Cc1ccc(-c2nc3ccc(-c4ccc5nc(C)c(-c6ccccc6)nc5c4)cc3nc2-c2ccccc2)cc1,319.0,0.53276928,,,
1462931199,CCCCCCCOP(C)(=NC)OCCCCCCC,12.0,0.40469164,,,
1463007614,CCCCCCCCCCCCCCCCCCCNC(=O)CCCCCCCCCCC(=O)NC,55.0,,0.4337499999999999,0.890200365,20.23441523
1463085835,Cc1ccc(Oc2cc3ccccc3cc2Oc2ccc(N3C(=O)c4ccc(Oc5ccccc5Oc5ccc6c(c5)C(=O)N(C)C6=O)cc4C3=O)cc2)cc1,282.0,0.35912156,,,
1463095437,COc1ccc(N=CC=Nc2ccc(OC(=O)Nc3ccc(Cc4ccc(NC(C)=O)cc4)cc3)cc2)cc1,159.0,0.35769059,,,
1463175891,[2H]C([2H])([2H])C(C)(C([2H])([2H])[2H])C([2H])([2H])C,85.2671101,,0.4337499999999999,,
1463811998,CCCCCCCCCCCOC(=O)C(=O)OC,-65.08541819,,,,
1464019841,COc1ccc(NC(=O)c2ccc(-c3ccc(C(=O)Nc4ccc(Oc5ccc(C6(c7ccc(C)cc7)CC7CCC6C7)cc5)cc4)cc3)cc2)cc1,81.0,0.3665982,,,
1464421877,CCCCCCCCCCCCOc1cc(C(=O)Oc2ccc(OC)c(-c3ccccc3)c2)c(OCCCCCCCCCCCC)cc1C(C)=O,200.1,0.38150674,,,
1464436894,Cc1ccc2c(c1)C(=O)N(c1ccc(N3C(=O)c4ccc(-c5c(-c6ccccc6)c(-c6ccccc6)c(-c6ccc(Sc7ccc(-c8c(-c9ccccc9)c(-c9ccccc9)c(C)c(-c9ccccc9)c8-c8ccccc8)cc7)cc6)c(-c6ccccc6)c5-c5ccccc5)cc4C3=O)cc1)C2=O,224.0,0.40791529,,,
1464819967,CNc1ccc(-c2c(C)cccc2C2(c3cccc(C)c3-c3ccc(NC)cc3)CCCCC2)cc1,238.0,0.37034703,,,
1465340291,CCC(C)(C)C(=O)NC(=O)Oc1ccc(S(=O)(=O)c2ccc(O)cc2)cc1,167.0,0.31639128,,,
1465942783,CCC(C)c1ccc(OC(C)=O)cc1,108.0,0.35340606,0.2005,1.037413892,13.82349277
1466879267,CCC(C)C(=O)OC(F)(F)C(F)(F)C(F)(F)C(F)(F)C(F)(F)C(F)(F)C(F)(F)C(F)(F)F,322.0,0.31737027,,,
1467166248,CCC(C)C(=O)OC(C(F)(F)F)C(F)(F)F,225.0,0.32320653,,,
1467252065,CCC(O)CCCCC(O)CN(C)c1ccc(N(C)C)cc1,,0.35960485,0.2005,,
1468461975,Cc1ccc(Oc2ccc(N3C(=O)C4CCC5C(=O)N(C)C(=O)C5C4C3=O)cc2)cc1,216.0,0.36953337,0.263432532,1.224206455,28.17532553
1468518443,CCCCCCOC(=O)C(C)(C)CC,204.0,,0.184,0.903441723,11.78953051
1468882159,CCC(CBr)OC,62.0,0.39889944,,,
1468958338,CNc1cccc2cc3cccc(NC)c3cc12,80.0,0.33370765,,,
1469078897,CCCc1ccc(C)c(C)c1,307.5,0.39177788,0.184,1.00278747,22.25442755
1469251580,CNc1ccc(-c2c(C)cc(C3(c4cc(C)c(-c5ccc(NC)cc5)c(C(C)C)c4)c4ccccc4-c4ccccc43)cc2C(C)C)cc1,82.0,0.4084913999999999,,,
1469266389,CCC(C)(C)COC(=O)NC1CCC(CC2CCC(NC(=O)OC)CC2)CC1,15.9792949,,,,
1469368089,CCCN(CCOC(=O)c1ccc(C(=O)OC)cc1)c1ccc(C=C(C#N)C#N)cc1,42.0,0.35440714,,,
1469495249,CC(=O)Oc1ccc([Si](C)(C)c2ccc(OC(=O)c3ccc(C)s3)cc2)cc1,182.0,0.37656746,,,
1469675356,CO[Si](C)(C)O[Si](C)(C)O[Si](C)(C)c1c(F)c(F)c(F)c(F)c1F,43.0,0.40336035,,,
1469897580,CCC(C)(C)C(=O)OCCCCCCOc1ccc(N=Nc2ccc(C#N)cc2)cc1,348.0,0.36995915,,,
1470418130,Cc1ccc(Cc2ccc(N3C(=O)N(c4ccc(Cc5ccc(N6C(=O)N(C)C(C)(C)C6=O)cc5)cc4)C(=O)C3(C)C)cc2)cc1,42.3,0.4025765,,,
1470645091,CC(=O)c1ccc2c(c1)C(=O)N(c1c(C)cc(Cc3cc(C)c(N4C(=O)c5ccc(C)cc5C4=O)c(C)c3)cc1C)C2=O,263.0,0.41157762,0.220094916,1.094593488,25.41774128
1470768847,CCC(C)C(=O)OCCCCCCOc1ccc(N=Nc2ccc([N+](=O)[O-])cc2)cc1,342.0,0.36065471,,,
1470774077,Cc1ccc(Oc2ccccc2Oc2ccc(N3C(=O)c4ccc(Oc5ccc6c(c5)C(=O)N(C)C6=O)cc4C3=O)cc2C(F)(F)F)c(C(F)(F)F)c1,180.0,0.36576424,,,
1471142716,CC=C(c1ccc(C)cc1)c1ccc(C(F)(F)F)cc1,-14.0,0.40375931,,,
1472109489,CCCCCN1C(=O)c2ccc(C(c3ccc4c(c3)C(=O)N(C)C4=O)(C(F)(F)F)C(F)(F)F)cc2C1=O,55.0,0.34468789,,,
1472118288,CCC(C)(F)C(=O)OCC(F)(F)C(F)(F)F,57.5,0.32568695,,,
1472271341,CCCCCCCCCCCCCOc1ccc(C(C)(C)c2ccc(OCOc3ccc(C(C)(C)c4ccc(OC)cc4)cc3)cc2)cc1,185.0,0.36755988,,,
1472751426,Cc1cc(N2C(=O)c3ccc(P(=O)(c4ccccc4)c4ccc5c(c4)C(=O)N(C)C5=O)cc3C2=O)cc(C(F)(F)F)c1,84.0,0.3984853,,,
1473380579,Cc1ccc2c(c1)C(=O)N(c1c(C)cc(-c3cc(C)c(-c4cc(C)c(N5C(=O)c6ccc(C(C)(C(F)(F)F)C(F)(F)F)cc6C5=O)c(C)c4)cc3C)cc1C)C2=O,127.0,0.42965902,,,
1473395922,Cc1ccc(Oc2ccc(C3(c4ccc(Oc5ccc(N6C(=O)c7ccc(Oc8ccc(C9(c%10ccc(Oc%11ccc%12c(c%11)C(=O)N(C)C%12=O)cc%10)CCCCCCCCCCC9)cc8)cc7C6=O)cc5)cc4)C4CC5CC(C4)CC3C5)cc2)cc1,,0.38174277,0.2382015,1.101806479,22.08529982
1473570358,CC(=O)c1ccc(Oc2ccc(S(=O)(=O)c3ccc(Oc4ccc(C(=O)c5ccc6c(c5)C(=O)N(c5ccc(Oc7ccc(N8C(=O)c9ccc(C)cc9C8=O)cc7)cc5)C6=O)cc4)cc3)cc2)cc1,204.0,0.37060615,,,
1473690215,CNc1ccc2c(c1)C(c1ccccc1N)(c1ccccc1NC)c1cc(N)ccc1-2,224.0,0.3674954,,,
1473745481,CC1CCC1C,69.57488221,,0.163,0.823406686,14.41189122
1474070468,COc1c(C(C)(C)C)cc(C(C)=O)cc1C(C)(C)C,206.7951116,,,,
1474131719,COc1ccc(C(C)(C)c2ccc(OC(=O)Sc3ccc(C(C)(C)c4ccc(SC(C)=O)cc4)cc3)cc2)cc1,108.0,0.35298003,0.182529356,1.146463028,19.72629422
1474494101,COc1ccc(Sc2ccc(Sc3ccc(Sc4ccc(C)cc4)cc3)cc2)cc1,354.5,0.38951806,0.163,,
1474888709,CCOCCOCCOc1ccc(COC(=O)C(C)(C)CC)cc1OCCOCCOCC,-94.0,0.35596618,,,
1474909304,CCCCCCNc1nc(NCCCCCc2nc3cc(-c4ccc5[nH]c(C)nc5c4)ccc3[nH]2)nc(N(CC)CC)n1,190.0,0.37614223,,,
1474978524,CCCCN(C)C(=O)CC,216.0,0.34854625,,,
1475222377,CC(=O)Nc1cccc(NC(=O)c2ccc3[nH]c(-c4cccc(-c5nc6cc(C)ccc6[nH]5)c4)nc3c2)c1,37.0,0.37766539,,,
1475370376,CC(=O)c1cccc(C(=O)c2ccc3c(c2)C(=O)N(c2ccc(Oc4ccc(S(=O)(=O)c5ccc(Oc6ccc(N7C(=O)c8ccc(C)cc8C7=O)cc6)cc5)cc4)cc2)C3=O)c1,317.0,0.36035989,,,
1475746225,CCCCOc1ccc(/C=C/c2ccc(OCCCCCCCCCCC[Si](C)(C)OC)cc2)cc1,361.0,0.38608209,,,
1476123993,CCC=CCOC(=O)C(Cc1ccccc1)NC(=O)CCCCC(=O)NC(Cc1ccccc1)C(=O)OC,296.0,0.34434051,,,
1476310950,CCCCCCCCCCCCOC(=O)Cc1c(C)[nH]c(C)c1CC(=O)OCCCCCCCCCCCC,96.0,,0.2794999999999999,0.913558675,11.77651013
1476461237,COc1ccc(P(=O)(c2ccccc2)c2ccc(Oc3ccc(C(C)(C)c4ccc(C)cc4)cc3)cc2)cc1,344.0,0.39008003,,,
1476641400,CNc1ccc2c(c1)C(C)(C)CC21CC(C)(C)c2cc(NC)ccc21,,0.380516755,,,
1476707326,CC(=O)Nc1ccc(Oc2ccccc2-c2ccccc2Oc2ccc(NC(=O)c3ccc4c(c3)C(=O)N(c3ccc(Oc5ccccc5-c5ccccc5Oc5ccc(N6C(=O)c7ccc(C)cc7C6=O)cc5)cc3)C4=O)cc2)cc1,182.0,0.36139938,0.2794999999999999,,
1476896117,CCC(C)c1ccccc1OC,160.10962,,0.1946666666666666,,
1476896274,Cc1cccc(N2C(=O)c3ccc(C(c4ccc5c(c4)C(=O)N(c4cccc(N6C(=O)c7ccc(-c8ccc9c(c8)C(=O)N(C)C9=O)cc7C6=O)c4)C5=O)(C(F)(F)F)C(F)(F)F)cc3C2=O)c1,9.0,0.37976208,,,
1476946894,Cc1cccc(NC(=O)CCCCCCC(=O)Nc2cccc(S(C)(=O)=O)c2)c1,42.3,0.34455896,,,
1477172876,CCC(C)C[Si](C)(C)C,72.0,0.41950012,0.1946666666666666,,
1477353024,CN=P(C)(Nc1ccccc1)Nc1ccccc1,342.0,0.38717322,,,
1477468420,CCc1ccc(COP(=O)(N=Nc2ccc(Oc3ccc(N=NP(=O)(OC)OC)cc3)cc2)OC)cc1,-5.0,0.35571352,,,
1477631774,CC(=O)Nc1ccc(Oc2ccccc2-c2ccccc2Oc2ccc(NC(=O)c3ccc4c(c3)C(=O)N(c3ccc(Oc5ccc(C(C)(C)c6ccc(Oc7ccc(N8C(=O)c9ccc(C)cc9C8=O)cc7)cc6)cc5)cc3)C4=O)cc2)cc1,-14.0,0.36567383,,,
1477890619,COc1ccc(Oc2ccc(NC(=O)c3ccc(Oc4ccc(Oc5ccc(C(=O)Nc6ccc(C)cc6)cc5)cc4C)cc3)cc2)cc1,-33.0,0.35751398,,,
1478638391,CCC(C)(C)C(=O)OCCOCCOCCOCCOc1ccc(N=Nc2ccc(C#N)cc2)cc1,57.5,0.35894931,,,
1479037928,Cc1cc(Br)c(OC(=O)c2cccc(C(=O)Oc3c(Br)cc(C4(C)OC(=O)c5ccccc54)cc3Br)c2)c(Br)c1,245.9668197,,,,
1479528015,CNc1ccc(-c2ccc(NC)c(-c3ccc(N)cc3)c2)cc1,199.0,0.34495239,,,
1479577775,COc1ccc(N=Cc2ccc(N(c3ccccc3)c3ccc(C=Nc4ccc(C)cc4)cc3)cc2)cc1,127.0,0.39892551,,,
1479997464,CCCCCCCCNC(=O)CCCCCCCCC(=O)NC,227.0,,0.3235,0.943364885,20.0736371
1480032186,CCc1cc(NC)ccc1C1(c2ccc(NC)cc2CC)c2ccccc2-c2ccccc21,-83.0,0.37129273,,,
1480316431,CNc1ccc(C(c2ccccc2)c2ccc(NC)cc2)cc1,308.0,0.35100351,,,
1480445744,CNc1ccc(NC(=O)c2ccc(NC(=O)C=Cc3ccc(C=CC(=O)Nc4ccc(C(C)=O)cc4)cc3)cc2)cc1,169.7759737,,0.3235,,
1480784338,Cc1ccc([Si](c2ccccc2)(c2ccccc2)c2ccc(-c3nnc(-c4ccc(-c5nnc(C)o5)o4)o3)cc2)cc1,331.0,0.47072462,,,
1480818126,CC=Cc1cc(OCC(CC)CCCC)c(C)cc1-c1ccc(N(c2ccc(OC)cc2)c2ccc(OC)cc2)cc1,103.45,0.38664092,,,
1480945963,CCCSCC(CC)OC,223.0,0.41871813,,,
1481083200,COc1ccc(SSCCCCSSc2ccc(C)cc2)cc1,102.260186,,,,
1481177497,CCCC1C(=O)N(CCC)C(=O)C1C,190.0,0.34544005,,,
1481191612,CNc1cc(C)c(Cc2ccc(CCCCCCCCCCCCCCCCCCCCc3ccc(Cc4c(C)cc(NC)cc4C)cc3)cc2)c(C)c1,99.0,0.3609597,,,
1481448213,CNc1cc([N+](=O)[O-])c(NC(=O)CCCCCCCCC(C)=O)cc1C=Cc1ccc(N(C)C)cc1,37.0,0.35183378,,,
1481540874,CCCCCCCNC(=O)CCCC(=O)OC,317.0,0.33848118,,,
1482072500,Cc1ccc(C(C)(C)c2ccc(C(C)(C)c3ccc(N4C(=O)c5ccc(Oc6cccc7c(Oc8ccc9c(c8)C(=O)N(C)C9=O)cccc67)cc5C4=O)cc3)cc2)cc1,262.0,0.38669783,,,
1482083544,Cc1ccc(Sc2ccc(Sc3ccc(N4C(=O)c5ccc(Sc6ccc(Sc7ccc(Sc8ccc9c(c8)C(=O)N(C)C9=O)cc7)cc6)cc5C4=O)cc3)s2)cc1,241.0,0.37801232,,,
1482120134,COc1ccc(NC(=O)c2cc(C(=O)Nc3ccc(C)cc3)cc(S(=O)(=O)c3ccccc3)c2)cc1,,0.35307461,,,
1482727524,CC(=O)Nc1ccc(Oc2ccccc2-c2ccccc2Oc2ccc(NC(=O)c3ccc4c(c3)C(=O)N(c3ccc(Oc5ccc(N6C(=O)c7ccc(C)cc7C6=O)cc5)cc3)C4=O)cc2)cc1,,0.36288338,,,
1482787899,CCCCCCCCCOc1c(OC)cc(/C=C/c2ccc(/C=C/c3cc(OC)c(OC)c(OC)c3)cc2)cc1OC,276.0,0.36086403,,,
1483068354,CNc1ccc(-c2cccc3ccccc23)c(-c2cccc3ccccc23)c1NC,154.0,0.36015799,,,
1483153718,CCCCCC[C@H](Cc1ccc([C@@H](CCC)c2ccc(NC)cc2)cc1)Cc1ccc([C@H](CCC)c2ccc(NC)cc2)cc1,84.0,0.36041733,,,
1483304960,CC=CC(CC)OC,-33.0,0.3862843999999999,0.240715701,1.002721432,19.18540535
1483538338,CNc1cccc(/C(=C(/c2ccccc2)c2cccc(NC)c2)c2ccccc2)c1,190.0,0.37179153,,,
1483754768,CNc1ccc(-c2c(-c3ccc(-c4ccccc4)cc3)cc(-c3ccc(-c4cc(-c5ccc(-c6ccccc6)cc5)c(-c5ccc(NC(=O)c6ccc(C(C)=O)cc6)cc5)c(-c5ccc(-c6ccccc6)cc5)c4)cc3)cc2-c2ccc(-c3ccccc3)cc2)cc1,8.0,0.37232804,,,
1484029097,CC(OCOC(C)C(C)(F)F)C(C)(F)F,297.5,0.34668638,,,
1484271204,CNc1ccc2ccccc2c1-c1c(NC)c(-c2ccccc2)cc2ccccc12,249.0,0.35903974,,,
1484621104,COc1cccc(Oc2cccc(NC(=O)c3cccc(Oc4cccc(Oc5cccc(C(=O)Nc6cccc(C)c6)c5)c4)c3)c2)c1,-33.0,0.35258693,,,
1484839925,CCCCCCCCCCCOCCCCCCCCCCOCCCCOC,253.0,,0.329,0.882717038,21.18686489
1484940598,CC=C(C#N)C(=O)OCCCCCCOC(=O)C(C#N)=Cc1ccc2c(c1)c1cc(C)ccc1n2CCCCCCCCCCCCCC,185.5,0.38239556,,,
1485740570,CCCC=CCCC1CC(CCC2CC(C)OC2=O)C(=O)O1,199.0,0.33942699,,,
1485822682,CCCCCCCCCCCC(=O)OC,244.0,0.37420675,0.329,,
1485858652,CCC(C)(C)C(=O)OCC1COC(c2ccccc2)O1,227.0,0.33388652,,,
1485862700,Cc1ccc(-c2nc3cc(Oc4ccc(NC(=O)c5ccc6c(c5)C(=O)N(c5ccc(C(c7ccc(N8C(=O)c9ccc(C(=O)Nc%10ccc(Oc%11ccc%12nc(-c%13ccccc%13)c(C)nc%12c%11)cc%10)cc9C8=O)cc7)(C(F)(F)F)C(F)(F)F)cc5)C6=O)cc4)ccc3nc2-c2ccccc2)cc1,80.45,0.38075733,,,
1486120892,Cc1ccc2c(c1)C(=O)N(c1ccc(S(=O)(=O)c3ccc(N4C(=O)c5ccc(C(C)(C(F)(F)F)C(F)(F)F)cc5C4=O)cc3)cc1)C2=O,308.0,0.38857369,,,
1486334179,CCC(C)c1ccc(C(O)CCN(C)C)cc1,125.0,0.39056968,,,
1486442979,CCCC(OC)(C(F)(F)F)C(F)(F)F,-8.026293088,,,,
1487203237,CCCCCCCCCCCCC(C(=O)NC)C(=O)NCCCCCCCCCC,103.45,,0.347,,
1487747929,COc1ccc(S(=O)(=O)c2ccc(Oc3c(C)cc(C(C)(C)c4cc(C)c(C)c(C)c4)cc3C)cc2C(O)(C(F)(F)F)C(F)(F)F)c(C(O)(C(F)(F)F)C(F)(F)F)c1,,0.38564574,0.152623848,1.262427505,19.45698714
1487920180,CCCCOc1ccc(OC(=O)c2ccc(OCCCCCCOC(=O)C(C)(C)CC)cc2)cc1,229.0,0.35353312,,,
1488067118,CC(=O)c1ccc2c(c1)C(=O)N(c1cccc(C(=O)c3c(C)cc(C)c(N4C(=O)c5ccc(C)cc5C4=O)c3C)c1)C2=O,200.0,0.39668425,0.347,,
1488760517,CCCCCCCN1C(=O)c2ccc(-c3ccc(-c4ccc5c(c4)C(=O)N(C)C5=O)cc3)cc2C1=O,,0.34646376,,,
1488918987,CCCOc1ccc(S(=O)(=O)c2ccc(OCCOP(=O)(OC)Oc3ccc([N+](=O)[O-])cc3)cc2)cc1,137.5,0.3392001,,,
1489195327,CC(=O)Nc1ccc(Oc2ccc(NC(=O)c3ccc(N4C(=O)c5ccc(C)cc5C4=O)cc3)cc2)cc1,,0.34828568,,,
1489614055,Cc1ccc(Oc2ccc(C(=O)c3ccc(-c4ccc(C(=O)c5ccc(Oc6ccc(-c7nc(-c8ccc(-c9nc(C)c(-c%10ccccc%10)[nH]9)cc8)[nH]c7-c7ccccc7)cc6)cc5)cc4)cc3)cc2)cc1,,0.40415832,,,
1490448831,Cc1ccc2c(c1)C(=O)N(c1cccc(C(F)(F)C(F)(F)C(F)(F)c3cccc(N4C(=O)c5ccc(C(F)(F)C(F)(F)C(F)(F)C(C)(F)F)cc5C4=O)c3)c1)C2=O,,0.34642034,,,
1490582596,CCCCCCCCCCCC(C)CC,-46.05,,0.3206666666666666,0.803315138,10.73852636
1490863909,CCCCCCCCCCCCCCCCn1c2ccccc2c2cc(COC(=O)C(C)(C)CC)ccc21,130.0,0.37558543,,,
1490994278,CNc1cccc(NC(=O)CCCCC(=O)Nc2cccc(NC(=S)NC(=O)CCCCC(=O)NC(C)=S)c2)c1,293.0,0.33328285,,,
1491147756,CC(=O)Nc1ccc(Oc2ccc(NC(=O)c3ccc4c(c3)C(=O)N(c3ccc(Oc5ccc(N6C(=O)c7ccc(C)cc7C6=O)cc5-c5ccccc5)c(-c5ccccc5)c3)C4=O)cc2-c2ccccc2)c(-c2ccccc2)c1,276.0,0.37066383,0.3206666666666666,,
1491246883,COc1ccc(OC(=O)c2ccc(C(C)=O)cc2Oc2ccc(F)cc2)cc1,43.0,0.34953736,,,
1491854107,CC=CCC(C)(CCC)C(=O)OC,-28.15217408,,,,
1493417341,COc1ccc(C(C)(C)c2ccc(OC(=O)c3ccc(C(c4ccc(C(C)=O)cc4)(C(F)(F)F)C(F)(F)F)cc3)cc2)cc1,90.4,0.36851832,,,
1493656978,Cc1ccc(Oc2ccc(C(=O)c3cccc(C(=O)c4ccc(Oc5ccc(-c6c7c(c(C)c8ccccc68)C(=O)N(c6ccc(F)cc6)C7=O)cc5)cc4)c3)cc2)cc1,49.0,0.37299965,,,
1494135620,CO[Si](C)(C)CCCN=C1C=C(O)C(=NCCC[Si](C)(C)C)C=C1O,300.0,0.39375505,,,
1494459100,CNc1cc(C)c(Cc2ccc(CCCCCCCCCCCCCCCCc3ccc(Cc4c(C)cc(NC)cc4C)cc3)cc2)c(C)c1,-18.0,0.35893266,,,
1495114099,CNc1ccc(Cc2ccccc2Cc2ccc(NC)c(C)c2)cc1C,96.0,0.35364083,,,
1495561124,Cc1cccc(C(=O)Nc2ccc(Oc3ccc(S(=O)(=O)c4ccc(Oc5ccc(NC(=O)c6cccc(N7C(=O)c8ccc(-c9ccc%10c(c9)C(=O)N(C)C%10=O)cc8C7=O)c6)cc5)cc4)cc3)cc2)c1,253.0,0.35728456,,,
1495657690,CCCCCCCNC(=O)CCCCCC(=O)NC,185.5,0.34167967,0.278,,
1495695702,Cc1ccc2c(c1)C(=O)N(c1ccc(C3(c4ccc(N5C(=O)c6ccc(C(C)(C(F)(F)F)C(F)(F)F)cc6C5=O)cc4)c4ccccc4-c4ccccc43)cc1)C2=O,279.0,0.42357892,,,
1496106807,CCCCC(C)O[Si](C)(C)OC,244.0,0.4012962,,,
1496171453,CCC(C)c1ccc(OCCOCCOC(C)=O)cc1,244.0,0.34580144,0.278,,
1496884432,CCCN(C)C(=O)C1CC1,239.0,0.34943923,,,
1497450918,COc1ccc(OC(=O)c2ccc(Sc3cccc(OC(=O)c4ccc(C(=O)Oc5cccc(Sc6ccc(C(C)=O)cc6)c5)cc4)c3)cc2)cc1C,239.0,0.36045779,,,
1497637197,Cc1ccc2c(c1)C(=O)N(c1cccc(C(=O)Nc3ccc(-c4ccc(NC(=O)c5cccc(N6C(=O)c7ccc(C(C)(C(F)(F)F)C(F)(F)F)cc7C6=O)c5)cc4)cc3)c1)C2=O,80.45,0.35883674,,,
1497639710,CCC(C)(C)C(=O)OCCCCCCN1CCN(c2ccc(N=Nc3ccc(C#N)cc3)cc2)CC1,80.45,0.37393027,,,
1498294171,CCCCCCC1(CCCCCC)c2ccccc2-c2ccc(-c3ccc(C(C)CC)cc3)cc21,69.4,0.40118451,,0.899366976,10.82333757
1498407701,CCCCCCCc1nc2cc(NC(=O)CCCCCCCCC(=O)Nc3ccc4oc(C)nc4c3)ccc2o1,69.4,0.35561284,,,
1498502031,Cc1ccc(Oc2ccc(C(c3ccc(Oc4ccc(N5C(=O)CC(=O)N(C)C5=S)cc4)cc3)(C(F)(F)F)C(F)(F)F)cc2)cc1,243.0,0.37856211,,,
1498613996,CCCCCCCCc1cc(-c2ccc3c(c2)C(CCCCCC)(CCCCCC)c2cc(C)ccc2-3)c(CCCCCCCC)cc1C,,0.41835338,0.349,0.85154393,17.51524142
1498770138,CCC(C)(C)C(=O)OCCOCCO,,0.31660238,,,
1498889771,CCCCCCCCCCCCCCCCOC(=O)C(C)CC,,,0.3626666666666667,0.864622073,12.59659455
1499027687,CNc1cccc(-c2ccc(-c3ccccc3-c3ccc(-c4ccccc4)cc3)cc2)c1NC,305.0,0.35096567,0.349,,
1499293987,Cc1ccc(OCCN(CCOc2ccc(-c3nc4ccc(Oc5ccc6nc(C)c(-c7ccccc7)nc6c5)cc4nc3-c3ccccc3)cc2)c2ccc(N=Nc3ccc([N+](=O)[O-])cc3)cc2)cc1,54.0,0.38165004,,,
1500693468,Cc1ccc(N(c2ccc(C#N)cc2)c2ccc(N3C(=O)c4ccc(Oc5ccc(C6(c7ccc(Oc8ccc9c(c8)C(=O)N(C)C9=O)cc7)CCCCC6)cc5)cc4C3=O)cc2)cc1,370.0,0.39468168,0.3626666666666667,,
1500711821,CCCCCOC(=O)Cc1ccc(CC(=O)OC)cc1,-34.10658315,,,,
1500837944,Cc1ccc(Oc2cc(C(C)(C)C)c(Oc3ccc(N4C(=O)c5ccc(S(=O)(=O)c6ccc7c(c6)C(=O)N(C)C7=O)cc5C4=O)cc3)cc2C(C)(C)C)cc1,-3.0,0.40608449,,,
1501114922,Cc1cccc(N2C(=O)c3ccc(Oc4ccc(Oc5ccc6c(c5)C(=O)N(C)C6=O)cc4)cc3C2=O)c1,77.0,0.36338221,,,
1501485804,CNc1ccc(C[C@@H](C)C2(Cc3ccc(NC)cc3)CCCCC2)cc1,135.0,0.3481947,,,
1501914019,CCC(C)(C)C(=O)OC1CCC(C)CC1,-46.05,0.37962423,0.1709999999999999,0.895972858,11.80505526
1502018022,CC=CC1CC(C)C2C(=O)N(c3cc(C(F)(F)F)cc(C(F)(F)F)c3)C(=O)C12,130.0,0.3593193,,,
1502259897,Cc1ccc(Oc2ccc(Oc3ccc(N4C(=O)c5ccc(-c6ccc7c(c6)C(=O)N(C)C7=O)cc5C4=O)cc3)c(C(C)(C)C)c2)cc1,337.0,0.38670531,0.1709999999999999,1.153474075,28.42466879
1502465383,CNc1ccc(-c2ccc3c(c2-c2ccc(NC)c(C)c2)Cc2ccccc2-3)cc1C,43.0,0.36453901,,,
1502724295,CCCCCCCOC(=O)OCCCCCCCCCCCCOC(=O)OCCCCCCOc1ccc(C(=O)c2ccc(OC)cc2)cc1,74.5,0.35846938,,,
1502897533,COc1c(-c2ccccc2)cc(-c2cc(-c3ccccc3)c(OC(=O)CCCCCCCCC(C)=O)c(-c3ccccc3)c2)cc1-c1ccccc1,20.0,0.37181135,,,
1503069300,CCCCCCOC(=O)C(Cc1ccc(OC)cc1)NC(=O)CCc1ccc(OC(=O)CCC(C)=O)cc1,187.0,0.34701241,,,
1503134682,COc1ccc(C(C)(C)c2ccc(OC(=O)OC3C(C)(C)C(OC(C)=O)C3(C)C)cc2)cc1,49.0,0.36526848,,,
1504210048,CCCCCCCCCCCCCCCCCCCCCOC(=O)CCC(=O)OC,-32.76938912,,0.362,,
1504320453,Cc1ccc(Oc2ccc(NC(=O)c3ccc(Oc4ccc5c(c4)C(=O)N(C)C5=O)cc3)cc2)cc1,141.0,0.35373697,,,
1504459006,CCCCCCCCCCCCCCCCCOC(=O)CCCCCCCCC(=O)OC,56.0,,0.442,0.912106929,22.06826429
1504692554,CNc1ccc(C2(c3ccc(NC)cc3)CC=CCC2)cc1,296.0,0.35342761,0.362,,
1504708152,CCc1ccc(CN(C)C(=O)CCCCCCCCCCCCCCC(=O)N(C)C)cc1,-14.32362541,,,,
1505007551,COc1ccc(C(C)(C)c2ccc(OC(=O)c3cccc(C(C)=O)c3)cc2)cc1,109.0,0.36148157,,1.101878575,18.7163871
1505164160,CNc1ccccc1-c1c(N)ccc2c1ccc1c(-c3ccccc3N)c(NC)ccc12,23.0,0.35843699,,,
1505192900,COc1cccc(C(=O)Nc2ccc(S(=O)(=O)c3ccc(NC(=O)c4cccc(Oc5nc(C)nc(Sc6ccccc6)n5)c4)cc3)cc2)c1,,0.35247357,,,
1506883443,Cc1ccc(C(c2ccccc2)c2ccc(N3C(=O)c4ccc(-c5ccc6c(c5)C(=O)N(C)C6=O)cc4C3=O)cc2)cc1,369.0,0.40443369,,,
1506970146,CCC(C)c1ccc(C(C)(O)CC)cc1,106.0,0.37635976,0.2266666666666666,,
1507536890,CCCCCCOc1ccc(-c2ccc(OC)c3ccccc23)c2ccccc12,-8.0,0.36158697,,,
1507569319,CC(=O)Oc1ccc(C(=O)Nc2cc(C(=O)Nc3ccc(C)cc3)cc(C(=O)Nc3ccc(-c4nnc(C)o4)cc3)c2)cc1,98.0,0.34832358,,,
1507772517,Cc1ccc(Cc2ccc(N3C(=O)C4CCC(C5CCC6C(=O)N(C)C(=O)C6C5)CC4C3=O)cc2)cc1,124.0,0.38536816,0.2266666666666666,,
1508066220,CCCCOCc1ccc(C(C)CC)cc1,243.0,0.38801598,,,
1508126626,CNc1cccc(C#Cc2ccc(NC(=O)c3cccc(C(C)=O)c3)cc2)c1,,0.37889334,,,
1508181683,CCCCC[C@H](c1ccc([C@@](CCCC)(c2ccc([C@H](CCCCC)c3ccc(NC)cc3C)cc2)C2CCCCC2)cc1)c1ccc(NC)cc1C,262.0,0.38359453,,,
1508221747,COc1ccc(S(=O)(=O)c2ccc(Oc3ccc(NC(=O)c4cc(NC(=O)c5ccc(OC(C)=O)cc5)cc(C(=O)Nc5ccc(C)cc5)c4)cc3)cc2)cc1,,0.34979882,,,
1508323114,COC1CCC(OC(=O)CCCCCCCCC(C)=O)CC1,258.0,0.35688418,,,
1508373353,COc1cc(C(C)(C)C)c(Oc2ccc(C(=O)Nc3ccc(C(c4ccc(NC(=O)c5ccc(C)cc5)cc4)(C(F)(F)F)C(F)(F)F)cc3)cc2)cc1C(C)(C)C,54.0,0.37989241,0.215611584,1.135045356,25.45512699
1508770794,Cc1ccc(C2(c3ccc(N4C(=O)c5ccc(Oc6ccc7c(c6)C(=O)N(C)C7=O)cc5C4=O)cc3)c3ccccc3-c3ccccc32)cc1,370.0,0.41356417,,,
1509674504,COc1cccc(OC(=O)c2ccc(OC(=O)c3cccc(C(=O)Oc4ccc(C(C)=O)cc4)c3)cc2)c1,-81.0,0.33712765,,,
1509700944,Cc1ccc(Oc2cccc3c(Oc4ccc(N5C(=O)c6ccc(S(=O)(=O)c7ccc8c(c7)C(=O)N(C)C8=O)cc6C5=O)cc4)cccc23)cc1,-3.0,0.38098412,,,
1509770012,Cc1ccc2c(c1)C(=O)N(c1cccc(P(=O)(c3ccccc3)c3cccc(N4C(=O)c5ccc(C(C)(C(F)(F)F)C(F)(F)F)cc5C4=O)c3)c1)C2=O,77.0,0.39499825,,,
1509773761,CCCCCCCCCCn1c2ccccc2c2cc(COC(=O)C(C)(C)CC)ccc21,135.0,0.37281948,,,
1509897801,CNCC(C)NC,324.0,0.31754129,,,
1510154304,CNc1ccc(C2(c3ccc(NC)cc3)c3ccccc3-c3ccc(C)cc32)cc1,151.0,0.37464154,,,
1510186873,CCCCCC(c1ccc(N2C(=O)c3ccc(C)cc3C2=O)cc1)c1ccc(N2C(=O)c3ccc(C(C)=O)cc3C2=O)cc1,204.7640603,,,,
1510690030,CC(=O)OCCN(CCOC(=O)c1ccc2c(c1)C(=O)N(c1c(C)cc(Cc3cc(C)c(N4C(=O)c5ccc(C)cc5C4=O)c(C)c3)cc1C)C2=O)c1ccc(N=Nc2ccc([N+](=O)[O-])cc2C#N)cc1,86.0,0.37188038,,,
1510766002,CNc1ccc(-c2cccc(-c3ccc(NC)cc3)c2)cc1,147.0,0.34163964,,,
1510829152,CCC(COc1ccc(C(C)(C)c2ccc(OC)cc2)cc1)OC(=O)C=Cc1ccco1,74.5,0.3534342,,,
1510840632,CCC(COC(=O)OC)OCCOc1ccc(C=Cc2ccc([N+](=O)[O-])cc2)cc1,20.0,0.34394609,,,
1510846055,CC=C(C)C(CCC)[Si](C)(C)CCCCCC,263.0,0.40434862,,,
1511018789,CCCc1ccc(C)c(CC)c1,66.0,0.39486528,,,
1511476999,CCCCOc1cc(N2C(=O)c3ccc(C)cc3C2=O)cc(N2C(=O)c3ccc(C(C)(C(F)(F)F)C(F)(F)F)cc3C2=O)c1,268.0,0.38373514,,,
1511530438,CCC(C)C(NC(=O)CCCCCCCCC(=O)NC(C(=O)OC1COC2C(C)COC12)C(C)CC)C(=O)OC,243.0,0.35095234,,,
1512069165,COCCCCCCCCCCC(=O)Oc1ccc(-c2ccc(C(=O)Oc3ccc(C(=O)OC)c(OC(=O)c4ccc(-c5ccc(OC(=O)CCCCCCCCC(C)COC)cc5)cc4)c3[N+](=O)[O-])cc2)cc1,263.0,0.38046147,,,
1512407115,CNc1ccc(-c2c(-c3ccccc3)cc(NC)c(C)c2-c2ccccc2)cc1,255.0,0.36604674,,,
1512415132,CNc1ccccc1-c1cccc(-c2cccc(-c3ccccc3)c2)c1NC,29.0,0.34626289,,,
1512714339,CCC(C)(C)C(=O)OCCCCCCOc1ccc(N=Nc2ccncc2)cc1,109.0,0.36156812,,,
1513366860,C[O][Ca][O]C(=O)c1ccccc1C(=O)OCCCCCOC(=O)NCCCCCCNC(=O)OCCCCCOC(=O)c1ccccc1C(C)=O,,0.3810089,,,
1513913960,CCC(C)(C)C(=O)OCCCCCCOc1ccc(OC(=O)c2ccc(-c3ccc(OC)cc3)cc2)cc1,,0.34280149,,,
1514104618,CCCCNC(=O)CCCCCCCCCCCCCCCCCCC(=O)NC,274.0,,0.407,,20.46241251
1514204622,CCCCCCOC(=O)C(Cc1ccc(OC)cc1)NC(=O)Cc1ccc(OC(=O)COCC(C)=O)cc1,,0.34424319,,,
1514327735,CCC(C)c1ccc(C(C)C)cc1C(C)C,-8.0,,0.1979999999999999,0.839803273,10.87873099
1514376697,CCCCC(C)(C)CNC(=O)CCCCCC(=O)NC,98.0,0.3440828,0.407,,
1514418516,COC1C(COC(C)=O)OC(C)C(OC(C)=O)C1O,53.0,0.32163018,,,
1514514964,CC(=O)c1ccc(Oc2c(C)cc(-c3cc(C)c(Oc4ccc(C(=O)c5ccc6nc(C)ccc6c5)cc4)c(C)c3C)c(C)c2C)cc1,130.0,0.40570264,0.1979999999999999,,
1514572566,Cc1ccc(Sc2ccc(Sc3ccc(Sc4ccc(N5C(=O)c6ccc(Sc7ccc(Sc8ccc(Sc9ccc%10c(c9)C(=O)N(C)C%10=O)cc8)cc7)cc6C5=O)cc4)cc3)cc2)cc1,246.0,0.37974001,,,
1514643124,CCC(C)(C)c1ccc(C(C)C)cc1,262.0,0.40109572,0.2013333333333333,0.808542478,12.41984319
1514751058,CNc1ccc(-c2cc(NC)cc(-c3ccc(N)cc3)c2)cc1,,0.34788734,,,
1515428777,CCCCCCCNC(=O)c1cc(C(=O)NC)cc(C(C)(C)C)c1,,0.35198152,,,
1515861742,CNc1ccc(-c2ccc(NC(=O)c3cccc(C(C)=O)c3)c(S)c2)cc1S,,0.35876694,0.2013333333333333,,
1515864887,CNC1CCC(CC2CCC(NC(=O)CCCCCCCCC(C)=O)CC2)CC1,,0.36172537,,,
1515872647,CCC(C)C(=O)N1CCOCC1,180.0,0.340331,0.212,1.114429035,11.35819502
1515877635,CCC(C)(C)C(=O)OCC(C)(C)C,-2.4,,0.1555,0.810146915,10.91862442
1515920130,CC(=O)NCCCCCCCCCCNC(=O)c1cccc(C)n1,49.59402876,,,,
1516275191,CNc1cc([N+](=O)[O-])c(NC(=O)CCCCCCC(C)=O)cc1C=Cc1ccc(N(C)C)cc1,315.0,0.34625185,0.212,,
1516593013,CCc1ccc2oc(=O)c(C(=O)Nc3ccc(C(c4ccc(NC(=O)c5cc6cc(C)ccc6oc5=O)cc4)(C(F)(F)F)C(F)(F)F)cc3)cc2c1,190.0,0.34097421,0.1555,,
1516837155,CCCCCCCN(CC(F)(F)C(F)(F)F)C(=O)C(F)(F)C(F)(F)C(F)(F)C(=O)N(C)CC(F)(F)C(F)(F)F,151.0,0.33260446,,,
1517122573,CCCCP(CCCNC(=O)CCCCC(=O)NC)c1ccccc1,280.0,0.34331894,,,
1517401237,CCCCCCCCOc1ccc(-c2ccc(C(=O)OCC)cc2C(C)CC)cc1,260.0,0.38076446,,,
1517587457,CCCOC(=O)C(C)(Cl)CC,10.0,,0.173,1.102798912,12.27540357
1517792443,Cc1ccc(Oc2cccc(Oc3ccc(N4C(=O)c5ccc(-c6ccc7c(c6)C(=O)N(C)C7=O)cc5C4=O)cc3)c2C#N)cc1,268.0,0.37073474,,,
1518669456,CCCCCCCCCCCC(=O)N(C)C,140.0,0.37747863,0.308782805,0.943846152,21.82605242
1518803212,Cc1ccc(Oc2ccc(S(=O)(=O)c3ccc(Oc4ccc(N5C(=O)c6ccc(Oc7ccc(Oc8ccc9c(c8)C(=O)N(C)C9=O)cc7)cc6C5=O)cc4)cc3)cc2)cc1,263.0,0.36893387,0.173,,
1519364280,CCCC(C)O[Si](C)(C)OC,66.0,0.39779568,,,
1519582452,CNc1c(CC(C)(C)C)cc2ccccc2c1-c1c(NC)c(CC(C)(C)C)cc2ccccc12,268.0,0.39483113,,,
1520136246,CC(=O)Oc1ccc(C2(c3ccc(OC(=O)c4ccc5c(c4)C(=O)N(c4ccc(-c6ccc(N7C(=O)c8ccc(C)cc8C7=O)cc6C)c(C)c4)C5=O)cc3)CC3CC2C2CCCC32)cc1,373.0,0.37865395,,,
1520266361,Cc1ccc(-c2nc(-c3cccc(-c4nnc(-c5ccccc5)c(C)n4)n3)nnc2-c2ccccc2)cc1,158.0,0.44423251,,,
1521487084,COc1ccc(P(C)(=O)c2ccc(Oc3ccc(C(C)(C)c4ccc(C)cc4)cc3)cc2)cc1,38.0,0.38231831,,,
1522414034,CCCCCCCCOc1ccc(-c2ccc(C(=O)OCCCC)cc2C(C)CC)cc1,271.0,0.38549986,,,
1522625717,CCCCCCCC(C)=C(C)C,29.0,0.40916746,,,
1523167762,CCC(C)C(=O)NC(C)(C)CC(C)=O,329.0,0.33505306,,,
1523200168,CCCCCCCCCCCOc1ccc(N=Cc2ccc(C=Nc3ccc(OC)cc3C)cc2)c(C)c1,174.0,0.38083348,,,
1523230328,Cc1cc(Cc2cc(C)c(N3C(=O)c4ccc(Oc5cccc6c(Oc7ccc8c(c7)C(=O)N(C)C8=O)cccc56)cc4C3=O)c(C)c2)cc(C)c1C,49.0,0.39800868,,,
1523654682,CCC(O)COc1c(C)cc(C(C)(C)c2cc(C)c(OCC(O)COc3c(C)cc(S(=O)(=O)c4cc(C)c(OC)c(C)c4)cc3C)c(C)c2)cc1C,95.0,0.36996727,,,
1523715614,CCCCCCCCCCCNC(=O)c1ccc(C(=O)NC)cc1,50.1155014,,,,
1523905334,CNc1cc(C)c(C2(c3cc(C)c(NC)cc3C)c3ccccc3-c3ccccc32)cc1C,271.0,0.38791749,,,
1524051176,CCCCCNC(=O)C(OC)C(OC)C(=O)NC,-12.0,0.32364481,,,
1524213012,CCCCn1c2ccc(N=Cc3ccc(O)c(C)c3)cc2c2cc(N=Cc3cc(C)c(O)c(C)c3)ccc21,201.0,0.36995322,,,
1524317479,CCC(C)(CC(=O)OCCOCCOC)C(=O)OCCOCCOC,25.0,0.33439887,,,
1524856753,COc1ccc(NC(=O)c2ccc(C(=O)Nc3ccc(OC4COC5C(C)COC45)cc3)cc2)cc1,246.0,0.33832234,,,
1524880405,Cc1ccc(OC(=O)c2cccc(C(=O)Oc3ccc(C4(C)OC(=O)c5ccccc54)cc3)c2)cc1,91.0,0.35513866,,,
1525026548,COc1ccc(-c2ccc(-c3cc(-c4ccccc4)c(-c4ccc(-c5ccc(OC(=O)c6ccc(C(C)=O)cc6-c6ccccc6)cc5)cc4)c(-c4ccccc4)c3-c3ccccc3)cc2)cc1,260.0,0.38238683,0.315,0.963593,27.63852935
1525361018,CCCOC(=O)C1=CCCCC(N2CCCC2)=C1C(=O)OC,192.0,0.35148816,,,
1525755711,CC=CC1CC(C)C(C(=O)Oc2ccccc2)C1C(=O)Oc1ccccc1,74.0,0.353015,,,
1526653040,COc1ccc(Oc2ccc(OC(=O)c3ccc(C(c4ccc(C(C)=O)cc4)(C(F)(F)F)C(F)(F)F)cc3)cc2)cc1,,0.35598766,0.315,,
1526713439,CCCc1ccc(C)s1,72.5,0.39157828,0.288,1.164977581,25.29233638
1527011099,CCC1(CC)C(=O)N(C(C)=O)C(=O)N1C(=O)c1ccc2c(c1)C(=O)N(c1ccc(Oc3ccc(N4C(=O)c5ccc(C)cc5C4=O)cc3)cc1)C2=O,-2.4,0.36982444,,,
1527133418,COc1ccc(NC(=O)CCCCC(=O)Nc2ccc(C)cc2)cc1,57.0,0.3339539,,,
1527614677,CCCCP(CCCNC(=O)CCCCCCCCC(=O)NC)c1ccccc1,56.20366062,,0.288,,
1527753234,Cc1cccc(C(=O)c2ccc(Oc3ccc(N4C(=O)c5ccc(Oc6ccc7c(c6)C(=O)N(C)C7=O)cc5C4=O)cc3C(F)(F)F)cc2)c1,46.0,0.3698895,,,
1527864576,Cc1ccc(Nc2ccc(C3(c4ccc(Nc5ccc(S(C)(=O)=O)cc5)c(C)c4)c4ccccc4-c4ccccc43)cc2C)cc1,,0.42014539,,,
1528273395,Cc1ccc(Oc2ccc(Oc3ccc(N4C(=O)c5ccc(Oc6ccc7c(c6)C(=O)N(C)C7=O)cc5C4=O)cc3C(F)(F)F)cc2)cc1,70.5,0.37524227,,,
1528295982,CCC(c1ccccc1)C1C(=O)N(CCN(CC)c2ccc(N=Nc3ccc([N+](=O)[O-])cc3)cc2)C(=O)C1C,202.0,0.36659752,,,
1528389333,CCCCCCCCCCCNC(=O)CCCCCCCCC(=O)NCCCCCCCCCCNC(=O)C(=O)NC,82.2677155,,0.4125,0.955200662,21.885982
1528618359,CNc1ccc(C(C)(C)c2ccc(NC)cc2-c2ccccc2)cc1,176.45,0.35615321,,,
1528836681,CCCCCCCCCCCOC(=O)c1cccc(-c2cccc(C(=O)OC)c2)c1,8.531981028,,,,
1529298649,CC=CC1CC(C)C(C#N)([Si](C)(C)O[Si](C)(C)C)C1,260.0,0.43871287,0.4125,,
1529319759,CCCCNC(=O)c1cc(C)cc(N2C(=O)c3ccc(-c4ccc5c(c4)C(=O)N(C)C5=O)cc3C2=O)c1,163.0,0.37595452,,,
1529607957,CC(=O)Nc1ccc(Oc2ccc(-c3ccc(Oc4ccc(NC(=O)c5ccc6c(c5)C(=O)N(c5ccc(Oc7cccc8c(Oc9ccc(N%10C(=O)c%11ccc(C)cc%11C%10=O)cc9)cccc78)cc5)C6=O)cc4)cc3)cc2)cc1,395.0,0.36093422,,,
1529815158,CNc1ccc(C[C@@H](c2ccccc2)c2ccc(NC)cc2)cc1,144.0,0.35117651,,,
1530164061,CCC(C)OC(=O)c1cccc([N+](=O)[O-])c1,150.0,0.37430809,,,
1530902893,COc1cccc(Oc2ccc(Nc3ccc(Nc4ccc(Nc5ccc(Nc6ccc(C)cc6)cc5)cc4)cc3)cc2)c1C(=O)Nc1ccc(N=Nc2ccccc2)cc1,238.4094841,,,,
1531080761,Cc1cccc(OCCCCCCCCCCCOC(=O)c2ccc(C(=O)OCCCCCCCCCCCOc3cccc(-c4nnc(C)s4)c3)cc2)c1,230.0,0.37334678,,,
1531336843,CC(=O)c1ccc2c(c1)C(=O)N(c1ccc(Oc3cccc(-c4cc(-c5ccccc5)cc(-c5cccc(Oc6ccc(N7C(=O)c8ccc(C)cc8C7=O)cc6)c5)n4)c3)cc1)C2=O,,0.37590071,,,
1531370497,CCCCCCCCCCC1C2CC(C)C(C2)C1C,329.0,,,0.855255368,14.39063477
1531901492,C=CCN(C)C(C)=O,164.8639006,,,,
1532003406,Cc1ccc(OCCCCCOc2ccc(N3C(=O)c4ccc(-c5cccc6c5C(=O)N(C)C6=O)cc4C3=O)cc2)cc1,49.0,0.35403674,,,
1532503851,CCCCCCNC(=O)CC(=O)NC,95.0,0.31630581,,,
1532559190,CO[Si](C)(CCC(F)(F)F)CCC(F)(F)C(F)(F)CC[Si](C)(C)CCC(F)(F)F,66.0,0.38905129,,,
1532694125,CC=CC1CC(C)C(C#N)([Si](C)(C)[Si](C)(C)C)C1,271.0,0.44453599,,,
1533215185,CCCCCCCN(C)c1ccc(C(C)=O)cc1,-12.0,0.39237717,,,
1533241544,Cc1ccc(C(c2ccc(N(C)c3ccc(C)cc3)cc2)c2ccc([N+](=O)[O-])cc2)cc1,201.0,0.42700988,,,
1533331471,COc1ccc(C2(c3ccc(Oc4ccc(C(=O)c5ccccc5-c5ccccc5C(=O)c5ccc(C)cc5)cc4)cc3)c3ccccc3-c3ccccc32)cc1,-88.0,0.38946752,,,
1533352868,CCCN(C)C(=O)c1cc(F)c(F)cc1F,310.0,0.34420285,,,
1533947375,CCC1CCCC(CN2C(=O)c3ccc(Oc4ccc5c(c4)C(=O)N(C)C5=O)cc3C2=O)C1,226.0,0.35941978,,,
1534103449,CCCCCCCCCCCCCCCc1cc(C)ccc1NC,260.0,,0.314,0.876967341,16.45604164
1534344479,CCC(O)COc1ccc(C(C)(C)c2ccc(OCC(O)COc3ccc(NC(=O)CCCCCC(=O)Nc4ccc(OC)cc4)cc3)cc2)cc1,192.0,0.33850297,,,
1534350557,CCCCCCCOc1ccc(-c2cc(-c3ccc(-c4ccccc4)cc3)c(-c3ccc(NC(=O)c4ccc(C(=O)Nc5ccc(-c6c(-c7ccc(-c8ccccc8)cc7)cc(-c7ccc(OC)cc7)cc6-c6ccc(-c7ccccc7)cc6)cc5)cc4)cc3)c(-c3ccc(-c4ccccc4)cc3)c2)cc1,74.0,0.36743587,,,
1535224949,CC(=O)c1cc(C(=O)c2ccc3c(c2)C(=O)N(c2ccc(C(c4ccc(N5C(=O)c6ccc(C)cc6C5=O)cc4)(C(F)(F)F)C(F)(F)F)cc2)C3=O)cc(C(C)(C)C)c1,260.0,0.38923634,0.314,,
1535521231,CCOC(=O)c1cc(C(=O)c2ccccc2)c(N)c2c(NC)c3c(NC)noc3nc12,72.5,0.33255113,,,
1535630026,CCCCCCCCCCCCn1c2ccc(N=Cc3ccc(O)c(C)c3)cc2c2cc(N=Cc3cc(C)c(O)c(C)c3)ccc21,,0.37679256,,,
1535916456,COc1ccc(S(=O)(=O)c2ccc(Oc3ccc(C(c4ccc(C)cc4)(C(F)(F)F)C(F)(F)F)cc3)cc2[Si](C)(C)C)c([Si](C)(C)C)c1,281.0,0.39362302,,,
1536018562,COc1ccc(OC(=O)c2cccc(Sc3ccc(OC(=O)c4ccc(C(=O)Oc5ccc(Sc6cccc(C(C)=O)c6)cc5)cc4)cc3)c2)cc1-c1ccccc1,145.0,0.36413304,,,
1536084197,CCCCCCCCCCCCCCCCCCCCCCCOC(=O)CCC(=O)OC,-27.0,,0.387,0.905357803,22.64614546
1536340511,CNc1ccc(-c2ccc(NC)c(-c3ccccc3)c2-c2ccccc2)c(-c2ccccc2)c1-c1ccccc1,,0.37552726,,,
1536369221,CCC(F)(F)C1(F)C(C)CC(O)(C(F)(F)F)C1(F)F,100.0,0.30442544,,,
1536452950,COc1ccc(Oc2ccc(C(=O)c3ccc(Oc4ccc(Oc5ccc(C(=O)c6ccc(C)c(C(C)C)c6)cc5)cc4)cc3)cc2C(C)C)cc1,215.0,0.3952199,0.387,,
1536569579,CNc1c(F)c(F)c(NC)c(F)c1F,-40.5,0.32203175,,,
1536803717,CCC(C)(C)COC(=O)OC,57.0,0.35059905,,,
1537088176,CCCCCCCCC(c1ccc(O)cc1)C(C)c1ccc(O)cc1C,282.5,0.36937148,,,
1537297732,CCC(C)c1ccc(Cl)c(F)c1,260.0,,0.1275,,
1537341767,CC(=O)Nc1ccc(Oc2ccccc2-c2ccccc2Oc2ccc(NC(=O)c3ccc4c(c3)C(=O)N(c3ccc(Oc5cccc(Oc6ccc(N7C(=O)c8ccc(C)cc8C7=O)cc6)c5)cc3)C4=O)cc2)cc1,352.5,0.35644883,,,
1537875008,CNc1ccc([C@]2(C)CC(C)(C)c3cc(NC)ccc32)cc1,121.5,0.365803385,,,
1538292595,COc1c(C(=O)Oc2ccc(OC(=O)c3ccc4ccccc4c3Oc3nc(C)nc(N4CCCCC4)n3)cc2)ccc2ccccc12,288.7077709,,0.1275,,
1538729127,CC=C(C)c1ccccc1[Si](C)(C)C,26.0,0.43881448,,,
1539719616,CCCCCCCCCCCCN1C(=O)C(C)C(CCC)C1=O,160.0,0.37602495,,,
1540110087,CC(=O)Nc1ccc(Oc2ccc(C3(c4ccc(Oc5ccc(NC(=O)c6ccc7c(c6)C(=O)N(c6cccc(N8C(=O)c9ccc(C)cc9C8=O)c6)C7=O)cc5)cc4)NC(=O)c4ccccc43)cc2)cc1,230.0,0.36739248,,,
1541215652,CCC(C)(C)C(=O)OC1CCCCC1C(C)(C)C,128.0,0.39683141,,,
1541292142,Cc1ccc(Oc2ccc(C3(c4ccc(Oc5ccc(N6C(=O)CC(=O)N(C)C6=S)cc5)cc4)c4ccccc4-c4ccccc43)cc2)cc1,224.0,0.39690658,,,
1541529952,Cc1ccc(C2(c3ccc(N4C(=O)C(c5ccccc5)=C(c5ccc(C6=C(c7ccccc7)C(=O)N(C)C6=O)cc5)C4=O)cc3)c3ccccc3-c3ccccc32)cc1,269.0,0.42593569,,,
1541871733,CNc1ccc(/C=C/c2ccc(NC)c(-c3ccc4ccccc4c3)c2-c2ccc3ccccc3c2)c(-c2ccc3ccccc3c2)c1-c1ccc2ccccc2c1,232.3,0.37000522,,,
1542132482,CNc1ccccc1-c1c(N)c(N)c(-c2ccccc2N)c(-c2ccccc2N)c1-c1ccccc1NC,145.0,0.31405732,,,
1542525425,Cc1ccc(Oc2ccc(N3C(=O)c4ccc(Oc5ccc(-c6ccc(Oc7ccc8c(c7)C(=O)N(C)C8=O)cc6)cc5)cc4C3=O)cc2)cc1,,0.36540863,,,
1542527766,CNc1cccc(-c2cccc(-c3cccc(N)c3)c2-c2cccc(NC)c2)c1,25.0,0.35421263,,,
1542725530,CNc1c(NC)c(-c2ccccc2)c2ccccc2c1-c1ccccc1,4.0,0.35701914,,,
1543008224,CCC(COC(=O)c1ccc(N2C(=O)C3C4C=CC(C4)C3C2=O)cc1)OC,122.0,0.34283926,,,
1543532086,CCC(CC)(CCl)COC,291.0,0.37740492,,,
1543966603,CN=C1c2ccccc2C(=Nc2ccc(C)cc2)c2ccccc21,158.2579262,,,,
1544175741,COc1ccc(S(=O)(=O)c2cccc3c(S(=O)(=O)c4ccc(Oc5c(C)cc(-c6cc(C)c(C)c(C)c6)cc5C)cc4)cccc23)cc1,93.0,0.3844626,,,
1544534408,CCC(C)c1ccc([Si](C)(C)O[Si](C)(C)C)cc1,55.4,0.45403849,,,
1544660750,CC(=O)OCC(COc1ccc(N=Nc2ccc(C#N)cc2)cc1)OC(=O)c1ccc(C)s1,22.0,0.36682863,,,
1544969349,CNc1ccc(-c2c(C)c(-c3ccccc3)c(NC)c(-c3ccccc3)c2-c2ccccc2)c(C)c1-c1ccccc1,260.0,0.38234636,,,
1545578155,COc1ccc(C(C)(C)c2ccc(Oc3ccc(C(=O)c4ccc(C(=O)c5ccc(C)c(C(F)(F)F)c5)cc4)cc3C(F)(F)F)cc2)cc1,175.0,0.38323456,,,
1545962534,CNc1ccc2c(c1)/C(=C/c1ccccc1NC)c1ccccc1-2,340.0,0.35465087,,,
1546473891,CCCCCCCN1C(=O)c2ccc(C(=O)Nc3ccc(S(=O)(=O)c4cccc(NC(=O)c5ccc6c(c5)C(=O)N(C)C6=O)c4)cc3)cc2C1=O,208.0,0.34528361,,,
1546892007,COc1ccc(C2(c3ccc(OC(=O)c4ccc(C(C)=O)cc4)cc3)CC3CC2C2CCCC32)cc1,65.0,0.37879602,,,
1546988712,Cc1ccc2oc(-c3ccc(Oc4ccc(-c5nc6cc(C(C)(C(F)(F)F)C(F)(F)F)ccc6o5)cc4)cc3)nc2c1,-27.0,0.41418077,,,
1547038341,CCCCCCCCCNC(=O)CCCCCCCC(=O)NC,,,0.308,0.959342877,19.77502946
1547095755,CCCCOc1ccc(OC(=O)c2ccc(C(=O)Oc3ccc(OCCCC)cc3)c(C(C)CC)c2)cc1,45.9,0.36628846,,,
1547207194,COc1ccc(-c2ccc(OC(=O)c3ccc(C(=O)c4ccc(C(C)=O)cc4)cc3)c(-c3ccccc3)c2)cc1-c1ccccc1,215.0,0.37083826,,,
1547263064,C=CC#C[Si](C#CC=NN=C)(c1ccccc1)c1ccccc1,131.2577432,,0.308,,
1548438831,CCCCCCCCCCCCCC(=O)OC,105.0,0.38106509,,,
1548803977,CCC(C)(F)C(=O)OCC(F)(F)C(F)(F)C(F)(F)C(F)(F)F,199.0,0.31898609,,,
1549041363,Cc1cc(-c2cc(C)c(N3C(=O)c4cccc(Oc5c(C)cc(-c6cc(C)c(Oc7cccc8c7C(=O)N(C)C8=O)c(C)c6)cc5C)c4C3=O)c(C)c2)cc(C)c1C,262.0,0.39657814,,,
1549091300,Cc1ccc2c(c1)C(=O)N(c1cccc(C(=O)Nc3ccc(Oc4ccc(Oc5ccc(NC(=O)c6cccc(N7C(=O)c8ccc(C(C)(C(F)(F)F)C(F)(F)F)cc8C7=O)c6)cc5)cc4)cc3)c1)C2=O,116.0,0.35694819,,,
1549258915,CCCC(=O)NCCCCCCNC(=O)CCSC,121.5,0.3462525,,,
1549335676,Cc1ccc(Oc2cccc(N3C(=O)c4ccc(-c5ccc6c(c5)C(=O)N(C)C6=O)cc4C3=O)c2)cc1,267.5,0.36487368,,,
1549802812,CCCCCCCCCCOC(=O)c1ccc(-c2ccc(OCCCCCCCC)cc2)c(C(C)CC)c1,171.0,0.39428806,,,
1549944889,COP(=O)(Oc1ccc(C)cc1)Oc1ccc(S(=O)(=O)c2ccc(C)cc2)cc1,,0.35406248,,,
1550023737,CNc1ccc(NC(=O)c2ccc(P(=O)(c3ccccc3)c3ccc(C(C)=O)cc3)cc2)cc1,172.0,0.35999445,,,
1550446062,CCC(C)(C)C(=O)OCC(=O)c1ccccc1,128.0,0.34187342,0.206062145,1.148393849,15.70489431
1550628326,COc1ccc(S(=O)(=O)c2ccc(Oc3ccc(C(c4ccc(C)c(Br)c4)(C(F)(F)F)C(F)(F)F)cc3Br)cc2)cc1,303.0,0.39473159,,,
1550853194,Cc1ccc(Oc2cccc(NC(=O)c3cc(C(=O)Nc4cccc(Oc5ccc(-c6nnc(C)o6)cc5)c4)cc(N4C(=O)c5ccccc5C4=O)c3)c2)cc1,,0.35911141,,,
1551100568,Cc1ccc(Oc2ccc(P(=O)(c3ccccc3)c3ccc(Oc4ccc(-c5cc(C)n(-c6ccccc6)n5)cc4)cc3)cc2)cc1,152.0,0.39388717,,,
1551636938,CC(=O)Nc1ccc(Oc2ccc(NC(=O)c3ccc4c(c3)C(=O)N(c3cc(C(F)(F)F)cc(N5C(=O)c6ccc(C)cc6C5=O)c3Oc3ccc(C(F)(F)F)cc3)C4=O)cc2)cc1,145.0,0.36716401,,,
1551667752,CCCCCCCCCNC(=O)CCCCCCCCCCC(=O)NC,,0.36786948,0.3463333333333334,0.92885236,22.0513884
1551816010,Cc1ccc(N2C(=O)c3ccc(Oc4ccc(C(C)(C)c5ccc(Oc6ccc7c(c6)C(=O)N(c6ccc8[nH]c(C)nc8c6)C7=O)cc5)cc4)cc3C2=O)cc1,25.0,0.37965627,,,
1551966818,CCC(C)(C)COC(=O)NC(=O)c1cccc(C(=O)NC(=O)OC)c1,4.0,0.3112599,,,
1552546218,CNc1ccc(-c2ccc(N)c(-c3ccc(N)cc3)c2-c2ccc(NC)cc2)cc1,122.0,0.35816613,0.3463333333333334,,
1553018997,CCC(C)C(=O)NC(C)(C)CS(=O)(=O)O,229.0,0.32186501,,,
1553515923,CCC1CCC(COC(=O)CCC(=O)OC)CC1,27.0,0.34271914,0.229884201,1.095695892,18.87922116
1553955153,CCCCCCC(C)CC,259.0,0.40321995,,,
1553956004,Cc1cccc(N2C(=O)c3ccc(-c4ccc5c(c4)C(=O)N(C)C5=O)cc3C2=O)c1,44.0,0.37375949,0.328084105,1.239575297,28.58214393
1553967571,CCOC(=O)c1ccc(OC(=O)C(C)CC)cc1,55.4,0.34094172,0.254460099,1.168794946,14.69725119
1554515864,CNc1ccc(-c2cc(NC)ccc2-c2ccccc2)cc1,320.0,0.34986039,,,
1554954449,CNc1ccc2c(c1NC)[C@@H]1CC[C@H]2c2ccccc21,185.0,0.3649256549999999,,,
1555593891,CCSC,175.0,,0.172,1.374050717,21.43297913
1556257502,CCCCCCCOc1ccc(C=C2CCC(=Cc3ccc(OCCCCCCOP(=O)(OC)OCC)c(OC)c3)C2=O)cc1OC,340.0,0.35788491,,,
1556355257,CC(=O)c1cccc(C(=O)c2ccc3c(c2)C(=O)N(c2cccc(N4C(=O)c5ccc(C)cc5C4=O)c2)C3=O)c1,239.0,0.3547336,,,
1556370617,CCCCOC(=O)C(Cc1ccc(OC)cc1)NC(=O)CCc1ccc(OC(=O)CCCC(C)=O)cc1,,0.3441071,0.172,,
1556403536,Cc1ccc(Oc2ccc3ccccc3c2-c2c(Oc3ccc(N4C(=O)c5ccc(NC(=O)Nc6ccc(Oc7ccccc7-c7ccccc7Oc7ccc(NC(=O)Nc8ccc9c(c8)C(=O)N(C)C9=O)cc7)cc6)cc5C4=O)cc3)ccc3ccccc23)cc1,229.0,0.36530403,,,
1557378931,COc1ccc(C(=O)OCCOCCOCCOC(=O)c2ccc(OC(=O)c3ccc(C(C)=O)cc3)cc2)cc1,324.0,0.33612915,,,
1558106067,CC(=O)c1ccc2c(c1)C(=O)N(c1ccc(Cc3ccccc3N3C(=O)c4ccc(C)cc4C3=O)cc1)C2=O,66.0,0.3701528,,,
1558371855,CCCOCCOCCOC(=O)c1ccc(-c2ccc(C(=O)OC)cc2)cc1,62.5,0.33902352,,,
1558525027,CCCN(C)C(=O)c1ccc(C)cc1,87.3045689,,,,
1558867907,CCCCCCCOC(=O)OCCCCCCN1C(=O)c2ccc(C(=O)c3ccc4c(c3)C(=O)N(C)C4=O)cc2C1=O,-1.0,0.3458372,,,
1558987909,CCCNC(=O)CCCCCCCCCCCCCCCCC(=O)NC,-73.0,,0.359,0.932585043,19.09375808
1559096063,COC(=O)C(C)n1c(C)ccc1C,279.4452403,,,,
1559539391,CC(F)C(C)(F)OC(F)(F)F,35.5,0.31331253,,,
1559560345,CCC(C)(C)C(=O)OCCCl,,,0.1325,1.111949892,14.37849945
1560341376,CCCN(C)C(=O)c1cccc(F)c1F,171.0,0.34608851,,,
1560496789,CNc1ccc(C(c2ccc(N)cc2)(c2ccc(NC)cc2)C2CCCCC2)cc1,,0.38230718,0.1325,,
1560564433,CNc1ccc2c(c1)[C@@H]1c3cc(NC)ccc3[C@@H]3c4ccccc4[C@H]2[C@@]31C,190.0,0.3710363,,,
1560692719,CC(=O)CCCCCCCCC(=O)NC1CCCCN(C)C1,322.0,0.34895116,,,
1561264127,C=C[Si](C=C)(OC)O[Si](C)(C)c1ccc([Si](C)(C)C)cc1,303.0,0.42288522,,,
1561282165,Cc1ccc(Oc2ccc(S(=O)(=O)c3ccc(Oc4ccc(-c5c6c(c(C)c7ccccc57)C(=O)N(c5ccccc5F)C6=O)cc4)cc3)cc2)cc1,314.5599695,,,,
1561451639,CNc1ccc(-c2ccc(NC)c3ccccc23)cc1,103.6,0.34980398,,,
1561539918,CCCCCCCCCCCCOc1cc(C(=O)Oc2ccc(OC)c(C)c2)c(OCCCCCCCCCCCC)cc1C(C)=O,184.5,0.38901226,,,
1561870991,CCC(C)(C)C(=O)OCC(O)C1CC(C)(c2ccccc2)C1,,0.35190962,,,
1561932824,CCCCCCCS(C)(=O)=O,-36.0,,0.239977769,1.13916765,20.45790421
1561944332,CNc1cc(C)c(C2(c3c(C)cc(NC)cc3C(C)C)c3ccccc3-c3ccccc32)c(C(C)C)c1,63.0,0.39323,,,
1562058837,CCCCCCCCCCCCCCCCCCc1cc(C)sc1C,327.0,,0.36525,0.892099579,14.38765864
1562112815,CCCCCOc1ccc(C=C2CCC(=Cc3ccc(OC)c(OC)c3)C2=O)cc1OC,36.19808899,,,,
1562477562,CC=Cc1cc2c(cc1CCCCCC)c1cc(CCCCCC)c(C)cc1n2CCCCCCCC,45.45691415,,,,
1562707517,CCCCCCCCCCCCCNC(=O)CCCCCCCCC(=O)NC,259.0,,0.374,,
1562741783,CCC[C@H]1CC[C@H](CC2CCC(c3ccc(NC)cc3)(c3ccc(NC)cc3)CC2)CC1,44.0,0.36143785,,,
1562941493,CCC(CCCCCCOc1ccc(N=Nc2ccc(C)cc2)cc1)COC(=O)CCCCC(=O)OC,66.0,0.36238059,,,
1563279330,C/C=C/c1ccc(Oc2ccc(-c3ccc(-c4ccc(-c5ccc(Oc6ccc(/C=C/c7ccc8c(c7)c7cc(C)ccc7n8CC(CC)CCCC)cc6)c(C#N)c5)cc4)cc3)cc2C#N)cc1,129.2206103,,0.374,,
1563303704,CNc1ccc2c(c1)c(-c1ccc(C)cc1)c(-c1ccc(C)cc1)c1c3cccc(NC)c3c3ccc4ccccc4c3c21,92.5,0.37838795,,,
1563844313,CNCCSCCNC,197.5,0.323520965,,,
1564078436,CC(=O)Nc1ccc(Oc2ccc(C(C)(C)c3cccc(C(C)(C)c4ccc(Oc5ccc(N6C(=O)c7ccc(C)cc7C6=O)cc5)cc4)c3)cc2)cc1,245.0,0.36727722,,,
1564080444,Cc1ccc(-c2ccc(-c3nc4ccc(-c5ccc6nc(C)c(-c7ccccc7)c(-c7ccccc7)c6c5)cc4c(-c4ccccc4)c3-c3ccccc3)cc2)cc1,239.0,0.43300062,,,
1564406631,Cc1ccc(Oc2ccc(N3C(=O)c4cccc(Oc5ccc(S(=O)(=O)c6ccc(Oc7cccc8c7C(=O)N(C)C8=O)cc6)cc5)c4C3=O)cc2)cc1,112.0,0.36611669,,,
1564555962,CCCCCCCOC(=O)OCCCCCCCCOC(=O)OCCCCCCOc1ccc(C(=O)c2ccc(OC)cc2)cc1,50.0,0.35645109,,,
1564587390,Cc1ccc(-c2cc(Oc3ccc(S(=O)(=O)[O][Na])cc3)c(C)cc2Oc2ccc(S(=O)(=O)[O][Na])cc2)cc1,172.5717242,,,,
1565016562,CCCc1ccc(CCNC(=O)CCCCCCCCC(=O)NC)cc1,66.0,0.35145021,,,
1565300761,CN=P(C)(OCC(F)(F)C(F)(F)F)OCC(F)(F)C(F)(F)F,,0.3709865,,,
1565790126,CCCCCCCOC(=O)OCCCCCOC(=O)OCCCCCCOc1ccc(Oc2ccc(OC)cc2)cc1,85.0,0.35226204,,,
1566134688,COc1cc(C(C)(C)C)c(Oc2ccc(C(=O)c3ccc(C)cc3)cc2)cc1C(C)(C)C,-1.0,0.40798893,,,
1567869573,CCCCC(C)Cl,-30.93658282,,,,
1567960062,CCc1cc2cc(C(=O)Nc3ccc(S(=O)(=O)c4ccc(NC(=O)c5cc6cc(C)c(OC(=O)COc7ccc8ccc(=O)oc8c7)cc6oc5=O)cc4)cc3)c(=O)oc2cc1OC(=O)COc1ccc2ccc(=O)oc2c1,37.0,0.32527333,,,
1568651103,CCCCCCCCCCc1ccc(C(C)CC)cc1,,0.40394942,0.2825,0.864032282,11.38875554
1568726838,CCCC(=O)OC(=O)CCc1ccc(C)n1C,78.11959859,,,,
1569031119,CO[Si](C)(c1ccccc1)c1ccccc1,,0.39090744,,,
1569186084,CCCCCCCCOC(=O)NCCCCCCNC(=O)OC,177.0,0.34603241,0.2825,,
1569573588,CCCCCOC(=O)NNC(=O)CCCCCCCCC(=O)NNC(=O)OC,259.5,0.33104417,,,
1569767963,CCCCCSCCSC,56.0,,0.226,,
1570146193,CNc1nc(NC)n(N)c(=O)n1,285.0,0.30702692,,,
1570200324,CC#Cc1cc(OCCCCCCCCCC)c(C)cc1OCCCCCCCCCC,61.85443636,,,,
1570351096,CCC(C)(C)C(=O)OCCC1CCN(CCCCCCOc2ccc(N=Nc3ccc([N+](=O)[O-])cc3)cc2)CC1,290.0,0.36030129,0.226,,
1570401711,CCC(C)c1ccc(C(=O)c2ccc(C)cc2)cc1,20.0,0.38272585,,,
1570549360,CCC(C)c1nnn[nH]1,-11.0,0.32198673,,,
1570654852,CCC(CC(C)(C#N)C(=O)OC)c1ccccc1,127.0156605,,0.176,0.987197772,16.39022868
1570972826,Cc1ccc2c(c1)C(=O)N(c1ccc(OCCOCCOc3ccc(N4C(=O)c5ccc(C(C)(C(F)(F)F)C(F)(F)F)cc5C4=O)cc3)cc1)C2=O,-76.0,0.34948491,,,
1571736697,Cc1cc(CCCCCCOC(=O)COc2ccccc2)c(C)s1,,0.36035574,,,
1571763607,C=CCc1ccccc1-c1c(NC)ccc(-c2ccc(NC)cc2)c1-c1ccccc1CC=C,-10.0,0.35761142,0.176,,
1572134392,CCC(C)c1c(F)c(F)c(OC)c(F)c1F,63.0,0.34990398,,,
1572433772,CC(=O)c1ccc2c(c1)C(=O)N(c1ccc(CP(=O)(OCCCl)OCCCl)c(N3C(=O)c4ccc(C)cc4C3=O)c1)C2=O,1.9,0.37206034,,,
1572814745,CNC1=C(c2c(NC)ccc3c2CCCC3)[C@H]2CCCC[C@H]2C=C1,110.0,0.36912749,,,
1573303082,CO[Si](O[Si](O[Si](O[Si](CC[Si](C)(C)O[Si](C)(C)O[Si](C)(C)CC[Si](C)(c1ccccc1)c1ccccc1)(c1ccccc1)c1ccccc1)(c1ccccc1)c1ccccc1)(c1ccccc1)c1ccccc1)(c1ccccc1)c1ccccc1,55.0,0.3950591,,,
1573438487,CCCCCCCCCCCCCCCCCCCCCOC(=O)CCCC(=O)OC,56.0,,0.302,0.90650602,20.12266872
1573472944,CCC(C)OC(=O)C1CC2CC1C(C)C2C1C(=O)OC(=O)C1C,-46.5,0.34154769,,,
1573776034,CCC(C)C(=O)c1ccc(Cl)cc1,-71.0,0.38087651,,,
1573828532,CCc1ccc(CNC(=O)CC(C)(C)CC(C)C(=O)NC)cc1,,0.33698788,0.302,,
1573986676,CO[Si](C)(C)CCCCCCCCCCCOc1ccc(/C=C/c2ccc(C#N)cc2)cc1,,0.39092299,,,
1574150308,CC(=O)OCCCCCCCCOC(=O)c1ccc(N2C(=O)c3ccc(C)cc3C2=O)cc1,112.0,0.34482566,,,
1574744073,Cc1ccc(Oc2ccc(C(=O)c3ccc(Oc4ccc(-c5c6c(c(C)c7ccccc57)C(=O)N(c5ccc(Cl)cc5)C6=O)cc4)cc3)cc2)cc1,105.0,0.38253331,,,
1574797277,CCC(C)C(=O)OCc1c(Br)c(Br)c(Br)c(Br)c1Br,,0.39447334,,,
1575153085,COc1ccc(C(=O)c2cccc(NC(=O)c3cccc(C(=O)Nc4cccc(C(=O)c5ccc(C)cc5)c4)c3)c2)cc1,187.5,0.35264877,,,
1575277153,CCCCCC(C)OC(=O)C(C)CC,50.0,,0.2405,0.89263762,11.17976548
1575557277,CCC(C)OCCCCCCCOc1ccc(-c2ccc(C#N)cc2)cc1,,0.36732307,,,
1575613666,COc1ccc(NC(=O)c2ccc(S(=O)(=O)c3ccc(C(=O)Nc4ccc(Oc5ccc(C(c6ccc(C)cc6)(C(F)(F)F)C(F)(F)F)cc5)cc4)cc3)cc2)cc1,94.0,0.36216369,,,
1576291879,Cc1ccc(C(=O)OCCCCCCCCCCOC(=O)c2ccc(-c3nnc(C)s3)cc2)cc1,261.0,0.36609452,0.2405,,
1576399281,C/C=C/C(C(=O)OC(C)C)C(C)C(=O)OC(C)C,,,,0.971892426,13.10146733
1576797553,CCCCCCCCCOc1c(OC)cc(C=Cc2cc(CCCCCC)c(C=Cc3cc(OC)c(OC)c(OC)c3)cc2CCCCCC)cc1OC,,0.38267439,,,
1577222221,CC(=O)Nc1cccc(C#Cc2cccc(N3C(=O)c4ccc(C)cc4C3=O)c2)c1,,0.38902251,0.254775725,1.207196695,24.93378627
1577413316,CSc1ccc(Sc2ccc(Sc3ccc4c(c3)Sc3ccc(C)cc3S4)cc2)cc1,175.0,0.39801974,,,
1577441045,CCC(C)(C)C(=O)OC1CCCCCCC1,63.0,0.36870383,,,
1577638731,CCCCCCCSSC,177.0,0.44419731,,,
1578441092,Cc1ccc(-c2cc(-c3ccc(-c4ccccc4)cc3)cc(-c3ccc(N4C(=O)c5ccc(NC(=O)Nc6ccc(Oc7ccccc7-c7ccccc7Oc7ccc(NC(=O)Nc8ccc9c(c8)C(=O)N(C)C9=O)cc7)cc6)cc5C4=O)cc3)n2)cc1,420.0,0.36226249,,,
1578457961,Cc1cccc(NC(=O)c2ccc(OCCOCCOCCOc3ccc(C(=O)Nc4ccc5[nH]c(C)nc5c4)cc3)cc2)c1,267.0,0.34384925,,,
1578702981,CC(F)=C(F)C(F)(C(C)(F)F)C(F)(F)F,-7.7,0.32146163,,,
1578799819,CNc1cccc(-c2ccccc2-c2ccccc2-c2cc(NC)ccc2-c2ccccc2)c1,181.0,0.3577192,,,
1579112957,CCCCCCCCCCCCCNC(=O)CCc1ccc(CCC(=O)NC)cc1,105.0,0.36073378,,,
1579365390,Cc1ccc(Oc2ccc(C(=O)c3ccc(Oc4ccc(-c5c6c(c(C)c7ccccc57)C(=O)N(c5ccccc5)C6=O)cc4)cc3)cc2)cc1,-52.5,0.38301295,,,
1579852324,CC(=O)Nc1cc(NC(=O)c2ccc3c(c2)C(=O)N(c2cc(-c4nc5ccccc5s4)cc(N4C(=O)c5ccc(C)cc5C4=O)c2)C3=O)cc(-c2nc3ccccc3[nH]2)c1,-11.0,0.37929546,,,
1579941096,CNc1c2ccccc2c(NC)c2c(-c3ccccc3)cccc12,206.0,0.35157885,,,
1580080124,CCC(O)CN(C)c1ccc(N=Nc2ccc(Cl)cc2)cc1,-76.0,0.37983776,,,
1580221416,COC(=O)c1ccc(C2(C)CC(C)(C)c3ccc(C(=O)Oc4ccc5c(c4)Oc4cc(C)ccc4C5(C)C)cc32)cc1,,0.38516135,,,
1580258863,CCC(C)c1ccc(C[Si](C)(C)C)cc1,233.0,0.42588217,,,
1580474538,Cc1ccc(C(=O)NNC(=O)c2ccc(C(=O)NNC(=O)c3ccc(C4(C)OC(=O)c5ccccc54)cc3)cc2)cc1,-65.0,0.35041515,,,
1580553227,Cc1ccc(-c2cc(-c3ccc(OCCCC#N)cc3)cc(-c3ccc(N4C(=O)c5ccc(Oc6ccc7c(c6)C(=O)N(C)C7=O)cc5C4=O)cc3)n2)cc1,154.0,0.38498267,,,
1580795142,CCC(C)OC(=O)C(C)(C(C)C)C(C)C,,0.38169655,,,
1580898665,Cc1ccc(-c2ccc(-n3c(=O)c4cc5c(=O)n(C)c(=O)c5cc4c3=O)c(C)c2)cc1C,271.2577887,,0.581158989,1.085667358,66.87869599
1580966726,COc1ccc(-c2ccc(OC(=O)c3cccc(C(C)=O)c3)cc2)cc1,56.0,0.34552239,,,
1581168714,CC(=O)OCCCCCCCOC(=O)c1ccc(NC(=O)c2ccc(N3C(=O)c4ccc(C)cc4C3=O)cc2)cc1,180.0,0.34341892,,,
1581284687,CNc1ccc(C2(c3ccc(NC)cc3)CC2)cc1,,0.35420303,,,
1581446027,CCCCCCCCCCCCC(C)CC,,0.40857787,0.339,0.805359167,11.32200697
1581749502,CC(C)C(=O)N1C(=O)N(C(=O)C(C)n2c(=O)c3cc4c(=O)n(C)c(=O)c4cc3c2=O)C(=O)C1(C)C,252.5865186,,,,
1582367381,CCC(COc1ccc(S(=O)(=O)c2ccc(OC)cc2)cc1)OC(C)=O,99.0,0.34921256,,,
1582377269,C/C=C/c1cc(OCCCCCC)c(C)cc1OC,72.0,,0.524,0.956645411,21.10266717
1582774157,COc1ccc(Oc2ccc(C(=O)Nc3ccc(Oc4ccc(-c5ccc(Oc6ccc(NC(=O)c7ccc(C)cc7)cc6)cc5)cc4)cc3)cc2)cc1C,,0.36164862,,,
1583167273,COc1ccc(Oc2ccc(Oc3ccc(-c4ccc(Oc5ccc(Oc6ccc(Oc7ccc(C(=O)c8ccc(C)c(S(=O)(=O)O)c8)cc7S(=O)(=O)O)cc6)cc5)cc4)cc3)cc2)cc1,151.7193386,,,,
1583607044,CCCCOc1cccc(C(=O)OC(=O)c2cccc(OC)c2)c1,82.0,0.33347035,,,
1583883601,CNc1ccc([C@@](C)(c2ccccc2)c2cccc(NC)c2)cc1,94.0,0.35514854,,,
1583954692,CC#CC#Cc1ccc2c3ccc(C)cc3n(CCCCCCCCCCCCCCCC)c2c1,68.35869686,,,,
1584418791,CO[Si](C)(C)O[Si](C)(C)O[Si](C)(C)OC(C)CCCCC(C)C,120.0,0.42325418,,,
1584609339,CO[Si](C)(C)c1ccc([Si](C)(C)C)c2ccccc12,,0.41683838,,,
1584683487,CCC(C)(C)C(=O)OCCCCCCOc1ccc(N=Nc2ccc(C3OCC4(CO3)CC3C=CC4C3)cc2)cc1,175.0,0.3605339,,,
1584732566,CCC(C)(C)C(=O)Oc1ccc2ccccc2c1,63.0,,0.1639999999999999,1.079099726,12.73790543
1586829326,CNc1ccc(C(C)(C)c2ccc(NC(=O)c3cccc(C(C)=O)c3)cc2)cc1,125.0,0.35733919,,,
1587202589,CC(=O)Nc1ccc(Oc2ccc(NC(=O)c3ccc4c(c3)C(=O)N(c3ccc(Oc5ccc(C6(c7ccc(Oc8ccc(N9C(=O)c%10ccc(C)cc%10C9=O)cc8)cc7)CC7CC6C6CCCC76)cc5)cc3)C4=O)cc2)cc1,-55.0,0.36705724,,,
1587391923,COc1ccc(S(=O)(=O)c2ccc(OC(=O)c3cc(NC(=O)c4ccc(NC(=O)C(C)N5C(=O)c6ccccc6C5=O)cc4)cc(C(C)=O)c3)cc2)cc1,65.0,0.34562786,0.1639999999999999,,
1587431956,CCCCS(=O)(=O)CCCS(=O)(=O)CCCOC(=O)c1cccc(C(=O)OC)c1,272.0,0.35154023,,,
1587454382,CC(=O)Nc1ccc(Oc2ccc(NC(=O)c3ccc4c(c3)C(=O)N(C3CCC(CC5CCC(N6C(=O)c7ccc(C)cc7C6=O)CC5)CC3)C4=O)cc2)cc1,181.0,0.36177897,,,
1587941896,CCCCC(C)(C)CNC(=O)CCCCCCCC(=O)NC,191.0,0.34975469,,,
1588269269,CNc1c(N)c(N)c2c(c1NC)C(=O)OC2=O,,0.32340891,,,
1588320432,CCCN(CCCCCCOc1ccc(C=Cc2ccc([N+](=O)[O-])cc2)cc1)CCOC(=O)Nc1ccc(C)c(NC(=O)OC)c1,13.0,0.34069727,,,
1588395205,Cc1ccc(Oc2ccccc2Oc2ccc(N3C(=O)c4ccc(-c5ccc6c(c5)C(=O)N(C)C6=O)cc4C3=O)cc2C(F)(F)F)c(C(F)(F)F)c1,250.0,0.3645119,,,
1588401171,CNc1ccc(C(CCC(c2ccc(N)cc2)c2ccc(NC)cc2)c2ccc(N)cc2)cc1,79.0,0.35794575,,,
1588466256,CCc1ccc(C(C)CC)cc1,,0.4044765,0.2013333333333333,,
1588472676,COc1ccc(C(C)(C)c2ccc(OC(=O)c3cc(NC(=O)c4ccc(NC(=O)C(C)N5C(=O)c6ccccc6C5=O)cc4)cc(C(C)=O)c3)cc2)cc1,-94.0,0.34759081,,,
1588623527,CNc1ccc(C2=C(c3ccc(NC)cc3)CCCC2)cc1,60.0,0.36462438,,,
1588749798,C=C(CC)COCC(=C)COC(=O)OC,154.0,0.3369446,0.2013333333333333,1.155178424,19.96389759
1589240697,COc1ccc(C(c2ccc(OC(C)=O)cc2)C2CCCCC2)cc1,,0.37459903,,,
1589532910,CC=CC1CC(C)C(C(=O)OC)C1C(=O)OC,-74.0,0.35233888,,,
1589608719,CCCCCCCCCCCCCCC(C)CCCCCC,249.0,,0.403,0.80443165,14.47745133
1589952649,CNc1ccc(NC(=O)CCCC(C)=O)cc1,180.0,0.31441962,,,
1590006077,CO[Si](C)(C)C#C[Si](C)(C)C#C[Si](C)(C)C#C[Si](C)(C)C#C[Si](C)(C)C#C[Si](C)(C)C,,0.49804119,,,
1590491705,Cc1ccc2c(c1)C(=O)N(c1cccc(Oc3ccc(N4C(=O)c5ccc(-c6c(-c7ccccc7)c(-c7ccccc7)c(-c7ccc(Oc8ccc(-c9c(-c%10ccccc%10)c(-c%10ccccc%10)c(C)c(-c%10ccccc%10)c9-c9ccccc9)cc8)cc7)c(-c7ccccc7)c6-c6ccccc6)cc5C4=O)cc3)c1)C2=O,67.0,0.39872119,0.403,,
1591097153,CCCCCOC(=O)NCCCCNC(=O)OC,85.0,0.32569334,,,
1591202562,COC(=O)OCCCCCCCCOC(=O)OC1COC2C(C)COC12,273.5,0.33598554,,,
1591469994,CCC(C)CC(C)C,368.0,,0.2083333333333333,0.765836941,11.25375484
1591544351,CCCCCCCCCCCCCCCCOc1cc(C(C#N)=Cc2cc(OC)c(C=C(C)C#N)cc2OCCCCCCCCCCCCCCCC)c(OC)cc1C,,0.39805364,,,
1591651244,CCCC1CCC(C)C1,249.0,,,0.880692229,25.78669657
1591681848,CNc1ccc(-c2c(-c3ccccc3)ccc(NC)c2-c2ccccc2)cc1,297.0,0.36149058,0.2083333333333333,,
1591697879,COc1ccc(S(=O)(=O)c2ccc(Oc3ccc(NC(=O)c4cc(NC(=O)c5ccncc5)cc(C(=O)Nc5ccc(C)cc5)c4)cc3)cc2)cc1,82.0,0.35362805,,,
1592713963,CCCCCCCCOC(=O)C(Cc1ccc(OC)cc1)NC(=O)CCc1ccc(OC(=O)COCCOCC(C)=O)cc1,237.0,0.34916517,,,
1592724652,COc1ccc(C(C)(C)c2ccc(OC(=O)c3ccc(C(C)=O)cc3)c(C(C)C)c2)cc1C(C)C,315.0,0.39498446,,,
1593705376,CNc1cc(NC(=O)NC2CCC(CC3CCC(NC(C)=O)CC3)CC2)cc(C(=O)Nc2cccc3c2C(=O)c2ccccc2C3=O)c1,120.0,0.34331689,,,
1594377223,Cc1ccc(NC(=O)CCCCCCCC(=O)Nc2ccc(S(C)(=O)=O)cc2)cc1,190.0,0.34520274,,,
1594695636,COc1ccc(C(=O)OCCOC(=O)c2ccc(C)cc2)cc1,185.5,0.34122405,,,
1594797785,COc1ccc(Sc2ccc(Oc3ccc(-c4ccc(-c5ccc(C)c(C(F)(F)F)c5)cc4)cc3C(F)(F)F)cc2)cc1,106.0,0.37806344,,,
1594981326,CCC(=O)Nc1ccc(Oc2c(F)c(F)c(Oc3ccc(NC(=O)c4ccc5c(c4)C(=O)N(C)C5=O)cc3)c(F)c2F)cc1,135.0,0.33657991,,,
1595107250,COc1ccc(C2(c3ccc(Oc4nc(C)nc(OC)n4)cc3)CCCCC2)cc1,10.0,0.36354043,,,
1595192960,CCCC(=O)Nc1ccc(Cc2ccc(NC(=O)CCN3C(=O)c4ccc(C(=O)c5ccc6c(c5)C(=O)N(C)C6=O)cc4C3=O)cc2)cc1,309.0,0.33616908,,,
1595605865,CCC(C)OC(=O)c1ccccc1,130.0,0.356021,0.1669999999999999,1.101556822,13.40000836
1595837642,CC[C@H](c1ccc(NC)cc1)c1ccccc1[C@H](CC)c1ccc(NC)cc1,60.0,0.36286788,,,
1596320590,CCCCCCCCCCCCOC(=O)C(Cc1ccc(OC)cc1)NC(=O)CCc1ccc(OC(=O)COCC(C)=O)cc1,60.0,0.35696126,,,
1596743017,CC=CC,60.0,0.42573737,0.1669999999999999,,
1597060488,COc1ccc(Oc2ccc(OC(=O)c3ccccc3-c3ccccc3C(C)=O)cc2)cc1,60.0,0.35136953,,,
1597874068,COc1ccc(C(C)(C)c2ccc(Oc3ccc(C(=O)c4ccc(C)cc4)cc3)cc2)cc1,220.0,0.37756242,,,
1598034786,CCC#CC(C#CCOC(=O)CCCCCCCCC(=O)OC)=Cc1ccc(C#Cc2ccccc2)cc1,283.0,0.38414122,,,
1598043126,CCC(C)(C)C(=O)Oc1ccc(CC#N)cc1,16.0,0.36393077,0.1655,1.056556928,12.67707231
1598367606,CNc1ccc(CCc2ccc(NC)cc2)cc1,53.0,0.3443961399999999,,,
1598423326,CCC(C)(C)C(=O)OCCCCCCOc1ccc(N=Nc2ccc(OC)cc2)cc1,156.0,0.35997482,,,
1598641133,Cc1ccc(-c2ccc(Oc3ccc(C4(C)CC(C)(C)c5ccc(Oc6ccc(-c7ccc(N8C(=O)c9ccc(Oc%10ccc%11c(c%10)C(=O)N(C)C%11=O)cc9C8=O)cc7)cc6C(F)(F)F)cc54)cc3)c(C(F)(F)F)c2)cc1,178.0,0.38259605,0.1655,1.205587594,24.75478676
1599410150,CN=P(C)(Oc1ccc(Cl)cc1Cl)Oc1ccc(Cl)cc1Cl,-94.0,0.40414822,,,
1599847368,CCC(=O)Nc1ccc(Oc2ccc(NC(=O)COc3ccc4ccccc4c3Sc3c(OC)ccc4ccccc34)cc2)cc1,60.0,0.34293502,,,
1599967213,C=CC#Cc1cc(C)c2ccc3ccc(C)c4ccc1c2c34,26.0,,0.429,0.757428031,34.48730282
1600032316,CC(=O)c1ccc2c(c1)C(=O)N(c1cccc(C(=O)c3ccc(Oc4ccc(N5C(=O)c6ccc(C)cc6C5=O)cc4)cc3)c1)C2=O,200.0,0.36374877,,,
1600783315,COc1ccc(S(=O)(=O)c2ccc(Oc3ccc(C(C)(C)c4ccc(C)cc4)cc3)cc2)c(N)c1,221.0,0.37235553,,,
1601240060,CC(=O)c1ccc2c(c1)C(=O)N(c1ccc(-c3ccc(-c4ccc(N5C(=O)c6ccc(C)cc6C5=O)cc4)cc3)cc1)C2=O,232.2309602,,0.429,1.203391937,32.5454931
1601398939,CCCCCSC(=O)NCCCCCCNC(=O)SC,-33.13797704,,,,
1601741460,CC(=O)c1ccc(Oc2ccc(C(C)(C)c3ccc(Oc4ccc(C)s4)cc3)cc2)cc1,36.0,0.37738334,,,
1601815856,CC(F)(F)C(C)(F)OC(F)C(F)F,67.0,0.33442051,,,
1601908846,COc1ccc(Sc2ccc(OC3(F)C(C)(F)C(F)(F)C3(F)F)cc2)cc1,250.0,0.36289708,,,
1602086005,CCC[Si](C)(OC)c1ccccc1,63.0,0.40185046,,,
1602099447,CC=C(C)CCCOC(=O)c1cc(-c2ccc(OC)cc2)ccc1-c1ccc(OC)cc1,,0.34537263,,,
1602838431,CCC(C)c1cc(-c2ccc(C(=O)OC3CC(C)CCC3C(C)C)cc2)ccc1-c1ccc(C(=O)OC2CC(C)CCC2C(C)C)cc1,131.0,0.3845381,,,
1602898253,CNc1cccc(C(=O)c2cccc(NC)c2)c1,249.0,0.33606974,,,
1603135089,CCCCCNC(=O)CCCCCCCCCCC(=O)NC,,,0.332,,
1603270914,CCCN(CCOC(=O)c1cccc(C(=O)OC)c1)c1ccccc1,71.4,0.34654736,,,
1603750308,CCC(C)C(=O)OCCCCCCOc1ccc(C(=O)Oc2ccc(OC)cc2)cc1,2.0,0.34223337,,,
1604219408,CNc1ccc(-c2cccc(-c3cccc(NC)c3)c2)cc1,245.0,0.34269282,0.332,,
1604312905,Cc1ccc(Oc2cccc(Oc3ccc(N4C(=O)c5ccc(Oc6ccc(C(=O)c7ccc(Oc8ccc9c(c8)C(=O)N(C)C9=O)cc7)cc6)cc5C4=O)cc3)c2)cc1,70.5,0.36139134,,,
1605023913,CCCCCCCCCCCOc1ccc(C=Cc2ccc(OCCCCCCCCCCOP(=O)(OC)OCCCCCCCCCCOc3ccc(N=Nc4ccc(-c5ccccc5)cc4)cc3)cc2)cc1,190.0,0.37252491,,,
1605095414,CCC(C)C(=O)OCCCOc1ccc(C(=O)OCCCC(F)(F)C(F)(F)C(F)(F)C(F)(F)C(F)(F)C(F)(F)F)cc1,202.0,0.333167,,,
1606219609,COc1ccc(S(=O)(=O)c2ccc(Oc3ccc(C=Cc4ccc(C)cc4)cc3)cc2)cc1,,0.37415859,,,
1606350633,CCCCCCCCCCNC(=O)CCCCC(=O)NC,135.0,0.35373615,,,
1606377766,CCC1CCC(CNC(=O)CCCCCCCCC(=O)NC)CC1,-16.1,0.35003033,,,
1606526460,Cc1ccc(N(c2ccc(C#N)cc2)c2ccc(N3C(=O)c4ccc(S(=O)(=O)c5ccc6c(c5)C(=O)N(C)C6=O)cc4C3=O)cc2)cc1,309.0,0.42173166,,,
1606960640,CCC=CCS(C)(=O)=O,7.0,0.37641025,,,
1607403554,CCCCCCOC(=O)c1ccc(-c2ccc(-c3ccc(C(=O)OC)cc3)cc2)cc1,19.5,0.34308602,,,
1607507482,CCCOC(=O)C(C)OC,35.2,0.33713195,,,
1607608174,CCCCCCCNC(=O)Cc1ccc(CC(=O)NC)cc1,217.5,0.33740451,,,
1607796915,CCCCc1ccc(C(C)CC)cc1,,,0.2096666666666666,,
1607934568,CCC(C)C(=O)OCC(F)(F)C(F)(F)OC(F)(F)C(F)(F)C(F)(F)C(F)(F)F,,0.31780305,0.086,,
1608160782,CCCCCCCC/C=C/CCCCCCCCNC(=O)C(C)CC,283.0,,0.3065,0.860743742,12.94376545
1608321923,CCC(C)C1CCCC(C)C1,16.0,0.40571007,0.1806666666666666,,
1608343989,CCC(C)C(=O)OCCCCSC,140.0,0.39787287,0.2005,1.049744475,12.27513461
1608850279,COc1ccc(C2(c3ccc(OC(=O)OC4C(C)(C)C(OC(C)=O)C4(C)C)cc3)CCC(C(C)(C)C)CC2)cc1,156.0,0.37377889,0.3065,,
1609267020,CCC(C)(C)COC(=O)NC(=O)c1cc(C(=O)NC(=O)OC)cc(C(C)(C)C)c1,178.0,0.33019089,0.1806666666666666,,
1609304413,CCCN(C)C(=O)CC(C)C,74.0,0.36933528,0.2005,,
1609366983,CC=CC1CC(C)C2CC=CC12,164.5,0.39371357,,,
1609819225,COc1cccc(C(=O)c2ccc(Oc3ccc(C(=O)c4ccc(C)cc4)cc3)cc2)c1,254.0,0.36799842,,,
1609876819,CCCCCOCOC,200.0,0.35936946,,,
1609935858,CNc1cccc(C2(c3cccc(NC)c3)c3ccccc3-c3ccccc32)c1,221.0,0.36665477,,,
1610540990,COc1ccc(C(C)(C)c2ccc(OC(=O)c3ccc(C(C)(C)c4ccc(C(C)=O)cc4)cc3)cc2)cc1,70.4,0.37152028,,,
1610776533,CNc1cccc(/C(=C(\c2ccccc2)c2cccc(NC)c2)c2ccccc2)c1,40.0,0.37286645,,,
1611088763,CC=Cc1c(OC(=O)c2ccc(C(=O)Oc3ccc4ccccc4c3C=Cc3cccc(C)n3)cc2)ccc2ccccc12,36.0,0.36780539,,,
1611331043,CCCCCCCCC(=O)NC,95.0,0.35123354,0.329,,
1611579500,CCOc1ccc(Br)cc1C(C)CC,147.0,0.41409342,0.124,1.223503114,13.17144668
1611694557,CCCCCCCCCCCCCOC(=O)CCCCC(=O)OC,,,0.292,0.946344135,19.57740116
1612093023,COc1ccc(C2(c3ccc(Oc4ccc(-c5ccc(NC(=O)c6cc(C(=O)Nc7ccc(-c8ccc(C)c(C(F)(F)F)c8)cc7)cc(C(C)(C)C)c6)cc5)cc4C(F)(F)F)cc3)c3ccccc3-c3ccccc32)cc1,131.0,0.38174779,0.124,,
1612493686,CCn1c(C)ccc1C,112.6054346,,,,
1612521768,CCCCCCCCC1(CCCCCCCC)c2cc(C)ccc2-c2ccc(-c3ccc(C)cc3)cc21,172.0,0.40991145,0.292,,
1612716794,CNc1cc2c3ccccc3c3ccccc3c2cc1NC,249.0,0.3239493,,,
1613645225,COC(=O)Nc1ccc(Cc2ccc(NC(=O)OC3CC4CC(C)CC(C3)O4)cc2)cc1,2.0,0.34955799,,,
1613665911,CNc1ccc(NC(=O)CCCCC(C)=O)cc1,245.0,0.32538533,,,
1613802032,CCCN(C)C(=O)C(OC)(c1ccccc1)C(F)(F)F,146.0,0.3539454,,,
1613873087,Cc1cccc(NC(=O)CCCCCCCCC(=O)Nc2cccc(S(C)(=O)=O)c2)c1,251.0,0.34846813,,,
1613930825,COc1ccc(C2(c3ccc(OC(=O)CCCC(C)=O)cc3)c3cc(N(C)C)ccc3-c3ccc([N+](=O)[O-])cc32)cc1,202.0,0.37150042,,,
1614031170,CCCCCCc1cc(C)sc1C,230.0,0.42393246,,,
1614212128,COc1c(C)cc(-c2cc(C)c(Oc3ccc(C(=O)c4ccc5cc(C(=O)c6ccc(C)cc6)ccc5c4)cc3)c(C)c2)cc1C,,0.40029643,,,
1614580924,CCC(C)(C)C(=O)OCCCC1CCCCC1,151.0,0.36533383,,,
1614865951,COC(=O)Cc1ccc(CC(C)=O)cc1,35.0,0.32669712,,,
1615078461,CC(=O)Nc1cccc(NC(=O)c2ccc(-c3nc4cc(C)ccc4[nH]3)cc2)c1,78.0,0.35660397,,,
1615328669,CCOC(OC(=O)C(C)(C)CC)C(F)(F)F,40.6,0.35450066,0.158540956,1.222015332,15.94193843
1616202781,CCC(CO)(CO)COC,,0.29427699,,,
1617425937,CC=CC1CCC(C)C1,217.5,0.3888656,,,
1617530326,Cc1ccc(Cc2ccc(N3C(=O)c4c(c(-c5ccccc5)c(-c5ccc(Oc6ccc(-c7c(-c8ccccc8)c8c(c(-c9ccccc9)c7-c7ccccc7)C(=O)N(C)C8=O)cc6)cc5)c(-c5ccccc5)c4-c4ccccc4)C3=O)cc2)cc1,,0.40959126,,,
1618024485,CCC(COC)(CSC(C)C)CSC(C)C,81.0,0.41655745,,,
1618337987,CC(=O)c1ccc2c(c1)C(=O)N(c1ccc(Oc3ccc(S(=O)(=O)c4ccc(C)cc4)cc3)c(N3C(=O)c4ccc(C)cc4C3=O)c1)C2=O,60.0,0.38455792,,,
1618366828,CO[Si](C)(C)O[Si](C)(C)O[Si](C)(C)c1ccc(Oc2ccc([Si](C)(C)C)cc2)cc1,29.5,0.41576369,,,
1618451585,CNc1ccc(-c2ccc(-c3cccc(NC)c3)cc2)cc1,133.0,0.34006851,,,
1618749599,Cc1ccc(OC(=O)c2cccc(C(=O)Oc3ccc(C4(C)OC(=O)c5ccccc54)cc3C)c2)c(C)c1,194.0,0.37167757,,,
1618910183,CNc1cccc(NC(=O)c2ccc(C(C)=O)cc2)c1,112.0,0.33550053,,,
1618911351,CCCCCCCCCCCCOc1ccc(C(=O)Oc2ccc(C(=O)Oc3cccc(-c4ccc(OC(=O)c5ccc(OCCCCCCOC(=O)C(C)(C)CC)cc5)cc4)c3)cc2)cc1,17.0,0.36170245,,,
1618992612,CCCCCC(=O)Oc1ccc(OC(=O)c2ccc3c(c2)C(=O)N(C)C3=O)cc1,20.3,0.33028108,,,
1619024957,CCC1(C)CCCCC1,68.0,0.36650758,0.1443333333333333,0.795413005,12.99416817
1619167656,COc1ccc(S(=O)(=O)c2ccc(Oc3ccc(P(=O)(c4ccccc4)c4ccc(C)cc4)cc3)cc2)cc1,89.0,0.38096649,,,
1619197321,CC(=O)OCCCCCCCCOC(=O)c1ccc(NC(=O)c2ccc(N3C(=O)c4ccc(C)cc4C3=O)cc2)cc1,65.0,0.34367333,,,
1619494019,COc1ccc(C(=Cc2ccc(-c3ccc(C=C(c4ccccc4)c4ccc(OC(=O)c5ccc(C(C)=O)cc5)cc4)cc3)cc2)c2ccccc2)cc1,325.0,0.37848459,0.1443333333333333,,
1619516534,CCC(C)c1ccc(COCCC(F)(F)C(F)(F)C(F)(F)C(F)(F)C(F)(F)C(F)(F)C(F)(F)C(F)(F)F)cc1,40.0,0.34583882,,,
1619538915,CNc1cccc(Cc2ccccc2)c1-c1cccc(C[C@H](NC)c2ccccc2)c1,99.0,0.34966936,,,
1619869238,CCCCCCCCCCCNC(=O)CCCCCCCCCCCC(=O)NC,95.0,,0.3685,0.912914925,24.40781229
1620174791,COc1ccc(N=C(c2ccccc2)c2ccc(Oc3ccc(C(c4ccccc4)(c4ccccc4)c4ccc(Oc5ccc(C(=Nc6ccc(C)cc6)c6ccccc6)cc5)cc4)cc3)cc2)cc1,6.0,0.38989325,,,
1620481410,Cc1ccc(Cc2ccc(N3C(=O)C(Cl)=C(Oc4ccc(C(C)(C)c5ccc(OC6=C(Cl)C(=O)N(C)C6=O)cc5)cc4)C3=O)cc2)cc1,-68.0,0.36623451,,,
1620933064,C/C=C(/C)CCCCCCCCCCCCCCCCCCCCC(=O)O,293.0,,0.403,0.868463517,14.07855526
1621708323,C=CCCCCCCC(CC(C)=O)OC,141.0,0.37192791,,,
1621972035,CCC(C)(C)C(=O)OCCCCCCOc1ccc(-c2ccc(C#N)cc2)cc1,-70.0,0.35758203,,,
1622243076,CNc1ccc2ccc3cc4c(ccc5ccccc54)cc3c2c1NC,172.0,0.33607115,0.403,,
1622288666,CC=CC(C)C(C)C(=O)OCCCN(C)c1ccc(N(C)C)cc1,144.0,0.37642636,,,
1622533278,CNc1cc2c3ccc(-c4ccc(C)c(C)c4)c(-c4ccc(C)c(C)c4)c3c(NC)cc2c2ccccc12,30.0,0.36400797,,,
1623779443,Cc1ccc(Oc2ccc(-c3csc(NC(=O)Nc4ccc(Cc5ccc(NC(=O)Nc6nc(C)cs6)cc5)cc4)n3)cc2)cc1,221.6298798,,,,
1623821086,CNc1ccc(NC(=O)c2cc(C(C)=O)c(C(=O)O)cc2C(=O)O)cc1S(=O)(=O)[O][Na],129.970858,,,,
1623930170,Cc1ccc(Oc2ccc(-c3ccc(Oc4ccc(N5C(=O)c6ccc(Oc7ccc(C(c8ccc(Oc9ccc%10c(c9)C(=O)N(C)C%10=O)cc8)(C(F)(F)F)C(F)(F)F)cc7)cc6C5=O)cc4)cc3)cc2)cc1,-84.0,0.36693527,,,
1624065789,Cc1ccc(C(=O)NCCCCCCCCCCCCNC(=O)c2ccc(-c3nc4ccccc4nc3C)cc2)cc1,105.0,0.36749027,,,
1624256779,COC(C)CCCCC(C)=O,230.0,0.35745036,,,
1624258093,Cc1ccc(Oc2ccc(NC(=O)c3cc(C(=O)Nc4ccc(Oc5ccc(-c6nnc(C)o6)cc5)cc4)cc(N4C(=O)c5ccccc5C4=O)c3)cc2)cc1,55.0,0.36154579,,,
1624614703,Cc1cc(C(c2cccnc2)c2cc(C)c(N3C(=O)CC(Nc4ccc(NC5CC(=O)N(C)C5=O)cc4)C3=O)c(C)c2)cc(C)c1C,,0.38844622,,,
1624631059,CCCCOc1ccc(C(=O)Oc2ccc(OCCCCCCOC(=O)C(C)(C)CC)cc2)cc1,37.0,0.35532561,,,
1625056718,CCC(C)OC(=O)C(Cc1ccc(OC)cc1)NC(=O)CCc1ccc(OC(=O)CC(C)CCC(C)=O)cc1,80.0,0.3483794,,,
1625717733,CCC(=O)NC,172.0,,0.277,,
1626154089,COc1c(-c2ccccc2)cc(C)cc1-c1ccc(C)cc1,,0.40218767,,,
1626255936,COc1ccc(C(C)(C)c2ccc(OC(=O)c3cccc(C(F)(F)C(F)(F)C(F)(F)c4cccc(C(C)=O)c4)c3)cc2)cc1,278.0,0.35753446,,,
1626278445,CNc1ccc([C@@]23CC4C[C@@](c5ccc(N)cc5)(C2)C[C@](c2ccc(NC)cc2)(C4)C3)cc1,63.0,0.36179754,0.277,,
1626805714,CCCOCCOCCOc1ccc(/C=C(\C)c2ccc(OC)cc2)cc1,81.0,0.36211153,,,
1626973373,CCCCCCOC(=O)C(Cc1ccc(OC)cc1)NC(=O)Cc1ccc(OC(=O)CCCCCCCCC(C)=O)cc1,,0.35488648,,,
1627008695,CNc1cc(-c2ccccc2)c(-c2ccccc2)c(NC)c1-c1ccccc1,200.0,0.36654455,,,
1627088494,Cc1ccc2c(c1)C(=O)N(c1cccc(C(O)c3cccc(N4C(=O)c5ccc(C(C)(C(F)(F)F)C(F)(F)F)cc5C4=O)c3)c1)C2=O,133.0,0.37192753,,,
1628056427,Cc1ccc2c(c1)C(=O)N(c1cccc(C(O[Si](C)(C)O[Si](C)(C)O[Si](C)(C)C)c3cccc(N4C(=O)c5ccc(C(C)(C(F)(F)F)C(F)(F)F)cc5C4=O)c3)c1)C2=O,89.0,0.39990729,,,
1628304289,COC(C)CCC#N,112.0,,0.1704999999999999,1.042557473,13.31406094
1629034930,CNc1ccc([C@]2(C)c3ccccc3C(C)(C)C2(N)NC)cc1,181.0,0.36227751,,,
1629642981,CCC(C)(C)C(=O)OCCCCCCc1ccc(C(C)=Cc2ccc(OC)cc2)cc1,20.3,0.36591214,,,
1629866625,CC(=O)Nc1ccc(Oc2ccc(Oc3ccc(NC(=O)c4ccc5c(c4)C(=O)N(c4ccc(Oc6ccc(N7C(=O)c8ccc(C)cc8C7=O)cc6)cc4)C5=O)cc3)cc2)cc1,270.0,0.35336088,0.1704999999999999,,
1629965547,CCCCCOc1ccc(C=C2CCC(=Cc3ccc(OCCCCOP(=O)(OC)OC)c(OC)c3)C2=O)cc1OC,60.0,0.35092765,,,
1630109402,CNNC(=O)c1cc(NC(=O)c2ccc3c(c2)C(=O)N(c2ncccc2C)C3=O)cc(C(=O)NNC(=O)CC(C)=O)c1,65.0,0.3203758,,,
1630196267,CCCCCCCCNC(=O)CCCCCCCCCCCCCCCCCCC(=O)NC,325.0,0.38015472,0.4137499999999999,0.900754814,21.54347658
1630481907,CC(=O)c1ccc2c(c1)C(=O)N(c1ccc(Oc3ccccc3Oc3ccc(N4C(=O)c5ccc(C)cc5C4=O)cc3C(F)(F)F)c(C(F)(F)F)c1)C2=O,60.0,0.37183855,,,
1630836772,CNc1cc2ccc3cc(NC)cc4ccc(c1)c2c34,99.0,0.33777593,,,
1630847021,CNc1ccc(C(=CC=C(c2ccccc2)c2ccccc2)c2ccc(NC)cc2)cc1,122.0,0.3719653,0.4137499999999999,,
1631091445,CCC(SC)c1ccccc1,356.0,0.3836093,,,
1631230577,CNc1cc2c(cc(NC)c3c(-c4ccccc4)c(-c4ccccc4)c(-c4ccccc4)c(-c4ccccc4)c32)c2ccccc12,-9.0,0.37324607,,,
1631608831,CCCNC(=O)c1cccc(OC)c1,293.0,0.32622214,,,
1632405014,CC(=O)Nc1ccc(Cc2ccc(NC(=O)c3ccc4c(c3)C(=O)N(c3c(C)cc(-c5cc(C)c(N6C(=O)c7ccc(C)cc7C6=O)c(C)c5)cc3C)C4=O)c(C)c2)cc1C,-37.0,0.37933895,,,
1632457388,CNc1c(NC)c2c(ccc3c4ccccc4c4ccccc4c32)c2ccccc12,262.0,0.35171057,,,
1632465618,CC(=O)Oc1ccc(C(C)(C)c2ccc(OC(=O)c3ccc4c(c3)C(=O)N(c3ccc(O)c(N5C(=O)c6ccc(C)cc6C5=O)c3)C4=O)cc2)cc1,273.0,0.35532952,,,
1632814958,COS(=O)(=O)c1cc(S(=O)(=O)Oc2ccc(C3(c4ccc(C)c(C)c4)CCCCC3)cc2C)ccc1C,238.0,0.37582472,,,
1632815353,CC(=O)c1ccc(Oc2ccc(C3(c4ccc(Oc5ccc(C(=O)c6ccc7c(c6)C(=O)N(c6ccc(Oc8ccc(N9C(=O)c%10ccc(C)cc%10C9=O)cc8)cc6)C7=O)cc5)cc4)OC(=O)c4ccccc43)cc2)cc1,73.0,0.37651211,,,
1633207070,CCC(C)c1ccccc1COCCC(C)C,89.315,0.3832793,0.1943333333333333,0.924684677,10.79545525
1633403102,CNc1ccc(C(Cc2ccccc2)(Cc2ccccc2)NC)cc1,100.0,0.35111176,,,
1633678871,COc1ccc(-c2ccc(OC(=O)c3cc(OCCCc4ccccc4)c(C(C)=O)cc3OCCCc3ccccc3)cc2)cc1,231.0,0.3524536,,,
1634561399,CNc1ccc(C(c2ccc(NC)cc2)c2ccccc2N)cc1,46.0,0.3535621049999999,,,
1634574344,COc1c(F)c(F)c(Sc2c(F)c(F)c(Oc3ccc(C(c4ccc(C)cc4)(C(F)(F)F)C(F)(F)F)cc3)c(F)c2F)c(F)c1F,55.0,0.37421023,,,
1634828189,CCC(c1ccccc1)C1C(=O)N(c2ccc(NC(=O)OCC3CCCN3c3ccc([N+](=O)[O-])cc3)cc2)C(=O)C1C,,0.35437904,,,
1634832271,COc1ccc(Oc2ccc(Oc3ccc(NC(=O)c4cc(C(=O)Nc5ccc(C)cc5)cc(C(C)(C)C)c4)cc3)cc2)cc1,,0.36514177,,,
1635058755,Cc1ccc(-c2ccc(-c3cc(-c4ccccc4)c4cc(C5(c6ccc7nc(C)cc(-c8ccccc8)c7c6)c6ccccc6-c6ccccc65)ccc4n3)cc2)cc1,-2.5,0.43428946,,,
1635294822,Cc1ccc(Oc2ccc(Sc3ccc(Oc4ccc(N5C(=O)c6ccc(Oc7ccc(Sc8ccc(Oc9ccc%10c(c9)C(=O)N(C)C%10=O)cc8)cc7)cc6C5=O)cc4)cc3)cc2)cc1,172.0,0.36662186,,,
1635582225,Cc1ccc2c(c1)C(=O)N(c1c(C)cc(-c3cc(C)c(N4C(=O)c5ccc(C(C)(C(F)(F)F)C(F)(F)F)cc5C4=O)c(C)c3)cc1C)C2=O,106.0,0.41327874,,,
1635861860,Cc1ccc(-c2ccc(-c3ccc(-c4ccc(-c5ccc6c(c5)C(=O)N(c5cccc(N7C(=O)c8ccc(C)cc8C7=O)c5)C6=O)cc4)cc3)cc2)cc1,-50.0,0.3765538,,,
1636249880,CNc1nc(NC)nc(-c2ccccc2)n1,63.0,0.33811735,,,
1637316087,COc1c(C)cc(C2(c3cc(C)c(Oc4ccc(C(=O)c5cccc(C(=O)c6ccc(C)cc6)c5)cc4)c(C)c3)c3ccccc3-c3ccccc32)cc1C,225.0,0.41055555,,,
1637447040,COc1cc(Oc2ccc(C(C)(C)c3ccc(C)cc3)cc2)cc(C(=O)Oc2ccc(N=Nc3ccc(C#N)cc3)cc2)c1,141.0,0.37807662,,,
1637633691,Cc1cccc(Oc2ccc(P(=O)(c3ccccc3)c3ccccc3)c(Oc3cccc(N4C(=O)c5ccc(Oc6ccc(-c7ccc(Oc8ccc9c(c8)C(=O)N(C)C9=O)cc7)cc6)cc5C4=O)c3)c2)c1,260.0,0.37011172,,,
1637714713,CCC(C)F,78.0,0.35585104,,,
1638121977,CCCOC(=O)CC(=CC(=O)OC)c1ccc(OCC)cc1,1.131191733,,,,
1638169555,COc1ccc(C2(c3ccc(OC(C)=O)cc3)CC3CCC2C3)cc1,217.0,0.36263983,,1.084486229,20.59461102
1638182470,CNc1ccc(NC(=O)c2cc(-c3ccc(C(=O)OC)c(C(C)=O)c3)ccc2C(=O)OC)cc1,154.0,0.33582892,,,
1638745393,CCOC(=O)CC(C)(CC)C(=O)OCC,-40.0,0.34796844,0.1689999999999999,0.965285515,13.08823383
1638921879,COc1ccc(CC(NC(=O)CCc2ccc(OC(=O)COCCOCC(C)=O)cc2)C(=O)OCC(C)C)cc1,285.0,0.3422569,,,
1639290741,CCCCCCCOc1ccc(-c2cc(-c3ccccc3)c(-c3ccc(NC(=O)c4ccc(C(=O)Nc5ccc(-c6c(-c7ccccc7)cc(-c7ccc(OC)cc7)cc6-c6ccccc6)cc5)cc4)cc3)c(-c3ccccc3)c2)cc1,231.0,0.37246219,,,
1639497900,CCCCCCCCCCCCOC(=O)C(Cc1ccc(OC)cc1)NC(=O)CCc1ccc(OC(=O)COCCOCC(C)=O)cc1,36.0,0.35598861,0.1689999999999999,,
1639513148,CCOc1ccc(OC(=O)c2ccc(C(=O)Oc3ccc(OCC)cc3)c(C(C)CC)c2)cc1,45.0,0.34938746,,,
1639677802,[2H]C([2H])([2H])OC(=O)C(C)(C([2H])([2H])[2H])C([2H])([2H])C,186.0,0.33761653,0.200554319,1.115470133,17.85162789
1639769736,CCCCCCCCCCCNC(=O)CCCCCCCCCCC(=O)NC,218.0,0.3710755,,,
1639915624,C/C=C/CCC,122.0,,0.2486666666666666,0.8411584645000001,19.29341066
1640063479,CCCOCCOCCOCCOC(=O)CCSCCC(=O)OC,,0.34735821,,,
1640191566,COCCOc1cc(C)nc2ccc(C)cc12,88.77435741,,,,
1640510001,CNc1cc(C)c(Cc2ccc(CCCCCCCCCCCCCCCc3ccc(Cc4c(C)cc(NC)cc4C)cc3)cc2)c(C)c1,23.0,0.35958208,0.2486666666666666,,
1640870840,CCCCCCCCNC(=O)CCCCCC(=O)NC,227.0,0.34960498,0.334,,
1640890711,Cc1ccc(Oc2ccc(N3C(=O)c4ccc(Oc5ccc6c(c5)C(=O)N(C)C6=O)cc4C3=O)cc2)cc1,262.0,0.37216457,0.244,1.269137831,27.37498168
1640897195,Cc1cccc(Oc2ccc(P(=O)(c3ccccc3)c3ccccc3)c(Oc3cccc(N4C(=O)c5ccc(Oc6ccc7c(c6)C(=O)N(C)C7=O)cc5C4=O)c3)c2)c1,,0.37114282,,,
1640937510,CCCCCCCCc1cc(Nc2ccc(C)cc2)sc1C,49.50827798,,,,
1641068572,COc1ccc(Oc2ccc(C(=O)c3ccc(C)cc3)cc2)cc1-c1ccccc1,234.2,0.38222364,,,
1641679741,COc1cccc(OC(=O)c2ccc(Oc3ccc(C(C)=O)cc3)cc2)c1,65.5,0.34914542,0.334,,
1641687238,CCCCCOC(=O)NC1CC1NC(=O)OC,47.31586772,,,,
1642318561,CNc1ccc(C(C)C)c(-c2cccc(-c3cc(NC)ccc3C(C)C)c2)c1,127.0,0.3756884,,,
1642394880,CCCCCCOC(=O)C(Cc1ccc(OC)cc1)NC(=O)Cc1ccc(OC(=O)CCCCCCC(C)=O)cc1,17.0,0.35213618,,,
1642545320,CSc1ccc(Sc2ccc(Sc3cccc4c3C(=O)N(N3C(=O)c5cccc(C)c5C3=O)C4=O)cc2)cc1,46.0,0.38724478,,,
1643898977,Cc1ccc2c(c1)C(=O)N(c1cccc(Oc3cccc(Oc4cccc(N5C(=O)c6ccc(C(C)(C(F)(F)F)C(F)(F)F)cc6C5=O)c4)c3)c1)C2=O,236.0,0.36251078,0.163896306,1.30619974,19.73092575
1645271820,CCCCCCCCCCCCCCCOC(=O)CCCCC(=O)OC,-69.0,,0.3555,0.934642528,21.38435354
1645416728,CCCC1C[N+](C)(C)CC1C,-2.5,0.77709707,,,
1645801286,COc1ccc(N=Cc2ccc(OC(=O)CCCCC(=O)Oc3ccc(C=Nc4ccc(C)cc4)cc3OC)c(OC)c2)cc1,47.38250675,,,,
1646057229,CCCCCC(c1ccc([C@H](CCCCC)c2ccc(NC)cc2)cc1)c1ccc([C@H](CCCCC)c2ccc(NC)cc2)cc1,106.0,0.37024472,,,
1646177027,COc1ccc(-c2ccc(Oc3ccc(C(=O)c4ccc(C(=O)c5ccc(C)cc5)cc4)cc3)cc2)cc1,329.0,0.37532001,,,
1646241575,CCCCCOc1cc(C(=O)OC)cc(C(=O)OCC(F)(F)C(F)(F)C(F)(F)CC)c1,,0.34110244,0.3555,,
1646656305,CCC(C)CCC(C)C,225.0,,0.216,0.772296641,12.17429097
1646893921,CCC1CCC(COC(C)OC(=O)c2cccc(C(=O)OC(C)OC)c2)CC1,141.0,0.35679176,,,
1646933225,CNc1ccc(-c2ccc(NC)c(-c3ccccc3)c2-c2ccccc2)c(-c2ccccc2)c1,260.0,0.36556523,,,
1646984336,CNc1ccc(-c2c(-c3ccccc3)c(-c3ccccc3)c(NC)c(-c3ccccc3)c2-c2ccccc2)c(C)c1C,78.0,0.3811955,,,
1647029479,CCc1cccc(CNC(=O)c2cccc(C(=O)NC)c2)c1,157.0,0.32986558,,,
1647212497,CNc1ccc(C2(c3ccc(NC)cc3)CCCc3ccccc32)cc1,72.0,0.35799942,0.216,,
1647532424,CCOC(=O)C(Cc1ccc(OC)cc1)NC(=O)CCc1ccc(OC(=O)CCC(C)=O)cc1,79.0,0.33994048,,,
1647821918,CCOP(=O)(CC1OCC(COC(=O)C(C)(C)CC)O1)OCC,,0.34351571,,,
1648167915,COCCOC(=O)CCCC(=O)OCCOc1nc(-c2ccc(OC)cc2)nc(C)c1-c1ccc(OC)cc1,141.5,0.34869133,,,
1648532900,CCC(C)(C)C(=O)OCCOCCOCC[N+](CC)(CC)CCCCS(=O)(=O)O,208.0,0.40560629,,,
1648622866,CO[Si](C)(C)CCCn1c2ccccc2c2ccccc21,230.0,0.37981607,,,
1649223775,CNC(C)CC(C)=O,380.0,0.32169997,,,
1649295248,CNC1=CCCC(c2ccc(NC)cc2)=C1c1ccccc1,186.0,0.35914225,,,
1649345915,CNCc1ccc(NC)cc1,370.5,0.322561555,,,
1649518604,CNc1ccc(C(c2ccccc2)(c2ccccc2)c2cc(C(c3ccccc3)(c3ccccc3)c3ccc(N)cc3)cc(C(c3ccccc3)(c3ccccc3)c3ccc(NC)cc3)c2)cc1,237.0,0.3872297,,,
1650000609,CCC(O)COc1ccc(C(C)(C)c2ccc(OCC(O)COc3c(C)cc(S(=O)(=O)c4cc(C)c(OC)c(C)c4)cc3C)cc2)cc1,,0.36906105,,,
1650198770,Cc1ccc(Cc2ccc(N3C(=O)c4ccc([Si](C)(C)c5ccc([Si](C)(C)c6ccc7c(c6)C(=O)N(C)C7=O)cc5)cc4C3=O)cc2)cc1,229.0,0.39503017,,,
1650263868,CCC(C)(C)C(=O)OCCOCCOCCOCCOCCOCCOCCOCCOC,-30.0,0.35087647,,,
1650643323,CCC(C)(C)C(=O)OCCCn1c2ccccc2c2ccccc21,227.0,0.35272474,,,
1651023431,CCC(C)C#N,41.0,,0.207,0.979429396,20.43708909
1651258408,COc1cccc(NC(=O)CCCCCCCCCCC(=O)Nc2ccc(C)cc2)c1,,0.35425809,0.319,1.057348058,21.51389258
1651483269,COc1ccc(OC(=O)c2ccc(C(C)=O)cc2)cc1,235.0,0.33710135,,,
1652170327,Cc1ccc(N[Se]Nc2ccc(S(C)(=O)=O)cc2)cc1,234.2,0.38429931,,,
1652404686,CCCN1C(=O)c2ccc(C(c3ccc4c(c3)C(=O)N(C)C4=O)(C(F)(F)F)C(F)(F)F)cc2C1=O,65.5,0.35651058,,,
1652549742,COc1ccc(OC(=O)Oc2ccc(OC(C)=O)cc2)cc1C,120.5520321,,0.207,,
1652695363,CC(=O)Nc1cccc(NC(=O)c2ccc3c(c2)C(=O)N(c2cc(-c4nc5ccccc5o4)cc(N4C(=O)c5ccc(C)cc5C4=O)c2)C3=O)n1,127.0,0.36221433,0.319,,
1652765029,CNc1c(C)c(N)c2c(c1O)C(=N)[C@@H](NC)[C@@H]2N,17.0,0.32698788,,,
1653502391,CCC(C)(CC(=O)OCCCc1ccccc1)C(=O)OCCCc1ccccc1,27.0,,0.2055,1.080352066,10.10003467
1653539066,CCCCCCCNC(=O)NCCCCNC(=O)NC,60.10434296,,,,
1653668180,CCC(C)(C)C(=O)Oc1ccc(C)cc1C,49.0,0.36833301,0.157,0.95674619,12.26970455
1653699030,CCCCCCOC(=O)C(Cc1ccc(OC)cc1)NC(=O)Cc1ccc(OC(=O)CCCC(C)=O)cc1,-69.0,0.3472328,,,
1653991852,CNc1cc(NC(=O)NC2CCC(CC3CCC(NC(C)=O)CC3)CC2)cc(C(=O)Nc2ccc3c(c2)C(=O)c2ccccc2C3=O)c1,-69.0,0.34250678,,,
1654010569,CCC(C)(C)COC(=O)CCC(=O)OC,-69.0,0.33568039,0.2055,1.115437049,20.44290481
1654213224,CCC(C)CC1CCCCC1,-103.0,,0.2256,0.816505893,9.943107453
1654272225,COc1c(Cl)cc(C)cc1Cl,-103.0,0.40066645,0.157,,
1654827899,CNc1cc2ccc3cccc4ccc(c1NC)c2c34,-103.0,0.33185759,,,
1654848941,COc1ccc(CCNC(=O)c2cccc(C(C)=O)c2)cc1,-91.0,0.33770384,,,
1655220585,Cc1ccc(N2C(=O)c3ccc(C(=O)c4ccc5c(c4)C(=O)N(c4ccc6[nH]c(C)nc6c4)C5=O)cc3C2=O)cc1,-91.0,0.39105508,,,
1655318742,COP(=O)(Oc1ccc(C)cc1)Oc1c(Br)cc(C(c2cc(Br)c(C)c(Br)c2)(C(F)(F)F)C(F)(F)F)cc1Br,-91.0,0.39766764,0.2256,,
1655336489,CNc1ccc2c(c1)Cc1cc(NC)ccc1-2,-38.0,0.34702763,,,
1655603853,CCCCC(C)=C(C)Cl,62.0,0.40171374,,,
1655950813,COC1CCC(OC(=O)OCCCCCCCOC(C)=O)CC1,180.0,0.3452967,,,
1656073293,CO[Si](C)(C)c1cccc2c([Si](C)(C)C)cccc12,55.0,0.41204539,,,
1656097465,Cc1ccc(Oc2ccc(-c3ccc(Oc4ccc(N5C(=O)c6cccc(Oc7ccc(C(C)(C)c8ccc(Oc9cccc%10c9C(=O)N(C)C%10=O)cc8)cc7)c6C5=O)cc4)cc3)cc2)cc1,265.0,0.36779038,,,
1656589637,CNc1c(C)c(C)c(NC(=O)c2ccc(C(C)=O)cc2)c(C)c1C,205.6552433,,,,
1656633508,CCCCOC(=O)Nc1cc(NC(=O)OC)ccc1C,-8.0,0.32689509,,,
1657554335,COc1ccc(OC(=O)c2ccc(C(C)=O)cc2-c2ccccc2)cc1,227.700588,,,,
1658493417,CNc1ccc(C2=C3CC=CC=C3[C@H](c3ccc(NC)cc3)c3ccccc32)cc1,159.0,0.36999408,,,
1658830563,CNc1ccc2c(c1)C1(c3ccc(C)cc3-c3cc(C)ccc31)c1cc(NC)ccc1-2,42.0,0.3945016,,,
1659755878,CCCCCCCCCCCCCCCNC(=O)CCCCCCCCC(=O)NC,148.0,,0.3944999999999999,0.916585437,18.81872143
1659835488,CCC(C)(CC)COC(=O)c1ccc(C(=O)OC)cc1,27.0,0.35427733,,,
1659919472,CCC(=O)Nc1ccc(Oc2cccc(NC(=O)CN3C(=O)c4ccc(C(=O)c5ccc6c(c5)C(=O)N(C)C6=O)cc4C3=O)c2)cc1,266.0,0.33266973,,,
1660751847,CCCCCCCCCCCOC(=O)NCCCCCCNC(=O)OC,207.0,0.35820456,,,
1661316204,Cc1ccc(-c2ccc(-c3cnc4cc(Oc5ccc6nc(C)cnc6c5)ccc4n3)cc2)cc1,,0.40678866,,,
1661521840,CCCCc1ccc(-c2c(-c3ccccc3)cc(-c3ccc(-c4cc(-c5ccccc5)c(-c5ccc(C)cc5)c(-c5ccccc5)c4-c4ccccc4)cc3)c(-c3ccccc3)c2-c2ccccc2)cc1,152.0,0.4001193,0.3944999999999999,,
1661804021,Cc1ccc(Sc2ccc(-c3nn(-c4ccc(S(=O)(=O)c5ccc(-n6nc(C)c7ccccc7c6=O)cc5)cc4)c(=O)c4ccccc34)cc2)cc1,-6.7,0.39793898,,,
1662111173,Cc1ccc(Oc2ccc(-c3nc4ccc(Oc5ccc6nc(C)c(-c7ccccc7)nc6c5)cc4nc3-c3ccccc3)cc2)cc1,146.0,0.42723558,,,
1662427032,CNc1ccc([C@H]2C=C[C@](NC)(c3ccccc3)C=C2)cc1,,0.34408307,,,
1662473606,CO[Si](C)(C)O[Si](C)(C)O[Si](C)(C)O[Si](C)(C)O[Si](C)(C)c1ccc([Si](C)(C)C)cc1,173.0,0.44568378,,,
1662846692,Cc1ccc2c(c1)C(=O)N(c1ccc(C(c3ccc(C)c(N4C(=O)c5ccc(C(C)(C(F)(F)F)C(F)(F)F)cc5C4=O)c3)(C(F)(F)F)C(F)(F)F)cc1C)C2=O,-30.0,0.39438371,0.125282992,1.259487717,20.44943566
1663220707,CC1C=CC(C)CC1,103.377349,,,,
1663257488,CC(=O)Nc1ccc(S(=O)(=O)c2ccc(NC(=O)c3ccc4c(c3)C(=O)N(c3cccc(P(=O)(c5ccccc5)c5cccc(N6C(=O)c7ccc(C)cc7C6=O)c5)c3)C4=O)cc2)cc1,30.0,0.36301636,,,
1663514336,CCCCCCCCCCCCCOC(=O)CCCCCCC(=O)OC,,,0.284,0.931066388,19.58490022
1663579742,CC1C2CCC(C2)C1S(C)(=O)=O,6.0,0.369056,,,
1664000422,CC(=O)Nc1ccc(S(=O)(=O)c2ccc(NC(=O)c3ccc4c(c3)C(=O)N(c3cc(-c5nc6ccccc6o5)cc(N5C(=O)c6ccc(C)cc6C5=O)c3)C4=O)cc2)cc1,172.0,0.36410497,,,
1664419715,Cc1cc(C(=O)Oc2cccc3cccnc23)c(C)s1,,0.37063906,,,
1665128334,COc1c(Cl)cc(C2(c3cc(Cl)c(OC(C)=O)c(Cl)c3)CC3CC2C2CCCC32)cc1Cl,78.0,0.40815455,,,
1665519447,CCCCCCCOC(=O)CCCCC(=O)OC,115.0,0.34866959,0.284,,
1665622920,CCCCCCCc1ccc(-c2c(-c3ccccc3)cc(-c3ccc(-c4cc(-c5ccccc5)c(-c5ccc(C)cc5)c(-c5ccccc5)c4-c4ccccc4)cc3)c(-c3ccccc3)c2-c2ccccc2)cc1,57.0,0.39784741,,,
1666147237,COc1ccc(NCC(=O)c2ccc(Sc3ccc(C(=O)CNc4ccc(C)cc4)cc3)cc2)cc1,27.0,0.37243845,,,
1666787967,C=Cc1c(NC)c(NC)c(N)c2c(N)cc3cc4ccccc4cc3c12,55.45,0.33559089,,,
1666962714,CNC(CCC(=O)OCc1ccc(C(F)(F)F)cc1)C(C)=O,125.0,0.32727613,,,
1667507467,CCC(=O)C(C)C,290.0,0.3478615,,,
1668029928,Cc1ccc(Oc2ccc(-c3cccc4c3C(=O)N(Oc3ccc(C(=O)c5ccc(Oc6cccc7c6C(=O)N(C)C7=O)cc5)cc3)C4=O)cc2)cc1,279.0,0.36324031,,,
1668423016,CCc1cc(C)c(CNC(=O)CCCCC(=O)NC)cc1C,437.0,0.33390015,,,
1668799995,CCc1ccc2oc(=O)c(C(=O)Nc3ccc(Oc4ccc(Oc5ccc(NC(=O)c6cc7cc(C)ccc7oc6=O)cc5)cc4)cc3)cc2c1,137.5,0.34606436,,,
1669065753,CCC(C)c1c(F)c(F)c(OCC(F)(F)C(F)(F)C(F)(F)C(F)(F)C(F)(F)C(F)(F)C(F)(F)F)c(F)c1F,295.0,0.33681331,,,
1669177512,CCCC(C)(C)C(=O)OC(C)CC,-58.0,0.37264329,,,
1669233687,CNc1ccc2c(c1)-c1cc(NC)ccc1C2(c1cccc(N)c1)c1cccc(N)c1,113.0,0.36327094,,,
1669324306,CCC(C)c1ccc(C(O)CCN2CCOCC2)cc1,95.0,0.35614962,,,
1669400778,CCC(C)(C)C(=O)OCC1CCC1,110.0,0.36732984,,,
1669411867,Cc1ccc(Oc2cccc(N3C(=O)c4ccc([Si](C)(C)O[Si](C)(C)c5ccc6c(c5)C(=O)N(c5cccc(Oc7ccc(-c8nnc(C)o8)cc7)c5)C6=O)cc4C3=O)c2)cc1,267.0,0.38763458,,,
1669796123,CCCOCCOC(=O)NCCCCCCNC(=O)OC,62.0,0.33299427,,,
1669900077,CNc1ccc2c3ccccc3c3ccc(NC)c4ccc1c2c43,180.0,0.32846656,,,
1669945913,CCC(C)c1ccc([Si](C)(C)O[Si](C)(C)O[Si](C)(C)C)cc1,281.0,0.45056995,,,
1670036740,Cc1ccc(Oc2ccc(Oc3ccc(N4C(=O)c5ccc(Oc6ccc7c(c6)C(=O)N(C)C7=O)cc5C4=O)cc3)cc2)cc1,365.0,0.37228943,0.260809088,1.250215209,26.5472567
1670250046,CCC(=O)Nc1ccc(Cc2ccc(NC(=O)c3ccc4c(c3)C(=O)N(C)C4=O)cc2)cc1,250.0,0.34110112,,,
1670434070,Cc1ccc(-c2ccc(-c3ccc(-c4ccc(-c5cc(-c6ccccc6)c6cc(-c7ccc8nc(C)cc(-c9ccccc9)c8c7)ccc6n5)cc4)cc3)cc2)cc1,-8.0,0.40260098,,,
1670881683,CNc1ccc2cc(C)ccc2c1-c1c(NC)ccc2cc(C)ccc12,,0.36235466,,,
1671082130,CCC(O)CN(C)S(=O)(=O)c1cccc(S(=O)(=O)N(C)CC(O)COc2ccc(C3(c4ccc(OC)cc4)c4ccccc4-c4ccccc43)cc2)c1,109.0,0.34976889,,,
1671135336,CCC(C)(COC)COCC(F)(F)F,42.0,0.36946745,,,
1671251574,CC(=O)Nc1cccc(NC(=O)c2ccc3c(c2)C(=O)N(c2cccc(P(=O)(c4ccccc4)c4cccc(N5C(=O)c6ccc(C)cc6C5=O)c4)c2)C3=O)n1,148.0,0.35663308,,,
1671488348,C=Cc1ccc(-c2c(NC)ccc(-c3ccc(NC)cc3)c2-c2ccc(C=C)cc2)cc1,-18.0,0.35874439,,,
1671953980,CCCCCCCNC(=O)CCc1ccc(CCC(=O)NC)cc1,75.0,0.34609374,,,
1672793262,COc1ccc(S(=O)(=O)c2ccc(Oc3ccc(NC(=O)c4cc(C(=O)Nc5ccc(C)cc5)cc(C(C)(C)C)c4)cc3)cc2)cc1,176.82,0.36687927,,,
1672845324,CCC(C)c1ccc(Cl)cc1C,10.0,,0.1366666666666667,1.05867232,13.55500415
1672978154,CCCN(C)C(=O)c1cc(F)c(F)c(F)c1,152.0,0.33491733,,,
1673102109,Cc1ccc(C2(c3ccc(-c4cc(-c5ccccc5)c5cc(C6(c7ccc8nc(C)cc(-c9ccccc9)c8c7)c7ccccc7C(=O)c7ccccc76)ccc5n4)cc3)c3ccccc3C(=O)c3ccccc32)cc1,412.0,0.43993459,,,
1673426681,CCS(=O)CCOC(=O)C(C)(C)CC,146.0,0.3575264,0.199,1.117069249,12.05051013
1673485707,Cc1nc(C)nc(N(CCCCCCCCCCN(C)c2ccccc2)c2ccccc2)n1,165.0,0.39169547,,,
1673575394,CNc1cccc(S(=O)(=O)c2cccc(NC)c2)c1,17.0,0.336299775,0.1366666666666667,,
1673823356,CCCCCCCCCCOc1cc(C(C)=O)ccc1C(=O)NNC,-5.0,0.36401661,,,
1674464256,COc1ccc(C2(c3ccc(OC(C)=O)c(C)c3)CC3CCC2C3)cc1C,62.0,0.38156407,,,
1674887519,CCC(C)C(=O)OCCC(C)C,236.0,,0.224,0.928263907,11.86917301
1674948032,CSc1c(C)cc(C)cc1C,266.0,0.42844078,0.145,1.048021071,18.9131789
1674954682,Cc1ccc2c(c1)C(=O)N(C1CCC(CC3CCC(N4C(=O)c5ccc(C(C)(C(F)(F)F)C(F)(F)F)cc5C4=O)CC3)CC1)C2=O,6.0,0.36673379,,,
1675272151,CCC(C)(C)C(=O)Oc1ccc(C(=O)Oc2ccc(C(=O)c3ccccc3)cc2)cc1,,0.34771734,,,
1675542774,CCCC(C)(C)C(C)(C)C,127.0,0.38272137,,,
1675605229,CCCC1CC(C)C2C3CC(c4ccc(COC(C)CC)cc4)C(C3)C12,-41.0,0.37580265,0.224,,
1675845282,CCC(C)C(=O)NC(C)C,156.0,0.36205539,0.203,0.951472262,13.50097132
1676036975,Cc1ccc(Oc2ccc(C3(c4ccc(Oc5ccc(-c6nc(-c7ccccn7)nnc6C)cc5)cc4)c4ccccc4-c4ccccc43)cc2)cc1,63.0,0.40668886,,,
1676176971,CCC(c1ccccc1)(c1ccc(OC)cc1)c1ccc(OC(=O)c2ccc(C(C)=O)cc2)cc1,226.0,0.37078236,,,
1676315941,COc1ccc(C(C)(C)c2ccc(Oc3c(F)c(F)c(COC(c4cccc(C(OCc5c(F)c(F)c(C)c(F)c5F)(C(F)(F)F)C(F)(F)F)c4)(C(F)(F)F)C(F)(F)F)c(F)c3F)cc2)cc1,55.0,0.34981945,,,
1676729998,CCC(C)(C)C(=O)OCCN(C)c1ccc(N(C)C)cc1,390.0,0.36781623,,,
1676759354,Cc1cccc(C(=O)Nc2ccc(Oc3cccc(Oc4ccc(NC(=O)c5cccc(N6C(=O)c7ccc(-c8ccc9c(c8)C(=O)N(C)C9=O)cc7C6=O)c5)cc4)c3)cc2)c1,290.0,0.35354105,0.203,,
1676853034,CCC(C)(C)C(=O)OCc1ccc(C=CC(=O)Oc2ccc3oc(=O)ccc3c2)cc1,279.0,0.32586124,,,
1677073370,CC=CC1CC(C)C([Si](C)(C)C[Si](C)(C)C)C1,437.0,0.40768894,,,
1677533093,CNc1ccc(-c2ccccc2)c(-c2ccc(N)c(N)c2)c1NC,48.0,0.33277847,,,
1677600893,COc1ccc(C(C)(C)c2ccc(OC(=O)c3ccc(C(C)=O)cc3)cc2)cc1,-80.0,0.36082508,,1.104373146,25.54111019
1677738702,COc1ccc(NC(=O)c2ccc(P(=O)(c3ccccc3)c3ccc(C(=O)Nc4ccc(C)cc4)cc3)cc2)cc1,266.0,0.36140539,,,
1677875786,Cc1ccc(Oc2ccc(Oc3ccc(Oc4ccc(N5C(=O)C6CCC(C7CCC8C(=O)N(C)C(=O)C8C7)CC6C5=O)cc4)cc3)cc2)cc1,125.5,0.37368086,,,
1678384884,CCCCCCCCCCCCCCCCCCOC(C)CC,241.0,,0.3868,0.834274703,12.10790061
1678410522,Cc1ccc(Oc2cccc(Oc3ccc(N4C(=O)c5ccc(Oc6ccc7c(c6)C(=O)N(C)C7=O)cc5C4=O)cc3)c2)cc1,198.0,0.36119682,0.239797409,1.270104981,23.90410548
1678521620,CCC(OC)c1ccco1,33.0,0.36350816,,,
1678768525,CC(=O)Oc1ccc(C2(c3ccc(OC(=O)c4ccc5c(c4)c4cc(C)ccc4n5C)cc3)OC(=O)c3ccccc32)cc1,262.5942508,,,,
1678882147,CCC(C)OC(=O)c1ccc(Br)cc1,154.0,0.38128079,,,
1679226425,CNc1ccc(C2(c3ccc(NC)cc3)CCC2(c2ccc(N)cc2)c2ccc(N)cc2)cc1,281.0,0.37813226,0.3868,,
1679285370,Cc1cccc(OCCCCCCOc2cccc(N3C(=O)c4ccc(-c5ccc6c(c5)C(=O)N(C)C6=O)cc4C3=O)c2)c1,-69.0,0.34918119,,,
1680789160,CCC(C)(C)C1CCC(c2ccc(NC(C)=O)cc2)(c2ccc(N3C(=O)c4ccc(C)cc4C3=O)cc2)CC1,250.0,0.37936354,,,
1681110916,Cc1ccc(Oc2ccc(C(=O)c3ccc(Oc4ccc(-c5c6c(c(C)c7ccccc57)C(=O)N(c5ccc(F)cc5)C6=O)cc4)cc3)cc2)cc1,208.0,0.3755704,,,
1681628667,CCc1cc(C2(c3ccc(NC)c(CC)c3)c3ccccc3-c3ccccc32)ccc1NC,98.0,0.38152925,,,
1681775861,CNc1ccc2c(-c3ccccc3)c(NC)c(-c3ccccc3)cc2c1,26.57,0.35638928,,,
1681905956,CNc1ccc2cc3ccc4cccc5ccc(c2c1NC)c3c45,23.0,0.33707635,,,
1682827181,CCCCOC(=O)C(Cc1ccc(OC)cc1)NC(=O)CCc1ccc(OC(=O)CCC(C)=O)cc1,252.0,0.34685932,,,
1682832675,CCCCCCCOC(=O)C(C(=O)OCCCCCCOc1ccc(-n2on2-c2ccc(OC)cc2)cc1)c1ccccc1,70.0,0.35801462,,,
1682900060,Cc1ccc(Oc2ccc(NC(=O)c3ccc4c(c3)C(=O)N(c3ccc(Sc5ccc(N6C(=O)c7ccc(C(=O)Nc8ccc(Oc9ccc(C%10(C)NC(=O)c%11ccccc%11%10)cc9)cc8)cc7C6=O)cc5)cc3)C4=O)cc2)cc1,290.0,0.3676725,,,
1683248477,CCC(CCc1ccc(Cc2ccc(NC)cc2)cc1)(c1ccc(Cc2ccc(N)cc2)cc1)c1ccc(Cc2ccc(NC)cc2)cc1,21.0,0.36374897,,,
1683353689,CCCCCCCNC(=O)C=C(C)C(=O)NC,10.0,0.33327284,,,
1683593138,CC(=O)c1ccc2c(c1)C(=O)N(c1ccc(-c3ccccc3N3C(=O)c4ccc(C)cc4C3=O)cc1)C2=O,217.0,0.37532508,,,
1683816678,CCCCCCCCCCCCCC(C)CC,50.0,,0.3383333333333333,0.803265072,11.57516404
1683834264,CCC=Cc1cc(C(C)(C)c2ccc(O)c(C=CCC3CC(=O)N(c4ccc(Cc5ccc(N6C(=O)CC(C)C6=O)cc5)cc4)C3=O)c2)ccc1O,114.0,0.35434136,,,
1683937350,CC(C)(F)F,165.0,0.32274038,,,
1684744857,CNc1ccc(NC)cc1,17.0,0.32369134,,,
1684855250,CO[Si](C)(C)C#C[Si](C)(C)C#C[Si](C)(C)C#C[Si](C)(C)C#C[Si](C)(C)C#C[Si](C)(C)C#C[Si](C)(C)C,85.5,0.49693178,,,
1685057897,COCCCCOC1COC2C(OC(=O)CCCCC(=O)OC3COC4C(C)COC34)COC12,-27.0,0.33206648,0.3383333333333333,,
1685441802,CNc1ccc([C@]2(C)CC(C)(C)c3cc(NC)c(N)cc32)cc1,238.0,0.36997618,,,
1685639309,CNc1ccc(NC)c2cc3ccccc3cc12,266.0,0.33960265,,,
1685741842,COc1ccc(S(=O)(=O)c2ccc3cc(S(=O)(=O)c4ccc(Oc5c(C)cc(-c6cc(C)c(C)c(C)c6)cc5C)cc4)ccc3c2)cc1,355.0,0.39138896,,,
1685793065,CNC1=CC[C@H](C(c2ccc(N)cc2)(c2ccc(N)cc2)c2ccc(NC)cc2)C=C1,,0.35960608,,,
1685901918,CCCCCCCC(=O)Oc1ccc(OC(=O)c2ccc3c(c2)C(=O)N(C)C3=O)cc1,127.0,0.33743021,,,
1686044145,CNc1ccc(-c2ccc(NC)cc2-c2ccc(-c3ccccc3)cc2)cc1,-41.0,0.34993468,,,
1686536548,CC(=O)c1ccc2c(c1)C(=O)N(c1c(C)cc(C(c3cc(C)c(N4C(=O)c5ccc(C)cc5C4=O)c(C)c3)c3cccc4ccccc34)cc1C)C2=O,156.0,0.43039552,0.210939398,1.052850236,21.79246309
1686718921,CCCCCCCCCCCC(=O)Nc1ccc(Oc2ccc(Oc3ccc(NC(=O)CCCCCCCCCCN4C(=O)c5ccc(C(=O)c6ccc7c(c6)C(=O)N(C)C7=O)cc5C4=O)cc3)cc2)cc1,23.0,0.35369987,,,
1686919611,CNc1cc2c(NC)ccc3c4cc(N)c5c(O)cc(O)c6c5c4c(c(c1)c23)=CC6=N,85.0,0.33150168,,,
1686952032,COc1ccc(NC(=C(C#N)C#N)c2ccc3cc(C(Nc4ccc(C)cc4)=C(C#N)C#N)ccc3c2)cc1,232.5,0.40578459,,,
1687301626,CNc1ccc(C2(c3ccc(N)c(NC)c3)c3ccccc3-c3ccccc32)cc1N,145.0,0.374004235,,,
1687734708,CCC(C)c1nc(C)nc(C)n1,65.0,0.41591473,,,
1687858276,Cc1ccc2c(c1)C(=O)N(c1cccc(Oc3ccc(S(=O)(=O)c4ccc(Oc5cccc(N6C(=O)c7ccc(C(C)(C(F)(F)F)C(F)(F)F)cc7C6=O)c5)cc4)cc3)c1)C2=O,390.0,0.36843914,0.163208541,1.317245118,21.75683334
1687871916,Cc1ccc2c(c1)C(=O)N(c1c(C)cc(C(c3cc(C(F)(F)F)cc(C(F)(F)F)c3)c3cc(C)c(N4C(=O)c5ccc(C(C)(C(F)(F)F)C(F)(F)F)cc5C4=O)c(C)c3)cc1C)C2=O,25.0,0.42868802,,,
1687937320,COc1cccc(S(=O)(=O)c2ccc(C)cc2)c1,48.0,0.36277988,0.169806655,1.288531372,20.49677924
1688474833,COC(=O)c1ccc(C(F)(F)C(F)(F)C(F)(F)c2ccc(C(C)=O)cc2)cc1,,0.34059869,,,
1688918153,COc1ccc(C(=O)c2cccc(NC(=O)CCCCCCCCC(=O)Nc3ccc(C(=O)c4ccc(C)cc4)cc3)c2)cc1,193.0,0.35168897,,,
1689325307,CNc1cc(Oc2ccccc2)c(NC)c(N)c1N,161.0,0.32209092,,,
1689591467,CCCCCCCCCCCCNC(=O)CCCCC(=O)NC,,,0.3295,0.9550917,21.59948372
1689883319,C=C=C=C(CCCCOC(=O)Nc1ccccc1)C(=C)CCCCOC(=O)Nc1ccccc1,198.0,,,1.089327475,15.55466977
1690031324,CCC(C)c1cc(Cl)ccc1Cl,265.0,,0.1119999999999999,1.217628771,15.81204712
1691054850,CC(=O)Nc1ccc(Oc2c(C)cc(C(C)(C)c3cc(C)c(Oc4ccc(NC(=O)c5ccc6c(c5)C(=O)N(c5ccc(Oc7ccc(C8(c9ccc(Oc%10ccc(N%11C(=O)c%12ccc(C)cc%12C%11=O)cc%10)cc9)CC9CC8C8CCCC98)cc7)cc5)C6=O)cc4)c(C)c3)cc2C)cc1,72.0,0.382364,,,
1691146038,COC(COC(=O)NCCCCCCNC(C)=O)c1ccco1,87.0,0.33835382,,,
1691546435,Cc1nc2cc(S(=O)(=O)c3ccc4oc(C5CCC(C)CC5)nc4c3)ccc2o1,139.0,0.3932565,0.3295,,
1692151346,CCC1CCCC(COC(=O)c2ccc(C(=O)OC)cc2)C1,134.62,0.35298607,,,
1692408347,CCC(C)(C)C(=O)OCCN(C)c1ccc(N=Nc2ccc(S(=O)(=O)Nc3cc(C)on3)cc2)cc1,277.0,0.36514397,0.1119999999999999,,
1692538741,CCC(C)(C#N)C(=O)OC,243.0,,0.161,1.044265535,17.02409485
1693140082,CO[Si](C)(C)CCC(F)(F)C(F)(F)C(F)(F)C(F)(F)C(F)(F)C(F)(F)F,-68.87734458,,,,
1693262682,Cc1ccc(Oc2ccc(N3C(=O)c4ccc(Oc5ccc(C(C)(C)c6ccc(Oc7ccc8c(c7)C(=O)N(C)C8=O)cc6)cc5)cc4C3=O)cc2)cc1,43.0,0.36953742,,,
1693536620,C/C=C/CCCC,253.0,,0.26655,0.834588519,18.18601938
1694201985,Cc1ccc(Oc2ccc(Oc3ccc(P(=O)(c4ccccc4)c4ccc(Oc5ccc(Oc6ccc(-c7nc8ccccc8nc7C)cc6)cc5)cc4)cc3)cc2)cc1,209.5,0.38425793,,,
1695745153,CC(=O)c1ccc2c(c1)C(=O)N(c1ccc(Oc3c(C)cc(Cc4cc(C)c(Oc5ccc(N6C(=O)c7ccc(C)cc7C6=O)cc5)c(C)c4)cc3C)cc1)C2=O,288.0,0.38922074,0.161,1.149765843,25.43571851
1695808727,CN=P(C)(OCCOCCOCCOC)OCCOCCOCCOC,175.0,0.35486325,,,
1695838608,CO[Si](C)(C)c1cc(OCCO)c([Si](C)(C)C)cc1OCCO,201.0,0.37188313,,,
1695890113,CCCCCCCCCCCC(Cl)C(C)Cl,254.0,0.39676884,0.316,1.005372382,22.70085055
1696155039,[2H]C([2H])(C)C([2H])(C)Cl,217.0,0.37387095,0.2796,,
1696331324,COc1ccc(S(=O)(=O)c2ccc(Oc3c(C)cc(-c4cc(C)c(C)c(C)c4)cc3C)cc2)cc1,216.5,0.39339685,,,
1696343001,Cc1ccc(OCCCOc2ccc(N3C(=O)c4ccc(-c5cccc6c5C(=O)N(C)C6=O)cc4C3=O)cc2)cc1,12.5,0.35291227,,,
1696594426,CNc1cc2c(cc1NC)[C@H]1CC[C@@H]2C1,276.0,0.35993676,,,
1696699726,CCc1cc(COC(=O)Nc2ccc(Cc3ccc(NC(=O)OC)cc3)cc2)cc(C(C)(C)C)c1,85.5,0.35650637,0.316,,
1696944079,CCC(C)(CC(=O)OC1CCCCC1)C(=O)OC1CCCCC1,296.0,0.39639923,0.1694999999999999,0.957033344,10.04778986
1696993963,CCC(=O)c1ccc(C(C)CC)cc1,153.0,0.3774075,,,
1697131748,CNc1ccc(NC)c2c1C[C@@H](O)[C@H]2N,342.0,0.32527801,,,
1697480499,Cc1ccc(C(=O)Oc2c(C)cc(C(c3cccnc3)c3cc(C)c(OC(=O)c4ccc(N5C(=O)CC(Nc6ccc(NC7CC(=O)N(C)C7=O)cc6)C5=O)cc4)c(C)c3)cc2C)cc1,290.0,0.38079558,,,
1697683442,CCCCOCCCCOCCCN1C(=O)c2ccc(C(=O)Oc3ccc(C(C)(C)c4ccc(OC(=O)c5ccc6c(c5)C(=O)N(C)C6=O)cc4)cc3)cc2C1=O,,0.34615507,,,
1697824573,CNc1cc([N+](=O)[O-])c(NC(=O)CCCCCCCCCCC(C)=O)cc1C=Cc1ccc(N(C)C)cc1,215.0,0.35455776,,,
1697849650,COc1ccc(NC(=O)Nc2cc(NC(=O)Nc3ccc(C)cc3)ccc2C)cc1,-99.6,0.34206534,0.1694999999999999,,
1697989359,Cc1ccc(-c2ccc(-c3nc4cc(Oc5ccc6nc(-c7ccccc7)c(C)nc6c5)ccc4nc3-c3ccccc3)cc2)cc1,67.0,0.42387436,,,
1699061144,CNc1ccc(Cc2cccc(C(C)(C)c3ccc(NC)cc3)c2)cc1,23.0,0.35256271,,,
1699412272,CCCCCCCOC(=O)OCCCCCCOC(=O)OCCCCCCOc1ccc(Oc2ccc(OC)cc2)cc1,298.0,0.35593526,,,
1699735817,CNc1ccc(C2(c3ccc(NC)c(C(C)(C)C)c3)c3ccccc3-c3ccccc32)cc1C(C)(C)C,303.0,0.39115319,,,
1699979757,CCCOC(=O)C(C)C,-8.0,0.38345076,0.244933508,1.065852977,15.96646564
1700419938,Cc1cc(C(c2cc(C(F)(F)F)cc(C(F)(F)F)c2)c2cc(C)c(N3C(=O)c4ccc(-c5ccc6c(c5)C(=O)N(C)C6=O)cc4C3=O)c(C)c2)cc(C)c1C,305.0,0.43003915,,,
1700578264,COc1ccc(NC(=O)CCCCCCCCC(=O)Nc2ccc(C)cc2)cc1,-32.0,0.34746438,,,
1700596879,Cc1cc(-c2cc(C)c(N3C(=O)c4cccc(Oc5c(C)cc(Cc6cc(C)c(Oc7cccc8c7C(=O)N(C)C8=O)c(C)c6)cc5C)c4C3=O)c(C)c2)cc(C)c1C,85.0,0.39281003,,,
1700600089,CCc1c(NC)ccc(C2(c3ccc(NC)c(CC)c3C)c3ccccc3-c3ccccc32)c1C,120.0,0.38884265,,,
1700861962,CCC1CCC(COC(C)OC(=O)c2ccc(C(=O)OC(C)OC)cc2)CC1,280.2,0.36174353,,,
1700926472,Cc1cccc(-c2nc3ccc(Oc4ccc5nc(C)c(-c6ccccc6)nc5c4)cc3nc2-c2ccccc2)c1,-12.6,0.43473817,,,
1701051836,CNc1cc(C)c(Cc2ccc(CCCCCCCCCCCc3ccc(Cc4c(C)cc(NC)cc4C)cc3)cc2)c(C)c1,114.0,0.36060547,,,
1701314200,CNc1ccc(C2(c3ccc(NC)cc3)C3=C(C=CCC=C3)c3ccccc32)cc1,114.0,0.36502239,,,
1701467144,CCOC(=O)C(Cc1ccc(C)cc1)(Cc1ccc(OC)cc1)C(=O)OCC,142.0,0.36224127,,,
1701555449,Cc1ccc(N(c2ccc(C#N)cc2)c2ccc(N3C(=O)c4ccc(Oc5ccc(C(C)(C)c6ccc(Oc7ccc8c(c7)C(=O)N(C)C8=O)cc6)cc5)cc4C3=O)cc2)cc1,280.0,0.39244447,,,
1701689653,CNc1ccc([C@]23C[C@@H]4C[C@@H]5[C@H]2C[C@@H]2C[C@H]3[C@H](C4)[C@@]5(c3ccc(NC)cc3)C2)cc1,,0.36708387,,,
1701728451,COc1ccc(S(=O)(=O)c2ccc(Oc3ccc(C(C)(C)c4ccc(C)c(Cl)c4)cc3Cl)cc2)cc1,74.315,0.38291342,,,
1701758700,CNC(c1ccccc1)C(C)(C)C(C)=O,154.3595069,,,,
1701768765,C/C=C/c1cc(OCCCCCCCC)c(C)cc1OC,318.0,,0.31,0.939190483,17.48153992
1701867111,CC=CC1CC(C)C(C#N)(C[Si](C)(C)C)C1,122.0,0.4252906,,,
1702325651,CNc1ccc(C(C)(C)c2cccc(C(C)(C)c3ccc(NC(=C(C#N)C#N)c4ccc(C(C)=C(C#N)C#N)cc4)cc3)c2)cc1,410.0,0.40367737,,,
1702635264,CCC(O)COc1ccc(C(=O)c2ccc(OC)cc2)cc1,280.0,0.3378744,,,
1702898348,COc1cccc(Oc2ccc(C(=O)Oc3cccc(OC(=O)c4ccc(C)cc4)c3)cc2)c1,-13.0,0.35286115,,,
1703438177,COc1ccc(C2(c3ccc(Oc4ccc(C(=O)Oc5ccc(C6(c7ccc(OC(=O)c8ccc(C)cc8)cc7)CCC(c7ccccc7)CC6)cc5)cc4)cc3)CCC(C(C)(C)C)CC2)cc1,70.0,0.37255795,,,
1703477972,CNc1ccc2c3cccc4cccc(c5c(NC)c(N)c(N)c1c25)c43,209.5,0.33109076,0.31,,
1703879338,CCCCCCCCC[C@@H](c1ccc(C[C@H](CC)c2ccc([C@@H](CCCCCCCCC)c3ccc(NC)cc3)cc2)cc1)c1ccc(NC)cc1,288.0,0.36788809,,,
1704241791,COc1ccc2c(c1)nc1c3cc4c(=O)n5c6cc(C)ccc6nc5c4cc3c(=O)n21,416.53,,0.289671931,1.307297478,28.88686547
1704546800,CNc1cc(NC(=O)c2cccc(C(C)=O)c2)cc(C(=O)Nc2ccccc2)c1,233.599405,,,,
1704728176,COC(COC(C)=O)COC(C)(C)C,148.0,0.36210657,,,
1704846953,COc1ccc(OC(=O)c2ccc(C(C)=O)cc2Oc2ccc3ccccc3c2)cc1,61.0,0.35356045,,,
1705151635,CCCCCCCCCOc1ccc(NC(=O)c2cccc(C(=O)Nc3ccc(OC)cc3)c2)cc1,270.0,0.35153722,,,
1705359198,CCCCCCCCCCc1cc(-c2cc(CCCCCCCCCC)c(-c3cc(C)c4cccccc3-4)s2)sc1C,,0.44266435,,,
1705636874,CCCCCCC(C)C,108.0,0.39985278,,,
1705705134,Cc1cccc(Oc2cccc(Oc3cccc(N4C(=O)c5ccc(Oc6ccc7c(c6)C(=O)N(C)C7=O)cc5C4=O)c3)c2)c1,276.0,0.35910287,,,
1705754093,CCCNC(=O)CCCCC(=O)NC,17.0,0.31065959,,,
1706421625,Cc1ccc2c(c1)C(=O)N(c1c(C)cc(C(c3cc(C)c(N4C(=O)c5ccc(C(C)(C(F)(F)F)C(F)(F)F)cc5C4=O)c(C)c3)c3cccc4ccccc34)cc1C)C2=O,296.0,0.42170039,0.161522154,1.104934419,21.84652965
1706521131,COc1ccc(C(C)(C)c2ccc(OC(=O)c3cccc(C(C)=O)c3)c(C)c2)cc1C,75.0,0.37521013,,,
1706553936,CNc1ccc(C(C)(CC([C@H]2CC[C@H](N)CC2)[C@H]2CC[C@H](NC)CC2)c2ccc(N)cc2)cc1,,0.35832784,,,
1706591309,CCC(C)(C)CSC,147.5,0.40110169,,,
1706654876,CCCc1c(Cl)c(Cl)c(C)c(Cl)c1Cl,56.1987128,,,1.40293716,22.58883992
1706741208,CNc1ccc2c(-c3ccc(C)cc3)c3ccccc3c(-c3ccc(C)cc3)c2c1NC,215.0,0.36448557,,,
1706907888,Cc1cccc(C(=O)Nc2ccc(Oc3ccc(S(=O)(=O)c4ccc(Oc5ccc(NC(=O)c6cccc(N7C(=O)c8ccc(-c9cccc%10c9C(=O)N(C)C%10=O)cc8C7=O)c6)cc5)cc4)cc3)cc2)c1,-99.6,0.35891264,,,
1706935597,Cc1cc(Br)c(Oc2c(Br)cc(N3C(=O)c4ccc(S(=O)(=O)c5ccc6c(c5)C(=O)N(C)C6=O)cc4C3=O)cc2Br)c(Br)c1,-99.6,0.4209618,,,
1706990929,CNc1ccc(CCC(CCc2ccc(N)cc2)CCc2ccc(NC)cc2)cc1,-99.6,0.34748423,,,
1707333225,CCC(C)CCc1ccccc1,-92.5,0.3743389,0.1803333333333333,,
1707392895,CCCOP(=O)(N=Nc1ccc(CCOC(=O)c2cc(C(=O)OCCc3ccc(N=NP(=O)(OC)OC)cc3)cc(C(C)(C)C)c2)cc1)OC,-92.5,0.36089138,,,
1707460536,CNc1ccc(-c2ccc(NC)c(-c3cccc4ccccc34)c2)cc1,-92.5,0.34848599,,,
1708403731,COc1ccc(S(=O)(=O)c2ccc(Oc3ccc(-c4ccc(-c5ccc(C)cc5)cc4)cc3)cc2)cc1,-105.0,0.36454739,,,
1708543289,COP(=O)(Oc1ccc(NC(=O)OCCCCCCOC(=O)Nc2ccc(C)cc2)cc1)c1ccccc1,-105.0,0.34447887,,,
1709391995,CCCOCCOC(=O)C=CC(=O)NCCCCCCNC(=O)C=CC(=O)OC,-105.0,0.32070713,,,
1710475458,Cc1ccc(-c2ccc(S(C)(=O)=O)cc2)cc1,229.0539301,,0.1803333333333333,,
1710724888,CCCCCOc1cc(C(C)=O)ccc1C(=O)NNC,303.0,0.34962843,,,
1710766762,CCCCCCCCCCOc1ccc(N=Nc2ccc(OCCCCCCOC(=O)C(C)(C)CC)cc2)cc1,-8.0,0.37981521,,,
1711010706,Cc1cccc(C(=O)c2ccc(Oc3ccc(N4C(=O)c5ccc(Oc6ccc7c(c6)C(=O)N(C)C7=O)cc5C4=O)cc3)cc2)c1,73.0,0.36734681,,,
1711102777,CCC(C)(C)C1C(=O)N(C(C)C)C(=O)C1C,-32.0,0.35984602,,,
1711422948,CC(F)C(C)(F)F,85.0,0.29955763,0.14138687,1.798577625,22.28822049
1711492844,CCC(C)(C)c1ccc2ccccc2c1,162.0,0.37911502,0.186141125,0.989395044,14.67254835
1711893868,COc1ccc(N=Cc2ccc(Oc3ccc(C(c4ccccc4)(c4ccccc4)c4ccc(Oc5ccc(C=Nc6ccc(C)cc6)cc5)cc4)cc3)cc2)cc1,280.2,0.388023,,,
1712077769,Cc1cc(Oc2ccc(S(=O)(=O)c3ccc(Oc4cc(C)c(C5(C)OC(=O)c6ccccc65)cc4C(C)C)cc3)cc2)c(C(C)C)cc1C,237.5,0.40334247,,,
1712598778,CNc1ccc(-c2cc(C)c(-c3c(C)cc(-c4ccc(NC)cc4)c4ccccc34)c3ccccc23)cc1,,0.37446309,,,
1712933557,CCCCCCOC(=O)C(C)(C#N)CC,114.0,0.38064914,0.217,0.966634258,12.966416
1713382325,CCCCS(=O)(=O)CCCS(=O)(=O)CCCOC(=O)c1ccccc1C(=O)OC,142.0,0.34598404,,,
1713436070,CC(=C(c1ccc(C)cc1)c1ccc(Oc2ccccc2)cc1)c1ccc(Oc2ccccc2)cc1,102.0,0.39509432,,,
1713751559,CCCCN(C)c1ccc(C(C)=O)cc1,,0.39191799,,,
1714607104,CC(=O)Oc1ccc(C2(c3ccc(OC(=O)c4ccc5c(c4)C(=O)N(c4ccc(-c6ccc(N7C(=O)c8ccc(C)cc8C7=O)cc6C)c(C)c4)C5=O)cc3)C3CC4CC(C3)CC2C4)cc1,212.0,0.37949599,,,
1715193116,Cc1ccc(OC(=O)c2ccc(C(=O)Oc3ccc(C4(C)OC(=O)c5ccccc54)cc3)cc2)cc1,60.0,0.36083172,,,
1715294926,Cc1ccc([Si](c2ccccc2)(c2ccccc2)c2ccc(-c3nnc(-c4cncc(-c5nnc(C)o5)c4)o3)cc2)cc1,,0.44520609,0.217,,
1715402105,Cc1cccc(C(=O)Nc2ccc(Oc3ccc(Oc4ccc(NC(=O)c5cccc(N6C(=O)c7ccc(-c8cccc9c8C(=O)N(C)C9=O)cc7C6=O)c5)cc4)cc3)cc2)c1,269.0,0.35797628,,,
1715831147,Cc1ccc(Oc2ccc(-c3nc4cc(-c5ccc6nc(C)c(-c7ccccc7)nc6c5)ccc4nc3-c3ccccc3)cc2)cc1,410.0,0.41936962,,,
1715878525,CCCCCOc1ccc(C=C2CCC(=Cc3ccc(OCCCCOP(=O)(OC)OCC)c(OC)c3)C2=O)cc1OC,,0.35140206,,,
1715886560,COc1ccc(C=C2CCCC(=Cc3ccc(OC(=O)c4ccc(C(C)=O)cc4)c(OC)c3)C2=O)cc1OC,105.2246285,,,,
1715966441,CCC(C)(C)C(=O)OCCCCl,234.0,0.35991969,,,
1716148933,COc1ccc(C(=O)c2cccc(NC(=O)c3ccc(C(=O)Nc4cccc(C(=O)c5ccc(C)cc5)c4)cc3)c2)cc1,-15.0,0.35027261,,,
1717221182,CCCCCCCOc1ccc(CCc2ccc(OC)cc2C)cc1,317.4,0.37289188,,,
1717592504,CCCCCCC(=O)Oc1ccc(OC(=O)c2ccc3c(c2)C(=O)N(C)C3=O)cc1,160.0,0.33289133,,,
1718086689,Cc1ccc(C(=O)Nc2ccc(-c3ccccc3NC(=O)c3ccc(S(C)(=O)=O)cc3)cc2)cc1,276.0,0.35178104,,,
1718233222,CNc1ccc2cc3c(cc2c1-c1c(NC)ccc2cc4c(cc12)CCCC4)CCCC3,208.0,0.37579984,,,
1718354162,CCC1CCC(COC(=O)Nc2ccc(Cc3ccc(NC(=O)OC)cc3)cc2)CC1,61.0,0.35905174,,,
1718419889,CNC(CO)C(C)=O,84.57547927,,,,
1718537835,CC(=O)C1=C(C)C2C=CC1C2,,0.35458952,,,
1718822131,CC=CC1CC(C)C2C(=O)N(c3cccc(Br)c3)C(=O)C12,86.0,0.39327609,,,
1719173195,CNc1c(C)cc(C[C@H](c2cc(C)c(NC)c(C)c2)[C@@H](Cc2ccc(N)c(C(C)(C)C)c2)c2ccc(N)c(C(C)(C)C)c2)cc1C,54.0,0.38595192,,,
1719193785,CCCCCCCNC(=O)CCCCCCCC(=O)NC,230.0,0.35199351,,,
1719420059,COc1ccc(C(=O)c2ccc(C(=O)c3ccc(C)cc3)cc2)cc1,124.0,0.37803494,,,
1719450087,COC(=O)C(CC(C)C)NC(=O)CCCCCCCCC(=O)NC(CC(C)C)C(=O)OC1COC2C(C)COC12,205.0,0.35171013,,,
1719719052,CNc1ccc2cccc3c4c(NC)ccc5cccc(c1c23)c54,279.0,0.34011693,,,
1720612082,CCCc1ccc(C)c(Cl)c1,58.0,0.39148425,0.178005409,1.197077899,23.11292169
1720647838,CCC1CC2CC1C1CCC(CN3C(=O)c4ccc(C(c5ccc6c(c5)C(=O)N(C)C6=O)(C(F)(F)F)C(F)(F)F)cc4C3=O)C21,268.0,0.36864374,,,
1720677048,Cc1cccc(N2C(=O)C3CCC(C4CCC5C(=O)N(C)C(=O)C5C4)CC3C2=O)c1,208.0,0.38218622,,,
1720848416,CNc1c(N)c(O)c(N)c(N2CCCCC2)c1NC,130.0,0.33028423,,,
1720993259,CNc1ccc(Cc2ccccc2Cc2ccc(NC)cc2)cc1,131.0,0.34535676,,,
1721092492,CC=Nc1ccc(C(=O)OCCCCOCCCCOCCCCOC(=O)c2ccc(N=Cc3ccc4c(c3)c3cc(C)ccc3n4CC(CC)CCCC)cc2)cc1,172.0,0.36987967,,,
1721498000,Cc1ccc2c(c1)C(=O)N(c1ccc(Oc3ccc(N4C(=O)c5ccc(C(C)(C(F)(F)F)C(F)(F)F)cc5C4=O)cc3)c(O)c1)C2=O,189.0,0.37996131,,,
1721517021,C=Cc1ccc(C2=CSC(=C)S2)cc1,105.3372816,,,,
1722126361,CCC(C)(C)C(=O)OCCCCn1c2ccccc2c2cc(N=Nc3ccc([N+](=O)[O-])cc3[N+](=O)[O-])ccc21,89.0,0.36195293,,,
1722404544,CSSc1ccc(N=CNc2ccc(C)cc2)cc1,284.0,0.41922647,,,
1722437751,Cc1ccc2c(c1)C(=O)N(c1ccc(OCCOc3ccc(N4C(=O)c5ccc(C(C)(C(F)(F)F)C(F)(F)F)cc5C4=O)cc3)cc1)C2=O,18.0,0.36013194,,,
1722752192,Cc1ccc(Oc2ccc(N3C(=O)c4ccc(Oc5ccc(Oc6ccc7c(c6)C(=O)N(C)C7=O)cc5)cc4C3=O)cc2)cc1,102.0,0.36428259,,,
1722899407,Cc1ccc2c(c1)C(=O)N(c1cc(C(=O)Oc3ccc(C(c4ccc(OC(=O)c5ccc(C)c(N6C(=O)c7ccc(C(C)(C(F)(F)F)C(F)(F)F)cc7C6=O)c5)cc4)(C(F)(F)F)C(F)(F)F)cc3)ccc1C)C2=O,128.0,0.36997143,,,
1723039756,CCCCCOc1ccc(C(=O)Nc2cccc(P(=O)(c3ccccc3)c3cccc(NC(=O)c4ccc(OC)cc4)c3)c2)cc1,22.5,0.35398022,,,
1723062866,CCC(C)(C)C(=O)OCCCCOc1ccc(OC(=O)c2ccc(-c3ccc(OC)cc3)cc2)cc1,-66.0,0.34182885,,,
1723225912,CNc1ccc(-c2ccc(NC)c(-c3ccccc3)c2C)c(C)c1-c1ccccc1,199.0,0.37354711,,,
1723711090,CCC(C)(C)C(=O)OCC(F)(F)C(F)(F)C(F)(F)C(F)(F)C(F)(F)C(F)(F)C(F)(F)C(F)F,71.0,0.32377425,0.09,,
1723857031,CCCCCCCOC(=O)OCCCCCCCCCCOC(=O)OCCCCCCOc1ccc(Oc2ccc(OC)cc2)cc1,314.0,0.35910685,,,
1724528524,CCC(O)COc1ccc(C2CC(C(C)C)CCC2(C)c2ccc(OC)cc2)cc1,162.0,0.36433734,,,
1724863374,COc1ccc(CNC(=O)c2cccc(C(=O)NCc3ccc(OC4COC5C(C)COC45)cc3)c2)cc1,,0.33419104,,,
1725180972,Cc1ccc(Oc2ccc(S(=O)(=O)c3ccc(Oc4ccc(-c5cc(C)n(-c6ccccc6)n5)cc4)cc3)cc2)cc1,-49.3,0.38538397,,,
1725259416,Cc1ccc(-c2c(-c3ccc(-c4ccccc4)cc3)cc(-c3ccc(-c4cc(-c5ccc(-c6ccccc6)cc5)c(-c5ccc(-n6c(=O)c7cc8c(=O)n(C)c(=O)c8cc7c6=O)cc5)c(-c5ccc(-c6ccccc6)cc5)c4)cc3)cc2-c2ccc(-c3ccccc3)cc2)cc1,435.0,,,,
1725823139,CCC(C)OC(=O)C(C)(C)C(C)C(C)C,263.0,0.37195961,0.09,,
1726139010,CCC(C)(C)C(=O)Oc1c(C)cccc1C,263.0,0.35811982,0.211223838,1.039602434,14.96938175
1726144568,COc1ccc(Oc2ccc(C(=Nc3ccc(Oc4ccc(N=C(c5ccccc5)c5ccc(C)cc5)cc4)cc3)c3ccccc3)cc2)cc1,328.0,0.38246465,,,
1726627716,CNc1cccc(NC(=O)c2cc(NC(=O)c3ccccc3)cc(C(C)=O)c2)c1,,0.3335926,,,
1726926869,CNc1ccc2c(c1)-c1cc(NC)ccc1C2C#CC1c2ccc(N)cc2-c2cc(N)ccc21,10.0,0.38806577,,,
1727053406,COc1cccc(Oc2ccc(-c3ccc(C)cc3)cc2)c1C#N,,0.37561604,,,
1727549471,CC(=O)c1ccc2c(c1)C(=O)N(c1ccc(Oc3ccc(C(=O)c4cccc(C(=O)c5ccc(Oc6ccc(N7C(=O)c8ccc(C)cc8C7=O)cc6)cc5)n4)cc3)cc1)C2=O,,0.35806566,,,
1727851724,CCC(C)C(=O)Nc1ccccc1,251.0,0.3388664,,,
1727933263,COc1ccc(NC(=O)CCCCCCCCCC(=O)Nc2ccc(C)cc2)cc1,-3.0,0.349997,0.3745,1.073694962,27.22066116
1727988738,Cc1ccc(-c2nc3cc(-c4ccc5oc(C)nc5c4)ccc3o2)cc1,260.5,0.43315781,,,
1728252484,CCC(C)C(=O)OCCCCCCCCCCOc1cnc(-c2ccc(OC(=O)C3COC(C)(C)O3)cc2)nc1,289.0,0.36105777,,,
1728340477,CC(=O)Nc1ccc(S(=O)(=O)c2ccc(NC(=O)c3ccc4c(c3)C(=O)N(c3ccc(S(=O)(=O)c5ccc(N6C(=O)c7ccc(C)cc7C6=O)cc5)cc3)C4=O)cc2)cc1,234.0,0.35936373,,,
1729263987,CCC(C)(C)C(=O)Oc1ccc(C(=O)O)cc1,77.0,0.31218986,,,
1729640187,CCCCCCC(=O)Oc1ccc(C(C)(C)c2ccc(C(C)(C)c3ccc(OC(=O)c4ccc5c(c4)C(=O)N(C)C5=O)cc3)cc2)cc1,232.0,0.35751263,,,
1729688245,CCC(O)COc1ccc(C(C)(C)c2ccc(OCC(O)COc3ccc(Oc4ccc(OC)cc4)cc3)cc2)cc1,145.0,0.34329551,0.3745,,
1729742723,CCCCCCCCC(C)CC,31.45,0.41042216,0.286,0.790932839,11.50351128
1730077255,CNc1ccc2cc3ccc(NC)cc3cc2c1,208.0,0.34118592,,,
1730293187,CCCCCCCCn1c2ccccc2c2cc(COC(=O)C(C)(C)CC)ccc21,83.0,0.36745632,,,
1730621528,CCC(C)C(C)C,230.0,,0.1868,0.75714125,12.12922155
1731176824,Cc1ccc2c(c1)C(=O)N(c1ccc(Oc3ccc(N4C(=O)c5ccc(C(C)(C)CCCCC(C)(C)C)cc5C4=O)cc3)cc1)C2=O,,0.37011178,0.234181621,1.127096125,23.2758207
1731224858,CCC(C)c1ccc(COCCCCO)cc1,86.0,0.36446129,,,
1731329584,CCCOP(C)(=NC)OCCC,52.0,0.40352288,0.286,,
1731885131,CCCCCCCCOCCOCc1ccc(C(C)CC)cc1,,0.38457352,0.282,0.931177736,11.54920484
1732473081,CCC(CC(C)(C#N)C#N)c1ccc(OC(C)=O)cc1,124.0,0.35920992,,,
1732679124,CCCCCCCCCc1nnc(C)o1,-48.88416733,,0.324,,
1733327889,COCCCCCCCCCCC(=O)Oc1ccc(-c2ccc(C(=O)Oc3cccc(OC(=O)c4ccc(-c5ccc(OC(=O)CCCCCCCCC(C)COC)cc5)cc4)c3[N+](=O)[O-])cc2)cc1,279.0,0.38046147,,,
1733763010,CNc1ccccc1-c1ccccc1-c1cccc(-c2ccccc2-c2ccccc2)c1NC,272.0,0.36434103,,,
1734361691,CCc1ccc(COC(=O)CCCCC(=O)OC)cc1,-4.158432897,,,,
1734399308,CCCCCc1ccc(-c2c(-c3ccccc3)cc(-c3ccc(-c4cc(-c5ccccc5)c(-c5ccc(C)cc5)c(-c5ccccc5)c4-c4ccccc4)cc3)c(-c3ccccc3)c2-c2ccccc2)cc1,292.5,0.39803512,0.282,,
1734532283,CN1C(=O)C(C)(C)CC(C)(C)C1=O,430.0,0.35709749,,,
1734712168,CC(c1ccc(N(C)C)cc1)C(C)c1ccc([N+](=O)[O-])cc1,29.0,0.39669979,0.324,,
1734866978,Cc1ccc2c(c1)C(=O)N(c1cccc(Oc3cccc(N4C(=O)c5ccc(C(F)(F)C(F)(F)C(C)(F)F)cc5C4=O)c3)c1)C2=O,50.0,0.35680339,,,
1735118252,CCCCCCCCCCCCCOC(=O)CCCCCCCCCCC(=O)OC,189.0,,0.297,,
1736400792,CCCCCCCCCCCCCCCCC(=O)OC,17.9,,0.3954,,
1736906548,C=CCc1c(NC)cccc1C1(c2cccc(NC)c2CC=C)c2ccccc2-c2ccccc21,89.0,0.37562104,,,
1737253601,Cc1ccc(Oc2ccc(-c3ccc(Oc4ccc(N5C(=O)C(c6ccccc6)=C(c6ccc(C7=C(c8ccccc8)C(=O)N(C)C7=O)cc6)C5=O)cc4)cc3)cc2)cc1,284.0,0.38106993,,,
1737477599,CNc1ccc(-c2ccc(NC)c(-c3cccc4ccccc34)c2-c2ccccc2)cc1,,0.36849354,,,
1737643625,CNc1cccc(Cc2cccc3ccc(NC)cc23)c1,134.0,0.34622731,,,
1737989724,CC(=O)c1ccc2c(c1)C(=O)N(c1cc(C(c3ccc(O)c(N4C(=O)c5ccc(C)cc5C4=O)c3)(C(F)(F)F)C(F)(F)F)ccc1O)C2=O,60.0,0.36411476,0.297,1.335670182,22.17545031
1738001334,COS(=O)(=O)c1cccc(S(=O)(=O)Oc2cccc(C)c2)c1,29.19231194,,0.3954,,
1738112244,CCC(C)(C)SC,20.0,0.40403042,,,
1738468386,CC(=O)Oc1ccc2ccc(OC(=O)c3ccc4c(c3)C(=O)N(c3ccc(Oc5ccc(N6C(=O)c7ccc(C)cc7C6=O)cc5)cc3)C4=O)cc2c1,-84.0,0.35455535,,,
1738776210,CCC(C)P(=O)(N(C)C)N(C)C,42.3,0.37118508,,,
1738997335,CCCCCCc1ccc(N=Nc2ccc(OCCCCN(CCC)CCOC(=O)c3ccc(C(=O)O)c(C(=O)Nc4ccc(C(C)(C)c5ccc(C(C)(C)c6ccc(NC(=O)c7ccc(C(=O)OC)cc7C(=O)O)cc6)cc5)cc4)c3)cc2)cc1,82.18427933,,,,
1740193535,CNc1cccc(NC(=O)CCCCC(=O)Nc2cccc(NC(=S)NC(=O)c3ccc(C(=O)NC(C)=S)cc3)c2)c1,89.0,0.33679836,,,
1740911960,CNc1cccc(-c2cc(-c3ccccc3)c(NC)c(-c3ccccc3)c2)c1,,0.3551194,,,
1740942243,Cc1ccc2c(c1)C(=O)N(c1ccc(-c3ccc(N4C(=O)c5ccc(C(C)(C(F)(F)F)C(F)(F)F)cc5C4=O)cc3C(F)(F)F)c(C(F)(F)F)c1)C2=O,75.0,0.4023531,,,
1740967529,CCC(C)(C)C(=O)OCCCCCCOc1ccc(C(=O)Oc2ccc(N=Nc3ccccc3)c3ccccc23)cc1,207.0,0.35826257,,,
1740996788,Cc1ccc(Oc2ccc(C(=O)c3cccc(C(=O)c4ccc(Oc5ccc(-c6nc(-c7ccccc7)[nH]c6C)cc5)cc4)c3)cc2)cc1,263.0,0.38321715,,,
1741015152,CNCCCCCCCCNC,170.0,0.33689515,,,
1741494533,COc1ccc(Sc2ccc(Oc3ccc4c(=O)n5c6cc(-c7ccc8c(c7)nc7c9ccc(C)c%10cccc(c(=O)n87)c%109)ccc6nc5c5cccc3c45)cc2)cc1,139.0,0.37801304,,,
1741924076,CCCCC(=O)Nc1ccc(NC(=O)CCCN2C(=O)c3ccc(C(=O)c4ccc5c(c4)C(=O)N(C)C5=O)cc3C2=O)cc1,312.0,0.32616598,,,
1742146572,CNc1ccc(CC(Cc2ccc(N)cc2)c2ccc(NC)cc2)cc1,292.0,0.35372758,,,
1742249499,CN=P(C)(Oc1ccc(F)cc1)Oc1ccc(F)cc1,,0.39101993,,,
1742353769,COC1CCCCC1C,,0.37752253,0.1694999999999999,0.931563064,14.6102827
1742360510,CNc1ccc2ccccc2c1-c1ccc(-c2c(NC)ccc3ccccc23)cc1,282.0,0.35362502,,,
1742360572,CCC(C)c1cccc(F)c1,254.0,0.39194172,0.1623333333333333,,
1743216271,[2H]c1c([2H])c(C(c2c([2H])c([2H])c(Oc3c([2H])c([2H])c(S(=O)(=O)c4c([2H])c([2H])c(OC)c([2H])c4[2H])c([2H])c3[2H])c([2H])c2[2H])(C([2H])([2H])[2H])C([2H])([2H])[2H])c([2H])c([2H])c1C,260.5,0.37933974,,,
1744491015,CCC(O)COc1ccc(C(C)(C)c2ccc(OCC(O)COc3ccc(C4(c5ccc(OC)cc5)c5ccccc5-c5ccccc54)cc3)cc2)cc1,289.0,0.35752228,,,
1744666695,CNc1cc(NC)c2cc3ccccc3cc2c1,191.0,0.34003705,,,
1744915619,Cc1ccccc1C(=O)Oc1ccc2c(C)c3ccc(=O)cc-3oc2c1,77.0,0.35798941,0.1694999999999999,,
1744939463,CCCN(Cc1ccccc1)C(=O)SC,246.0,0.36007699,,,
1744997791,CCC[Si](C)(CCC)OC,-15.0,0.42983858,0.1623333333333333,,
1745103437,Cc1ccc(Sc2ccc(-c3nc4ccc(-c5ccc6nc(C)c(-c7ccccc7)nc6c5)cc4nc3-c3ccccc3)cc2)cc1,-22.0,0.43253891,,,
1745290374,CCCOCCOCCOc1ccc(C=Cc2ccc(C=Cc3ccc(OC)c4ccccc34)cc2)c2ccccc12,175.0,0.36046358,,,
1745650366,CC=C(F)C(F)(F)CC,83.0,0.35606714,,,
1746336965,Cc1cccc(S(=O)(=O)c2cccc(N3C(=O)c4ccc(Oc5ccc(S(=O)(=O)c6ccc(Oc7ccc8c(c7)C(=O)N(C)C8=O)cc6)cc5)cc4C3=O)c2)c1,235.0,0.36342185,,,
1746379826,COc1ccc(Oc2ccc(C=NCCCCCCCCCCCCN=Cc3ccc(C)cc3)cc2)cc1,,0.37925907,,,
1746456403,CC(=O)OCCN(CCOC(=O)c1ccc2c(c1)C(=O)N(c1c(C)cc(Cc3cc(C)c(N4C(=O)c5ccc(C)cc5C4=O)c(C)c3)cc1C)C2=O)c1ccc(C(C#N)=C(C#N)C#N)cc1,55.0,0.37808499,,,
1747354606,Cc1ccc(O)c(N2C(=O)c3ccc(Oc4ccc(C(C)(C)c5ccc(Oc6ccc7c(c6)C(=O)N(C)C7=O)cc5)cc4)cc3C2=O)c1,167.0,0.36863924,,,
1747846009,CCCCCCCOC(=O)c1ccc(C(=O)OC)cc1,386.0,0.34961914,0.254809517,1.133047244,22.11416293
1748642050,Cc1ccc(Oc2ccc(-c3cc(-c4ccccc4)c4cc(Oc5ccc6nc(C)c(-c7ccccc7)c(-c7ccccc7)c6c5)ccc4n3)cc2)cc1,300.0,0.40987104,,,
1748671851,CCCCc1ccc(C(C)=C(C)c2ccccc2)cc1,,0.42642935,,,
1748848667,CCOC(=O)Cc1cc(C)sc1C,210.0,0.394744,,,
1748879320,CC(=O)c1ccc2c(c1)C(=O)N(c1ccc(C(=O)N(C)c3ccc(N4C(=O)c5ccc(C)cc5C4=O)cc3)cc1)C2=O,314.5,0.37706698,,,
1749285601,CCC(C)C(=O)n1c2ccccc2c2ccccc21,160.0,0.37111974,0.185889246,1.166386752,14.82692672
1749666987,CNc1ccc(-c2ccc(-c3ccccc3NC)cc2)cc1,150.0,0.343504,,,
1749688285,Cc1ccc2c(c1)-c1nc3cc(Oc4ccc5c(c4)nc4n5C(=O)c5cc(C(C)(C(F)(F)F)C(F)(F)F)ccc5-4)ccc3n1C2=O,395.15,,0.183522496,1.329999975,23.50663006
1750306188,CCCCCCCCCCCCCCCCCCCCCCNC(=O)C(C)CC,29.0,,0.3665,,
1750548820,CCC1(C)OCC(c2ccccc2)O1,307.0,0.35076731,,,
1751325850,CCC(C)C(=O)Oc1ccc(OC)cc1,110.0,0.33742314,0.208,1.117366408,14.44836262
1751447126,CCCCCCCCCCCCOc1ccc(CCc2ccc(OC)cc2C)cc1,85.0,0.38003558,,,
1751469406,CCN(C)C(=O)CCCCC(=O)N(CC)CC(F)(F)C(F)(F)C(F)(F)CC,10.59395774,,,,
1751782566,CCCOCCOCCN1C(=O)c2ccc(C(=O)Oc3ccc(-c4ccc(OC(=O)c5ccc6c(c5)C(=O)N(C)C6=O)cc4)cc3)cc2C1=O,,0.33474357,0.3665,,
1751963173,CO[Si](C)(C)c1ccc([Si](C)(C)O[SiH](C)C)cc1,45.0,0.43447128,,,
1752812344,CC(=O)c1cc(C(=O)c2ccc3c(c2)C(=O)N(c2cccc(N4C(=O)c5ccc(C)cc5C4=O)c2)C3=O)cc(-c2ccccc2)c1,,0.36476789,,,
1753150513,COP(=O)(Oc1ccc(NC(=O)Oc2ccc(-c3ccc(OC(=O)Nc4ccc(C)cc4)cc3)cc2)cc1)c1ccccc1,20.0,0.34568614,,,
1753201911,CCN(c1ccc(C)cc1)c1ccc(/C=C(\C#N)C(=O)NC2CCCCC2NC(=O)/C(C#N)=C/c2ccc(N(CC)c3ccc(OC)cc3)cc2)cc1,-84.0,0.37635189,,,
1753371685,COc1cc(C=C(c2ccc(C)cc2)c2ccc(C(F)(F)F)cc2)c(OC)cc1C=C(C)c1ccc(C(F)(F)F)cc1,-42.0,0.40216642,,,
1753717945,CCC(C)OC(=O)c1cccc([Si](C)(C)C)c1,180.0,0.39879763,,,
1754228548,CCCN(CCN1C(=O)c2ccc(C(c3ccc4c(c3)C(=O)N(C)C4=O)(C(F)(F)F)C(F)(F)F)cc2C1=O)c1ccc(C=CC2=CC(=C(C#N)C#N)CC(C)(C)C2)cc1,,0.37248481,,,
1754638763,Cc1ccc(-c2nc3ccccc3o2)c(C)c1,56.7,0.40450546,,,
1754839380,CCCCCCCOC(=O)C(CCCCP(=O)(OCC)OCC)C(=O)OCCCCCCOc1ccc(-n2on2-c2ccc(OC)cc2)cc1,313.0,0.35900925,,,
1754909012,CNc1ccc(C2(c3ccc(NC)cc3)c3cc(N)ccc3-c3ccc(N)cc32)cc1,50.1,0.3802377249999999,,,
1754987570,COCCCCCCCCCCCOc1ccc2nc(-c3ccc(OCCCCCCCCCCCOC(=O)c4cc(C(C)=O)cc(C(C)=O)c4)cc3)sc2c1,205.0,0.36316614,,,
1754996829,CCCS(=O)(=O)CC(CC)(COC)CS(=O)(=O)CCC,170.0,0.38361184,,,
1755097598,CCCc1ccc(NC)c2cccc(NC)c12,139.0,0.34473863,,,
1755361106,CC(=O)Nc1ccc(Oc2cccc(NC(=O)c3ccc4c(c3)C(=O)N(c3ccc(Oc5cccc(N6C(=O)c7ccc(C)cc7C6=O)c5)cc3)C4=O)c2)cc1,312.0,0.35225181,,,
1755371243,CCCN(CCOC(=O)c1cc(OCc2cc(OCc3ccccc3)cc(OCc3ccccc3)c2)cc(C(=O)OC)c1)c1ccc(C=Cc2ccc(C=CC3=C(C#N)C(=C(C#N)C#N)OC3(c3ccccc3)C(F)(F)F)s2)cc1,50.5,0.36152186,,,
1755519343,Cc1ccc2c(c1)C(=O)N(c1cccc(C(=O)Nc3ccc(Oc4ccc(C(C)(C)c5ccc(Oc6ccc(NC(=O)c7cccc(N8C(=O)c9ccc(C(C)(C(F)(F)F)C(F)(F)F)cc9C8=O)c7)cc6)cc5)cc4)cc3)c1)C2=O,,0.36111327,,,
1755789541,CCCCOC(=O)c1ccc2cc(C(=O)OC)ccc2c1,3.9,0.33616703,0.242269675,1.218378703,23.4898386
1755924093,CNc1ccc2c(c1)-c1ccc(NC)cc1C21c2ccccc2-c2ccccc21,282.0,0.38085413,,,
1756335423,CNc1ccc2cc3c(-c4ccccc4)c(NC)c(-c4ccccc4)cc3cc2c1,109.0,0.36293464,,,
1756666691,CCCNC(=O)c1ccc(C(=O)NC)c(Sc2ccccc2)c1,-65.0,0.34276192,,,
1756941114,COCC(F)(F)C(F)(F)C(F)(F)COc1nc(F)c(F)c(OCC(F)(F)C(F)(F)C(F)(F)COc2c(F)c(C)nc(F)c2F)c1F,315.0,0.33124109,,,
1757174370,CCCNC(=O)CCCCCCCCC(=O)NC,266.5,,0.302,1.004989804,16.962466
1757237275,CCc1ccc(CSSSSC)cc1,-14.0,0.42976694,,,
1757460664,CCCCN(C)C(C)=O,246.0,0.34005308,,,
1757862881,CCCCCCCOC(=O)C(CCCCCP(=O)(O)O)C(=O)OCCCCCCOc1ccc(-n2on2-c2ccc(OC)cc2)cc1,25.0,0.3498874,,,
1758001941,CCCCP(=O)(CCCNC(=O)CCCCC(=O)NC)c1ccccc1,80.0,0.34157753,,,
1758192044,COc1ccc(S(=O)(=O)c2ccc(Oc3ccc(C=Nc4ccc(Oc5ccc(-c6ccc(Oc7ccc(N=Cc8ccc(C)cc8)cc7)cc6)cc5)cc4)cc3)cc2)cc1,,0.3708493,,,
1758920260,CCCCOC(CC)C1(C)C(=O)OC(=O)C1(C)C,229.0,0.34511671,0.302,,
1759081904,Cc1ccc(Oc2ccc(N3C(=O)C(C)C(SCCOCCSC4C(=O)N(c5ccc(Oc6ccc(N7C(=O)CC(C)(SCCOCCSC8(C)CC(=O)N(C)C8=O)C7=O)cc6)cc5)C(=O)C4C)C3=O)cc2)cc1,320.0,0.34413754,,,
1759526318,CCCCCCCCCCC(CC)C(CCCCCCCCCC)COC(=O)c1ccc(C(=O)OC)cc1,,0.37919414,,,
1760524706,CCCCCCc1c(C)sc(C)c1CCCCCCN(CC)c1ccc(N=Nc2ccc([N+](=O)[O-])cc2)cc1,230.0,0.38480348,,,
1761132878,CCC(C)CN,71.0,0.36970834,,,
1761703329,CC=CC1CC(=CC)C(C)C1,386.0,0.40651799,,,
1762139545,CNc1cc(C)c(NC)cc1C,209.0,0.3453129649999999,,,
1762883597,COc1ccc(C=CC(=O)c2ccc(Oc3ccc(C(C)(C)c4ccc(C)c(C)c4)cc3C)cc2)cc1,,0.39205535,,,
1763751155,CCCOCCOCCOCCOCCOCCOC(=O)c1cccc(C(=O)OC)c1,-4.0,0.34081676,,,
1763893927,CNc1ccc(Cc2ccc(NC(=O)c3cc(C(C)=O)cc(N4C(=O)C=CC4=O)c3)cc2)cc1,68.5,0.33700736,,,
1764253172,CNc1cc(-c2ccc3ccccc3c2)cc(-c2ccc3ccccc3c2)c1NC,,0.34590052,,,
1764580479,CC=Cc1ccc2c(c1)Sc1cc(-c3cc(CCCCCC)c(-c4sc(-c5ccc6c(c5)Sc5cc(C)ccc5N6c5ccc(OCCCCCCCCCCCC)cc5)cc4CCCCCC)s3)ccc1N2c1ccc(OCCCCCCCCCCCC)cc1,86.0,0.39742745,,,
1764654755,CCC(c1ccccc1)C1C(=O)N(c2ccc(C(C)(C)C)cc2)C(=O)C1C,175.0,0.40001561,,,
1765162399,CNc1ccc(CCCc2ccc(NC)c(-c3ccc(C)cc3)c2-c2ccc(C)cc2)c(-c2ccc(C)cc2)c1-c1ccc(C)cc1,161.0,0.38190375,,,
1765350912,CCCOCCOC(=O)c1ccccc1C(=O)OC,,0.32806661,,,
1765460904,CCC(=O)c1ccc(Oc2ccc(C(=O)COc3ccc(C=C4CCCC(=Cc5ccc(OC)c(OC)c5)C4=O)cc3OC)cc2)cc1,250.0,0.35837048,,,
1765837976,Cc1ccc(Oc2ccc(-c3ccc(Oc4ccc(N5C(=O)c6ccc(Oc7ccc(Oc8ccc(Oc9ccc%10c(c9)C(=O)N(C)C%10=O)cc8)cc7)cc6C5=O)cc4)cc3)cc2)cc1,32.0,0.3631463,,,
1765927815,CCC(C)(C)C(=O)Oc1c(C(C)C)cccc1C(C)C,-77.5,0.3967853,0.201358713,0.952119689,13.56598885
1766008027,[2H]c1c([2H])c(NC)c([2H])c([2H])c1C,235.370823,,,,
1766205762,CNc1cc(NC(=O)c2cc(OCCN(C)c3ccc([N+](=O)[O-])cc3)cc(C(C)=O)c2)cc(C(=O)OC)c1,,0.33483978,,,
1766427036,Cc1ccc(Oc2ccc(-c3ccc(Oc4ccc(N5C(=O)c6ccc(Oc7cc(C(C)(C)C)c(Oc8ccc9c(c8)C(=O)N(C)C9=O)cc7C(C)(C)C)cc6C5=O)cc4)cc3)cc2)cc1,197.0,0.39240961,,,
1768246998,CNc1ccc(-c2c(-c3ccccc3)c(-c3ccccc3)c(NC)c(-c3ccc(C)cc3)c2-c2ccc(C)cc2)cc1,205.0,0.3804246,,,
1768426283,Cc1ccc2c(c1)C(=O)N(c1cccc(P(=O)(c3ccc(C(F)(F)F)cc3)c3cccc(N4C(=O)c5ccc(C(C)(C(F)(F)F)C(F)(F)F)cc5C4=O)c3)c1)C2=O,-38.0,0.38899686,,,
1769198640,CCCCCCCC/C=C\CCCCCCCCOC(=O)C(C)(C)CC,,0.38969165,,,
1769217359,CCc1ccc(OP(C)(=NC)Oc2ccc(CC)cc2)cc1,246.0,0.40095438,,,
1769343674,CNc1ccc2c(c1)C(c1ccccc1)(c1ccccc1)c1cc(NC)ccc1-2,13.0,0.37169398,,,
1769579666,COc1ccc(Oc2ccc(C(=O)Nc3ccc(Oc4ccc(NC(=O)c5ccc(C)cc5)cc4)cc3)cc2)cc1-c1ccccc1,305.0,0.35976749,,,
1769889494,CCc1cccc(CC)c1N1C(=O)C(C)C(C(C)(C)CC)C1=O,,0.36266864,,,
1770296397,CNc1ccc(C(C)(CC[C@](C)(c2ccc(NC)cc2)c2cccc(N)c2)c2ccc(N)cc2)cc1,56.7,0.36112201,,,
1770973625,COc1ccc(C(c2ccc(Oc3ccc(C(=O)Nc4ccc(-c5ccc(NC(=O)c6ccc(C)cc6)cc5C(F)(F)F)c(C(F)(F)F)c4)cc3)cc2)(C(F)(F)F)C(F)(F)F)cc1,313.0,0.36219263,,,
1771399222,CCCCCCOc1cccc(C(=O)OC(=O)c2cccc(OC)c2)c1,50.1,0.3413806,,,
1771648139,CC=CC(C(=O)OCc1ccccc1)C(C)C(=O)OCc1ccccc1,,0.35713258,,,
1772221241,Cc1ccc(-c2ccc(Oc3ccc(C4(C)CC(C)(C)c5ccc(Oc6ccc(-c7ccc(N8C(=O)c9ccc(Oc%10ccc(C(C)(C)c%11ccc(Oc%12ccc%13c(c%12)C(=O)N(C)C%13=O)cc%11)cc%10)cc9C8=O)cc7)cc6C(F)(F)F)cc54)cc3)c(C(F)(F)F)c2)cc1,237.0,0.37902457,,,
1773311444,CCCN(CCOC(=O)Nc1cccc(NC(=O)OC)c1C)c1ccc(N=Nc2ccc([N+](=O)[O-])cc2)cc1,,0.35215357,,,
1773383580,CCCCCCCOc1ccc(-c2ccc(OC)c3ccccc23)c2ccccc12,75.0,0.36384128,,,
1773451274,CCCCCCCCCCCCCCCCOc1ccc(OC(=O)c2ccc(C(=O)Oc3ccc(OCCCCCCCCCCCCCCCC)cc3)c(C(C)CC)c2)cc1,50.5,0.38467794,,,
1773543795,CCCN(C)C(=O)c1cccc(F)c1,211.0,0.34841899,,,
1773625763,CO[Si](C)(C)c1ccc2ccc3c([Si](C)(C)C)ccc4ccc1c2c43,3.9,0.39894601,,,
1773759171,CCC(C)C(=O)c1ccc(C(C)C)cc1,,0.39294141,,,
1773982795,CCC(C)(C)C(=O)OCCCCCn1c2ccccc2c2ccccc21,109.0,0.35157663,,,
1774773315,CC1C=CC(C)C1,-65.0,,0.2784999999999999,0.939550686,18.92440401
1775591199,COc1ccc(C(=O)c2ccc(C(=O)c3ccc(C)c(C(C)C)c3)cc2)cc1C,,0.39987425,,,
1775887847,COC(=O)Nc1ccc(C)c(NC(=O)OC2COC3C(C)COC23)c1,266.5,0.33930504,,,
1776137292,Cc1ccc(Oc2ccc(Oc3ccc(Oc4ccc(-c5cnc6cc(-c7ccc8nc(C)cnc8c7)ccc6n5)cc4)cc3)cc2)cc1,34.0,0.38383553,,,
1776297302,CCCCCCCCCCCCCCCCCCCOC(=O)c1ccc(C(=O)OC)cc1,235.0,,0.304,,
1777009355,CNC1CCC(CCC2CCC(NC(=O)CCCCCCCCC(C)=O)CC2)CC1,80.0,0.36490438,0.2784999999999999,,
1777047790,CNSC1(NC)N=C(N)NC(N)=N1,210.0,0.31058634,,,
1777341480,Cc1ccc2c(c1)C(=O)N(c1ccc(-c3ccc(N4C(=O)c5ccc(C(C)(C(F)(F)F)C(F)(F)F)cc5C4=O)c(O)c3)cc1O)C2=O,229.0,0.37314442,,,
1777517337,C=Cc1ccc(-c2c(-c3ccc(C=C)cc3)c(-c3ccc(C=C)cc3)c3c(c(NC)cc4c5ccccc5c(NC)cc43)c2-c2ccc(C=C)cc2)cc1,4.0,0.37091967,,,
1777622609,CCC(C)C(=O)OC(C)CC(C)C,11.47675289,,0.207,0.905312834,11.11375504
1777831717,COc1ccc(C(=O)c2ccc(Oc3ccc4c(=O)n5c6cc(-c7ccc8c(c7)nc7c9ccc(C)c%10cccc(c(=O)n87)c%109)ccc6nc5c5cccc3c45)cc2)cc1,,0.38178031,,,
1777861386,CNc1c(-c2ccccc2)cc(Cc2cc(-c3ccccc3)c(NC)c3ccccc23)c2ccccc12,71.0,0.3626091,,,
1778072997,Cc1ccc(Oc2ccc(S(=O)(=O)c3ccc(Oc4ccc(C5(C)OC(=O)c6ccccc65)cc4C)cc3)cc2)c(C)c1,,0.38660473,,,
1778095789,COC(=O)c1cccc(OCCCCCCCCOc2cccc(C(=O)OC3COC4C(C)COC34)c2)c1,211.0,0.34800981,,,
1778794604,CCC#CC(C#CCOC(=O)CCCCCCCCC(=O)OC)=Cc1ccc(C#Cc2ccc(C=C(C#Cc3ccccc3)C#Cc3ccccc3)cc2)cc1,,0.397984,,,
1778806349,CCCCCCC(CC(C)=O)OC,259.0,0.37673739,0.207,,
1779122339,Cc1ccc(Oc2ccc(-c3nc4ccc(S(=O)(=O)c5ccc6nc(C)[nH]c6c5)cc4[nH]3)cc2)cc1,315.1120806,,,,
1779443972,CCC(C)(C)C(=O)OCc1ccc[se]1,62.5,0.35173384,,,
1779551878,CCCCCCCN(C)C(=O)CCCCCCCCCCCCCCC(=O)N(C)C,91.0,,0.33,,
1780220643,CCCCCCCCCCCC(=O)NCCCCCOCCCCCNC(=O)CCCCOC,172.0,,0.3349999999999999,0.94573393,19.75537697
1780262446,CN=P(C)(Oc1cccc(C)c1)Oc1cccc(C)c1,-10.0,0.3884914,,,
1780443736,CCc1ccc(NC)c(-c2ccccc2)c1-c1ccc(NC)cc1,,0.3658892,,,
1781035787,Cc1ccc(Oc2ccc(C(C)(C)c3ccc(Oc4ccc(-c5nnc(C)n5-c5cccc(C(F)(F)F)c5)cc4)cc3)cc2)cc1,3.0,0.38422628,,,
1781608309,CCCCCCOC(=O)C(Cc1ccc(OC)cc1)NC(=O)CCc1ccc(OC(C)=O)cc1,30.0,0.35216726,,,
1781915086,CCC(C)CNC(=O)OC,17.0,0.33053408,0.33,1.12616874,20.04344574
1781926636,CCCCCCCOc1ccc(C=Cc2ccc(OC)cc2)cc1,55.0,0.36660231,0.3349999999999999,,
1782813918,CNc1ccc(C(C)(C)c2ccc(C(C)(C)c3ccc(Nc4ccc(C(O)(c5ccccc5)c5ccc(C(O)(c6ccccc6)c6ccc(C)cc6)cc5)cc4)cc3)cc2)cc1,,0.39392951,,,
1782970907,Cc1ccc(Oc2ccc(C(C)(C)c3ccc(Oc4ccc(N5C(=O)C6CCC(C7CCC8C(=O)N(C)C(=O)C8C7)CC6C5=O)cc4)cc3)cc2)cc1,197.0,0.37853273,,,
1783140001,CCCCC=C(C)c1ccc(Cl)cc1,145.0,0.38684815,,,
1783164838,COc1c(C)cc(-c2cc(C)c(Oc3ccc(C(=O)c4ccc(C)cc4)cc3)c(CBr)c2)cc1CBr,-38.0,0.40843427,,,
1783173657,CCC(C)(CC(=O)OC(C)C)C(=O)OC12CC3CC(CC(C3)C1)C2,389.0,0.39313368,,,
1783262113,COc1c(C)cc(C(C)(C)c2cc(C)c(OC(=O)c3cccc(C(C)=O)c3)c(C)c2)cc1C,190.0,0.39532424,,,
1783614985,CCC(C)c1cc(OC)c(OC(C)=O)c(OC)c1,245.0,0.34893966,,,
1784004493,CCCCS(=O)(=O)CC(CC)(COC)CS(=O)(=O)CCCC,33.0,0.38553918,,,
1784137084,CCCCCCOC(=O)NCCCCCCNC(=O)OC,,0.33912475,,,
1784177503,COc1cccc(OC(=O)Oc2ccc(OC(C)=O)cc2)c1,-104.3379932,,,,
1784231547,COc1ccc(N=C(C)c2ccc(Oc3ccc(C(C)(C)c4ccc(Oc5ccc(C(C)=Nc6ccc(C)cc6)cc5)cc4)cc3)cc2)cc1,287.0,0.37958544,,,
1784319633,CCC(C)C(=O)OC12CC3CC(C)(CC(C)(C3)C1)C2,56.0,0.37551115,0.1635,0.949969923,9.767195327
1785002432,CCCCC(CC)Cn1c2ccc(C)cc2c2cc(Nc3ccc(C(=O)c4ccc(NC)cc4)cc3)ccc21,,0.38972953,,,
1785099361,CC(=O)c1ccc2c(c1)C(=O)N(c1cccc(Cc3ccc(C(=O)c4ccc(N5C(=O)c6ccc(C)cc6C5=O)cc4)cc3)c1)C2=O,237.0,0.36964109,,,
1785446728,CCCC[C@@H]1C=CC(c2ccc(Cc3ccc(NC)cc3)cc2)(c2ccc(Cc3ccc(NC)cc3)cc2)CC1,-25.0,0.36309112,,,
1785988282,CCCCCCCCCCCCCCCc1ccc(-c2c(-c3ccccc3)cc(-c3ccc(-c4cc(-c5ccccc5)c(-c5ccc(C)cc5)c(-c5ccccc5)c4-c4ccccc4)cc3)c(-c3ccccc3)c2-c2ccccc2)cc1,-50.0,0.40147903,,0.950245541,20.47027569
1786011241,CCC(C)(C)C(=O)OCCCCCCCCCCCCCCC(=O)NC1OC(CO)C(OC2OC(CO)C(O)C(O)C2O)C(O)C1O,190.0,0.32366656,,,
1786063717,CCCCCCCCCCCCCCCCN1C(=O)C(C)C(CCC)C1=O,211.0,0.3913188,0.1635,,
1786072112,COc1ccc(C(C)(c2ccccc2)c2ccc(Oc3ccc(C(=O)C(=O)c4ccc(C)cc4)cc3)cc2)cc1,198.0,0.38132966,,,
1786149230,CCCCCC[Si](C)(C)c1ccccc1,,0.38579865,,,
1786272690,COc1ccc(NC(=O)c2ccc(C(c3ccc(C(=O)Nc4ccc(Oc5ccc(C6(c7ccc(C)cc7)C7CC8CC(C7)CC6C8)cc5)cc4)cc3)(C(F)(F)F)C(F)(F)F)cc2)cc1,177.0,0.36728029,,,
1787334599,CCCOC(=O)CCCCC(=O)OCCOC(=O)c1ccc(C(=O)OC)cc1,262.0,0.32710546,,,
1787342270,COc1cc(C(=O)c2ccccc2)c(Oc2ccc(C)cc2)cc1C(=O)c1ccccc1,,0.37661047,,,
1787772171,CCCCCCCCCCCCCCC(C)CC,260.0,0.40318632,0.3409999999999999,0.795879987,11.75279889
1788116403,CCCCCCOc1cc(C(=O)Oc2ccc(-c3ccc(OC)cc3)cc2)c(OCCCCCC)cc1C(C)=O,180.0,0.3630012,,,
1788310964,CCCCCCc1cc(OC)cc(OC(=O)c2cccc(C(C)=O)c2)c1,-12.5,0.36594345,,,
1788326945,CCC(C)(C)C(=O)OCc1ccc(F)cc1F,147.0,0.3435113,,,
1788446474,COC(=O)c1cccc(C(=O)Oc2ccc3c(c2)Oc2cc(C)ccc2C32OC(=O)c3ccccc32)c1,219.0,0.35989808,,,
1788777860,CNc1cccc(CCc2ccc(NC(=O)c3ccc(C(C)=O)cc3)cc2)c1,210.0,0.35224446,,,
1788955118,COc1ccc(C(c2ccc(Oc3c(F)c(F)c(COC(c4cccc(C(OCc5c(F)c(F)c(C)c(F)c5F)(C(F)(F)F)C(F)(F)F)c4)(C(F)(F)F)C(F)(F)F)c(F)c3F)cc2)(C(F)(F)F)C(F)(F)F)cc1,,0.34613414,0.3409999999999999,,
1789314864,COCCOCCOCCOCCOCCOCCOCCC[Si](C)(CCCOCCOCCOCCOCCOCCOCCOC)OC,240.0,0.36320309,,,
1789414981,CCCC1C(=O)N(CC)C(=O)C1C,61.0,0.33175789,,,
1789644215,CCCCCC1CCC(c2ccc([C@H](CCCC)c3ccc(NC)cc3)cc2)(c2ccc([C@H](CCCC)c3ccc(NC)cc3)cc2)CC1,236.055,0.37086553,,,
1789925675,CCC(C)(C)C(=O)OCCCCCCCCCCCOc1ccc2cc(C(=O)Oc3ccccc3)ccc2c1,241.0,0.35770288,,,
1790048084,CCCCCCCCCCCOCCCCCCOCCCCCCOC,,,0.36175,0.880404561,21.78044662
1790316910,CNc1ccc(Oc2ccccc2)cc1NC,109.0,0.33227989,,,
1790362530,COC(=O)OCCOCCOCCOC(=O)OC1COC2C(C)COC12,133.0,0.32153252,,,
1790709868,CC[C@H](c1ccc(CCc2ccc([C@@H](CC)c3ccc(NC)cc3)cc2)cc1)c1ccc(NC)cc1,97.0,0.36308628,,,
1791119608,CCCCCCCCCCCCCCCCCCN(C)C(C)=O,65.0,,0.408,0.861970531,12.57201307
1791310539,Cc1ccc(OCCCCCCCCCCOc2ccc(N3C(=O)c4ccc(-c5ccc6c(c5)C(=O)N(C)C6=O)cc4C3=O)cc2)cc1,62.5,0.35237938,,,
1791321384,CNc1ccc([C@]2(c3ccccc3C)C=C[C@](NC)(c3ccccc3)C=C2)cc1,91.0,0.35212894,0.36175,,
1791454945,COc1c(-c2ccccc2)cc(C)cc1-c1cccc2ccccc12,8.0,0.39947909,,,
1791486137,CCCCCCCOC(=O)CC(=O)OCCCCCCOc1ccc(-n2on2-c2ccc(OC)cc2)cc1,149.0,0.35211181,,,
1791802492,CCCN(C)C(=O)c1c(F)c(F)cc(F)c1F,-24.0,0.34317631,,,
1792328384,CO[Si](C)(C)O[Si](C)(C)O[Si](C)(C)c1c(F)c(F)c(Cl)c(F)c1F,133.0,0.40365353,0.408,,
1792336093,CO[Si](C)(C)O[Si](C)(C)O[Si](C)(C)O[Si](C)(C)O[Si](C)(C)C#Cc1ccc(C#C[Si](C)(C)C)cc1,67.5,0.46291081,,,
1792419504,CNC1CCC(NC)CC1,46.0,0.335675645,,,
1792717166,CCCC1CC(C)C2C3CC(C)C(C3)C12,116.0,0.38823486,,,
1792997917,COC(CC(C)=O)C(Cl)(Cl)Cl,203.0,0.34337601,,,
1793024081,CCC(OC)C(C)(C(=O)OC)C(C)(C)C(=O)OC,358.0,0.34091912,,,
1793643312,CCCOC(=O)CCC(=O)OCCOC(=O)c1ccc(C(=O)OC)cc1,-68.9,0.32181742,,,
1793714873,CO[Si](C)(CCC(F)(F)F)CCC(F)(F)CC[Si](C)(C)CCC(F)(F)F,109.2,0.39640664,,,
1794681107,CC1C(C)C2CC1C(C(=O)OCc1ccccc1)C2C(=O)OCc1ccccc1,389.0,0.34460081,,,
1794683515,CC(=O)c1ccc(Oc2ccc(C(C)(C)c3ccc(Oc4ccc(C(=O)c5ccc6c(c5)C(=O)N(c5ccc(Oc7ccc(N8C(=O)c9ccc(C)cc9C8=O)cc7)cc5)C6=O)cc4)cc3)cc2)cc1,10.0,0.37594298,,,
1795125893,CCCCCCN1C(=O)c2ccc(C(=O)Oc3ccc(-c4ccc(OC(=O)c5ccc6c(c5)C(=O)N(C)C6=O)cc4)cc3)cc2C1=O,245.0,0.34164586,,,
1795185770,CNc1ccc(-c2c(-c3ccccc3)c(-c3ccccc3)c(NC)c(-c3cccc4ccccc34)c2-c2cccc3ccccc23)cc1,33.0,0.3785304,,,
1795208457,CCC/C=C(/C)C(C)C,17.0,,0.21,,
1795274975,Cc1ccc(Oc2ccc(N3C(=O)c4ccc(Sc5ccc6c(c5)C(=O)N(C)C6=O)cc4C3=O)cc2)cc1,-47.0,0.37750321,,,
1795499344,Cc1ccc(-c2ccc(-c3cc(-c4ccccc4)c4cc(C5(c6ccc7nc(C)cc(-c8ccccc8)c7c6)c6ccccc6C(=O)c6ccccc65)ccc4n3)cc2)cc1,,0.42706611,,,
1795625722,CCCCCC(=O)c1ccc(C(C)CC)cc1,56.0,0.38254246,,,
1795760270,CCCC(C)CC,,,0.2463333333333333,,12.33123131
1796091822,CC(=O)Nc1cccc(NC(=O)c2ccc3c(c2)C(=O)N(c2ccc(Oc4cccc5c(Oc6ccc(N7C(=O)c8ccc(C)cc8C7=O)cc6)cccc45)cc2)C3=O)c1,234.0,0.35671803,,,
1796177259,Cc1ccc(C2(c3ccc(N4C(=O)c5ccc(-c6ccc7c(c6)C(=O)N(C)C7=O)cc5C4=O)cc3)c3ccccc3-c3ccccc32)cc1,-25.0,0.43011281,0.21,,
1796439360,Cc1ccc(Oc2ccc(S(=O)(=O)c3ccc(Oc4ccc(N5C(=O)c6ccc(Oc7ccc(C(C)(C)c8ccc(Oc9ccc%10c(c9)C(=O)N(C)C%10=O)cc8)cc7)cc6C5=O)cc4)cc3)cc2)cc1,122.0,0.36845813,,,
1796856353,CCC(C)(C)C(=O)OC(C)C(F)(F)F,190.0,,0.1139999999999999,1.11386163,13.75326334
1796975944,CCOC(=O)c1ccc(-c2ccc(C(=O)OCC)c(C(=O)Nc3ccc(NC)cc3)c2)cc1C(C)=O,51.5,0.34355176,,,
1797111879,COc1c(C)cc(C2(c3cc(C)c(OC(=O)c4cccc(C(C)=O)c4)c(C)c3)CCC3CCCCC3C2)cc1C,40.0,0.40660507,0.2463333333333333,,
1797127681,CCC(C)(C)C(=O)OCCCCCCN(C)c1ccc(N=Nc2ccc(S(C)(=O)=O)cc2)cc1,,0.37549174,,,
1797412842,CCCN(C)C(=O)CC12CC3CC(CC(C3)C1)C2,177.0,0.35920026,,,
1797791168,CCCC(=O)NCc1cc(C)c(CNC(=O)CCOC)cc1C,225.0,0.32886329,,,
1797950227,Cc1ccc(Oc2c(C)cc(C(c3cccnc3)c3cc(C)c(Oc4ccc(N5C(=O)CC(Nc6ccc(Cc7ccc(NC8CC(=O)N(C)C8=O)cc7)cc6)C5=O)cc4)c(C)c3)cc2C)cc1,24.0,0.38103363,0.1139999999999999,,
1798703824,CC(=O)Nc1ccc(N2C(=O)CC(N3C(=O)c4ccc(C)cc4C3=O)C2=O)cc1,158.17,0.34885907,,,
1798783963,Cc1ccc2c(c1)C(=O)N(c1ccc(S(=O)(=O)c3ccc(S(=O)(=O)c4ccc(N5C(=O)c6ccc(C(C)(C(F)(F)F)C(F)(F)F)cc6C5=O)cc4)cc3)cc1)C2=O,180.0,0.37947284,,,
1798943055,CCC/C=C(/C)CCCCCCCCCC,187.0,,,0.81139035,13.05800565
1799071483,CO[Si](C)(C)O[Si](C)(C)O[Si](C)(C)O[Si](C)(C)c1ccc(Oc2ccc([Si](C)(C)C)cc2)cc1,147.0,0.41859746,,,
1799254140,COc1ccc(C2(c3ccc(OC(C)=O)cc3C)CC3CC2C2C4CCC(C4)C32)cc1C,66.0,0.39110607,,,
1799502171,CC#CC(CCCCOC(=O)NCCCCCC)=C(C)CCCCOC(=O)NCCCCCC,5.219913288,,,,
1799759378,CCCCCCCS(=O)(=O)c1ccc(N=Nc2ccc(N(C)CCCCCC(=O)OC)cc2)cc1,258.0,0.37402313,,,
1800029719,CNc1ccc2c(c1)C1(c3ccccc3-c3ccccc31)c1cc(NC)ccc1-2,350.0,0.37700036,,,
1800644931,COc1c(C)cc(-c2cc(C)c(OC(=O)CCCCCC(C)=O)c(C)c2)cc1C,104.0,0.36806189,,,
1801218015,CCCOCCOc1ccc(C(=O)OC(=O)c2ccc(OC)cc2)cc1,236.055,0.33440308,,,
1801224003,CCCCC(C)CNC(=O)c1ccc(C(=O)NC)cc1,254.0,0.33451946,,,
1801465428,COC(=O)c1cccc(OCCCCCCOc2cccc(C(=O)OC3COC4C(C)COC34)c2)c1,388.0,0.34442932,,,
1801821900,CC=C(C#N)C(=O)OCCCCCCCCCCOC(=O)C(C#N)=Cc1ccc2c(c1)c1cc(C)ccc1n2CCCCCCC,185.0,0.37650468,,,
1801990211,CNc1ccc(-c2ccc3c(c2)C(C)(C)C[C@@]3(C)c2ccc(NC)cc2)cc1,133.0,0.36588438,,,
1802780820,Cc1ccc(C(c2ccc(N3C(=O)c4ccc(Oc5ccc6ccc(Oc7ccc8c(c7)C(=O)N(C)C8=O)cc6c5)cc4C3=O)cc2)(C(F)(F)F)C(F)(F)F)cc1,65.6,0.37532506,,,
1802973320,CC=CC1CC(C)C2C(=O)N(CCCCC)C(=O)C12,177.0,0.36388882,,,
1803088964,CNc1ccc2c(c1)-c1ccc(NC)cc1C21c2cc(N)ccc2-c2ccc(N)cc21,-10.4,0.38509104,,,
1804539920,CCc1ccc(N2C(=O)c3cc(Sc4ccc(C)cc4)c(Sc4ccc(N5C(=O)c6ccc(Oc7ccc8c(c7)C(=O)N(C)C8=O)cc6C5=O)cc4)cc3C2=O)cc1,241.0,0.38009761,,,
1804622774,COc1c(C)cc(C(C)(C)c2cc(C)c(ON3C(=O)c4ccc(Oc5ccc(C6(c7ccc(Oc8ccc9c(c8)C(=O)N(C)C9=O)cc7)CCC(C(C)(C)C)CC6)cc5)cc4C3=O)c(C)c2)cc1C,8.0,0.38578028,0.22463605,1.08647954,19.95338783
1804735174,COc1cc(C)c(OC)cc1C,63.90036252,,,,
1804758935,CCc1cc2cc(C(=O)Nc3cccc(NC(=O)c4cc5cc(C)c(OC(=O)COc6ccc7ccc(=O)oc7c6)cc5oc4=O)c3)c(=O)oc2cc1OC(=O)COc1ccc2ccc(=O)oc2c1,-24.0,0.32001904,,,
1804814245,CCC(C)CC(CC)CC,113.0,,0.219,,
1804819295,CCC(C)(C)C(=O)Oc1ccc(C(=O)Oc2ccccc2)cc1,67.5,0.34588936,,,
1804829075,CCCCCCCCN1C(=O)c2ccc(C(=O)Oc3ccc(-c4ccc(OC(=O)c5ccc6c(c5)C(=O)N(C)C6=O)cc4)cc3)cc2C1=O,46.0,0.34124833,,,
1804836030,CC(=O)Nc1ccc(Oc2ccc(C3(c4ccc(Oc5ccc(NC(=O)c6ccc7c(c6)C(=O)N(c6ccc(Oc8ccc(C9(c%10ccc(Oc%11ccc(N%12C(=O)c%13ccc(C)cc%13C%12=O)cc%11)cc%10)NC(=O)c%10ccccc%109)cc8)cc6)C7=O)cc5)cc4)NC(=O)c4ccccc43)cc2)cc1,276.0,0.37607232,,,
1805818890,CNc1ccc(C(=O)c2ccc(NC(=O)c3cccc(C(C)=O)c3)cc2)cc1,203.0,0.34499015,,,
1805828893,C/C=C/c1cc(OCCCCCCCCCCCCCCCC)c(/C=C/c2ccc(C)cc2)cc1OCCCCCCCCCCCCCCCC,113.0,,0.3329999999999999,0.88205721,15.92222857
1806252045,CCOc1ccc(C(=O)OC(=O)c2ccc(OC)cc2)cc1,-68.9,0.33358286,0.219,,
1806255411,CCCCCCCCCOc1ccc(C=C2CCC(=Cc3ccc(OCCCCCCCCOP(=O)(OC)OC)c(OC)c3)C2=O)cc1OC,109.2,0.36012749,,,
1806416444,CNc1ccc(-c2ccc(-c3ccc(NC)cc3)c(C(C)(C)C)c2)cc1,41.0,0.36296603,,,
1806691588,CNc1cc(NC)c(/N=N/c2ccc(S(=O)(=O)O)cc2)c(N)c1C,10.0,0.34174753,,,
1806857427,CCCc1ccc(CCNC(=O)CCCCCCCCCCCCCCC(=O)NC)cc1,65.25488595,,,,
1806961099,Cc1ccc(N(c2ccc(C#N)cc2)c2ccc(N3C(=O)c4ccc(Oc5ccc6c(c5)C(=O)N(C)C6=O)cc4C3=O)cc2)cc1,,0.41433043,0.3329999999999999,,
1807042238,CCCCCCC(=O)Oc1ccc(-c2ccc(OC(=O)CCCCCn3c(=O)c4cc5c(=O)n(C)c(=O)c5cc4c3=O)cc2)cc1,60.41501019,,,,
1807156052,CCCC[Si](C)(C[Si](C)(C)c1ccccc1)C[Si](C)(C)c1ccccc1,256.0,0.37926161,,,
1807732967,CCCCCCC(=O)Nc1ccc(Oc2ccc(NC(=O)CCCCCN3C(=O)c4ccc(C(=O)c5ccc6c(c5)C(=O)N(C)C6=O)cc4C3=O)cc2)cc1,153.0,0.33700629,,,
1808141855,CCC(C)OC(=O)C(Cc1ccc(OC)cc1)NC(=O)CCc1ccc(OC(=O)CCCCCCCCC(C)=O)cc1,271.0,0.35396317,,,
1808438148,CC(C)OC(=O)C(C)C,234.0,0.38104788,0.218613254,1.034629356,16.31426813
1808604040,COc1cccc(NC(=O)c2cccc(C(=O)Nc3ccc(C)cc3)c2)c1,16.0,0.34287767,,,
1808991863,CCCCOc1ccc(OC(=O)c2ccc(OCCCCCCOC(=O)C(C)(Cl)CC)cc2)cc1,,0.35349732,,,
1809093717,CCCP(Cl)(Cl)=Nc1ccc(N=P(C)(Cl)Cl)cc1,-27.34500252,,,,
1809334970,CCC(C)(C)C(=O)OCCCCC(F)(F)C(F)(F)C(F)(F)C(F)(F)F,117.0,0.34226697,,,
1809372811,Cc1ccc2oc(-c3ccc(C(c4ccccc4)(c4ccc(-c5nc6cc(C(C)(c7ccccc7)C(F)(F)F)ccc6o5)cc4)C(F)(F)F)cc3)nc2c1,330.0,0.43791406,,,
1809467126,C/C=C/c1ccc(Oc2ccc(-c3ccc(-c4ccc(-c5ccc(Oc6ccc(/C=C/c7ccc8c(c7)c7cc(C)ccc7n8CC(CC)CCCC)cc6)c(C(F)(F)F)c5)cc4)cc3)cc2C(F)(F)F)cc1,187.4626146,,,,
1809480718,CC[Si](C)(C)C(C)=C(C)C,157.1009863,,,,
1809618585,C/C=C/c1cc(OCCCCCCCCCCCC)c(C)cc1OC,24.0,,0.251,0.902248035,20.35612021
1809672801,CCCCCCCCCCNC(=O)CCCCCCCCCCCC(=O)NC,-38.0,,0.348,,
1809695642,CCCN(CCN1C(=O)c2ccc(C(c3ccc4c(c3)C(=O)N(C)C4=O)(C(F)(F)F)C(F)(F)F)cc2C1=O)c1ccc(N=Nc2ccc(C3OCCO3)cc2)cc1,277.0,0.35607146,,,
1809858457,CNc1cc(Cl)c(NC)cc1Cl,217.0,0.34205564,,,
1809876113,CCCCCCOC(=O)CCC(NC)C(C)=O,147.0,0.3561514,0.271224405,1.044189532,13.9125116
1810490415,COC(=O)C(Cc1ccc(OC)cc1)NC(=O)CCc1ccc(OC(=O)CCC(C)CC(C)=O)cc1,304.0,0.33698176,,,
1810774375,CNc1ccc(-c2ccc(NC)c(-c3ccc(C(C)(C)C)cc3)c2-c2ccc(C(C)(C)C)cc2)cc1,-47.0,0.37953942,0.251,,
1810979250,CC=Cc1cc(OC)c(C=Cc2ccc(C=C(Oc3ccccc3)c3ccc(C(=Cc4ccc(C)cc4)c4ccc(Oc5ccccc5)cc4)cc3)cc2)cc1OC,258.0,0.37691892,0.348,,
1811086141,CCC(F)(F)C(F)(F)C(F)(F)COC(=O)NCCCCCCNC(=O)OC,350.0,0.32095446,,,
1811300122,COC(C)COC(=O)c1cccc(C(C)=O)c1,66.0,0.34359034,,,
1811542913,COc1ccc(C(=O)c2ccc(C(=O)c3ccc(Oc4ccc(Cc5ccc(C)cc5)cc4)cc3)cc2)cc1,-37.0,0.3772016,,,
1812532838,CCCCCCOC(=O)OCCCCCN1C(=O)c2ccc(-c3ccc4c(c3)C(=O)N(C)C4=O)cc2C1=O,263.0,0.33554608,,,
1812564153,CC[C@](C)(Cc1cc(C(C)(C)Cc2ccc(NC)cc2)ccc1N)c1ccc(NC)cc1,388.0,0.35226185,,,
1812700910,CCCCCC(C)(O)c1ccc(C(C)CC)cc1,200.0,0.39339807,,,
1813031373,CCOCC(COC(C)=O)OC,112.5,0.34611534,,,
1813310957,Cc1ccc(C(=O)c2ccc(N3C(=O)c4ccc(Oc5ccc(Oc6ccc7c(c6)C(=O)N(C)C7=O)cc5)cc4C3=O)cc2)cc1,231.7,0.36363712,,,
1813912008,COC(COC(=O)c1c(F)c(F)c(-c2c(F)c(F)c(C(C)=O)c(F)c2F)c(F)c1F)COc1ccc(N=Nc2ccc(C#N)cc2)cc1,261.0,0.35000272,,,
1813959998,Cc1ccc(Oc2ccc(-c3ccc(Oc4ccc(N5C(=O)CC(=O)N(C)C5=S)cc4)cc3)cc2)cc1,330.0,0.37421708,,,
1814261052,CCCC(=O)NC,139.0,0.28900346,,,
1814313694,CCCCOC(=O)C(Cc1ccc(OC)cc1)NC(=O)CCc1ccc(OC(=O)COCC(C)=O)cc1,80.0,0.33911271,,,
1814513311,CCC(C)(C)C(=O)OCc1ccccc1,201.0,0.34737998,0.1755,1.051885651,12.3992761
1814521184,CCC(C)(C)C(=O)OCCO[N+](=O)[O-],120.0,0.49559463,0.219332193,1.264027777,16.05424523
1814522046,CCCCc1cc(C(C)(C)c2ccc(OC(=O)c3ccc(C(C)=O)cc3)c(CCCC)c2)ccc1OC,331.0,0.39067771,,,
1814526307,Cc1ccc(Oc2ccc(N3C(=O)c4cccc(Oc5ccc(Oc6cccc7c6C(=O)N(C)C7=O)cc5)c4C3=O)cc2)cc1,-53.0,0.36618707,,,
1814705967,CCCCC1(C)CCN(C(=O)CCC(=O)N2CCC(C)(C)CC2)CC1,-52.0,0.34856982,,,
1814831585,CNc1cc(-c2ccccc2)c(-c2ccccc2)c(-c2ccccc2)c1NC,232.0,0.36099506,,,
1814888987,CCCN(C)C(=O)c1cc(F)ccc1F,,0.34543558,0.1755,,
1815199784,COc1ccc(C2(c3ccc(OC(=O)CCC(C)=O)cc3)c3cc(OC)ccc3-c3ccc([N+](=O)[O-])cc32)cc1,,0.36261779,,,
1815220094,COc1ccc(S(=O)(=O)c2ccc(Oc3ccc(C(C)(C)c4ccc(C)cc4)cc3)cc2)c([N-][N+]#N)c1,196.3053138,,,,
1815368241,CNCCCNCCCCNCCCNC,96.0,0.34373829,,,
1815372590,CNC1CCC(CCC2CCC(NC(=O)CCCCCCCCCCC(C)=O)CC2)CC1,41.0,0.36845122,,,
1815391317,Cc1ccc(C2(c3ccc(-c4cc(-c5ccccc5)c5cc(-c6ccc7nc(C)cc(-c8ccccc8)c7c6)ccc5n4)cc3)c3ccccc3C(=O)c3ccccc32)cc1,153.0,0.46820776,,,
1815514979,CCc1cc(C2(c3ccc(NC)c(C)c3)c3ccccc3-c3ccccc32)cc(CC)c1NC,43.5,0.38779866,,,
1815907027,COP(=O)(Oc1ccccc1)Oc1ccc(C(C)(C)c2ccc(C)cc2)cc1,100.0,0.35305401,,,
1816427508,CCCCCCCCCCCCOc1cc(C(C#N)=Cc2cc(OC)c(C=C(C)C#N)cc2OCCCCCCCCCCCC)c(OC)cc1C,,0.39567001,,,
1816536666,Cc1ccc(Oc2ccc(C(=O)c3ccc(Oc4ccc(C5(C)NC(=O)c6ccccc65)cc4)cc3)cc2)cc1,256.0,0.37763456,,,
1816744100,Cc1ccc(Sc2cc3c(cc2Sc2ccc(N4C(=O)C5C6C=CC(C7C(=O)N(C)C(=O)C67)C5C4=O)cc2)C(=O)N(CCN(C)C)C3=O)cc1,,0.3795624,,,
1817213256,CNc1cccc(-c2cccc(-c3cccc(-c4cccc(-c5ccccc5)c4)c3)c2)c1NC,158.5,0.34461865,,,
1817586753,CCCCCCCCCCNC(=O)c1ccc(C(=O)NC)cc1,271.0,0.34919746,0.305511131,1.067236111,22.4369738
1817646491,CCC(OOC)c1ccc(Br)cc1,248.0,0.38242794,,,
1817835124,COC(F)(F)C(C)(F)F,54.0,0.30466987,,,
1818051082,CNc1ccc(Cc2cc(Cc3ccc(NC)c(Cc4ccc(N)cc4)c3)ccc2N)cc1,240.0,0.35357307,,,
1818615314,CCC1CCC(CNC(=O)CCCCC(=O)NC)CC1,160.0,0.33681395,,,
1818810158,CCCCCCCCCOc1cccc(NC(=O)c2ccc(C(=O)Nc3cccc(OC)c3)cc2)c1,99.0,0.34707685,,,
1819092687,COc1ccc(NC(=O)NCCCCCCNC(C)=O)cc1,122.4088725,,,,
1819263382,Cc1ccc(OC(=O)c2cc(C(=O)Oc3ccc(C4(C)OC(=O)c5ccccc54)cc3)cc(C(C)(C)C)c2)cc1,330.0,0.37066817,,,
1819602456,CO[Si](C)(C)CCCC(=O)Oc1ccc(C=Nc2ccc(N=Cc3ccc(OC(=O)CCC[Si](C)(C)C)cc3)cc2)cc1,253.2,0.38440001,,,
1820587217,COc1ccc(NC(=O)c2ccc3cc(C(=O)Nc4ccc(Oc5ccc(C6(c7ccc(C)cc7)CC7CCC6C7)cc5)cc4)ccc3c2)cc1,33.0,0.37134443,,,
1820695762,Cc1cccc(OCCCCCCCCCCCCOc2cccc(N3C(=O)c4ccc(-c5ccc6c(c5)C(=O)N(C)C6=O)cc4C3=O)c2)c1,84.0,0.35443636,,,
1820800881,CNc1ccc(C2(c3ccc(NC)c(C(C)C)c3)c3ccccc3-c3ccccc32)cc1C(C)C,,0.39538255,,,
1820965288,CCC(O)COc1ccc(S(=O)(=O)c2ccc(OC)cc2)cc1,105.0,0.34218345,,,
1821594642,Cc1ccc(Oc2cccc(Oc3ccc(N4C(=O)c5ccc(Oc6ccc(C(C)(C)c7ccc(Oc8ccc9c(c8)C(=O)N(C)C9=O)cc7)cc6)cc5C4=O)cc3)c2)cc1,417.0,0.36408469,,,
1821776890,COc1c(F)c(F)c(-c2c(F)c(F)c(Oc3ccc(Cc4ccc(C)c(C=O)c4)cc3C=O)c(F)c2F)c(F)c1F,,0.35996186,,,
1822483719,CCCCCCNC(=O)CCCCCCCCCCCC(=O)NC,304.0,,0.3545,0.943380242,21.69094086
1822664278,CCC(C)c1ccc(O)c(OC)c1,,0.34066185,,1.031531368,14.62592281
1823153942,CC(=O)Nc1ccc(NC(=O)Nc2ccc(NC(=O)c3ccc4c(c3)C(=O)N(c3ccc(NC(=O)Nc5ccc(N6C(=O)c7ccc(C)cc7C6=O)cc5)cc3)C4=O)cc2)cc1,-36.0,0.33714284,,,
1823366229,CCC(C)(c1ccc(OC)cc1)c1ccc(OC(=O)c2cccc(C(C)=O)c2)cc1,194.1629808,,,,
1823476334,CCCCCCCCCCCCCCCCOc1cc(N2C(=O)c3ccc(C)cc3C2=O)cc(N2C(=O)c3ccc(C(C)=O)cc3C2=O)c1,195.0,0.37139047,,,
1823535687,CCCCCCCCOC(=O)c1ccc2cc(C(=O)OC)ccc2c1,70.0,0.34954591,0.3545,,
1824329781,COc1ccc(-c2ccc(Oc3ccc(C(=O)c4ccc(C)cc4)cc3)cc2)cc1,240.0,0.37378543,,,
1824700293,CCCCCCCCCCCCCCCCCCOC(=O)C(C)CC,-16.0,0.40921422,0.3795,0.864259855,13.46584828
1824932578,CNc1ccc(C(C)(CCc2ccccc2)c2ccc(NC)cc2)cc1,112.5,0.35015139,,,
1825472814,CC(=O)Nc1ccc(Oc2ccccc2-c2ccccc2Oc2ccc(NC(=O)c3ccc4c(c3)C(=O)N(c3ccc(N5C(=O)c6ccc(C)cc6C5=O)cc3)C4=O)cc2)cc1,122.0,0.36202552,,,
1826128756,CCCCCCCCCCCCCCCCCC(=O)OC(C)CC,23.0,,0.305,0.856119988,12.48057398
1826423349,CCC(C)(c1ccc(-c2ccc(-c3ccc(C)cc3)cc2)cc1)C(F)(F)F,330.0,,0.236,0.989585625,22.38019563
1826581063,CNc1cccc(/C=C2\c3ccccc3-c3ccc(NC)cc32)c1,,0.352832805,,,
1826810455,CNc1cccc2c(C)c3c(NC)cccc3c(C)c12,276.0,0.33227337,0.3795,,
1827057509,CCCCOCCCOC(=O)c1ccc(-c2ccc(C(=O)OC)cc2)cc1,36.0,0.3420761,,,
1827383703,CNc1ccc(C(c2ccc(NC(=O)c3ccc(-c4ccc(C(C)=O)c(C)c4)cc3C)cc2)(C(F)(F)F)C(F)(F)F)cc1,167.5,0.36225344,0.305,,
1827805083,CC(=O)Nc1ccc(Oc2ccc(NC(=O)c3ccc4c(c3)C(=O)N(c3ccc(Oc5cccc6c(N7C(=O)c8ccc(C)cc8C7=O)cccc56)cc3)C4=O)cc2)cc1,246.0,0.35708671,0.236,,
1828252932,CCc1ccccc1[Si](C)(c1ccccc1)c1ccccc1,-25.0,0.39224938,,,
1828453397,CC(=O)OCCN(CCOC(=O)c1ccc2c(c1)C(=O)N(c1ccc(N3C(=O)c4ccc(C)cc4C3=O)cc1)C2=O)c1ccc(N=Nc2ccc([N+](=O)[O-])cc2)cc1,145.3751112,,,,
1828496288,CCC(COC(=O)c1ccc(N2C(=O)CC(SCCCCCSC3CC(=O)N(C)C3=O)C2=O)cc1)NC(=O)c1ccc(C)cc1,142.0,0.34187681,,,
1828551601,COC1C(CO)OC(C)C(O)C1O,208.0,0.29046872,0.321583167,1.328453331,35.34536315
1828668618,CCCC(c1ccccc1)C(C)c1ccccc1,16.0,0.40418065,0.202492274,0.981231624,17.53589606
1828961126,COc1ccc(S(=O)(=O)c2ccc(Oc3ccc(C=C4CCCC(=Cc5ccc(Oc6ccc(S(=O)(=O)c7ccc(Oc8ccc(C(C)(C)c9ccc(C)cc9)cc8)cc7)cc6)cc5)C4=O)cc3)cc2)cc1,77.0,0.37671926,,,
1828973221,Cc1cccc(P(=O)(c2ccccc2)c2cccc(N3C(=O)c4ccc(NC(=O)OCCOc5ccc(P(=O)(c6ccccc6)c6ccc(OCCOC(=O)Nc7ccc8c(c7)C(=O)N(C)C8=O)cc6)cc5)cc4C3=O)c2)c1,120.0,0.35364817,,,
1828977072,CCCCCN(C)c1ccc(C(C)=O)cc1,84.0,0.38487639,,,
1829411915,COc1ccc(C2(c3ccc(OC(C)=O)cc3)c3cc(OC)ccc3-c3ccc([N+](=O)[O-])cc32)cc1,167.0,0.37589479,,,
1829654817,COc1ccc(C(=O)c2ccc(Oc3ccc(C(=O)c4ccc(Oc5cccc(Cc6cccc(C)c6)c5)cc4)cc3)cc2)cc1,100.0,0.3678457,,,
1830100599,Cc1ccc(Oc2ccc(N3C(=O)C(Cl)=C(Oc4ccc(C(C)(C)c5ccc(OC6=C(Cl)C(=O)N(C)C6=O)cc5)cc4)C3=O)cc2)cc1,,0.36630147,,,
1830469159,CCCN(C)C(=O)c1c(F)ccc(F)c1F,268.0,0.34269166,,,
1830893860,CCCCCCCCCCCCCCCNC(=O)CCCCCCCCCCC(=O)NC,,,0.346,0.906553684,23.16076788
1831743927,CC(=O)Nc1ccc(Oc2ccc(Oc3ccc(NC(=O)c4ccc5c(c4)C(=O)N(c4ccc(S(=O)(=O)c6ccc(N7C(=O)c8ccc(C)cc8C7=O)cc6)cc4)C5=O)cc3)cc2)cc1,158.5,0.35854864,,,
1832371636,COc1ccc(OC(=O)c2ccc(-c3ccc(C(C)=O)cc3)cc2-c2ccccc2)cc1C(C)(C)c1ccccc1,145.5,0.37013826,,,
1832963659,CNc1ccc(-c2ccc(NC)c(-c3ccccc3)c2-c2ccccc2)cc1,64.0,0.36015628,,,
1832968600,CCC(C)(C)C(=O)OCCCCCCCCCCCCCCCC[n+]1ccc(N(C)C)cc1,54.0,0.37909157,,,
1833216472,COc1ccc(Oc2ccc(C(=O)Nc3ccc(Oc4ccc(-c5ccc(Oc6ccc(NC(=O)c7ccc(C)cc7)cc6)cc5)cc4)cc3)cc2)cc1,165.0428244,,,,
1834039585,CCCCCN1C(=O)c2ccc(C(=O)Oc3ccc(-c4ccc(OC(=O)c5ccc6c(c5)C(=O)N(C)C6=O)cc4)cc3)cc2C1=O,160.0,0.33870557,0.346,,
1834169078,CC1C(C)C2CC1C(C(=O)OCC13CC4CC(CC(C4)C1)C3)C2C(=O)OCC12CC3CC(CC(C3)C1)C2,263.0,0.37365813,,,
1834440826,CCCN(C)C(=O)c1ccc(F)c(F)c1,99.0,0.34216811,,,
1834775911,CNc1ccc2c(c1)[C@@H]1c3ccccc3[C@H]2c2cc(NC)ccc21,,0.38083739,,,
1835012454,CCCCCCCCC(C)(CC)C(=O)OC,112.0,0.38929213,,,
1835122928,CCCOCCOCCOCCOCCOCCOCCOCCOCCOCCOC(=O)c1ccc(-c2ccc(-c3ccc(C(=O)OC)cc3)cc2)cc1,230.0,0.34589389,,,
1835485471,Cc1ccc(C(c2ccc(N3C(=O)c4cc(-c5ccc([Si](C)(C)C)cc5)c(-c5cc6c(cc5-c5ccc([Si](C)(C)C)cc5)C(=O)N(C)C6=O)cc4C3=O)cc2)(C(F)(F)F)C(F)(F)F)cc1,104.3,0.43114374,,,
1835490672,CCC(OC)C(C)=O,,0.35896412,,,
1835545898,CCCc1ccc(C)c2cccnc12,70.93028064,,,,
1835793920,CC(=O)Nc1ccc(Oc2ccccc2-c2ccccc2Oc2ccc(NC(=O)c3ccc4c(c3)C(=O)N(c3ccc(Oc5ccc(S(=O)(=O)c6ccc(Oc7ccc(N8C(=O)c9ccc(C)cc9C8=O)cc7)cc6)cc5)cc3)C4=O)cc2)cc1,417.0,0.35981052,,,
1836092833,CCC(O)COc1c(C)cc(C(C)(C)c2cc(C)c(OCC(O)COc3ccc(S(=O)(=O)c4ccc(OC)cc4)cc3)c(C)c2)cc1C,294.0,0.36142782,,,
1836401630,Cc1ccc(-c2ccc(-c3ccc4nc(Oc5cc(-c6ccccc6)c6cc(C)ccc6n5)cc(-c5ccccc5)c4c3)cc2)cc1,74.5,0.39257783,,,
1836411379,CCCCCCSc1cc(C)sc1C,175.0,0.43728421,,,
1836445960,CNc1ccc(C2(c3ccc(NC)c(Cl)c3)c3ccccc3-c3ccccc32)cc1Cl,124.0,0.37468924,,,
1837157915,COC(=O)c1cccc(OCCCCCCCCCCOc2cccc(C(=O)OC3COC4C(C)COC34)c2)c1,310.0,0.34799982,,,
1837160865,COC(=O)CCCCCCCC(C)=O,-68.69432556,,,,
1837451686,CCc1ccc(C(C)(C)c2ccc(CN3C(=O)c4ccc(-c5ccc6c(c5)C(=O)N(C)C6=O)cc4C3=O)o2)o1,115.0,0.35635169,,,
1837536238,CCn1c2ccccc2c2cc(COC(=O)C(C)(C)CC)ccc21,9.6,0.3554716,,,
1837695049,CCOC(=O)C1=C(C)N(C(=O)c2ccc3c(c2)C(=O)N(c2ccc(Oc4ccc(N5C(=O)c6ccc(C)cc6C5=O)cc4)cc2)C3=O)C(=S)N(C(C)=O)C1c1ccccc1,-48.0,0.3735679,,,
1837695884,CCCCCCCC(Cc1ccc(Cc2ccc(NC)cc2)cc1)Cc1ccc(Cc2ccc(NC)cc2)cc1,,0.35965572,,,
1837801743,COc1ccc(OC(=O)c2ccc(OC(=O)c3ccc(C(=O)Oc4ccc(C(C)=O)cc4)cc3)cc2)cc1C,81.15934241,,,,
1838148916,CCCCCCCCCCCCOC(=O)CCC(NC)C(C)=O,30.09586697,,,,
1838224579,CCCCC(O)CN(CCCC)c1ccc(C#Cc2ccc(S(C)(=O)=O)cc2)cc1,101.0,0.38948294,,,
1838851947,CNC1=N[C@@H](O)NC(NC)=C1N,279.0,0.2862332,,,
1839284190,COc1ccc(NC(=O)c2cccc(C(=O)Nc3ccc(OC4COC5C(C)COC45)cc3)c2)cc1,34.0,0.34004989,,,
1839465675,CNc1ccc([C@]2(C)CC(C)(C)c3ccc(NC)cc32)cc1,276.0,0.36097818,,,
1839521966,CCCOC(=O)NCCCCCCNC(=O)OCCOc1ccc(C2(c3ccc(OC)cc3)c3ccccc3-c3ccccc32)cc1,116.0,0.34888968,,,
1840288311,C/C=C/c1ccc(C)c(-c2cc(OCCC(C)C)c(OCCC(C)C)cc2-c2ccc(OC)cc2)c1,15.0,,0.308,0.925658948,17.48157569
1840821848,CCC(C)c1ccc(COCCC(F)(F)C(F)(F)C(F)(F)C(F)(F)C(F)(F)C(F)(F)F)cc1,167.5,0.35405781,,,
1841717328,Cc1ccc(Cc2ccc(N3C(=O)C4CCC5C(=O)N(C)C(=O)C5C4C3=O)cc2)cc1,246.0,0.37944453,,,
1841939316,CN[C@@H](C[C@@H](NC)[C@H](O)C[C@H](N)C(=O)O)C(=O)O,198.0,0.28753507,,,
1841990330,CNC1=CC[C@](c2ccc(NC)cc2)(c2cccc3ccccc23)C=C1,308.0,0.3503374,,,
1842093316,COc1ccc(C(C)(C)c2ccc(OC(=O)c3cccc(Oc4cccc(C(C)=O)c4)c3)cc2)cc1,142.0,0.3604747,,,
1842577004,CC(=O)Nc1ccc(Oc2cccc(Oc3ccc(NC(=O)c4ccc5c(c4)C(=O)N(c4ccc(Oc6ccc(C7(c8ccc(Oc9ccc(N%10C(=O)c%11ccc(C)cc%11C%10=O)cc9)cc8)NC(=O)c8ccccc87)cc6)cc4)C5=O)cc3)c2)cc1,208.0,0.36654721,0.308,,
1842579493,CC(=O)c1ccc2c(c1)C(=O)N(c1ccc(OCC(C)(C)COc3ccc(N4C(=O)c5ccc(C)cc5C4=O)cc3)cc1)C2=O,30.0,0.35788134,,,
1842592587,COCCOCCOCCOCCOCCOCCOCCOCCC[Si](C)(CCCOCCOCCOCCOCCOCCOCCOCCOC)OC,179.0,0.36679143,,,
1842699132,CNc1ccc(C(c2ccc(NC(=O)c3ccc4cc(C(C)=O)ccc4c3)cc2)(P2(=O)Oc3ccccc3-c3ccccc32)P2(=O)Oc3ccccc3-c3ccccc32)cc1,-18.0,0.36261641,,,
1843486758,CCC(C)OC(=O)C(F)(F)C(F)(F)F,52.5,0.31968743,,,
1844365452,CCCNC(=O)c1cccc(C(=O)NCCOc2cccc3c(OC)cccc23)c1,167.0,0.33080425,,,
1844848960,COc1ccc(Nc2ccc(N=Nc3ccc(Nc4ccc(C)cc4)cc3)cc2)cc1,-42.5,0.39236421,,,
1844857669,CCCc1ccc2c(-c3ccc(C)cc3)c3ccccc3c(-c3ccc(Oc4ccc5c(c4)C(c4ccc(N(c6ccccc6)c6ccccc6)cc4)(c4ccc(N(c6ccccc6)c6ccccc6)cc4)c4cc(OC)ccc4-5)cc3)c2c1,187.3941077,,,,
1845417873,Cc1cccc(P(C)(=O)c2cccc(N3C(=O)c4ccc(NC(=O)OCCOc5c(Br)cc(C(C)(C)c6cc(Br)c(OCCOC(=O)Nc7ccc8c(c7)C(=O)N(C)C8=O)c(Br)c6)cc5Br)cc4C3=O)c2)c1,268.0,0.37581743,,,
1845492886,CCC(C)(C)C(=O)OCCCCCCN1CCN(c2ccc(N=Nc3ccc([N+](=O)[O-])cc3)cc2)CC1,48.0,0.36331592,,,
1845526826,COC(c1ccccc1)C(C)(C)C(C)=O,65.42132156,,,,
1845530087,CCC(O)COc1ccc(S(=O)(=O)c2ccc(OCC(O)COc3cccc(OC)c3)cc2)cc1,218.0,0.33700601,,,
1846095810,CCC(C)(C)C(=O)OCCCCCOc1ccc2cc(C(=O)Oc3ccccc3)ccc2c1,,0.34387832,,,
1846410609,COC(=O)c1ccc(SCCCCSc2ccc(C(C)=O)cc2)cc1,18.5,0.36348377,,,
1846941939,COc1cccc(Oc2ccc(S(=O)(=O)c3ccc(C)cc3)cc2)c1,-3.0,0.3644213,,,
1847001719,CCCCOC(CC)C(C)(C(=O)OC)C(C)(C)C(=O)OC,289.0,0.36338101,,,
1847105802,CCC(C)(CC(=O)Oc1ccccc1)C(=O)Oc1ccccc1,278.0,0.34963263,0.154,1.099880838,11.69552442
1847970143,CCC(=O)NC(C)C(=O)OC,122.0,0.30707299,,,
1848016305,Cc1ccc2oc(-c3ccc(C(c4ccc(-c5nc6cc(C(C)(C(F)(F)F)C(F)(F)F)ccc6o5)cc4)(C(F)(F)F)C(F)(F)F)cc3)nc2c1,,0.42121884,,,
1848203526,CCCCCCCCCCNC(=O)c1cc(C)cc(N2C(=O)c3ccc(-c4ccc5c(c4)C(=O)N(C)C5=O)cc3C2=O)c1,91.0,0.36805739,,,
1848234898,CCC(C)c1ccc(COCCCCCCOc2ccc(-c3ccc(OC)cc3)cc2)cc1,332.0,,0.3,1.040782353,13.64379867
1848433590,CCCC[Si](C)(C)CCC[Si](C)(C)C,104.3,0.41861838,,,
1848774287,CCCC=C(C)C(C)(C)C,-66.4,0.39811867,0.154,,
1849021129,COc1ccc(C(c2ccc(Oc3ccc(C(=O)c4ccc(P(=O)(c5ccccc5)c5ccc(C(=O)c6ccc(C)cc6)cc5)cc4)cc3)cc2)(C(F)(F)F)C(F)(F)F)cc1,218.0,0.38280626,,,
1849183324,CCc1cccc2c1-c1ccccc1C2(c1ccc(NC)cc1)c1ccc(NC)cc1,83.5,0.37018602,,,
1849374402,COc1cc(Br)cc(Br)c1C,294.0,0.446758,,,
1849381724,CCCOC(C)CC,-17.16506937,,0.3,,
1849606830,CCCCCCC(c1ccc(O)cc1)C(C)c1ccc(O)cc1C,175.0,0.3564602,,,
1849651127,CCC=C(C)C(C)S(C)(=O)=O,124.0,0.37393533,,,
1849868582,CCC(C)(CC)COC(=O)CCCCCCCCC(=O)OC,,0.35879786,,,
1850000817,COC(CCl)C(C)CCl,243.0,0.38330248,,,
1850128396,CCCCCCOc1ccc(CCc2ccc(OC)cc2C)cc1,146.0,0.37161152,,,
1851184285,COC(=O)CNC(=O)CNC(=O)CCCCCCCCC(=O)NCC(=O)NCC(=O)OC1COC2C(C)COC12,48.0,0.31199652,,,
1851228821,CCCCCCCCC1(CCCCCCCC)c2cc(C)ccc2-c2ccc(-c3ccc(C)cc3F)cc21,62.0,0.41077909,,,
1851430426,Cc1cccc(C(=O)Nc2ccc(Oc3ccc(C(C)(C)c4ccc(Oc5ccc(NC(=O)c6cccc(N7C(=O)c8ccc(-c9ccc%10c(c9)C(=O)N(C)C%10=O)cc8C7=O)c6)cc5)cc4)cc3)cc2)c1,177.0,0.36210831,,,
1851457758,CCCC(C)(C)CC(C)CNC(=O)c1ccc(C(=O)NC)cc1,126.0,0.33983259,,,
1851478305,CNc1ccc(NC(=O)c2ccc(NC(=O)c3cc(NC(=O)C45CC6CC(CC(C6)C4)C5)cc(C(C)=O)c3)cc2)cc1,328.0,0.35065916,,,
1851842760,CCOC(CC)C(C(=O)OC)C(C)C(=O)OC,101.0,0.35037859,,,
1852114421,CCCCCCC(=O)N(C)CCC,336.0,0.37545125,,,
1852303181,CC=Cc1cc(OCCCCCCCCCCCC)c(C)cc1OC,34.0,0.38572378,,,
1852392195,CC[Si](C)(C)c1ccccc1,40.0,0.3722926,,,
1852502200,CCCN(CCN1C(=O)c2ccc(C(c3ccc4c(c3)C(=O)N(C)C4=O)(C(F)(F)F)C(F)(F)F)cc2C1=O)c1ccc(N=Nc2ccc([N+](=O)[O-])cc2)cc1,365.0,0.36663762,,,
1852654693,CCCCCCOc1ccc(OCCCCCc2nnc(-c3ccc(-c4nnc(C)o4)cc3)o2)c(C)c1,15.0,0.36383465,,,
1852734307,CNc1cc(NC)c(OC(=O)[C@H]2CC[C@@H](C(=O)Oc3cc(N)c(N)c(C)c3N)CC2)c(C)c1N,207.0,0.33922468,,,
1853131327,CCc1cc(Cc2ccc(Cc3ccc(NC)cc3)c(CC)c2)ccc1Cc1ccc(NC)cc1,236.0,0.35948061,,,
1853159363,CCc1ccc(CNC(=O)CCCCCCCCCCC(=O)NC)cc1,145.0,0.34867284,,,
1853589021,CNc1ccc2c(c1)[C@@]1(C)c3ccc(N)cc3[C@]2(C)c2cc(NC)ccc21,308.0,0.3829945,,,
1853676235,CC(F)(F)C(C)(OC(F)(F)F)OC(F)(F)F,32.0,0.30939912,,,
1854475288,CNc1ccc(C(CCc2ccccc2)c2ccc(NC)cc2)cc1,,0.3465212,,,
1854822078,CCC(C)C(=O)Nc1ccc(C(=O)C=Cc2cccc(Br)c2)cc1,95.0,0.36040488,,,
1854968322,Cc1ccc(Oc2ccc(S(=O)(=O)c3ccc(Oc4ccc(-c5c6c(c(C)c7ccccc57)C(=O)N(c5cccc(C(F)(F)F)c5)C6=O)cc4)cc3)cc2)cc1,129.0,0.38089404,,,
1855068918,CNc1ccc2cc3ccccc3c(NC)c2c1,136.0,0.33879068,,,
1855109187,COC(C)C#CC#CC(C)OC(=O)c1ccc(C(C)=O)cc1,155.0,0.39611075,,,
1855247636,COc1cccc(N(c2ccccc2)c2ccc(-c3ccc(N(c4ccccc4)c4cccc(OC(=O)OCCOCCOC(C)=O)c4)cc3)cc2)c1,257.0,0.37532958,,,
1855385483,Cc1ccc2c(c1)C(=O)N(c1ccc(Oc3ccc(N4C(=O)c5ccc(C(C)O[Si](C)(C)O[Si](C)(C)O[Si](C)(C)C)cc5C4=O)cc3)cc1)C2=O,148.0,0.40224563,,,
1855457163,CNc1ccc(-c2ccc(C(=C(c3ccccc3)c3ccccc3)c3ccc(-c4ccc(NC)cc4)cc3)cc2)cc1,365.0,0.37596721,,,
1856131378,CNS(N)(N)(NC)(c1ccccc1)c1ccccc1,48.0,0.3467735,,,
1856962369,CC(=O)c1ccc2c(c1)C(=O)N(c1ccc(C(=O)Nc3cccc(N4C(=O)c5ccc(C)cc5C4=O)c3)cc1)C2=O,10.0,0.35645832,0.299190121,1.280037721,25.5349463
1857016044,Cc1cc(Cc2cc(C)c(N3C(=O)c4ccc(Oc5c(C)cc(-c6cc(C)c(Oc7ccc8c(c7)C(=O)N(C)C8=O)c(C)c6)cc5C)cc4C3=O)c(C)c2)cc(C)c1C,218.0,0.41449337,,,
1857030958,Cc1ccc(C(C)(C)c2ccc(N3C(=O)c4ccc(Oc5ccc6ccc(Oc7ccc8c(c7)C(=O)N(C)C8=O)cc6c5)cc4C3=O)cc2)cc1,28.0,0.37497844,,,
1857184942,CNc1cc2c(cc1NC)C1c3cc(N)c(N)cc3C2c2cc(N)c(N)cc21,61.0,0.372622,,,
1857351068,Cc1ccc(Oc2ccc(Sc3ccc(Oc4ccc(-c5cccc(C)n5)cc4C(F)(F)F)cc3)cc2)c(C(F)(F)F)c1,95.0,0.39151592,,,
1857599978,Cc1ccc2oc(-c3cccc(-c4nc5cc(C(C)(c6ccccc6)C(F)(F)F)ccc5o4)c3)nc2c1,18.0,0.43815792,,,
1858324553,CCCCCCCCC1(CCCCCCCC)c2cc(NC)ccc2-c2ccc(NC)cc21,341.0,0.366300765,,,
1859484070,CCCCCCCOC(=O)CCCCCNC(=O)CCCCC(=O)NCCCCCC(=O)OC,105.0,0.34745359,,,
1860210048,CC(=O)c1ccc2c(c1)C(=O)N(c1cccc(C(=O)c3ccc(Cc4ccc(C(=O)c5cccc(N6C(=O)c7ccc(C)cc7C6=O)c5)cc4)cc3)c1)C2=O,,0.36437785,,,
1860317687,CNc1ccc(NC(=O)CCCCCCCCC(C)=O)cc1,85.0,0.34362682,,,
1860476282,COc1ccc(Oc2ccc(C=Nc3ccc(N=Cc4ccc(C)cc4)cc3)cc2)cc1,288.0,0.37280796,,,
1860497514,CNc1ccc(-c2c(-c3ccc(-c4ccccc4)cc3)c(-c3ccc(-c4ccccc4)cc3)c(NC)c(-c3ccc(-c4ccccc4)cc3)c2-c2ccc(-c3ccccc3)cc2)cc1,234.0,0.36269909,,,
1860569431,CCC(C)c1cccc(-c2ccc(-c3ccccc3)cc2)c1,-66.4,,0.1956666666666666,,
1860871285,Cc1ccc(S(=O)(=O)c2ccc(Oc3ccc(C)cc3N3C(=O)c4ccc(-c5ccc6c(c5)C(=O)N(C)C6=O)cc4C3=O)cc2)cc1,241.0,0.38583152,,,
1861224717,CCCCCCCOC(=O)OCCCCCCCCOC(=O)OCCCCCCOc1ccc(Oc2ccc(OC)cc2)cc1,42.0,0.35889601,,,
1861437880,COc1ccc(S(=O)(=O)c2ccc(Oc3c(C)cc(C(C)(C)c4cc(C)c(C)c(C)c4)cc3C)cc2)cc1,133.0,0.39688711,0.207453817,1.014775026,13.70570836
1861488768,CCC(C)OC(=O)C(Cc1ccc(OC)cc1)NC(=O)CCc1ccc(OC(=O)COCCOCC(C)=O)cc1,113.0,0.3394136,,,
1861741928,Cc1c(-c2ccccc2)c(-c2ccccc2)c(C)c2cc(C3(c4ccc(C#Cc5ccccc5)c(C#Cc5ccccc5)c4)c4ccccc4-c4ccccc43)ccc12,167.0,,,0.900037683,11.54976157
1861909022,CC(=O)OCC(C)(C)CSCC(C)(C)COC(=O)C1(C)CNC(C)(C)CN1,191.0,0.36496974,0.1956666666666666,,
1862037558,CCC(C)C(=O)N(C)c1ccccc1,,,0.1775,1.036978669,11.67331343
1862323787,CCCCCCCCCOC(=O)c1ccc(C(=O)OC)cc1,311.0,0.35607597,,,
1862970059,CNc1ccc(-c2ccc(NC(=O)c3ccc(C(C)=O)cc3)cc2)cc1,105.0,0.34911211,,,
1863175243,CCCCNC(=O)C(OC)C(OC)C(=O)NC,48.0,0.31506853,,,
1863577619,COc1cccc(NC(=O)c2cc(C(=O)Nc3ccc(C)cc3)cc(C(F)(F)C(F)(F)C(F)(F)C(F)(F)C(F)(F)C(F)(F)C(F)(F)C(F)(F)F)c2)c1,62.0,0.33721798,,,
1863578660,CCCCCC(C(=O)OC)C(=O)OCCOCCC,177.0,0.35852428,,,
1863583230,CCC(C)(C)C(=O)OC(F)(C(F)(F)F)C(F)(F)Cl,97.5,,0.069,1.322806827,14.48982121
1863818535,CCCOc1cc(C(=O)OCCN(CCC)c2ccc(C=C(C#N)C#N)cc2)ccc1C(=O)OC,132.0,0.35424563,,,
1863923314,CCC(O)COc1ccc(C(C)(C)c2ccc(OCC(O)COc3ccccc3C(=O)Nc3ccc(OC)cc3)cc2)cc1,54.6,0.34086664,,,
1864041202,CCCCOC(=O)c1ccccc1N1C(=O)C(C)C(C)C1=O,336.0,0.37158832,,,
1864197716,COc1c(C)cc(C(C)(C)c2cc(C)c(OC(=O)c3ccc(C(C)=O)cc3)c(C)c2)cc1C,245.1,0.39431974,,,
1864288375,CNc1ccc(Br)cc1-c1ccc(NC(=O)c2cccc(C(C)=O)c2)cc1,,0.36146384,,,
1864402555,COc1ccc(Oc2ccc(NC(=O)c3ccc(-c4ccc(C(=O)Nc5ccc(C)cc5)c(C)c4)cc3C)cc2)cc1,-46.0,0.35817189,0.069,,
1864430039,CCc1cc(C)c(CNC(=O)CCCCCCC(=O)NC)cc1C,,0.34359188,,,
1864529364,CCC[Si](C)(CC)CCC,207.0,0.40187734,,,
1864581969,CCC(C)C(=O)N(C)C,-17.0,0.34373514,0.2125,0.999160184,14.4722603
1864702589,CCCN(CCOC(=O)NCCCCCCNC(=O)OC)c1ccccc1,170.0,0.34103383,,,
1864783652,Cc1ccc(Oc2ccc(C(=O)c3ccc(Oc4ccc(C(=O)c5ccc(Oc6ccc(-c7cc(C)n(-c8ccccc8)n7)cc6)cc5)cc4)cc3)cc2)cc1,44.0,0.3855566,,,
1864971169,Cc1ccc(Oc2ccc(C(=O)c3ccc(Oc4ccc(-c5cc(C)[nH]n5)cc4)cc3)cc2)cc1,16.0,0.3828364,,,
1865123528,CCC(C)c1cc(C(C)(C)c2ccc(OC(=O)c3ccc(C(C)=O)cc3)c(C(C)CC)c2)ccc1OC,40.0,0.39963061,,,
1865362645,CCCCCCCCCCCOC(=O)CCCCS(=O)(=O)CCCCC(=O)OC,37.87494117,,0.278,,
1865534172,COc1ccc(OC(=O)c2ccc(C(C)=O)cc2Oc2ccc(C3CCCCC3)cc2)cc1,95.0,0.36193603,0.2125,,
1865789709,CCOc1ccc(C(C)(C)c2ccc(Oc3ccc(C)n3-c3ccc(C#N)cc3)cc2)cc1,15.4,0.3718604,,,
1865790148,Cc1cc(C)c(N2C(=O)c3cccc(Oc4c(C)cc(-c5cc(C)c(Oc6cccc7c6C(=O)N(C)C7=O)c(C)c5)cc4C)c3C2=O)c(C)c1C,47.0,0.39910552,,,
1865960070,CCC(C[Si](C)(C)C)c1ccccc1,34.0,0.38874361,,,
1866518598,CCCCOC(=O)C(Cc1ccc(OC)cc1)NC(=O)CCc1ccc(OC(C)=O)cc1,257.0,0.34652373,,,
1866896884,CCC(C)(CC(=O)OCCOCCOCCOC)C(=O)OCCOCCOCCOC,148.0,0.33995573,0.278,,
1867066449,CCCOC(=O)c1ccc2ccc(C(=O)OC)cc2c1,365.0,0.33503651,,,
1867844121,CNc1ccc(C2(c3ccc(NC)cc3)CCC(Cc3ccccc3)CC2)cc1,50.0,0.35467906,,,
1867867984,Cc1cc(C)c(N2C(=O)c3cccc(Oc4ccc(C(C)(C)c5ccc(Oc6cccc7c6C(=O)N(C)C7=O)cc5)cc4)c3C2=O)c(C)c1C,10.0,0.38678504,,,
1868095680,CCC(C)(C)C(=O)OCCCCc1ccc(N=Nc2ccc(OC(F)(F)F)cc2)cc1,239.0,0.35542759,,,
1868650247,CCN(c1ccccc1)c1nc(C)nc(Oc2ccccc2C(=O)Oc2ccc(OC(=O)c3ccccc3OC)cc2)n1,146.7365026,,,,
1868729394,Cc1ccc(NC(=O)CCCCCCCCC(=O)Nc2ccc(S(C)(=O)=O)cc2)cc1,219.0,0.348619,,,
1869058141,CCC(O)COc1c(Cl)cc(C(C)(C)c2cc(Cl)c(OCC(O)COc3ccc(C(C)(C)c4ccc(OC)cc4)cc3)c(Cl)c2)cc1Cl,95.0,0.36154236,,,
1869058674,CNc1ccc(C(C)(Cc2ccccc2)c2ccc(NC)cc2)cc1,-41.0,0.35508856,,,
1869415100,CCCCCCCOc1ccc(C(=O)Nc2ccc(-c3ccc(NC(=O)c4ccc(OC)cc4)c(Cl)c3)cc2Cl)cc1,133.9866306,,,,
1869493071,Cc1ccc(Oc2ccc(-c3c4ccccc4c(-c4ccc(Oc5ccc(-c6c7c(c(C)c8ccccc68)C(=O)N(c6ccccc6)C7=O)cc5)c(C(F)(F)F)c4)c4ccccc34)cc2C(F)(F)F)cc1,105.0,0.3887442,,,
1869593647,CC(=O)c1ccc(N(C)C)cc1,190.0,0.37772289,,,
1869660806,CNc1cc(C)c(Cc2ccc(CCCCCc3ccc(Cc4c(C)cc(NC)cc4C)cc3)cc2)c(C)c1,-60.0,0.36173822,,,
1870206037,CNc1c(S(=O)(=O)O)cc2cc(S(=O)(=O)O)c(N)c(O)c2c1NC,90.0,0.32302544,,,
1870504474,CNc1ccc(C(C)(C)C(C)(C)c2ccc(NC)cc2)cc1,,0.35566412,,,
1870599069,CCC(C)C(=O)OC1CC2CCC1(C)C2(C)C,113.0,0.38692751,,,
1870681436,CNc1ccc2cc(C(C)(C)C)ccc2c1-c1c(NC)ccc2cc(C(C)(C)C)ccc12,280.5,0.38263341,,,
1870773223,CC(=O)c1ccc2c(c1)C(=O)N(c1cc(N3C(=O)c4ccc(C)cc4C3=O)c(C)cc1C)C2=O,325.0,0.39477416,,,
1870860682,CCCCCCCCCCCCCCCC(=O)OC(C)CC,133.0,,0.319,0.858717726,12.0896889
1871148344,CCCCCCSC(C)=C(C)C,113.0,0.41450621,,,
1871161866,Cc1ccc(Oc2ccc(-c3ccc(Oc4ccc(N5C(=O)c6ccc(Oc7ccc(Oc8ccc9c(c8)C(=O)N(C)C9=O)cc7)cc6C5=O)cc4)cc3)cc2)cc1,167.0,0.36844586,,,
1871349402,COc1ccc(S(=O)(=O)c2ccc(Oc3ccc(C=NN=Cc4ccc(C)cc4)cc3)cc2)cc1,119.0,0.37217659,,,
1871484696,COc1ccc(C2(c3ccc(Oc4ccc(C(=O)c5ccccc5)c(-c5cc(C)ccc5C(=O)c5ccccc5)c4)cc3)c3ccccc3-c3ccccc32)cc1,,0.39595329,,,
1871505743,CC(=O)OCCN(CCOC(=O)c1ccc2c(c1)C(=O)N(c1ccc(N=Nc3ccc(C(C#N)=C(C#N)C#N)cc3)c(N3C(=O)c4ccc(C)cc4C3=O)c1)C2=O)c1ccc(C(C#N)=C(C#N)C#N)cc1,311.0,0.36727055,,,
1871588823,Cc1ccc(Oc2ccc(N3C(=O)c4ccc(Oc5ccc(C(c6ccc(Oc7ccc8c(c7)C(=O)N(C)C8=O)cc6)(C(F)(F)F)C(F)(F)F)cc5)cc4C3=O)cc2)cc1,420.0,0.37110373,0.319,1.302606771,25.48483407
1871708716,CCC(C)C(=O)Oc1ccc(C(=O)c2ccc(Cl)cc2)cc1,247.0,0.35501942,,,
1872303483,[2H]C([2H])=C([2H])C([2H])(C)C([2H])([2H])C,72.34,0.39062915,,,
1872457449,COc1cccc(NC(=O)c2cc(C(=O)Nc3ccc(C)cc3)cc(C(F)(F)C(F)(F)C(F)(F)C(F)(F)F)c2)c1,144.5,0.34349195,,,
1872607825,Cc1ccc(OC(=O)c2ccc([Si](C)(C)c3ccc(C(=O)Oc4ccc(C5(C)c6ccccc6C(=O)N5c5ccccc5)cc4)cc3)cc2)cc1,301.0,0.39364264,,,
1872649544,CCC(COC(=O)CCCCCN1C(=O)C2C3C=CC(C3)C2C1=O)OC,,0.33852716,,,
1872652115,CNc1ccc(C2(c3ccc(NC)cc3)C[C@H](C)CC(C)(C)C2)cc1,-7.0,0.36369292,,,
1873242473,CCC(C)(C)C(=O)OCCCCCCOc1ccc(C(=O)Oc2ccc(N=Nc3ccc(F)cc3)c3ccccc23)cc1,260.5,0.35605621,,,
1873390978,CCOC(CC)C1(C)C(=O)OC(=O)C1(C)C,125.0,0.32300959,,,
1873610912,Cc1ccc2c(c1)C(=O)N(c1ccc(S(=O)(=O)c3ccc(S(=O)(=O)c4ccc(S(=O)(=O)c5ccc(N6C(=O)c7ccc(C(C)(C(F)(F)F)C(F)(F)F)cc7C6=O)cc5)cc4)cc3)cc1)C2=O,,0.37485249,,,
1873714666,CNc1ccc2ccc3cccc4cc(NC)c1c2c34,,0.33162046,,,
1873866400,CCCN1C(=O)C(=CC=C2SC(=S)N(C)C2=O)SC1=S,164.0140939,,,,
1874165813,CNc1ccc(C2(c3ccc(NC)cc3)c3ccccc3-c3c(C)cccc32)cc1,281.0,0.36740099,,,
1874299815,CNc1ccc(-c2cc(-c3ccccc3)c(NC)c(N)c2-c2ccccc2)cc1N,-17.0,0.35451477,,,
1874313702,CCCCC(C)(C)CNC(=O)C(=O)NC,231.3,0.3260029,,,
1876018160,Cc1ccc(Oc2ccc(C(C)(C)c3ccc(Oc4ccc(-c5nnc(C)n5-c5ccccc5)cc4)cc3)cc2)cc1,44.0,0.38502718,,,
1876711098,COc1ccc(Oc2ccc(Oc3ccc(C(=O)c4ccc(C)cc4)cc3)cc2)cc1,230.0,0.37206623,,,
1876833893,CCCCCCCCCCCCCCc1ccc(C(C)CC)cc1,40.0,0.40253381,0.3399999999999999,0.848186437,12.56559059
1877102749,CCC(F)(F)C(F)(F)C(F)(F)C(F)(F)COC(=O)NCC(F)(F)C(F)(F)C(F)(F)C(F)(F)CNC(=O)OC,215.0,0.30099588,,,
1877161213,CCc1cc(C)c(O)cc1C,12.40187977,,0.226688307,1.098554283,17.14107103
1877302307,CCC(C)(C)COC(=O)NC(=O)c1ccc(C(=O)NC(=O)OC)cc1,340.0,0.31265064,,,
1877327739,CCCCCCCCOC(=O)C(C)(C)CC,123.0,,0.2415,0.891484349,11.61104884
1877647340,CCCCCCCCCCNC(=O)NC,210.0,0.35715169,,,
1877844504,CNc1ccc2c(-c3c(C)c(N)c(C)c(NC)c3C)c(N)ccc2c1,-47.0,0.36932958,0.3399999999999999,,
1877921112,CCC(C)(CC(=O)OCCCCl)C(=O)OCCCCl,255.0,0.3535211,,,
1877965717,COc1ccc(S(=O)(=O)c2ccc(Oc3ccc(C(c4ccc(C)cc4)(C(F)(F)F)C(F)(F)F)cc3)cc2)cc1,94.0,0.37375522,0.162123893,1.323061114,21.28766673
1878179811,COc1ccc(CC(C)=O)cc1,121.0,0.3454687,,,
1878617864,Cc1cccc(-c2nc3ccc(-c4ccc5nc(C)sc5c4)cc3s2)c1,181.0,0.46119303,0.2415,,
1878660713,CC(=O)c1ccc2c(c1)C(=O)N(c1ccc(Oc3ccc(N4C(=O)c5ccc(C)cc5C4=O)cc3-c3cc(F)c(F)c(F)c3)c(-c3cc(F)c(F)c(F)c3)c1)C2=O,239.0,0.38343995,,,
1878904563,CNCCCOCCOCCOCCCNC,253.0,0.3255813199999999,,,
1879018576,CNC1=C(N)N[C@H](N)C(=O)[C@H](NC)N1,219.0,0.29477936,,,
1879180798,C=C1C[C@@]2(NC)Cc3c(O)cccc3C[C@]2(N)[C@]1(C)NC,,0.33242571,,,
1879773381,COc1ccc(C=C2CCC(=Cc3ccc(OC(=O)c4ccc(N=Cc5ccc(C=Nc6ccc(C(C)=O)cc6)cc5)cc4)cc3)C2=O)cc1,-41.0,0.36680398,,,
1880766912,COc1ccc(CC(NC(=O)CCc2ccc(OC(=O)COCC(C)=O)cc2)C(=O)OCC(C)C)cc1,114.0,0.33925962,,,
1881186822,CNc1ccc(C2(c3ccc(NC)cc3)c3ccc(C)cc3-c3ccc(C)cc32)cc1,31.9,0.37924418,,,
1881349845,COc1ccc(C(C)(C)c2ccc(Oc3cncc(C)n3)cc2)cc1,190.0,0.35753445,,,
1881434698,CNc1c2ccccc2c(-c2c3ccccc3c(NC)c3c(-c4ccc(C)cc4)c(-c4ccc(C)cc4)c(-c4ccc(C)cc4)c(-c4ccc(C)cc4)c23)c2ccccc12,229.0,0.39299822,,,
1881628793,CCC(C)C(=O)Oc1ccccc1C(=O)OC,90.0,0.33186429,0.219785117,1.217023565,14.82615356
1881927203,CCCOC(=O)c1ccc(C(=O)OCCOc2ccc(C(C)(C)c3ccc(OC)cc3)cc2)cc1,20.0,0.34444131,,,
1881954049,Cc1ccc2c(c1)-c1cc(-c3nc4cc(-c5ccc6[nH]c(C)nc6c5)ccc4[nH]3)ccc1S2(=O)=O,355.5073659,,0.266970833,1.212814908,22.43049231
1882117628,COC1C(COC(=O)Nc2ccccc2)OC(C)C(OC(=O)Nc2ccccc2)C1OC(=O)Nc1ccccc1,73.13,0.3414528,,,
1882780589,CCCCC(=O)N(C)CCC,325.0,0.36217869,,,
1882791294,Cc1ccc(-c2cc(CCCCCCOC(=O)COc3ccccc3)c(C)s2)s1,-5.0,0.37333341,,,
1882863686,[2H]C(=C(C)C([2H])([2H])[2H])C([2H])([2H])C([2H])([2H])C,67.0,0.40600876,,,
1883003333,CCC(C)(C)c1ccc(C#N)cc1,-19.0,0.3935561,,,
1883635741,COc1ccc(-c2ccc(N=Nc3ccc(C(C)=O)cc3)cc2)cc1,119.0,0.36731588,,,
1883833244,COc1ccc(C2(c3ccc(Oc4ccc(C(=O)c5cccc(-c6cccc(C(=O)c7ccc(C)cc7)c6)c5)cc4)cc3)c3ccccc3-c3ccccc32)cc1,117.0,0.38241447,,,
1883909955,CCCCCCCCc1cc(-c2ccc(C)s2)sc1-c1ccc(-c2ccc(-c3sc(-c4ccc([Si](C)(C)[Si](C)(C)C)s4)cc3CCCCCCCC)s2)s1,495.0,0.44805866,,,
1884578116,CNCCC[C@@H](C)CNC,,0.32730151,,,
1885691849,CCC(C)OC(=O)c1cccc(OC)c1,,0.33959116,,,
1885797446,CCOC(=O)C(C)CC,72.34,,0.2305,1.001646084,14.48303439
1885836114,CCC(C)C(C(=O)Nc1cc(C(C)=O)cc(C(=O)Nc2ccc(Cc3ccc(NC)cc3)cc2)c1)N1C(=O)c2ccccc2C1=O,100.0,0.35394467,,,
1885883959,CNc1ccc(-c2cc(-c3ccccc3)c(NC)c(-c3ccccc3)c2-c2ccccc2)cc1,,0.36380664,,,
1886025191,Cc1ccc(-c2nc3ccc(S(=O)(=O)c4ccc5nc(C)c(-c6ccccc6)nc5c4)cc3nc2-c2ccccc2)cc1,72.0,0.44809167,,,
1886122212,Cc1cccc(N2C(=O)c3c(c(-c4ccccc4)c(-c4ccc(-c5c(-c6ccccc6)c6c(c(-c7ccccc7)c5-c5ccccc5)C(=O)N(C)C6=O)cc4)c(-c4ccccc4)c3-c3ccccc3)C2=O)c1,361.0,0.40285213,,,
1886386616,CCCCCCCNC(=O)CCCCC(=O)NCC(=O)NC,197.0,0.32496558,,,
1887035673,COc1cc(C(C)(C)C)c(Oc2ccc(C(=O)Nc3c(C)cc(C(C)(C)c4cc(C)c(NC(=O)c5ccc(C)cc5)c(C)c4)cc3C)cc2)cc1C(C)(C)C,,0.39461572,0.2305,1.001547997,24.02170646
1887357028,CC=Cc1ccc(C)c(OCc2cc(OCCC(C)CCCC(C)C)cc(OCC(CC)CCCC)c2)c1,46.0,0.38283188,,,
1887528434,CNc1ccccc1C1(c2ccccc2NC)CCCCC1,83.0,0.3550744,,,
1887598982,CCC(C)C(=O)Nc1ccc(Cl)cc1,100.0,0.35389835,,,
1887729559,COC(=O)C1CCC(C(=O)OC2COC3C(C)COC23)CC1,217.0,0.3404303,,,
1887902393,CNc1cccc(NC(=O)c2ccc(C(=O)Nc3ccc(C(=O)NC(C)=S)cc3)cc2)c1,305.0,0.33864713,,,
1887990999,CCC(COc1ccc(C(C)(C)c2ccc(OC)cc2)cc1)OC(=O)c1ccccc1Cl,79.0,0.35506882,,,
1888278720,CCCC(=O)Nc1ccc(Oc2ccc(Oc3ccc(NC(=O)CCN4C(=O)c5ccc(C(=O)c6ccc7c(c6)C(=O)N(C)C7=O)cc5C4=O)cc3)cc2)cc1,,0.33989797,,,
1888293192,CNc1ccc(C(c2ccc(NC)cc2)c2ccc(C(C)(C)C)cc2)cc1,230.0,0.36825917,,,
1888415409,Cc1cccc(N2C(=O)C(=O)N(c3ccc(Cc4ccc(N5C(=O)C(=O)N(C)C5=O)cc4)cc3)C2=O)n1,,0.36326196,,,
1888603184,COc1ccc(C(=O)c2ccc(NC(=O)c3cccc(C(=O)Nc4ccc(C(=O)c5ccc(C)cc5)cc4)c3)cc2)cc1,215.0,0.35450759,,,
1888669156,CNc1ccc(-c2c3ccccc3c(-c3cccc(NC)c3)c3ccccc23)cc1,12.0,0.36094997,,,
1888885498,CN=P(C)(OCC=Cc1ccccc1)OCC=Cc1ccccc1,257.0,0.36094292,,,
1889214322,CCCCCCCCC1(CCCCCCCC)c2cc(C)ccc2-c2ccc(-c3ccc4c(c3)C3(CC(C)(C)CC(C)(C)C3)c3cc(C)ccc3-4)cc21,78.0,0.41639141,,,
1889222328,CNc1cc(SCCC#N)c(NC(=O)c2ccc(C(C)=O)cc2)cc1SCCC#N,214.7483216,,,,
1889579812,COc1ccc(C(=O)O)c(C(=O)Nc2ccc(NC(=O)c3cc(C)ccc3C(=O)O)cc2)c1,230.0,0.31304057,,,
1890198796,CCC(c1ccccc1)C1C(=O)N(CCCCNC(=O)C(F)(F)C(F)(F)C(F)(F)C(F)(F)C(F)(F)C(F)(F)C(F)(F)F)C(=O)C1C,255.0,0.32992256,,,
1890222826,CCC(COc1ccc(C(C)(c2ccccc2)c2ccc(OC)cc2)cc1)OC(=O)c1ccccc1,1.0,0.35693176,,,
1890528933,Cc1ccc2c(c1)C(=O)N(c1ccc(Oc3ccc(N4C(=O)c5ccc(C(C)(C(F)(F)F)C(F)(F)F)cc5C4=O)cc3Br)c(Br)c1)C2=O,416.0,0.41164319,,,
1890730007,CC(=O)c1ccc2c(c1)C(=O)N(c1ccc(Oc3ccc(C(=O)c4ccc(Oc5ccc(N6C(=O)c7ccc(C)cc7C6=O)cc5)cc4)cc3)cc1)C2=O,53.4,0.37306628,,,
1891219046,CNc1ccc(-c2cccc(-c3ccccc3NC)c2)cc1C1=CCCCC1,244.0,0.35958468,,,
1891267124,CCCCCCCCC(=O)OC1COC(C)OC1,327.0,0.35442774,,,
1891268046,CCCCCCCCCCCNC(=O)CCCCC(=O)NC,,0.35535197,,,
1891270134,CC(=O)Nc1ccc(C(c2ccc(NC(=O)c3ccc4c(c3)C(=O)N(c3c(C)cc(C)c(N5C(=O)c6ccc(C)cc6C5=O)c3C)C4=O)cc2)(C(F)(F)F)C(F)(F)F)cc1,76.0,0.37180888,,,
1891991846,CC(=O)Nc1ccc(NC(=O)c2ccc3c(c2)C(=O)N(c2ccc(-c4sc(-c5ccc(N6C(=O)c7ccc(C)cc7C6=O)cc5)c(-c5ccccc5)c4-c4ccccc4)cc2)C3=O)cc1,121.0,0.39311004,,,
1892436354,COP(=O)(Oc1ccc(Br)cc1)OC(CCl)COc1ccc(S(=O)(=O)c2ccc(OCC(C)CCl)cc2)cc1,273.0,0.3602855,,,
1892438799,Cc1cc(-c2cc(C)c(N3C(=O)c4ccc(Oc5cc6ccccc6cc5Oc5ccc6c(c5)C(=O)N(C)C6=O)cc4C3=O)c(C)c2)cc(C)c1C,109.0,0.38934069,,,
1892522189,CNc1ccc([C@]2(c3ccccc3)CC[C@H](NC)CC2)cc1,207.0,0.34589131,,,
1892682102,CC(=O)Nc1ccc(Oc2ccccc2-c2ccccc2Oc2ccc(NC(=O)c3ccc4c(c3)C(=O)N(c3ccc(Oc5ccc(-c6ccc(Oc7ccc(N8C(=O)c9ccc(C)cc9C8=O)cc7)cc6)cc5)cc3)C4=O)cc2)cc1,150.5,0.35822552,,,
1893126159,Cc1ccc(Oc2ccc(C(C)(C)c3ccccc3)cc2)c(N2C(=O)c3ccc(-c4ccc5c(c4)C(=O)N(C)C5=O)cc3C2=O)c1,-36.0,0.39256327,,,
1893396253,CCC(C)(C)C(=O)OCCCCCCCCCCCOc1ccc(C(=O)Oc2ccc(C#N)cc2)cc1,20.0,0.3618429,,,
1893806393,Cc1ccc(Sc2ccc(Sc3ccc(Sc4ccc(N5C(=O)c6ccc(Oc7ccc8c(c7)C(=O)N(C)C8=O)cc6C5=O)cc4)cc3)cc2)cc1,,0.37860625,,,
1893896764,CCCCOC(=O)NCCCCCCNC(=O)OC,102.0,0.33011168,,,
1894105114,Cc1ccc(Oc2ccc(C(C)(C)c3ccc(Oc4ccc(N5C(=O)c6ccc(Oc7ccccc7Oc7ccc8c(c7)C(=O)N(C)C8=O)cc6C5=O)cc4C(F)(F)F)cc3)cc2)c(C(F)(F)F)c1,-11.0,0.37120514,,,
1894241731,Cc1ccc(-c2ccc(-c3ccc4c(c3)C(=O)N(c3ccc(Oc5ccc(N6C(=O)c7ccc(C)cc7C6=O)cc5)cc3)C4=O)cc2)cc1,357.2965065,,,,
1894260096,CCCOC(=O)Nc1ccc(C)c(NC(=O)OCCOc2ccc(C3(c4ccc(OC)cc4)c4ccccc4-c4ccccc43)cc2)c1,166.3,0.35870068,,,
1894298006,CCCCCOC(=O)OC,47.0,0.33188575,,,
1894369854,CC(=O)c1ccc2c(c1)C(=O)N(c1ccccc1Cc1ccccc1N1C(=O)c3ccc(C)cc3C1=O)C2=O,199.7,0.37730051,,,
1894651804,CCC/C=C\C[Si](C)(C)c1ccccc1,117.0,0.37572557,,,
1894705136,CCC(C)(CC(=O)OCCCl)C(=O)OCCCl,495.0,0.35304556,,,
1895063835,CCC(C)(C)C(=O)OCCCCCCOc1ccc(C(=O)Oc2ccc(OC)cc2)cc1,,0.34298576,,,
1895073862,CNN(NC)c1nc2nc(N)n(N)c2c(=O)n1N,6.5,0.33967082,,,
1895904608,CCC(C)(C)C(=O)OCCCCC(F)(F)C(F)(F)C(F)(F)C(F)(F)C(F)(F)C(F)(F)F,45.0,0.34149841,,,
1895946693,CNc1ccc(C2(c3ccc(NC)cc3)CCCCC2)cc1,250.0,0.352691375,,,
1896402362,CNc1cccc(C2(c3cccc(NC)c3)c3cccc(N)c3-c3c(N)cccc32)c1,333.0,0.36736588,,,
1896761463,CCC(C)(F)C(=O)OCC(Cl)(Cl)Cl,72.0,0.36380773,,,
1896795195,CCC(C)(C)C(=O)OCc1ccc(Cl)c(Cl)c1,308.0,0.35729851,0.142399015,1.273551555,16.5647974
1896863943,CCCCNC(=O)C(C)CC,-84.72234668,,0.252,0.938352718,11.69729541
1897620577,CCC(CCCCCCOc1ccc(N=Nc2ccc(C#N)cc2)cc1)COC(=O)CCCCCCCCCCCCC(=O)OC,239.0,0.37422275,,,
1897678696,CNc1ccc(-c2cc(-c3ccc(N)cc3C)cc(-c3ccc(NC)cc3C)c2)c(C)c1,46.0,0.3665509,,,
1898005321,COc1ccc(OC(=O)c2cc(OCCCCCCCCCCOCC3CCCN3c3ccc([N+](=O)[O-])cc3)c(C(C)=O)cc2OCCCCCCCCCCOCC2CCCN2c2ccc([N+](=O)[O-])cc2)cc1,83.0,0.35740991,,,
1898276477,CNc1c(C)c(C)c(NC)c(C)c1C,202.65,0.358234115,,,
1898882612,Cc1ccc(Oc2ccc(C(c3ccc(Oc4ccc(-c5nnc(C)n5-c5ccc(S(=O)(=O)c6ccccc6)cc5)cc4)cc3)(C(F)(F)F)C(F)(F)F)cc2)cc1,217.0,0.38778693,,,
1899186076,CCC(C)(C)C(=O)OCC#N,13.0,0.34496113,0.252,,
1899283335,CNc1ccc(C2(c3ccc(NC)cc3)CCC(c3ccccc3)CC2)cc1,79.0,0.35979083,,,
1899317427,CNc1ccc(-c2ccc3c(c2)Cc2cc(-c4ccc(NC)cc4)ccc2-3)cc1,175.0,0.35324332,,,
1899542074,CNc1ccc(Oc2ccc(Oc3ccc(NC)cc3)cc2)cc1,-27.0,0.34207479,,,
1899805345,Cc1ccc(S(=O)(=O)c2ccc(N3C(=O)c4ccc(Oc5ccc(Oc6ccc7c(c6)C(=O)N(C)C7=O)cc5)cc4C3=O)cc2)cc1,285.0,0.37206613,,,
1899839615,CNc1ccc(-c2ccc(NC)c(O)c2)cc1O,212.0,0.31809801,,,
1900067504,CCCCCOC(=O)c1ccc(NC=Nc2ccc(C(=O)OC)cc2)cc1,12.0,0.35909112,,,
1900387245,COc1ccc(-c2ccc(-c3ccc(Oc4ccc(C(C)(C)c5ccc(C)cc5)cc4)c(C(F)(F)F)c3)cc2)cc1C(F)(F)F,46.0,0.37983546,,,
1901476786,CC(=O)Nc1ccc(-c2ccc(NC(=O)c3ccc4c(c3)C(=O)N(c3ccc(Oc5cccc6c(N7C(=O)c8ccc(C)cc8C7=O)cccc56)cc3)C4=O)cc2)cc1,44.0,0.36485895,,,
1901480658,CCCCCOC(=O)NCCCCCCNC(=O)OCCCCOc1ccc(N=Cc2ccc(C(=O)Oc3ccc(C=Nc4ccc(OC)cc4)cc3)cc2)cc1,-34.25655466,,,,
1901756978,CC(=O)Nc1ccc(-c2ccc(NC(=O)c3ccc4c(c3)C(=O)N(c3cccc(P(=O)(c5ccccc5)c5cccc(N6C(=O)c7ccc(C)cc7C6=O)c5)c3)C4=O)cc2)cc1,195.0,0.36549109,,,
1901878899,CCCCCCCOC(=O)C(CCCCCCP(=O)(O)O)C(=O)OCCCCCCOc1ccc(-n2on2-c2ccc(OC)cc2)cc1,,0.35235981,,,
1902063591,CC(=O)OCCCCOC(=O)c1ccc(NC(=O)c2ccc(N3C(=O)c4ccc(C)cc4C3=O)cc2)cc1,345.0,0.34037941,,,
1902122155,COc1ccc(S(=O)(=O)c2ccc3ccc(S(=O)(=O)c4ccc(C)cc4)cc3c2)cc1,416.0,0.36906396,,,
1902160651,CNc1ccc(/C=C/c2cccc3c(/C=C/c4ccc(NC)cc4)cccc23)cc1,53.4,0.353423605,,,
1903144609,CC(=O)c1ccc2c(c1)C(=O)N(c1cccc(C(c3cccc(N4C(=O)c5ccc(C)cc5C4=O)c3)(C(F)(F)F)C(F)(F)F)c1)C2=O,295.0,0.37194181,,,
1903600886,CCC1=C(CC)[C@H](NC)c2cccc3ccc(NC)c1c23,,0.35278804,,,
1903713432,CCC(C)C(C)COC(=O)c1ccc(C(=O)OC)cc1,30.0,0.34746292,,,
1904729380,CNc1ccc2c(C)c3c(C)c(C)c(NC)c(C)c3cc2c1,76.0,0.3506461,,,
1905028152,CNc1ccc(Cc2ccc(-c3ccccc3Cc3ccc(NC)cc3)cc2)cc1,121.0,0.35309577,,,
1905216047,COc1ccc(Oc2ccc(NC(=O)c3ccc(C(=O)Nc4ccc(C)cc4)cc3)cc2)cc1,203.5999878,,,,
1905277968,CC(=O)Nc1ccc(Oc2ccccc2-c2ccccc2Oc2ccc(NC(=O)c3ccc4c(c3)C(=O)N(c3ccc(Cc5ccc(N6C(=O)c7ccc(C)cc7C6=O)cc5)cc3)C4=O)cc2)cc1,66.0,0.36364595,,,
1905422493,Cc1ccc(Oc2ccc(C(C)(C)c3ccc(Oc4ccc(-c5ccc(C)s5)cc4C(F)(F)F)cc3)cc2)c(C(F)(F)F)c1,221.0,0.41103531,,,
1905713032,CNc1ccc2c(-c3ccccc3)c(NC)c(-c3ccccc3)c(-c3ccccc3)c2c1-c1ccccc1,,0.37513122,,,
1906030698,CCCCOc1cc(C)cc(N2C(=O)c3ccc(Oc4ccc5c(c4)C(=O)N(C)C5=O)cc3C2=O)c1,237.0,0.37507763,,,
1906044444,Cc1ccc(Oc2ccc(C3(c4ccc(Oc5ccc(-c6nnc(C)c7c(-c8ccc(F)cc8)c(-c8ccc(F)cc8)c(-c8ccc(F)cc8)c(-c8ccc(F)cc8)c67)cc5)cc4)c4ccccc4-c4ccccc43)cc2)cc1,214.0,0.41682374,,,
1906060970,CNc1c(-c2ccccc2)c(-c2ccccc2)c2ccccc2c1NC,,0.36229869,,,
1906506911,CNc1ccc(-c2cccc3cccc(-c4ccc(NC)cc4)c23)cc1,192.0,0.3474253,,,
1906633153,CNc1ccc(NC(=O)CCCCCC(C)=O)cc1,301.0,0.3281237,,,
1906906209,CNc1cc2c(-c3ccccc3)c3c(-c4ccccc4)c4cc(NC)c(N)cc4c(-c4ccccc4)c3c(-c3ccccc3)c2cc1N,,0.36326244,,,
1907401274,CCC(C)C(=O)Nc1ccc(C(=O)C=Cc2ccc(Br)cc2)cc1,166.3,0.36262044,,,
1907558248,CCCC(=O)OC(=O)CCc1ccc(C)o1,113.0,,0.216,,
1907646642,CC(=O)c1ccc2c(c1)C(=O)N(c1ccc(Sc3ccc(N4C(=O)c5ccc(C)cc5C4=O)cn3)nc1)C2=O,126.0,0.3708683,,,
1907952467,CCCCCCCCCCCCCCCCCCOC(=O)c1cc(NC(=O)c2ccc(NC(=O)CCCCCCCCCCC(=O)Nc3ccc(C(C)=O)cc3)cc2)ccc1NC,299.0,0.36305702,,,
1908228365,CCCCCCCC(=O)NCc1ccc(CNC(=O)CCCCCCSC)cc1,252.0,0.36267887,,,
1908364684,CNc1ccc(-c2cccc3ccccc23)c(-c2ccccc2)c1NC,239.0,0.35996757,,,
1908775119,Cc1ccc(Oc2ccc(Oc3ccc(-c4cnc5ccc(-c6ccc7ncc(C)nc7c6)cc5n4)cc3)cc2)cc1,6.5,0.38500868,,,
1908941468,CCCCCCCCOC(=O)C(Cc1ccc(OC)cc1)NC(=O)CCc1ccc(OC(=O)COCC(C)=O)cc1,45.0,0.34855736,0.216,,
1910103715,CCCCCCCCCCNC(=O)CCCCCCCCCCCCCCCCCCC(=O)NC,250.0,0.3795304,,,
1911086845,Cc1ccc2oc(-c3ccc(-c4nc5cc(C(C)(c6ccccc6)C(F)(F)F)ccc5o4)cc3)nc2c1,333.0,0.45875481,,,
1911532586,COc1ccc(Oc2ccc(C(=O)c3ccc(C)c(S(=O)(=O)O)c3)cc2S(=O)(=O)O)cc1S(=O)(=O)O,58.0,0.3508676,,,
1911905200,CC=CC1CC(C)C(C#N)C1,308.0,0.39476009,,,
1911926467,CCC(CSC)OC,130.0,0.41981356,,,
1911963342,CCC(C)C(=O)n1sc2ccccc2c1=O,48.67425788,,,,
1912017685,CCC(C)[Si](C)(C)Cc1ccccc1,275.0,0.36754872,,,
1912083932,CCCCCCCCCCCCn1c2ccccc2c2cc(COC(=O)C(C)(C)CC)ccc21,10.0,0.37677964,,,
1912147729,Cc1cc(C(c2cc(C(F)(F)F)cc(C(F)(F)F)c2)c2cc(C)c(N3C(=O)c4ccc(Oc5ccc6c(c5)C(=O)N(C)C6=O)cc4C3=O)c(C)c2)cc(C)c1C,202.65,0.42214994,,,
1912251377,CCCCCCCCCCCCCCCNC(=O)CCCCCCCCCCCCCCCCCCCCC(=O)NC,55.0,,0.3915714285714285,0.876856201,21.89554378
1912518216,CCCCCCCCCCCCCOC(=O)c1ccc2cc(C(=O)OC)ccc2c1,192.0,0.361536,,,
1912601583,COC(=O)c1ccc(C(=O)OC2CC3CC(C)CC(C2)O3)cc1,,0.34801487,,,
1913033936,CCCC1CC(C)C2CCCC12,175.0,0.37234991,,,
1913604664,CC(=O)OCCOC(=O)c1cccc(N2C(=O)c3ccc(C)cc3C2=O)c1,-27.0,0.33299939,,,
1914456185,CCC(C)(C)C(=O)NC1C(O)OC(CO)C(O)C1O,285.0,0.28358,,,
1914838661,CCC(C)n1c2ccccc2c2ccccc21,196.5,,0.147,1.05806832,11.82300548
1914886557,COc1ccc(Oc2ccc(S(=O)(=O)c3ccc(Oc4ccc(Oc5cccc(C)n5)cc4)cc3)cc2)cc1,43.0,0.35681485,,,
1914920451,CCCCCOC(=O)C(C)(C)CC,46.0,0.37286152,0.1895,0.917921435,11.58525278
1914954895,COc1ccc2ccc(Oc3ccc(C(=O)Nc4cccc(Oc5ccc(NC(=O)c6ccc(C)cc6)cc5)c4)cc3)cc2c1,235.0,0.35277036,,,
1914982152,CC=Cc1ccc2c(c1)Sc1cc(C)ccc1N2c1ccc(OCCCCCCCCCCCC)cc1,23.0,0.39567095,,,
1915263871,CCc1cc(-c2cc(-c3ccc(NC)c(CC)c3)cc(-c3ccc(NC)c(CC)c3)c2)ccc1N,42.0,0.36495902,,,
1915755051,CNc1cccc(-c2cc(-c3ccc(C)cc3)c(-c3ccc(C)cc3)c(-c3ccc(C)cc3)c2-c2ccc(C)cc2)c1NC,369.0,0.37998545,0.147,,
1916198200,COP(=O)(Oc1ccc(Br)cc1)Oc1c(C)cc(S(=O)(=O)c2cc(C)c(C)c(C)c2)cc1C,127.0,0.37734655,,,
1916680069,Cc1ccc(C(c2ccc(N3C(=O)c4ccc(Oc5ccc6cc(Oc7ccc8c(c7)C(=O)N(C)C8=O)ccc6c5)cc4C3=O)cc2)(C(F)(F)F)C(F)(F)F)cc1,34.45,0.37815393,0.1895,,
1916735639,CNc1cc(NC)c2nc(-c3ccc(-c4nc5c(N)cc(N)c(N)c5c(=O)o4)cc3)oc(=O)c2c1N,-37.0,0.35583172,,,
1916892964,CCC(O)CN(CC(O)COc1ccc(C(C)(C)c2ccc(OC)cc2)cc1)c1ccc(C#N)cc1,,0.35785256,,,
1916979239,Cc1ccc(OCCN(C)c2ccc(C=CC3=CC(=C4C(=O)c5ccccc5C4=C(C#N)C#N)C=C(C=Cc4ccc(N(C)CCOc5ccc(-c6nc7ccc(Oc8ccc9nc(C)c(-c%10ccccc%10)nc9c8)cc7nc6-c6ccccc6)cc5)cc4)O3)cc2)cc1,-24.0,0.39171687,,,
1917029887,COC(=O)CNC(=O)CCCCCCCCC(=O)NCC(=O)OC1COC2C(C)COC12,30.0,0.32250215,,,
1917189140,Cc1ccc([Si](c2ccccc2)(c2ccccc2)c2ccc(-c3nnc(-c4ccc(-c5nnc(C)o5)c5ccccc45)o3)cc2)cc1,281.9,0.43988277,,,
1917298650,CCNC(=O)CCCCC(=O)NCC1COC(C)CO1,211.0,0.31541925,,,
1917339697,CCC(C)(C)CS(=O)(=O)CC(C)(C)COC(=O)c1ccc(C(=O)OC)cc1,91.0,0.3542055,,,
1917735870,Cc1ccc(-c2ccc(N(C)c3cc(C(F)(F)F)cc(C(F)(F)F)c3)cc2)cc1,207.0,0.44831423,,,
1917756223,COc1ccc(C=NN=Cc2ccc(Oc3ccc(C(=O)c4ccc(C)cc4)cc3)cc2)cc1,101.0,0.37285172,,,
1917841461,CCCC(=O)N(CCN(C(=O)CCN1CCN(C)CC1)C(C)C)C(C)C,-43.71593166,,,,
1917866361,Cc1ccc(Nc2ccc(C(c3ccc(Nc4ccc(S(C)(=O)=O)cc4)cc3)(C(F)(F)F)C(F)(F)F)cc2)cc1,283.0,0.39098411,,,
1918165220,CON(C(F)(F)F)C(F)(C(C)(F)F)C(F)(F)F,225.0,0.29794304,,,
1918242337,CC(=O)Nc1ccc(Oc2ccc(NC(=O)c3ccc4c(c3)C(=O)N(c3ccc(Oc5ccc(C6(c7ccc(Oc8ccc(N9C(=O)c%10ccc(C)cc%10C9=O)cc8)cc7)NC(=O)c7ccccc76)cc5)cc3)C4=O)cc2)cc1,158.0,0.36308192,,,
1918548284,CNc1cc2c3ccc(-c4ccc(C(C)(C)C)cc4)c(-c4ccc(C(C)(C)C)cc4)c3c(NC)cc2c2ccccc12,192.0,0.37420991,,,
1919323099,COc1ccc(NC(=O)NC2CC(C)(C)CC(C)(CNC(=O)Nc3ccc(C)c(-c4ccc(Oc5ccccc5)cc4)c3)C2)cc1-c1ccc(Oc2ccccc2)cc1,301.0,0.35601929,,,
1919352729,CNc1cccc2c1c1cccc(N)c1c1cccc(NC)c12,,0.33957884,,,
1919555775,CCCCC(CC)OC,253.0,0.40491209,,,
1919636162,CCCCCCCOc1ccc(OC(=O)c2ccc(C(=O)Oc3ccc(OC)cc3)cc2)cc1,21.0,0.34461787,,,
1919652718,CCCCCCCCCCCCN1C(=O)c2ccc(C(=O)Oc3ccc(-c4ccc(OC(=O)c5ccc6c(c5)C(=O)N(C)C6=O)cc4)cc3)cc2C1=O,130.0,0.34909001,,,
1919727869,COc1ccc(S(=O)(=O)c2ccc(Oc3ccc(NC(=O)c4cccc(C(=O)Nc5ccc(C)cc5)c4)cc3)cc2)cc1,250.0,0.35823661,,,
1919732272,CCCCOC(=O)c1ccc(NC(=O)CCCCC(=O)Nc2ccc(C(=O)OC)cc2)cc1,83.99780359,,,,
1919768814,COc1ccc(C(c2ccc(OC(=O)Nc3ccc(Cc4ccc(NC(C)=O)cc4)cc3)cc2)(C(F)(F)F)C(F)(F)F)cc1,239.0,0.3538727,,,
1920006010,COC1C(CO)OC(C)C(N)C1O,,0.30298041,0.348907876,1.311294213,28.36404526
1920455411,CCN(CC)c1ccc(C(=C(C#N)C#N)c2ccc(-c3ccc(N(CC)CCOc4ccc(C)cc4-c4cc(-c5ccccc5)c5cc(Oc6ccc7nc(C)cc(-c8ccccc8)c7c6)ccc5n4)cc3)s2)cc1,37.5,0.40104761,,,
1920671231,CC(=O)Nc1ccccc1NC(=O)c1ccc(N2C(=O)c3ccc(C)cc3C2=O)cc1,273.0,0.33896532,0.229940242,1.285201084,18.0416104
1920918510,CCCCOc1ccc(C(=O)Oc2ccc(OC(=O)CCCCCOC(=O)C(C)(C)CC)cc2)cc1,93.0,0.34676418,,,
1921035085,CCCCCCCN1C(=O)C(=O)N(c2ccc(CCc3ccccc3N3C(=O)C(=O)N(C)C3=O)cc2)C1=O,105.0,0.33804418,,,
1921819978,CCCc1cc(Cl)c(C)c(Cl)c1,130.0,0.39170288,,,
1921941311,COc1ccc(CC(NC(=O)CCc2ccc(OC(=O)CCCCC(C)=O)cc2)C(=O)OC(C)C)cc1,,0.34433228,,,
1922704516,Cc1cc(N=Nc2ccc([N+](=O)[O-])cc2)cc(C)c1O,165.6801535,,,,
1922733245,COS(=O)(=O)c1cc(C)c(C)c(C)c1,321.0,0.36970865,,,
1922843556,CC(=O)OCCCCCCCCCCCCCCCCCCCCCCOC(=O)c1ccc(N2C(=O)c3ccc(C)cc3C2=O)cc1,325.0,0.36802626,,,
1923557092,COc1ccc(C(c2ccc(Oc3ccc(C(=O)c4ccc(C(C)(C)c5ccc(C(=O)c6ccc(C)cc6)cc5)cc4)cc3)cc2)(C(F)(F)F)C(F)(F)F)cc1,,0.38148615,,,
1924314985,CC(=O)Nc1cccc(NC(=O)C=Cc2cccc(N3C(=O)c4ccc(C)cc4C3=O)c2)c1,133.0,0.33727257,,,
1924725049,CCCOC(=O)Cc1ccc(C(=O)OC)cc1,,0.33698334,,,
1924892938,COc1ccc(NC(=O)c2ccc(S(=O)(=O)c3ccc(C(=O)Nc4ccc(Oc5ccc(C6(c7ccc(C)cc7)CC7CCC6C7)cc5)cc4)cc3)cc2)cc1,-69.0,0.37041679,,,
1925016072,Cc1ccc(Oc2cccc(Oc3ccc(N4C(=O)c5ccc(Oc6ccc(Oc7ccc8c(c7)C(=O)N(C)C8=O)cc6)cc5C4=O)cc3)c2)cc1,53.0,0.35881945,,,
1925322729,CCC(CCl)(CCl)OC,246.0,,0.1159999999999999,1.297944961,14.62361719
1926054747,CCCCN(C)C(=O)c1ccccc1,196.5,0.35183326,,,
1926476264,C=c1cc2ccc3cc(=c4oc(=C)c5ccc6cccc7c8cccc9ccc4c(c98)c5c67)cc4ccc(c1)c2c34,432.43,,,,
1926928868,CCCCOC(=O)C(C)(C)CC,81.0,,0.203,0.906003571,12.81294077
1926938420,CCC(O)CN(C)c1ccccc1,235.0,0.36123033,,,
1927037390,COc1ccc(CC(NC(=O)CCc2ccc(OC(=O)COCC(C)=O)cc2)C(=O)OC(C)C)cc1,40.0,0.33804671,,,
1927081299,CCCCCCCCCCCSSSC,42.0,0.44700214,0.1159999999999999,,
1927128897,CC=CC1CC(C)C2C(=O)N(CCC)C(=O)C12,369.0,0.35809659,,,
1927758769,C=CCc1cc(C2(c3cc(CC=C)c(NC)c(C(C)C)c3)c3ccccc3-c3ccccc32)cc(C(C)C)c1NC,248.0,0.39746768,,,
1927827518,CCc1cccc(C(C)CC)c1,,,0.186,,
1927972099,CCC(C)(CC(=O)Oc1ccccc1C)C(=O)Oc1ccccc1C,-37.0,,0.1635,1.059872607,11.34414762
1928141683,CCCCCNC(=O)CCCCCCCCC(=O)NC,56.5,,0.355,1.014070913,21.00511312
1928552042,CCCCCCCCC(C)c1cc(C)cc(C)c1OC,-24.0,0.40648391,,,
1928832708,CCCCCCCCCCCOc1ccc(C=Nc2ccc(-c3ccc(N=Cc4ccc(OC)cc4O)c(OC)c3)cc2OC)c(O)c1,25.0,0.36372258,,,
1929156646,COC1CCC(OC(=O)OCCCCCOC(C)=O)CC1,179.0,0.34122931,0.186,,
1929935400,CCC(=O)NCCCCCCNC(=O)COC(=O)CCCCCCC(=O)OC,45.0,0.32965374,0.1635,,
1930036664,CNc1ccc(C2=C(c3ccccc3)[C@@H](c3ccccc3)C(N)(NC)C=C2)cc1,207.0,0.36629417,0.355,,
1930079807,CCCCCCCCOC(=O)Cc1cc(C)[nH]c1C,-4.076963699,,,,
1930470217,CCOC(=O)c1cc(C(=O)OCC)c(C(=O)Nc2ccc(NC)cc2)cc1C(C)=O,90.5,0.33893458,0.301681661,1.205426081,21.4786758
1930894863,CCCC1C(=O)N(C)C(=O)C1C,225.0,0.32269623,,,
1930955815,CCCCOCCOCCOP(C)(=NC)OCCOCCOCCCC,158.0,0.37867352,,,
1931091921,COc1ccc(-c2ccc(Oc3ccc4ccccc4c3-c3c(C)ccc4ccccc34)c3ccccc23)c2ccccc12,10.0,0.39374699,,,
1931410833,CCC(C)(C)C(=O)Oc1ccc(-c2nnc(-c3ccc(C(C)(C)C)cc3)o2)cc1,164.0,0.38550865,,,
1931637723,CNc1ccc(Oc2ccc(-c3ccc(Oc4ccc(NC)cc4)cc3)cc2)cc1,80.0,0.34360821,,,
1931802720,CCCCCCOC(=O)C(Cc1ccc(OC)cc1)NC(=O)CCc1ccc(OC(=O)CCCCC(C)=O)cc1,-70.0,0.351413,,,
1931909120,CNc1ccc2c(NC)c3cc(N)ccc3c(N)c2c1,,0.34576723,,,
1932242031,Cc1ccc(Oc2ccc(Oc3ccc(Oc4ccc(N5C(=O)c6ccc(Oc7ccc(-c8ccc(Oc9ccc%10c(c9)C(=O)N(C)C%10=O)cc8)cc7)cc6C5=O)cc4)cc3)cc2)cc1,162.0,0.36829952,,,
1932390500,CC(=O)NCCCCCCCCCCNC(=O)c1ccc(C)o1,218.0,,0.217,,
1932564704,C=C=C=C(COC(=O)NCC)C(=C)COC(=O)NCC,172.0633872,,,,
1932637388,Cc1ccc(CC(=O)Nc2ccc(Oc3ccc(NC(=O)Cc4ccc(-c5sc(C)c(-c6ccccc6)c5-c5ccccc5)cc4)cc3)cc2)cc1,100.0,0.37963807,,,
1932737205,CC(=O)Nc1ccc(Oc2ccc(NC(=O)c3ccc4c(c3)C(=O)N(c3ccc(Cc5ccc(N6C(=O)c7ccc(C)cc7C6=O)cc5)cc3)C4=O)cc2)cc1,20.0,0.3580544,,,
1932802703,COc1ccc(C(c2ccc(OC(=O)OC3C(C)(C)C(OC(C)=O)C3(C)C)cc2)(C(F)(F)F)C(F)(F)F)cc1,66.0,0.35070734,,,
1933004653,COS(=O)(=O)c1cc(S(=O)(=O)Oc2ccc(C3(c4ccc(C)cc4)CCCC3)cc2)ccc1C,273.0,0.36404714,,,
1933066795,Cc1ccc(C(=O)OCCCCCCCCOc2ccc(C=C3CCCCC(=Cc4ccc(OCCCCCCCCOC(=O)c5ccc(-c6nnc(C)o6)cc5)cc4)C3=O)cc2)cc1,93.0,0.36677031,0.217,,
1933529441,CC=NCCN=Cc1ccc(Sc2ccc(C)o2)o1,95.6213855,,,,
1933712132,Cc1ccc([Si](C)(C)c2ccc([SiH](C)C)s2)s1,60.04219897,,,,
1933820661,CCCCCCCCCCNC(=O)CCCCCCCC(=O)NC,9.904824538,,0.361,0.944002177,22.95997032
1933889140,CCCCCCCCCCCCCCCCOc1cc(C(=O)Oc2ccc(OC)cc2)c(OCCCCCCCCCCCCCCCC)cc1C(C)=O,77.98044592,,,,
1933958092,CCCCCCCCCCCCCCCCCCCCCC(C)Cl,145.0,,0.468,0.869388674,22.5555845
1934083726,CCC(C)OC(=O)C(C)(C)CC,-9.0,,0.182,0.898018787,12.66511883
1934582540,CCC(C)(C)C(=O)OCCCCc1ccccc1,325.0,0.36056705,,,
1934851190,CNc1ccccc1CCc1ccc(NC(C)=O)cc1,301.0,0.34964607,,,
1935091006,CCC(C)(C)C(=O)OCc1cc(Cl)cc(Cl)c1,281.0,0.35906953,0.361,1.269395896,15.93743599
1936130559,CNc1ccc(-c2ccc(-c3ccc(-c4ccc(NC)cc4)cc3)cc2)cc1,,0.34630699,,,
1936588352,CNc1ccc2c(c1)c(C)c(-c1ccccc1)c1cc(NC)ccc12,-69.0,0.35070087,0.468,,
1937333990,CCCc1c(NC)c(NC)c2c3cccc4cccc(c5cccc1c52)c43,53.0,0.35047005,0.182,,
1938625249,CC[C@@](C)(Cc1ccc(NC)cc1)c1ccc(N)c(C[C@@](C)(CC)c2ccc(NC)cc2)c1,97.0,0.3558969,,,
1938664551,CNc1cccc(-c2c(NC)cccc2-c2ccccc2)c1,260.0,0.35005317,,,
1939398685,CCc1cc(C23CC4CC(CC(C4)C2)C3)cc(CN(C)c2ccccc2)c1O,,0.38557882,,,
1939581854,CC1CCC(CC2CCC(N3C(=O)c4ccc(Oc5ccc6c(c5)C(=O)N(C)C6=O)cc4C3=O)CC2)CC1,81.0,0.36158829,,,
1939700854,CC[C@@H](c1ccc(NC)cc1)c1ccc(C2(c3ccc([C@@H](CC)c4ccc(NC)cc4)cc3)CCCCC2)cc1,194.0,0.36956425,,,
1939922135,COc1ccc(C(c2ccc(OC(C)=S)cc2)c2cccc3ccccc23)cc1,215.0,0.37286204,,,
1940131067,CCCCCCCCCCCSCCCCSC,215.0,,0.282,,
1941096449,CNc1ccc2c(NC)c3cc(N)ccc3cc2c1,40.0,0.34432404,,,
1941356734,Cc1ccc(Oc2ccc(C(=O)c3ccc4cc(C(=O)c5ccc(Oc6ccc(-c7nc(-c8ccc(-c9nc(C)c(-c%10ccccc%10)[nH]9)cc8)[nH]c7-c7ccccc7)cc6)cc5)ccc4c3)cc2)cc1,,0.40364332,,,
1941491710,CCCCOc1ccc(C(c2ccc(C)cc2)c2ccc(N(C)c3ccc(C)cc3)cc2)cc1,110.0,0.42901003,,,
1941500497,CC/C=C(\C=C/CNC)[C@]1(c2ccc(NC)cc2)c2ccccc2[C@@]2(C)C=CC=C[C@@H]12,56.5,0.36729671,,,
1941951841,CCCCCCCCCCCCCCCCc1cc(C)sc1C,,,0.381,,
1942089131,CCCC[Si](C)(CCCC)[Si](CCCC)(CCCC)c1ccc(-c2ccc(-c3ccc(-c4ccc(C)s4)s3)s2)s1,153.0,0.42782111,,,
1942247562,CCc1cc(Cc2cc(CC)c(N3C(=O)c4ccc(C(C)(C(F)(F)F)C(F)(F)F)cc4C3=O)c(CC)c2)cc(CC)c1N1C(=O)c2ccc(C)cc2C1=O,44.0,0.41266288,0.1363333333333333,1.128172684,21.46625658
1942353441,CC(=O)c1ccc2c(c1)C(=O)N(c1ccc(-c3cc(C(C)(C)C)c(Oc4ccc(N5C(=O)c6ccc(C)cc6C5=O)cc4C(F)(F)F)c(C(C)(C)C)c3)cc1)C2=O,179.0,0.41039262,,,
1942367812,COc1ccc(CC(NC(=O)CCc2ccc(OC(=O)CCCCCCCCC(C)=O)cc2)C(=O)OC(C)C)cc1,29.95,0.35066661,,,
1942693246,CCCC(=O)Nc1ccc(NC(=O)CCN2C(=O)c3ccc(C(=O)c4ccc5c(c4)C(=O)N(C)C5=O)cc3C2=O)cc1,24.0,0.32686636,,,
1942916315,CNc1ccc2cc3cc(NC)ccc3cc2c1,287.0,0.34349824,0.381,,
1943060109,CC(=O)c1ccc2c(c1)C(=O)N(c1cccc(P(=O)(c3cccc(N4C(=O)c5ccc(C)cc5C4=O)c3)c3cc(C(F)(F)F)cc(C(F)(F)F)c3)c1)C2=O,199.0,0.38603279,,,
1944234117,CC(C#N)=C(C#N)N1C(=O)c2ccc(C(=O)c3ccc(-c4ccc5c(c4)C(=O)N(C)C5=O)cc3)cc2C1=O,,0.37567368,,,
1944443208,CCCC1CC(C)C2C3CC(CC)C(C3)C12,72.0,0.3847423,,,
1944562220,Cc1ccc(C2(c3ccc(-c4cc(-c5ccccc5)c5cc(Oc6ccc7nc(C)cc(-c8ccccc8)c7c6)ccc5n4)cc3)c3ccccc3C(=O)c3ccccc32)cc1,109.4,0.41900126,,,
1944776345,CCC1CC(C)C(OC(=O)CCCCCCCCCCOc2ccc(-c3ccc(C#N)cc3)cc2)C1OC(=O)CCCCCCCCCCOc1ccc(-c2ccc(C#N)cc2)cc1,25.0,0.36288651,,,
1945309092,COC(C)COCC(C)OC(=O)c1ccccc1C(C)=O,78.5,0.3500213,,,
1945809152,CCC(OC1CCCCC1)C1C(=O)OC(=O)C1C,80.0,0.33180155,,,
1946473006,CCCNP(=NC)(N=P(N=S(C)(=O)NCCC)(NCCC)NCCC)NCCC,-70.0,0.39552121,,,
1947203303,CNc1ccccc1-c1cccc(C2(c3ccc(NC)c(-c4ccccc4)c3)c3ccccc3-c3ccccc32)c1,,0.37486017,,,
1947367944,CCCCCCOc1ccc(C(=O)Oc2ccc(OCCCCOC(=O)C(C)(C)CC)cc2)cc1,,0.35714893,,,
1947454451,CC(=O)Nc1cccc(C(=O)Nc2cccc(NC(=O)c3ccc4[nH]c(-c5ccc(-c6nc7cc(C)ccc7[nH]6)cc5)nc4c3)c2)c1,281.0,0.36448737,,,
1947568782,CO[Si](C)(C)O[Si](C)(C)O[Si](C)(C)C#Cc1ccc(C#C[Si](C)(C)C)cc1,170.0,0.46091949,,,
1947579859,CCOC(=O)C(Cc1ccc(OC)cc1)NC(=O)CCc1ccc(OC(=O)CCCCCCC(C)=O)cc1,,0.3461508,,,
1947586452,CCC(O)COc1ccc(C(C)(C)c2ccc(OCC(O)COc3cccc(NC(=O)CCCCCCCCCCC(=O)Nc4cccc(OC)c4)c3)cc2)cc1,20.0,0.34635755,,,
1948010634,COc1ccc(OC(=O)c2ccc(Oc3ccc(C(C)=O)cc3)cc2)c2ccccc12,-1.0,0.35595045,,,
1948589234,COc1ccc(C2(c3ccc(OC(=O)OC4C(C)(C)C(OC(C)=O)C4(C)C)cc3)CCCCC2)cc1,266.0,0.36225678,,,
1948698672,COC(COC(=O)C12CC3CC(CC(C(C)=O)(C3)C1)C2)COc1ccc(N=Nc2ccc(C#N)cc2)cc1,-5.0,0.35736369,,,
1949061676,CC(=O)Nc1ccc(C2(c3ccc(N4C(=O)c5ccc(C)cc5C4=O)cc3)CC(C)CC(C)(C)C2)cc1,8.0,0.38283226,,,
1949190696,COc1ccc(Oc2ccc(NC(=O)c3cc(NC(=O)c4ccc(OC(C)=O)cc4)cc(C(=O)Nc4ccc(C)cc4)c3)cc2)cc1,237.0,0.34312529,,,
1949212177,CC(=O)Nc1ccc(-c2sc(-c3ccc(NC(=O)c4ccc5c(c4)C(=O)N(c4ccc(Oc6ccc7ccc(Oc8ccc(N9C(=O)c%10ccc(C)cc%10C9=O)cc8)cc7c6)cc4)C5=O)cc3)c(-c3ccccc3)c2-c2ccccc2)cc1,,0.38350821,,,
1949333335,COc1ccc(Oc2ccc(C(=O)c3ccc(C)c(S(=O)(=O)O)c3)cc2S(=O)(=O)O)cc1,243.0,0.35202663,,,
1949514946,CNc1ccc(NC(=O)C2CC(C(CC(=O)O)C(C)=O)C=C(C)C2C(=O)O)cc1,149.7687276,,,,
1949780423,CCCSSCCOC,141.2,0.42239943,,,
1949823161,COc1ccc(C=Nc2ccc(N=Cc3ccc(OC(=O)CCCCC(C)=O)c(OC)c3)cc2)cc1OC,-41.85748469,,,,
1949953064,Cc1cccc(C)c1,301.0,0.36874604,,0.992499014,20.5902314
1950021660,COc1ccc(Oc2ccc(C(=O)Nc3ccc(Oc4ccc(-c5ccc(Oc6ccc(NC(=O)c7ccc(C)cc7)cc6)cc5)cc4)cc3)cc2)cc1-c1ccccc1,156.0,0.36433591,,,
1950339356,CCCCOC(=O)CCC(=O)OC,201.0,0.31978583,,,
1950809751,CNC(O)(CC(N)(N)C(=O)O)NC,37.725,0.2981499,,,
1950874064,CCC(C)C(=O)N(CC)CC,56.77009786,,,,
1951077384,COc1ccc(-c2ccc(Oc3ccc(-c4ccc(-c5ccc(C)c(C(F)(F)F)c5)cc4)cc3C(F)(F)F)cc2)cc1,208.0,0.37694175,,,
1951160334,Cc1ccc(Oc2ccc(N3C(=O)c4c(c(-c5ccccc5)c(-c5ccc(Oc6ccc(-c7c(-c8ccccc8)c8c(c(-c9ccccc9)c7-c7ccccc7)C(=O)N(C)C8=O)cc6)cc5)c(-c5ccccc5)c4-c4ccccc4)C3=O)cc2)cc1,312.0,0.40870638,,,
1951638627,COc1ccc(CC(C#N)(Cc2ccc(C)cc2)c2ccccc2)cc1,96.0,0.38378545,,,
1951901460,CC=C(C#N)C(=O)OCCCCCCCCCCOC(=O)C(C#N)=Cc1ccc2c(c1)c1cc(C)ccc1n2CCCCCCCCCCCCCC,226.0,0.38039745,,,
1952301542,CCC(C)(CC(=O)OCCOC)C(=O)OCCOC,251.0,0.33066892,,,
1952404953,CC(=O)c1ccc2c(c1)C(=Nc1cccc(N=C3OC(=O)c4ccc(C)cc43)c1)OC2=O,246.6584182,,,,
1952508895,Cc1ccc(Oc2ccc(C3(c4ccc(Oc5ccc(N6C(=O)c7ccc(Oc8c(C)cc(C(C)(C)c9cc(C)c(Oc%10ccc%11c(c%10)C(=O)N(C)C%11=O)c(C)c9)cc8C)cc7C6=O)cc5)cc4)C4CC5CC(C4)CC3C5)cc2)cc1,134.0,0.39410093,,,
1952671139,CCCCCCOC(=O)C(C)CC,,,0.2565,0.915149553,11.92379481
1953033868,CNc1c(C)c2cccc3c4cccc5cccc(c(c1NC)c23)c54,328.0,0.34334157,,,
1953349565,C/C=C/c1sc(/C=C/c2cc(CCCCCCCCCCCC)c(C)s2)cc1CCCCCCCCCCCC,251.0,,0.291,,
1953482672,Cc1cccc(P(=O)(c2ccccc2)c2cccc(N3C(=O)c4ccc(NC(=O)OCCOc5ccc(C(c6ccc(OCCOC(=O)Nc7ccc8c(c7)C(=O)N(C)C8=O)cc6)(C(F)(F)F)C(F)(F)F)cc5)cc4C3=O)c2)c1,311.0,0.35336102,,,
1953803634,CC(=O)Nc1ccc(Cc2ccc(NC(=O)c3ccc4c(c3)C(=O)N(c3ccc(NC(=O)Nc5ccc(N6C(=O)c7ccc(C)cc7C6=O)cc5)cc3)C4=O)cc2)cc1,220.0,0.34861514,,,
1954306622,CNc1cc2c(c(NC)c1N)-c1ccccc1C21c2ccccc2-c2ccccc21,,0.37629547,,,
1954721166,CCC(C)C(=O)OCCOC(=O)c1cc([N+](=O)[O-])cc([N+](=O)[O-])c1,60.0,0.42097644,0.2565,,
1954861096,COc1ccc(C(C)(C)c2ccc(OC(=O)CN(CC(C)=O)c3ccc(N=Nc4ccc([N+](=O)[O-])cc4)cc3)cc2)cc1,9.0,0.36235076,,,
1955776885,CNc1ccc(-c2cccc3c2[C@@H](c2ccc(NC)cc2)c2ccccc2-3)cc1,198.0,0.357501605,0.291,,
1956029718,CCCCCCCCCCCCCCCCCCCCCC(C)COCCOCCOCCOCCOCc1ccc2ccc3cccc4ccc1c2c34,29.95,0.37669905,,,
1956150521,CCC(C)(C)C(=O)OCCN(C)C,-34.7,0.36516646,0.2005,0.981910387,12.3457196
1956367813,CC(=O)c1cc2c(cc1Cl)C(=O)N(c1cc(C(=O)O)cc(N3C(=O)c4cc(C)c(Cl)cc4C3=O)c1)C2=O,,0.37662267,,,
1956396424,CCCCCCOc1ccc(C(=O)Oc2ccc(OCCCCCCCCCCOC(=O)C(C)(C)CC)cc2)cc1,,0.36422964,,,
1956587899,CCN(CCOC(=O)C(C)(C)CC)c1ccc(N=Nc2ccc([N+](=O)[O-])cc2)cc1,203.5,0.36616331,,,
1956666408,CNc1ccc([C@@]2(C)CC(C)(C)c3ccc(NC)cc32)cc1,360.0,0.36492797,,,
1956893558,Cc1ccc(Oc2ccc(-c3nnc(C)o3)cc2)cc1,109.4,0.40011627,,,
1957426818,Cc1cc(C(c2cccnc2)c2cc(C)c(N3C(=O)CC(Nc4ccc(Cc5ccc(NC6CC(=O)N(C)C6=O)cc5)cc4)C3=O)c(C)c2)cc(C)c1C,240.0,0.3862315,0.2005,,
1957470383,CCC(F)(F)C(F)(F)C(F)(F)COC(=O)c1cccc(C(F)(F)C(F)(F)C(F)(F)c2cccc(C(=O)OC)c2)c1,34.0,0.33466722,,,
1958192948,Cc1ccc2c(c1)C(=O)N(c1ccc(-c3cc(-c4ccc(OCCCC#N)cc4)cc(-c4ccc(N5C(=O)c6ccc(C(C)(C(F)(F)F)C(F)(F)F)cc6C5=O)cc4)n3)cc1)C2=O,191.0,0.39133561,,,
1958473963,COc1cccc2ccc(Oc3ccc(NC(=O)c4ccc(Oc5ccc(C(=O)Nc6ccc(C)cc6)cc5)cc4)cc3)cc12,282.0,0.35386288,,,
1958487458,COC1CCCCC1OC(C)=O,-57.0,0.34928658,,,
1958554605,CCC(C[Si](C)(C)C)c1cccc2ccccc12,,0.37751563,,,
1958618966,CCC(C)(C)OC,281.0,0.39662664,0.1995,0.861163598,13.695157
1958858448,CC=CC1CC(C)C([Si](C)(C)C)C1,170.0,0.41756193,,,
1959224488,Cc1ccc(N(c2ccc(C#N)cc2)c2ccc(N3C(=O)c4ccc(Oc5ccc(C6(c7ccc(Oc8ccc9c(c8)C(=O)N(C)C9=O)cc7)c7ccccc7-c7ccccc76)cc5)cc4C3=O)cc2)cc1,211.0,0.41325752,,,
1959489258,CCc1ccc(C(c2ccc(NC)cc2)c2ccc(NC)cc2)cc1,,0.36039896,,,
1960180963,Cc1ccc(Oc2ccc(N3C(=O)CC(Oc4ccc(C=Nc5ccc(OC6CC(=O)N(C)C6=O)cc5)cc4)C3=O)cc2)cc1,154.6342574,,,,
1960232404,CCCCCCCCCCCCCOc1ccc(OCc2ccc(COc3ccc(OC)cc3)cc2)cc1,266.0,0.36434601,,,
1960719660,CCCCCCCNC(=O)Cc1ccc(C(=O)NC)cc1,362.0,0.3389375,0.1995,,
1960875010,Cc1ccc(-c2cnc3cc4nc(C)cnc4cc3n2)cc1,44.0,0.49831615,,,
1960968082,Cc1ccc(C(=O)OCCCCCCOc2ccc(C=CC(=O)C=Cc3ccc(OCCCCCCOC(=O)c4ccc(-c5nnc(C)o5)cc4)cc3)cc2)cc1,237.0,0.35964696,,,
1961009790,CCC(=C(c1ccc(NC)cc1)c1ccc(NC)cc1)c1ccccc1,368.0,0.36784102,,,
1961333233,CCCN(CCOC(=O)Nc1cccc(NC(=O)OC)c1C)c1ccc(C=Cc2ccc([N+](=O)[O-])cc2)cc1,243.0,0.34593177,,,
1961335797,Cc1ccc(Oc2ccc(C3(c4ccc(Oc5ccc(-c6nnc(C)c7c(-c8ccccc8)c(-c8ccc9ccccc9c8)c(-c8ccc9ccccc9c8)c(-c8ccccc8)c67)cc5)cc4)c4ccccc4-c4ccccc43)cc2)cc1,,0.41100116,,,
1962617217,CNc1cc(C)c(Cc2ccc(CCCCc3ccc(Cc4c(C)cc(NC)cc4C)cc3)cc2)c(C)c1,138.0,0.36087708,,,
1962650861,CCCCCC(=O)NNC(=O)c1ccc(C(=O)NNC(=O)CCCCOc2ccc(OC)c(C)c2)cc1,340.0,0.33967136,,,
1962833245,Cc1ccc(NC2CC(=O)N(c3ccc(Cc4ccc(N5C(=O)CC(Nc6ccc(-c7nc(-c8ccc(N=Nc9ccc([N+](=O)[O-])cc9)cc8)[nH]c7C)cc6)C5=O)cc4)cc3)C2=O)cc1,14.5,0.37673487,,,
1963304401,CCCCCCCCCCCOC(=O)CC/C=C/CCC(=O)OC,25.0,0.3650855,,,
1963751846,CC=CC1CC(C)C(C2CC=CCC2)C1,201.0,0.39319144,,,
1964367064,COc1c(C)c(C)c(NC(=O)c2ccc(C(=O)Nc3ccc(C)cc3)cc2)c(C)c1C,6.0,0.37041365,,,
1964385683,CC(=O)c1ccc2c(c1)C(=O)N(c1ccccc1C(=O)c1ccccc1N1C(=O)c3ccc(C)cc3C1=O)C2=O,117.3,0.38153591,,,
1964501919,Cc1ccc(Oc2ccc(C(c3ccc(Oc4ccc(-c5nnc(C)n5-c5ccc(S(C)(=O)=O)cc5)cc4)cc3)(C(F)(F)F)C(F)(F)F)cc2)cc1,34.0,0.38547657,,,
1964666760,CCCCCCCOC(=O)NCCCCNC(=O)OC,312.0,0.33568423,,,
1964792280,Cc1ccc(OCCN(CCOc2ccc(-c3cc(-c4ccccc4)c4cc(Oc5ccc6nc(C)cc(-c7ccccc7)c6c5)ccc4n3)cc2)c2ccc(C(C#N)=C(C#N)C#N)cc2)cc1,96.0,0.38278631,,,
1964948297,CC(=O)c1ccc2c(c1)C(=O)N(c1ccc(Oc3ccc(C(c4ccc(Oc5ccc(N6C(=O)c7ccc(C)cc7C6=O)cc5)cc4)(C(F)(F)F)C(F)(F)F)cc3)cc1)C2=O,50.0,0.37124661,0.230541679,1.29107138,23.49197492
1965550017,CCC(C)C(=O)OCCSC,90.0,0.38690329,0.181,1.110954584,15.7280871
1965690727,CCCCCCCCCCCOC(=O)c1cccc(NC(=O)OC)c1,45.09440244,,,,
1965799831,CCCCCCCCCCCCCCCCCCC(C(=O)NC)C(=O)NCCCCCCC,24.0,,0.354,,
1965906081,CO[Si](C)(C)CCCOc1ccc(N=Nc2ccc(S(=O)(=O)O)cc2)cc1,104.0,0.3616266,,,
1965969714,CCCCOC(=O)C(Cc1ccc(OC)cc1)NC(=O)CCc1ccc(OC(=O)CC(C)CCC(C)=O)cc1,328.0,0.3483824,,,
1966018498,CSC1CCCC(C)C1,251.0,0.39301912,,,
1966201897,CCC(C)c1ccc(COCCC(F)(F)C(F)(F)C(F)(F)C(F)(F)F)cc1,311.0,0.35487318,0.181,,
1966629557,CCCCCCCOC(=O)OCCCCOC(=O)OCCCCCCOc1ccc(Oc2ccc(OC)cc2)cc1,220.0,0.35116404,,,
1966848887,CCCCCCCCCNC(=O)CCCCCCCCCCCCCCCCC(=O)NC,334.0,0.37735264,0.3725,0.901851851,21.13049646
1967479741,COc1ccc(S(=O)(=O)c2ccc(Oc3c(C)cc(C(c4cc(C)c(C)c(C)c4)(C(F)(F)F)C(F)(F)F)cc3C)c(Br)c2)cc1Br,-53.0,0.41274823,,,
1967596895,CCCCc1cc(C2(c3cc(CCCC)c(NC)c(CCCC)c3)c3ccccc3-c3ccccc32)cc(CCCC)c1NC,150.0,0.39180486,,,
1967679061,CCC(OCC(C)C)C1C(=O)OC(=O)C1C,104.93,0.33696178,,,
1967860241,CCCOc1ccc(OC(=O)CC(C)(CC)C(=O)Oc2ccc(OCCC)cc2)cc1,232.0,0.35583828,,,
1968301845,CCCN(C)CCOCCOC,-34.7,0.35963141,,,
1968819662,COc1ccc(S(=O)(=O)c2ccc(Oc3ccc(C=C4CCCCC(=Cc5ccc(Oc6ccc(S(=O)(=O)c7ccc(Oc8ccc(C(C)(C)c9ccc(C)cc9)cc8)cc7)cc6)cc5)C4=O)cc3)cc2)cc1,333.0,0.37593554,0.3725,,
1968997516,CCCCCS(=O)(=O)CC(CC)(COC)CS(=O)(=O)CCCCC,289.0,0.3851805,,,
1969004591,Cc1ccc(OCCN(CCOc2ccc(-c3nc4ccc(Oc5ccc6nc(C)c(-c7ccccc7)nc6c5)cc4nc3-c3ccccc3)cc2)c2ccc(C=Cc3ccc([N+](=O)[O-])cc3)cc2)cc1,203.5,0.37700388,,,
1969083594,CCCOC(=O)NCCNC(=O)OC,5.896093021,,,,
1969287325,COc1ccc(OC(=O)c2ccccc2C=Cc2ccc(C=Cc3ccccc3C(C)=O)cc2)cc1,86.85824281,,,,
1969520077,COc1ccc(NC(=O)c2ccc(Oc3ccc(C(=O)Nc4ccc(Oc5ccc(C6(c7ccc(C)cc7)C7CC8CC(C7)CC6C8)cc5)cc4)cc3)cc2)cc1,261.5,0.36901705,,,
1969822510,CCCCc1cc(CCC)ccc1C,34.0,0.39722229,,,
1969835968,CC(=O)Nc1ccc(C2(c3ccc(N4C(=O)c5ccc(C)cc5C4=O)cc3)CCC(C(C)(C)C)CC2)cc1,,0.38391661,,,
1970056455,CNc1cc2c3cccc(-c4ccc(C)cc4)c3c3c(-c4ccc(C)cc4)c(NC)c4ccccc4c3c2c2ccccc12,282.0,0.38290568,,,
1970556387,COc1cccc(NC(=O)c2ccc(C(=O)Nc3ccc(Oc4ccc(C(=O)c5ccc(C)cc5)cc4)cc3)cc2)c1,-57.0,0.35216883,,,
1970744006,COc1ccc(C2(c3ccc(OC(C)=O)cc3)CC3CC2C2C4CCC(C4)C32)cc1,35.0,0.37460046,,,
1971561670,CCCCCCCNC(=O)CCCCC(=O)NC,-52.0,0.33903345,,,
1971686624,COc1ccc(S(=O)(=O)c2ccc(Oc3ccc(C(=O)c4ccc(-c5ccc(C(=O)c6ccc(C)cc6)cc5)cc4)cc3)cc2)cc1,214.0,0.37362004,,,
1971749373,CCCCCCc1cc(C(C)=O)ccc1OC,85.05865655,,,,
1971998855,CCc1cccc(COC(=O)Nc2ccc(Cc3ccc(NC(=O)OC)cc3)cc2)c1,36.0,0.34243796,,,
1972024406,CCC(COC(=O)OC)OCCCCCCOc1ccc(C=Cc2ccc([N+](=O)[O-])cc2)cc1,60.8,0.3517257,,,
1972032416,Cc1ccc(C(=O)OCCCCCCCCOc2ccc(C=C3CCC(=Cc4ccc(OCCCCCCCCOC(=O)c5ccc(-c6nnc(C)o6)cc5)cc4)C3=O)cc2)cc1,,0.3617754,,,
1972109782,Cc1ccc(C(=O)Oc2ccc(OC(=O)c3ccc(N4C(=O)CC(SCCOCCSC5CC(=O)N(C)C5=O)C4=O)cc3)cc2)cc1,145.0,0.33390562,,,
1972780662,CCOCCOC(=O)C(C)CC,-21.0,0.35976017,,,
1973157365,COc1cc(Oc2ccc(C(C)(C)c3ccc(C)cc3)cc2)cc([N+](=O)[O-])c1,28.62,0.37041921,,,
1973279343,CCCCCCCCCCOC(=O)c1ccc(-c2ccc(C(=O)OC)cc2)cc1,368.0,0.35672203,,,
1973417069,CC=CC1CC(C)C2C(=O)N(c3ccc(F)cc3)C(=O)C12,41.0,0.37471023,,,
1973609313,CNc1cccc(C2(c3cccc(NC)c3N)c3ccccc3-c3ccccc32)c1N,,0.37482883,,,
1974222133,COc1ccc(S(=O)(=O)c2ccc(Oc3c(C)cc(-c4cc(C)c(C)c(C)c4Br)c(Br)c3C)cc2)cc1,,0.41770931,,,
1974242688,Cc1ccc(C)c(N2C(=O)c3ccc(-c4ccc5c(c4)C(=O)N(C)C5=O)cc3C2=O)c1,240.0,0.39299942,0.275354427,1.184934256,26.56315825
1974258183,CCCCOCCCCOCCCN1C(=O)c2ccc(C(=O)Oc3ccc(OC(=O)c4ccc5c(c4)C(=O)N(C)C5=O)c(-c4ccccc4)c3)cc2C1=O,219.0,0.34408624,,,
1974383215,CCCCCCCCCCCCOC(=O)c1ccc2cc(C(=O)OC)ccc2c1,24.0,0.35929701,,,
1974978740,CC=C(C)c1c(C)cc(C(C)(C)C)cc1C,339.0,0.44377353,,,
1975082239,Cc1nc(-c2ccccc2)nc(N(c2ccccc2)c2ncnc(N(C)c3ccccc3)n2)n1,236.0,0.41510699,0.185,1.133996819,15.96371163
1975447756,CCCOC(=O)c1ccc(NC(=O)CCCCCCCCCCC(=O)Nc2ccc(C(=O)OC)cc2)cc1,14.08686284,,,,
1975514366,Cc1cccc(OCCCCOc2cccc(N3C(=O)c4ccc(-c5ccc6c(c5)C(=O)N(C)C6=O)cc4C3=O)c2)c1,39.0,0.34563212,,,
1975880565,COc1ccc(Oc2ccc(NC(=O)c3ccc(Oc4ccc(Oc5ccc(C(=O)Nc6ccc(C)cc6)cc5)cc4-c4ccccc4)cc3)cc2)cc1-c1ccccc1,40.5,0.36793579,,,
1976024514,CNc1ccc(C(c2ccc(NC)cc2)C2CCCCC2)cc1,207.0,0.36335791,,,
1976774043,CCCCCCCOc1ccc(C(=O)N(C(=O)c2ccc(OC)cc2)c2cccc3ccccc23)cc1,279.0,0.37512174,,,
1977447931,CNc1cccc(C2(c3cccc(NC)c3)c3cc(N)ccc3-c3ccc(N)cc32)c1,106.0,0.36514594,0.185,,
1978316297,CNc1ccc(-c2cc(NC)cc(-c3cccc(N)c3)c2)cc1,,0.34498231,,,
1978540220,CC(=O)OCCCCCCOC(=O)c1ccc(N2C(=O)c3ccc(C)cc3C2=O)cc1,24.0,0.34266185,,,
1978620404,CCCCCCCCCCCCCCCCCCC(C)CC,104.0,0.40805705,0.381,,
1978702733,COc1ccc(S(=O)(=O)c2ccc(Oc3ccc(C(C)(C)c4ccc(C)c(C(OC)(C(F)(F)F)C(F)(F)F)c4)cc3C(OC)(C(F)(F)F)C(F)(F)F)cc2)cc1,392.0,0.37975399,0.13816211,1.295765969,18.77836882
1978759933,CCCCCCCCCCCCCCN1C(=O)C(C)C(CCC)C1=O,150.0,0.38602412,,,
1978914025,Cc1ccc2c(c1)C(=O)N(c1ccc(N3C(=O)c4ccc(-c5c(-c6ccccc6)c(-c6ccccc6)c(-c6ccc(Oc7ccc(-c8c(-c9ccccc9)c(-c9ccccc9)c(C)c(-c9ccccc9)c8-c8ccccc8)cc7)cc6)c(-c6ccccc6)c5-c5ccccc5)cc4C3=O)cc1)C2=O,50.5,0.40149442,,,
1978930507,CC(=C(C)c1ccc([Si](C(C)C)(C(C)C)C(C)C)cc1)c1ccccc1,,0.45051401,,,
1979011181,Cc1ccc(Oc2ccc(-c3nc(-c4cccc(-c5nnc(-c6ccccc6)c(C)n5)n4)nnc3-c3ccccc3)cc2)cc1,334.0,0.41817078,,,
1979505726,Cc1cccc(S(=O)(=O)NCCCCCCNS(C)(=O)=O)c1,298.2,0.34906326,0.381,1.285079964,19.72799097
1979525193,COC1CCC(OC(=O)C(C)=O)CC1,150.0,0.33792482,,,
1979934753,Cc1nnc(-c2ccc(Oc3ccc(C=Cc4ccc(Oc5ccc(C)c6ccccc56)cc4)c4ccccc34)c3ccccc23)o1,71.0,0.38836559,,,
1979939370,C#Cc1c(C#CCCCC)ccc2c1C(c1ccc(NC)cc1)(c1ccc(NC)cc1)c1cc(C#CCCCC)ccc1-2,-15.0,0.39588749,,,
1980536603,CCCc1ccc(-n2on2-c2ccc(CCOC(=O)CCCCCCC(=O)OC)cc2)cc1,17.91289325,,,,
1981136743,COCCOCC(COC(C)=O)OC,333.0,0.33674194,,,
1981457097,COc1cccc(Oc2ccc(C(=O)c3ccc(NC(=O)c4cccc(C(=O)Nc5ccc(C(=O)c6ccc(C)cc6)cc5)c4)cc3)cc2)c1,289.0,0.35415935,,,
1981691204,CNc1ccc(/C=C(/c2ccc(NC)cc2)c2cccc(C)c2)cc1,226.0,0.3641488,,,
1981721677,CNC(CCC(=O)OCc1ccc([N+](=O)[O-])cc1)C(C)=O,16.0,0.33486234,,,
1981870695,CNc1nc(=S)[nH]c(NC)c1N,175.0,0.30575132,,,
1981886524,Cc1ccc(Oc2ccc(C=Cc3ccc(Oc4ccc(-c5nnc(C)o5)cc4)c4ccccc34)cc2)cc1,261.5,0.38751411,,,
1982249582,CC#CC(CCCCOC(=O)NCCC)=C(C)CCCCOC(=O)NCCC,40.70123878,,,,
1982444634,COc1ccc(P(C)(=O)c2ccc(Oc3ccc(C(c4ccccc4)(c4ccc(C)cc4)C(F)(F)F)cc3)cc2)cc1,,0.38583407,,,
1982948729,CCCOCCOCCOc1ccc(C=Cc2cc(OC)c(C=Cc3ccc(OC)c4ccccc34)cc2OC)c2ccccc12,80.5,0.35883,,,
1983222428,Cc1ccc(NC(=O)c2ccc(OCCOc3ccc(C(=O)Nc4ccc5[nH]c(C)nc5c4)cc3)cc2)cc1,-88.0,0.35057029,,,
1984190839,CCCC=C(C)Cl,35.0,0.39969952,0.156164169,1.195057514,19.63529215
1984350149,CCCN(CCOC(=O)Nc1ccc(C)c(NC(=O)OC)c1)c1ccc(N=Nc2ccc([N+](=O)[O-])cc2C)c(C)c1,-52.0,0.35034244,,,
1984402033,CCCCCCCCCCCOc1ccc(-c2cc(-c3ccccc3)c(-c3ccc(NC(=O)c4ccc(C(=O)Nc5ccc(-c6c(-c7ccccc7)cc(-c7ccc(OC)cc7)cc6-c6ccccc6)cc5)cc4)cc3)c(-c3ccccc3)c2)cc1,13.0,0.37093746,,,
1984563739,COc1cccc(NC(=O)c2ccc(Oc3ccc(C(C)(C)c4ccc(C(C)(C)c5ccc(Oc6ccc(C(=O)Nc7ccc(C)cc7)cc6)cc5)cc4)cc3)cc2)c1,-8.0,0.3657163,,,
1984715605,CCC(OC)C(C)(C)C,36.0,0.38045208,,,
1985260994,CCCCCCCCCCCCc1cc(C)c(CCCCCCCCCCCC)cc1C,230.8,,0.356,0.832338804,11.74161872
1985598557,CCCCCCCCCCCCCCCOC(=O)CC/C=C/CCC(=O)OC,139.6,,0.318,,
1985922935,CO[Si](Oc1ccc(C2(c3ccc(C)c(C)c3)c3ccccc3-c3ccccc32)cc1C)(c1ccccc1)c1ccccc1,145.0,0.42654959,,,
1986596083,COc1ccc(C(=O)c2ccc(Oc3ccc(C(=O)c4cccc(C(=O)c5ccc(C)cc5)c4)cc3)cc2)cc1,94.5,0.37091034,,,
1986643136,CCCCCCCCC1(CCCCCCCC)c2cc(C)ccc2-c2ccc(C)cc21,16.0,0.4176963,,,
1986951321,COc1ccc(NC(=O)c2ccc(C(=O)Nc3ccc(Oc4ccc(C(c5ccc(C)cc5)(C(F)(F)F)C(F)(F)F)cc4)cc3)cc2)cc1,-50.0,0.35696671,,,
1987297108,CCC(C)(C)C(=O)Oc1ccc(C(=O)OC)cc1,56.0,0.33216316,0.356,1.164528174,15.9622621
1987380350,CCCCCCCCCCCCCCNC(=O)CCCCCCCCCCCC(=O)NC,,0.37680906,0.3835,0.900220523,22.20373128
1987420560,COc1ccc(Oc2ccc(C(=O)c3cccc(C(=O)c4ccc(C)cc4)c3)cc2)cc1S(=O)(=O)O,53.15,0.36037958,,,
1987532740,CNc1cc2c3ccccc3c(NC)cc2c2ccccc12,,0.3388047,,,
1987791441,CC=CC1CC(C)C2C(=O)N(CCCCCC)C(=O)C12,230.0,0.36643423,,,
1987932881,COc1cc(-c2cc(OC)c(OC(=O)CCCCCCCCC(C)=O)c(OC)c2)cc(OC)c1OC,20.0,0.35167826,,,
1988065987,CCCCCCCOP(=O)(N=Nc1ccc(-c2ccc(N=NP(=O)(OC)OC)cc2)cc1)OC,331.0,0.36135767,,,
1988157490,CC(=O)c1ccc(Oc2ccc(C3(c4ccc(Oc5ccc(C(=O)c6ccc7c(c6)C(=O)N(c6ccc(Cc8ccc(N9C(=O)c%10ccc(C)cc%10C9=O)cc8)cc6)C7=O)cc5)cc4)OC(=O)c4ccccc43)cc2)cc1,,0.38151091,0.3835,,
1988158741,CNC1=C(c2c(NC)ccc3ccccc23)[C@@H]2C=CC=CC2=CC1,126.0,0.35485105,,,
1988515420,CC(=O)Nc1ccc(Cc2ccc(NC(=O)c3ccc4c(c3)C(=O)N(c3ccc(Oc5ccc(N6C(=O)c7ccc(C)cc7C6=O)cc5)cc3)C4=O)cc2)cc1,267.5,0.3587615,,,
1988563349,CCCCCCCOP(=O)(N=Nc1ccc(CCOC(=O)c2cc(C(=O)OCCc3ccc(N=NP(=O)(OC)OC)cc3)cc(C(C)(C)C)c2)cc1)OC,58.2,0.36086299,,,
1988613729,Cc1ccc(Nc2cccc(Nc3ccc(S(C)(=O)=O)cc3)c2)cc1,207.0,0.38606656,,,
1988695621,CC=Cc1cc(OCCCC)c(C)cc1OC,168.0,0.38141349,,,
1989009104,CNc1ccc(Cc2ccc(NC(=O)c3cccc(C(C)=O)c3)cc2)cc1,106.0,0.35067325,,,
1989599237,Cc1ccc2c(c1)C(=O)N(c1cc(C(c3ccc(OC(=O)C45CC6CC(CC(C6)C4)C5)c(N4C(=O)c5ccc(C(C)(C(F)(F)F)C(F)(F)F)cc5C4=O)c3)(C(F)(F)F)C(F)(F)F)ccc1OC(=O)C13CC4CC(CC(C4)C1)C3)C2=O,,0.39735492,,,
1991040777,CC(OC(F)(F)F)C(C)(F)F,,0.31744193,,,
1991510657,COc1ccc(Oc2ccc(C(=O)c3ccc(C)cc3)cc2)cc1C(C)(C)C,166.0,0.38863246,,,
1991701752,CC1C(C)C2CC1C(C(=O)OCCCc1ccccc1)C2C(=O)OCCCc1ccccc1,-50.0,0.35924036,,,
1991992647,CCC(CC)(CO)COC,150.0,0.3383421,,,
1992818207,COc1ccc(C(C)(C)c2ccc(OC(=O)OCC3CCC(COC(C)=O)CC3)cc2)cc1,50.5,0.35273302,,,
1992987283,CCC(=O)NNC(=O)c1ccc(C(=O)NNC(=O)CN2C(=O)c3ccc(C(c4ccc5c(c4)C(=O)N(C)C5=O)(C(F)(F)F)C(F)(F)F)cc3C2=O)cc1,226.7602549,,,,
1993503133,COc1ccc(C=C2CCCC(=Cc3ccc(OC(=O)c4cccc(C(C)=O)c4)c(OC)c3)C2=O)cc1OC,56.5,0.35590759,,,
1994005610,Cc1cccc(C(F)(F)C(F)(F)C(C)(F)F)c1,298.2,0.35942273,,,
1995309810,CNNC(=O)c1ccccc1C(=O)Nc1cccc(C=C2CCC(=Cc3cccc(NC(=O)c4ccccc4C(C)=O)c3)C2=O)c1,395.0,0.3556635,,,
1995487445,CCC(C)(C)C(=O)OCCO[Si](C)(C)C,71.0,0.40711704,,,
1995567642,CCC(C)c1ccc(C(=O)CCN2CCOCC2)cc1,43.0,0.35976341,,,
1995858685,CNC(C)CNC(=O)NCCCCCCNC(C)=O,55.35434565,,,,
1995899423,CCOC(=O)C(Cc1ccc(OC)cc1)NC(=O)Cc1ccc(OC(=O)COCCOCC(C)=O)cc1,279.0,0.33327297,,,
1997329694,CCCCCCCCCCCCCCCCCOC(=O)C/C=C/CC(=O)OC,,0.37864549,0.315,,
1997665708,CNc1ccc2c(c1)[C@]1(c3ccccc3-2)c2ccccc2-c2ccc(NC)c(-c3ccccc3)c21,200.5,0.377512415,,,
1997781379,COP(=O)(Oc1ccccc1)Oc1c(C)cc(S(=O)(=O)c2cc(C)c(C)c(C)c2)cc1C,145.0,0.3661802,,,
1998038943,CC1=CC(C2CC(=O)N(c3ccc(C)cc3)C2=O)CC2C(=O)N(C)C(=O)C12,56.0,0.38067827,,,
1998309406,Cc1ccc(N2C(=O)c3ccc(C(=O)c4ccc5c(c4)C(=O)N(c4ccc(-c6nc7cc(S(=O)(=O)c8ccc9nc(-c%10ccccc%10)c(C)nc9c8)ccc7nc6-c6ccccc6)cc4)C5=O)cc3C2=O)cc1,265.0,0.41300079,,,
1998608102,CCC(C)(C)C(=O)OCCCCCCCCCCOc1ccc(C#Cc2cc(C)c(C=Cc3ccncc3)cc2C)cc1,305.0,0.38135827,0.315,,
1999110043,CCC(C)(C#N)C(=O)OCC(C)C,80.5,0.37373522,0.238,,
1999630530,COc1ccc(S(=O)(=O)c2ccc(Oc3ccc(C4(c5ccc(C)cc5)CCCC4)cc3)cc2)cc1,-88.0,0.37454618,,,
1999832779,COc1ccc(S(=O)(=O)c2cccc3c(S(=O)(=O)c4ccc(Oc5c(C)cc(-c6cc(C)c(C)c(C)c6C)c(C)c5C)cc4)cccc23)cc1,300.6954413,,,,
2000269306,CC/C=C\C[Si](C)(C)CCCOc1ccccc1,62.4,0.37468563,,,
2000354912,CNc1ccc([C@@]2(C)CC(C)(C)c3ccc(NC)c(C)c32)cc1C,353.0,0.37566233,,,
2000390968,CCC(C)(C)C(=O)OC1CCC1,,0.36717327,,,
2000404932,CCC(C)(C)C(=O)OCCCCCCOc1ccc2cc(C(=O)Oc3ccccc3)ccc2c1,219.0,0.35117887,,,
2001829595,CNc1ccc([C@@H](C)CC(C)(C)c2ccc(NC)cc2)cc1,67.0,0.35096863,,,
2001832914,COc1ccc(C(C)(C)c2ccc(OC(=O)CN(CC(C)=O)c3ccc(/N=N/c4ccc([N+](=O)[O-])cc4)cc3)cc2)cc1,139.6,,0.244,1.157411669,16.76101041
2002181530,Cc1cccc(N2C(=O)c3ccc(Oc4cccc(Oc5ccc6c(c5)C(=O)N(C)C6=O)c4)cc3C2=O)c1,89.0,0.35648085,,,
2002293555,CCCCCCCCCCCCSCCCCCCCCCCSC,41.0,,0.352,,
2002425196,CCC(C)(C)C(=O)OCCCCCCCCCCn1c2ccccc2c2cc(C=C(C#N)c3ccc([N+](=O)[O-])cc3)ccc21,,0.3617365,,,
2002464485,CNc1ccc(-c2c(NC)ccc3ccccc23)cc1,-50.0,0.34543683,,,
2002874744,CCCCCCCCCCCCc1nc2ccc(-c3ccc4nc(C)oc4c3)cc2o1,214.0,0.37454114,,,
2002898366,CNc1ccc2c(-c3ccccc3)c(NC)ccc2c1-c1ccccc1,-54.0,0.35542966,0.244,,
2002993449,CCC(C)NC(=O)OC(C)(C)C,53.15,0.36612133,,,
2003072511,CNc1ccc(NC(=O)c2cc(C(C)=O)cc(C(F)(F)C(F)(F)C(F)(F)C(F)(F)F)c2)cc1,235.6895845,,0.352,,
2003251624,COc1ccc(OC(=O)c2ccc(OC(=O)c3ccc(C(=O)Oc4ccc(C(=O)Oc5ccc(OC(=O)c6cccc(C(C)=O)c6)cc5)cc4)cc3)cc2)cc1,119.4238893,,,,
2003333074,CCCCCCCCCCCNC(=O)CCCCCCCCCCCCCCCCC(=O)NC,240.0,0.37842036,0.381,,
2003821691,CC[Si](CC)(CC)Oc1c(Br)cc(N2C(=O)C(C)C(C)C2=O)cc1Br,229.0,0.42330372,,,
2004147185,CCCCCCCOC(=O)CC(C)(CC)C(=O)OCCCCCCC,51.0,0.38365749,,,
2004281729,CCC(C)c1cc(C)ccc1C,,,0.173,0.907377009,13.45177375
2004522316,CC(=O)Oc1ccc(OC(=O)c2ccc3c(c2)C(=O)N(c2ccc(S(=O)(=O)c4ccc(N5C(=O)c6ccc(C)cc6C5=O)cc4)cc2)C3=O)c(C(C)(C)C)c1,,0.37267294,,,
2004781454,CNc1ccc(C2CCCCC2)c(C2CCCCC2)c1NC,116.0,0.37629915,0.381,,
2004817978,CCCCCCCCCCCCCNC(=O)CCP(C)(=O)CCC(=O)NC,168.0,0.35766138,,,
2004822166,CCC1CCCC(CN2C(=O)c3ccc(C(c4ccc5c(c4)C(=O)N(C)C5=O)(C(F)(F)F)C(F)(F)F)cc3C2=O)C1,41.0,0.36224817,,,
2005210923,Cc1ccc(Oc2ccc(C(=O)c3cccc(C(=O)c4ccc(Oc5ccc(N6C(=O)c7ccc(Oc8ccc(Oc9ccc(Oc%10ccc%11c(c%10)C(=O)N(C)C%11=O)cc9)cc8)cc7C6=O)cc5)cc4)c3)cc2)cc1,,0.36312657,,,
2005402308,CCC(C)(C)COC(=O)CCCCCCCC(=O)OC,17.01342593,,0.173,,
2005457521,CCCCC(=O)OC,171.0,0.32557378,,,
2005551662,CC1C2CC(CCCCc3ccccc3)C(C2)C1C,152.0,0.36435732,,,
2005844572,CNC1=Cc2c(c3ccc(NC)cc3c3ccccc23)C[C@@H]1c1ccccc1,55.0,0.34384971,,,
2006295259,CSc1cc(C)c(C)cc1C,243.0,0.42409378,,,
2006448599,Cc1ccc2c(c1)C(=O)N(c1c(C)cc(C3(c4cc(C)c(N5C(=O)c6ccc(C(C)(C(F)(F)F)C(F)(F)F)cc6C5=O)c(C)c4)c4ccccc4-c4ccccc43)cc1C)C2=O,109.0,0.44643789,,,
2006513781,CCC[C@H](C(c1ccc(NC)cc1)c1ccc(NC)cc1)[C@H]1CC[C@H](/C=C/[C@H]2CC[C@H](C(C)C)CC2)CC1,56.5,0.37803401,,,
2006683718,CCC(C)C(=O)c1ccc(C)cc1,195.0,0.38303868,0.1975,1.017121715,11.41539018
2006821254,COc1ccc(OC(C)=O)cc1,105.0499992,,,,
2006996474,CCCCCCCCCCCOC(=O)NCc1ccc(CNC(=O)OC)cc1,,0.34727776,,,
2007281733,CCCCCCCCCCc1cc(C)sc1C,94.0,0.41339329,,,
2007312638,COc1ccc(C(c2ccc(Oc3ccc(C(=O)c4ccc(C)cc4)cc3)cc2)(C(F)(F)F)C(F)(F)F)cc1,160.0,0.37573653,,,
2007560490,Cc1ccc2oc(-c3ccc(-c4nc5cc(C(C)(C(F)(F)F)C(F)(F)F)ccc5o4)cc3)nc2c1,268.0,0.45097253,,,
2007665966,COCC(F)(F)C(F)(F)C(F)(F)COc1nc(F)nc(C)c1F,,0.34008549,0.1975,,
2007994317,CCC(C)(C)COC(=O)Cc1ccc(C(=O)OC)cc1,270.0,0.35161343,,,
2008537603,CC=C(C)c1ccccc1,66.12991425,,,,
2008605500,CCC(C)(COC)COCCC#N,145.0,0.38263098,,,
2008709540,CNc1cc(-c2c(NC)ccc3ccccc23)c(N)cc1[C@@H]1c2ccccc2C=C[C@H]1N,44.0,0.34308661,,,
2009603005,CNc1cccc(-c2cccc3ccccc23)c1NC,265.0,0.34900624,,,
2009816260,CNc1ccc2ccc3c(NC)c(-c4ccccc4)c(-c4ccccc4)c4ccc1c2c34,305.0,0.36314793,,,
2010311547,COc1ccc(C(C)(C)c2ccc(OC(=O)c3ccc(C(=O)c4ccc(C(C)=O)cc4)cc3)cc2)cc1,-10.0,0.36073846,0.257727428,1.162597364,23.74552096
2010970125,CNCC(C)(C)NC,177.0,0.32677864,,,
2011509747,Cc1ccc(C=C2CCCC(=Cc3ccc(-c4csc(NC(=O)NCCCCCCNC(=O)Nc5nc(C)cs5)n4)cc3)C2=O)cc1,47.02441211,,,,
2011999310,CCCCOCC(COC(C)=O)OC,331.9,0.35933677,,,
2012503945,CCC(C)OCCOc1ccc(C=C(C#N)C(=O)OC)cc1,90.4,0.34910915,,,
2012816779,COP(=O)(Oc1ccccc1)Oc1ccc(S(=O)(=O)c2ccc(C)cc2)cc1,361.0,0.34868252,,,
2013254124,CCC(O)COc1ccc(C(C)(c2ccccc2)c2ccc(OC)cc2)cc1,,0.35423156,,,
2013412684,CCCCCCCCSc1cc(C(=O)Nc2ccc(NC)cc2)c(SCCCCCCCC)cc1C(C)=O,69.67482713,,,,
2014114432,Cc1ccc(Oc2ccc(C(=O)c3cccc(C(=O)c4ccc(Oc5ccc(-c6c7c(c(C)c8ccccc68)C(=O)N(C)C7=O)cc5)cc4)c3)cc2)cc1,,0.37310295,,,
2014263245,COC(F)(F)C(F)(F)C(F)(F)C(C)(F)F,89.0,0.3276198,,,
2014301760,CCCOCCOCCOc1cccc(NC(=O)c2cccc(C(=O)Nc3cccc(OC)c3)c2)c1,41.0,0.33785763,,,
2014418725,CCCCCCCCCCCCCCCCc1cc(C)[nH]c1C,175.0,,0.4075,0.866052711,14.71408344
2014622631,CCC(C)c1cccc(Cl)c1,50.0,,0.14175,1.095935741,14.9638119
2014653068,CCC1CCC(COC(=O)NCCSCCCCCCSCCNC(=O)OC)CC1,-22.0,,0.24,,
2014740524,CCc1ccc(C(=O)OC(C)CC)cc1,-54.0,0.37318074,,,
2015016927,COc1ccc(S(=O)(=O)c2ccc(OC(=O)OC3C(C)(C)C(OC(C)=O)C3(C)C)cc2)cc1,,0.3572516,,,
2015176684,CCCCCCCNC(=O)c1ccc(C(=O)NC)c(Oc2ccc(-c3ccccc3)cc2)c1,142.0,0.35011454,,,
2015484909,CCCCCCCOC(=O)OCCCCCCCCCOC(=O)OCCCCCCOc1ccc(Oc2ccc(OC)cc2)cc1,327.0,0.35651223,0.4075,,
2015550348,CCN(C)c1ccc(-c2ccc(N(CC)C(=O)c3ccc(C(C)=O)cc3)cc2)cc1,62.56896406,,0.14175,,
2015619350,CC(=O)OCCCCCOC(=O)c1ccc(N2C(=O)c3ccc(C)cc3C2=O)cc1,,0.33665398,0.24,,
2015647676,CCCCCCCCCCCCCOC(=O)c1ccc(NC(=O)CCCCCCCCCCC(=O)Nc2ccc(C(=O)OC)cc2)cc1,-26.12929226,,,,
2015742836,CC(=O)NCCCCCCNC(=O)c1ccc(N2C(=O)c3ccc(C)cc3C2=O)cc1,230.0,0.33363359,,,
2016514618,Cc1cccc(CCCOc2cccc(N3C(=O)c4cccc(-c5ccc6c(c5)C(=O)N(C)C6=O)c4C3=O)c2)c1,,0.35569719,,,
2016694996,CCCCCCCCCCOP(C)(=NC)OCCCCCCCCCC,-22.0,0.40515813,,,
2016828093,CCCCCOc1cc(C(=O)Oc2ccc(-c3ccc(OC(=O)c4ccc(OCCC[Si](C)(C)OC)cc4)cc3)cc2)cc(OCCCCC)c1OCCCCC,,0.36863152,,,
2017537150,CCC(F)(F)C(F)(F)COC(=O)NCCCCCCNC(=O)OC,119.0,0.32427748,,,
2017623024,CCCCCCCCCCCc1nc2ccc(-c3ccc4nc(C)oc4c3)cc2o1,39.0,0.37701196,,,
2018770254,Cc1ccc(OC(=O)c2ccc([Si](C)(C)c3ccc(C(=O)Oc4ccc(C5(C)OC(=O)c6ccccc65)cc4)cc3)cc2)cc1,,0.37413124,,,
2019089439,COc1ccc(Oc2ccc(Oc3cccc(C(=O)Oc4ccc(-c5ccc(OC(=O)c6cccc(C)c6)cc5)cc4)c3)cc2)cc1,152.0,0.35465002,,,
2019160480,Cc1cccc(C(c2cccc(N3C(=O)c4ccc(-c5ccc6c(c5)C(=O)N(C)C6=O)cc4C3=O)c2)(C(F)(F)F)C(F)(F)F)c1,224.0,0.37386438,,,
2019662589,CCCCCCc1ccc(-c2ccc(-c3ccc(-c4ccc(OCc5ccc(C(C)CC)cc5)cc4)c4nsnc34)s2)s1,111.0,0.38938672,,,
2019749596,CNc1ccc2cccc3c2c1C=C[C@@H]3NC,,0.32848339,,,
2020299176,COc1ccc(C(=O)Nc2ccc(Cc3ccc(NC(=O)c4ccc(Oc5ccc(C(=O)c6ccc(S(=O)(=O)c7ccc(C(=O)c8ccc(C)cc8)cc7)cc6)cc5)cc4)cc3)cc2)cc1,90.0,0.36431498,,,
2020359190,CSC1CCCCC1C,62.0,0.39542833,,,
2020708371,CCCCCCCCCCCOC(=O)CCCCCCCCCCC(=O)OC,57.0,,0.319,,
2020818351,COP(=O)(Oc1ccc(Cl)cc1)Oc1ccc(C(C)(C)c2ccc(C)cc2)cc1,120.0,0.36942228,,,
2020857359,CC1C(C)C2CC1C(C(=O)OCC1CC3CCC1C3)C2C(=O)OCC1CC2CCC1C2,112.0,0.3915968,,,
2020969412,CNc1ccc(Cc2ccc(NC(=O)c3cc(NC(=O)CCN4C(=O)c5ccccc5C4=O)cc(C(C)=O)c3)cc2)cc1,-20.0,0.33946762,,,
2021130143,CNc1ccc([C@]2(C)CC(C)(C)c3cc(NC)c(N)c(N)c32)c(N)c1N,46.0,0.35556128,,,
2021290286,CC(=O)c1ccc2c(c1)C(=O)N(c1ccc(Oc3ccc(C(=O)c4ccc5cc(C(=O)c6ccc(Oc7ccc(N8C(=O)c9ccc(C)cc9C8=O)cc7)cc6)ccc5c4)cc3)cc1)C2=O,160.0,0.3742742,,,
2021383868,Cc1ccc2c(c1)C(=O)N(c1ccc(Oc3cccc(-c4cc(-c5ccccc5)cc(-c5cccc(Oc6ccc(N7C(=O)c8ccc(C(C)(C(F)(F)F)C(F)(F)F)cc8C7=O)cc6)c5)n4)c3)cc1)C2=O,-23.0,0.3772372,0.319,,
2021473660,CCCOC(=O)CCCCCCCCCCC(=O)OCCOC(=O)c1ccc(C(=O)OC)cc1,225.0,0.34409739,,,
2021478343,CCCC1C(=O)N(CCCCNC(=O)C(F)(F)C(F)(F)C(F)(F)C(F)(F)C(F)(F)C(F)(F)C(F)(F)F)C(=O)C1C,143.0,0.31483442,,,
2022011396,COc1ccc(Oc2ccc(Nc3ccc(S(=O)(=O)c4ccc(Nc5ccc(C)cc5)cc4)cc3)cc2)cc1,179.0,0.39625118,,,
2022159696,CCCNC(=O)c1ccc(C(=O)NCCOc2ccc3c(OC)cccc3c2)cc1,49.0,0.33252314,,,
2022505233,CCC(C)C(=O)OCC(F)(F)C(F)(F)C(F)(F)C(F)(F)F,44.0,0.32766063,,,
2023609610,CNc1ccc2ccc(NC)c3c4cccc5cccc(c1c23)c54,222.0,0.33884923,,,
2023841912,Cc1ccc2c(c1)C(=O)N(c1ccc(Cc3ccc(N4C(=O)c5ccc(C(F)(F)C(F)(F)C(C)(F)F)cc5C4=O)cc3)cc1)C2=O,192.0,0.3587456,0.201372992,1.327992966,26.02529557
2024518785,CNc1ccc2c3ccc(NC)c4cccc(c5cccc1c52)c43,119.0,0.33265387,,,
2024524302,CCC(C)c1cc(OC)c(O)c(OC)c1,1.5,0.32962822,,,
2024808471,CCC(F)(F)C(F)(F)C(F)(F)COC(=O)c1cccc(-c2cccc(C(=O)OC)c2)c1,148.0,0.33493908,,,
2025206311,CNC1=C2C=CC=C[C@@H]2[C@@](NC)(c2c(C)cc(N)c3ccccc23)C(C)=C1,298.0,0.36137025,,,
2025276311,CC/C=C\C[Si](C)(C)CCCOc1ccc(-c2ccccc2)cc1,361.0,0.36376356,,,
2025508516,COc1cccc(C(C)=O)c1,,0.34146211,,,
2025809998,COC(Cc1ccccc1)C(C)=O,59.5,0.35974569,,,
2025970688,CCCCCCCCCCCCCNC(=O)C(OC)C(OC)C(=O)NC,320.0,0.36064464,,,
2026398041,Cc1cccc(N2C(=O)c3cccc(Oc4ccc(Oc5cccc6c5C(=O)N(C)C6=O)cc4)c3C2=O)c1,49.0,0.35986411,,,
2026422493,Cc1ccc(Oc2cc3ccccc3cc2Oc2ccc(N3C(=O)c4ccc(S(=O)(=O)c5ccc6c(c5)C(=O)N(C)C6=O)cc4C3=O)cc2)cc1,-33.0,0.37064659,0.204011822,1.273186916,22.01939676
2026602715,COc1ccc(CC2(Cc3ccc(C)cc3)c3ccccc3-c3ccccc32)cc1,175.0,0.38673574,,,
2026869258,Cc1ccc(Oc2ccc(N3C(=O)c4ccc(-c5cccc6c5C(=O)N(C)C6=O)cc4C3=O)cc2)cc1,371.5,0.37709986,0.246678175,1.225730173,22.22798133
2026975698,CCC(C)(C)C(=O)OCCCN(CCO)c1ccc(N=Nc2ccc([N+](=O)[O-])cc2)cc1,0.0,0.35100241,,,
2027806037,CC[Si](C)(C)CCCn1c2ccccc2c2ccccc21,33.0,0.36146235,,,
2028307602,CNc1cc2c(cc1NC)C1(CC1)CC2(C)C,144.6,0.36330601,,,
2028500149,CCC(C)CCC1CCCCC1,-52.0,,0.2176666666666666,,
2028527037,CCc1ccc(CSSC)cc1,-37.0,0.40158924,,,
2028683291,CCC(=O)Nc1ccc(C2(c3ccc(NC(=O)c4ccc5c(c4)C(=O)N(C)C5=O)cc3)c3ccccc3-c3ccccc32)cc1,,0.36284889,,,
2029399840,CCCOC(=O)c1ccc2cc(C(=O)OC)ccc2c1,290.0,0.3346262,,,
2030056583,CCC(C)C(=O)N(C(C)C)C(C)C,194.0,,0.1865,0.844059103,11.58798505
2030717926,CCCCCCCC(=O)NCCCCCCNC(=O)CCCOC,1.467345964,,,,
2030734021,COc1ccc(NC(=O)c2c(F)c(F)c(C(=O)Nc3ccc(C)cc3)c(F)c2F)cc1,168.6168885,,0.2176666666666666,,
2031010727,CCCCCCOC(=O)c1ccc(C(C)CC)cc1,-22.0,0.37921152,,,
2031068763,COc1ccc(Oc2ccc(C(=O)c3ccc(C(=O)c4ccc(C)cc4)cc3)cc2)cc1-c1ccccc1,,0.38107447,,,
2031096142,COc1ccc(Oc2ccc(OC(=O)c3cccc(Oc4ccc(Oc5cccc(C(C)=O)c5)cc4)c3)cc2)cc1,100.5,0.35436946,,,
2031152163,Cc1ccc(N2C(=O)c3ccc(Oc4ccc(C(C)(C)c5cccc(Oc6ccc7c(c6)C(=O)N(C)C7=O)c5)cc4)cc3C2=O)cc1,115.0,0.37049123,0.1865,1.211368453,23.8110985
2031378457,CCC(C)CCC(C)CC,,,0.229,0.791153015,11.37248496
2031413397,CCCN(CCOC(=O)c1cc(OC2CCN(c3ccc(S(=O)(=O)C(F)(F)C(F)(F)C(F)(F)C(F)(F)C(F)(F)C(F)(F)C(F)(F)C(F)(F)F)cc3)CC2)cc(C(=O)OC)c1)c1ccc(S(=O)(=O)C(F)(F)C(F)(F)C(F)(F)C(F)(F)C(F)(F)C(F)(F)C(F)(F)C(F)(F)F)cc1,251.0,0.34244923,,,
2031789072,CCC(C)CNc1ccc([N+](=O)[O-])cn1,-55.0,0.37295814,0.192,1.22830711,12.89532483
2032432464,CCCC(C(=O)OC)C(C)C(=O)OC,111.0,0.33473342,,,
2032438783,CNc1ccc2c(c1)[C@@]1(c3ccccc3-2)c2ccccc2-c2cccc(-c3ccccc3NC)c21,138.0,0.3737942,,,
2033020840,CCC(C)(C)CS(=O)(=O)CC(C)(C)COC(=O)NCCCCCCNC(=O)OC,90.0,0.3457558,,,
2033581658,CC1C(C)C2CC1C(C(=O)OCCC1CC3CCC1C3)C2C(=O)OCCC1CC2CCC1C2,,0.38027867,0.229,,
2033646210,CNc1cccc(-c2cc(-c3ccccc3C)c(-c3ccccc3C)c(-c3ccccc3)c2-c2ccccc2)c1NC,57.0,0.3749928,,,
2033898259,CCc1ccc(CNC(=O)CCCCCCCCCCCCCCCCC(=O)NC)cc1,162.0,0.36245212,0.3299999999999999,0.962041851,19.70952259
2034204725,CCCCCCCCCCCNC(=O)CCCCCCCCCCCCCCCCCCC(=O)NC,112.0,,0.3873333333333333,0.892460081,24.81577292
2034484019,COc1ccc(OC(=O)c2ccc(OCCCCCCCCCCCCOc3ccc(C(C)=O)cc3)cc2)cc1S(=O)(=O)c1ccccc1,-20.0,0.36220577,,,
2035254874,CCCCCCCCCCCNC(=O)C=C(C)C(=O)NC,345.0,0.35574403,,,
2035543497,CCCCCNC(=O)c1cccc(C(=O)NC)c1,90.0,0.32480195,,,
2035696631,CNc1ccccc1C1(c2cc(C(C)(C)C)ccc2NC)CCCCC1,,0.37402396,,,
2035735306,COc1ccc(P(C)(=O)c2ccc(C)cc2)cc1,225.0,0.38176997,0.3299999999999999,,
2035749307,CCC(=O)Oc1ccc(C(=O)OC(C)CC)cc1,178.0,0.34337593,0.3873333333333333,,
2035906358,Cc1ccc(Oc2ccc(C(C)(C)c3ccc(Oc4ccc(-c5nnc(C)c6c(-c7ccc(F)cc7)c(-c7ccc(F)cc7)c(-c7ccc(F)cc7)c(-c7ccc(F)cc7)c56)cc4)cc3)cc2)cc1,-44.0,0.4058732,,,
2036221295,CNc1ccc(C(c2ccc(N)cc2)c2ccc(NC)cc2)cc1,49.0,0.35715159,,,
2036690814,CCC(C)=C(C)c1ccccc1,9.0,0.40534286,,,
2036937559,CNc1ccc(-c2ccc(NC)cc2-c2ccc(C(C)(C)C)cc2)cc1,64.0,0.3670132,,,
2036966102,CC(C)O,214.0,0.24565388,,,
2037050348,CNCc1ccc(CNC)cc1,119.0,0.320806375,,,
2037235529,CNc1nc(NC)nc(N(C)C)n1,267.0,0.33908484,,,
2037427343,CNc1ccc(-c2c(-c3ccc4ccccc4c3)c(-c3ccc4ccccc4c3)c(NC)c(-c3ccc4ccccc4c3)c2-c2ccc3ccccc3c2)cc1,122.0,0.36989415,,,
2037755126,COc1ccc(S(=O)(=O)c2ccc(Oc3c(C)cc(C(c4cc(C)c(C)c(C)c4)(C(F)(F)F)C(F)(F)F)cc3C)cc2[Si](C)(C)C)c([Si](C)(C)C)c1,,0.41286543,,,
2038032102,CCc1ccc(COC(=O)Cc2ccc(C(=O)OC)cc2)cc1,240.0,0.34236476,,,
2038593828,CCCCCCCCCCCOC(=O)NCCCCCCCCCCNC(=O)OC,-43.0,,0.316,,
2038600003,CCC(C)(C)C(=O)OCc1cccc(Cl)c1,,0.3685976,0.156695253,1.192786371,15.62408521
2038692066,CC=C(C)c1cccc[c]1[Ge]([CH3])([CH3])[CH3],71.0,0.44377353,,,
2038784698,CCc1cc(C)ccc1NC,162.1855704,,,,
2038813510,CC(=O)c1ccc2c(c1)C(=O)N(c1ccc(Cc3ccc(N4C(=O)c5ccc(C)cc5C4=O)c(C(C)(C)C)c3)cc1C(C)(C)C)C2=O,235.0,0.4037542,,,
2039185015,CC1OCOC(C(C)(F)F)C1(F)F,246.0,0.31802359,0.316,,
2039265517,CNCC1=Cc2c(NC)ccc3cccc(c23)C1,180.0,0.33495644,,,
2039296323,Cc1ccc(Oc2ccc(-c3ccc(Oc4ccc(-c5nnc(C)c6c(-c7ccccc7)c(-c7ccc8ccccc8c7)c(-c7ccc8ccccc8c7)c(-c7ccccc7)c56)cc4)cc3)cc2)cc1,-8.0,0.40570846,,,
2040418137,Cc1cc(Cc2cc(C)c(N3C(=O)c4ccc(Oc5ccc(C(C)(C)c6ccc(Oc7ccc8c(c7)C(=O)N(C)C8=O)cc6)cc5)cc4C3=O)c(C)c2)cc(C)c1C,144.6,0.39213223,,,
2040580299,COc1ccc(Oc2ccc(Oc3ccc(C(C)(C)c4ccc(C)cc4)cc3)cc2)cc1,,0.37740838,0.206,,
2040837596,CCCCCCCCCCCCCCCCCCCCCCCOC(=O)CCCCC(=O)OC,-37.0,,0.376,0.893790404,19.43446517
2040930933,CNc1ccc2ccc3c(NC)c(-c4cccc(C)c4)cc4ccc1c2c43,,0.34832984,,,
2041026757,CCCCc1cc(C)sc1C,290.0,0.4491673,0.320117807,1.036409942,27.88823824
2041864294,Cc1ccc(OCCCCCCCCCCCOC(=O)c2ccc(C(=O)OCCCCCCCCCCCOc3cccc(-c4nnc(C)s4)c3)cc2)cc1,,0.37179476,,,
2041930704,Cc1ccc(Oc2ccc(C(=O)c3ccc(C(=O)c4ccc(Oc5ccc(N6C(=O)c7ccc(-c8ccc9c(c8)C(=O)N(C)C9=O)cc7C6=O)cc5)cc4)cc3)cc2)cc1,147.0,0.37294801,,,
2042324873,CC=C(C)c1nc2ccccc2n1C,-6.104199835,,,,
2042618640,CC=Cc1ccc2c3ccc(C)cc3n(-c3ccc(OCCCCCCCCCC)c(OCCCCCCCCCC)c3)c2c1,197.0,0.38669468,0.376,,
2042805767,Cc1ccc(Oc2ccc(-c3ccc(-c4ccc(-c5ccc(Oc6ccc(-c7c8c(c(C)c9ccccc79)C(=O)N(c7ccccc7)C8=O)cc6)c(C(F)(F)F)c5)cc4)cc3)cc2C(F)(F)F)cc1,47.0,0.38592112,,,
2042962957,CCCOc1ccc(Br)cc1C(C)CC,,0.4104551,0.136,,
2042985265,CNCCc1c(NC)ccc2ccccc12,162.0,0.33294897,,,
2043343589,Cc1ccc(-c2ccc(N3C(=O)c4ccc(-c5cccc6c5C(=O)N(C)C6=O)cc4C3=O)c(C)c2)cc1C,,0.38576498,0.252551567,1.114037498,23.85335488
2043894726,Cc1ccc(Oc2ccc(NC(=O)c3ccc(C(=O)Nc4ccc(Oc5ccc(-c6nnc(C)o6)cc5)cc4)c(Oc4ccccc4)c3)cc2)cc1,84.0,0.36628379,,,
2044319304,Cc1ccc(Oc2ccc(S(=O)(=O)c3ccc(Oc4ccc(-c5c6c(c(C)c7ccccc57)C(=O)N(c5ccccc5-c5ccccc5)C6=O)cc4)cc3)cc2)cc1,259.0,0.38414881,,,
2044554925,CNc1ccc2c(c1)[C@H]1CC[C@@H]2c2ccc(NC)cc21,275.0,0.3658294,,,
2044694871,CCCCCCC(CC)C(CCCCCC)COC(=O)c1ccc(C(=O)OC)cc1,138.0,0.37457172,0.136,,
2044966386,CCC[C@](c1ccc([C@@H](CC)c2ccc(NC)cc2C)cc1)(c1ccc([C@H](CC)c2ccc(NC)cc2C)cc1)C1CCCCC1,320.0,0.38839084,,,
2045712230,CCCCc1ccc(C2=C(c3ccc(CCCC)cc3)[C@@H](NC)c3cccc4ccc(NC)c2c34)cc1,334.0,0.3682026,,,
2046153733,CNc1ccc(C[C@@H](c2ccc(NC)cc2)C(c2cccc(N)c2)c2cccc(N)c2)cc1,71.2,0.35616115,,,
2046167476,CCCCCCCSCCCCCSC,247.0,,0.241,,
2046736007,C=CCC1=C(NC)c2c(NC)ccc3cccc(c23)[C@H]1CC=C,40.0,0.33818589,,,
2046892348,CCCCCOc1ccc(C(=O)OC(=O)c2ccc(OC)cc2)cc1,23.0,0.33643184,,,
2046956333,CNc1ccc(-c2ccc(NC)c(C(c3cc(-c4ccc(N)cc4)ccc3N)(c3cc(-c4ccc(N)cc4)ccc3N)c3cc(-c4ccc(N)cc4)ccc3N)c2)cc1,345.0,0.34585373,,,
2047082921,CNc1cccc(NC(=O)c2cc(NC(=O)C34CC5CC(CC(C5)C3)C4)cc(C(C)=O)c2)c1,120.0,0.3518154,,,
2047303918,Cc1ccc(Oc2ccc(-c3ccc(Oc4ccc(N5C(=O)c6cccc(Oc7c(Oc8cccc9c8C(=O)N(C)C9=O)cc(C(C)(C)C)cc7C(C)(C)C)c6C5=O)cc4)cc3)cc2)cc1,35.0,0.3876841,,,
2047470696,CNc1ccc2c(c1)C1c3cc(N)ccc3C2c2ccc(NC)cc21,245.0,0.38546708,0.241,,
2047526312,CCC(O)COc1ccc(C(C)(C)c2ccc(OCC(O)COc3cccc(NC(=O)CCCC(=O)Nc4cccc(OC)c4)c3)cc2)cc1,,0.33823192,,,
2047662238,CC=CC(COCc1ccccc1)C(C)COCc1ccccc1,66.0,0.36790087,,,
2047820714,CCC(C)(C)C(=O)OCCCCCCCCOc1ccc(N=Nc2ccc(C#N)cc2)cc1,166.0,0.37032483,,,
2047965728,CCCCCCOC(=O)OC,104.0,0.3428874,,,
2048401412,CCC(C)c1ccc([Si](C)(O[Si](C)(C)C)O[Si](C)(C)C)cc1,268.0,0.46187463,,,
2048601766,Cc1ccc(Sc2ccc(Sc3ccc(Sc4ccc(S(C)=O)cc4)cc3)cc2)cc1,384.0,0.38833103,,,
2049016668,CCCCCCCCCC(Cl)C(C)Cl,99.0,0.39594162,,,
2049074412,CO[Si](C)(C)CC[Si](C)(C)O[Si](C)(C)C,151.0,0.47403099,,,
2049185141,CNC(CC(C)=O)c1ccccc1,-30.79261317,,,,
2049372451,[2H]C(CCC)C([2H])(C)C,-15.5,0.40087335,,0.8045306,19.33954208
2049646481,CNNC(=O)c1cc(NC(=O)c2ccc3c(c2)C(=O)N(c2ccc(C)cn2)C3=O)cc(C(=O)NNC(=O)CC(C)=O)c1,30.0,0.33031505,,,
2049675087,CCCCOc1ccc(-c2nc(C)c(-c3ccc(OC)cc3)c(OCCOC(=O)CCCC(=O)OCCOC)n2)cc1,260.0,0.35340123,,,
2049722638,Cc1ccc(-c2ccc(-c3nc4cc5sc(C)nc5cc4s3)cc2)cc1,343.9030515,,,,
2049724174,CNc1cc2ccc3cc(NC)c(-c4ccccc4N)c4ccc(c1-c1ccccc1N)c2c34,75.0,0.3574156,,,
2050460955,CCC(C)(C)C(=O)OCCCCCCCCCCCOc1ccc(N=Nc2ccc(OC(=O)c3ccc4c(c3)OCCOCCOCCOCCO4)cc2)cc1,,0.35856938,,,
2050550943,CC#CC(CCCCOC(=O)NCC(=O)OCCCC)=C(C)c1cncnc1,73.99227071,,,,
2051195531,Cc1ccc2nc(C)cc(-c3ccccc3)c2c1,,0.44585296,,,
2051477971,CCCCCCCCCCCOC(=O)c1ccc2cc(C(=O)OC)ccc2c1,141.0,0.36034305,,,
2052142146,CC[C@@H](C)[C@](N)(CC)C(NC)(NC)C(=O)O,237.0,0.32721584,,,
2052261609,CCc1cc2ccccc2c(-c2c(NC)c(CC)cc3ccccc23)c1NC,238.0,0.36951998,,,
2052739724,CCC(C)(C)C(=O)OCCn1c2ccccc2c2cc(N=Nc3ccc([N+](=O)[O-])cc3)ccc21,111.0,0.36133223,,,
2053050930,CCC(=O)OC(=O)COc1ccc(OC)cc1,282.0,0.31004011,,,
2053127764,CC(=O)NCCC[Si](C)(C)O[Si](C)(C)CCCNC(=O)c1ccc2c(c1)C(=O)N(c1ccc(Oc3ccc(N4C(=O)c5ccc(C)cc5C4=O)cc3)cc1)C2=O,143.0502256,,,,
2053139068,CCCCCCN1C(=O)C(C)C(CCC)C1=O,-42.95,0.35708568,,,
2053145171,CNc1cc(NC(=O)c2ccc(C(C)=O)cc2)cc(C(=O)OC(c2ccccc2)c2ccccc2)c1,54.0,0.35378729,,,
2053208810,Cc1ccc(N2C(=O)c3ccc(C(=O)c4ccc5c(c4)C(=O)N(c4ccc(-c6nc7cc(Oc8ccc9nc(-c%10ccccc%10)c(C)nc9c8)ccc7nc6-c6ccccc6)cc4)C5=O)cc3C2=O)cc1,134.0,0.41165056,,,
2053534445,CCC(CC(C)C)S(C)(=O)=O,-30.0,0.37757511,,,
2053664112,CNCCNC,-89.0,0.30366476,,,
2053842039,CC=Nc1ccc(N=Cc2cccc(C)n2)cc1,139.1234551,,,,
2053942851,CCCCCCCCCCCCCNC(=O)CCCCCCCCCCCCCCCCC(=O)NC,197.0,0.37997569,,,
2054944349,CCOCCOCCOC(=O)C(Cc1ccc(OC)cc1)NC(=O)CCc1ccc(OC(=O)CCCCCCC(C)=O)cc1,47.0,0.34633358,,,
2055026518,COc1ccc(S(=O)(=O)c2ccc(-c3ccc(S(=O)(=O)c4ccc(Oc5ccc(-c6ccc(-c7ccc(C)cc7)cc6)cc5)cc4)cc3)cc2)cc1,46.0,0.37441268,,,
2055219346,COc1ccc(-c2ccc(OC(=O)c3ccc(C(C)=O)cc3Oc3ccc(C(C)(C)c4ccccc4)cc3)cc2)cc1,135.0490958,,,,
2055251139,CCC(C)(C)C(=O)OCCCCOc1ccc(C(=O)Oc2ccc(OC)cc2)cc1,,0.33838791,,,
2055325406,CC#CC(OS(=O)(=O)c1ccc(C)cc1)=C(C)OS(=O)(=O)c1ccc(C)cc1,164.1018919,,,,
2056311741,CC(=O)c1ccc2c(c1)C(=O)N(c1cccc(P(=O)(c3ccccc3)c3cccc(N4C(=O)c5ccc(C)cc5C4=O)c3)c1)C2=O,213.0,0.38469129,,,
2057063340,Cc1ccc(Oc2cccc(Oc3ccc(N4C(=O)c5cccc(Oc6ccc(-c7ccc(Oc8cccc9c8C(=O)N(C)C9=O)cc7)cc6)c5C4=O)cc3)c2)cc1,415.0,0.361259,,,
2057209972,COc1ccc(S(=O)(=O)c2ccc(Oc3ccc(C4(c5ccc(C)cc5)C5CC6CC(C5)CC4C6)cc3)cc2)cc1,125.0,0.38601547,,,
2057275568,CCOC(=O)C(C)(C#N)CC,,0.35400751,0.1805,1.034280592,15.74241811
2057370661,CCN(CCCCCCOc1ccc(C)cc1-c1cc(-c2ccccc2)c2cc(Oc3ccc4nc(C)cc(-c5ccccc5)c4c3)ccc2n1)c1ccc(C(C#N)=C(C#N)C#N)cc1,334.0,0.38886127,,,
2057806483,CCC(=O)OC,-75.0,0.29139366,,,
2058153586,CNc1ccc(-c2ccc(NC)cc2-c2ccccc2C(C)(C)C)cc1,247.0,0.35895204,,,
2058169887,Cc1ccc(OC(=O)c2ccc(C(=O)Oc3ccc(-c4nc5ccccc5nc4C)cc3)cc2)cc1,122.0,0.36797942,,,
2058537463,Cc1ccc(Oc2ccc(C(=O)c3ccc(Oc4ccc(C5(C)OC(=O)c6ccccc65)cc4)cc3)cc2)cc1,41.5,0.38030093,0.249754092,1.186783157,20.42568028
2058722180,C=C(/C=C(\C)C1(C(/C=C(\C)C(=C)c2ccccc2C)=C/C)c2cc(NC)ccc2-c2ccc(NC)cc21)C(=C)c1ccccc1,217.0,0.359086085,0.1805,,
2058912273,Cc1cccc(C(=O)c2c(C)cc(C)c(N3C(=O)c4ccc(-c5ccc6c(c5)C(=O)N(C)C6=O)cc4C3=O)c2C)c1,59.0,0.3935505,,,
2059069732,COc1cccc(Oc2ccc(C(=O)c3ccc(NC(=O)c4ccc(C(=O)Nc5ccc(C(=O)c6ccc(C)cc6)cc5)cc4)cc3)cc2)c1,35.0,0.35539719,,,
2059156449,CNC[C@@H](CC(O)(COCCO)C[C@@H](N)CN)NC,245.0,0.29619414,,,
2059422357,CCCCCCCCCCCCCCCCC(C(=O)NC)C(=O)NCCCCCCC,,,0.3235,0.89124948,13.96037752
2059649155,CCCCCCCCCCCCCCCCCC(=O)N(C)CCC,46.5,0.39935287,0.4005,0.856888696,12.96507874
2059802205,Cc1ccc(Oc2ccc(C(C)(C)c3ccc(Oc4ccc(N5C(=O)c6ccc(-c7ccc8c(c7)C(=O)N(C)C8=O)cc6C5=O)cc4)cc3)cc2)cc1,334.0,0.37114536,0.317184763,1.185849635,26.03365399
2060308564,CCCCCCCN1C(=O)C(=O)N(c2ccc(Cc3ccc(N4C(=O)C(=O)N(C)C4=O)cc3)cc2)C1=O,54.0,0.33818344,,,
2061363511,CO[Si](C)(C)c1ccc(-c2ccc([Si](C)(C)C)cc2)cc1,,0.40778557,,,
2061931988,CNc1cccc(-c2ccc(NC)c(-c3ccccc3)c2-c2ccccc2)c1-c1ccccc1,384.0,0.36810011,,,
2062389305,CC(=O)c1ccc2c(c1)C(=O)N(c1c(C)cc(C(c3cccc(C(F)(F)F)c3)c3cc(C)c(N4C(=O)c5ccc(C)cc5C4=O)c(C)c3)cc1C)C2=O,245.0,0.42825804,0.3235,,
2062460228,COC(C)CCOC(=O)C(CCCCCCOc1ccc(N=Cc2ccc([N+](=O)[O-])cc2)cc1)C(C)=O,278.0,0.3535486,0.4005,,
2062588877,CC/C=C\C[Si](C)(c1ccccc1)c1ccccc1,224.0,0.36746772,,,
2062611807,CCCCCCCCCCCC(=O)OC(C)CC,-15.5,,0.261,0.878322012,11.53444859
2062868312,COc1ccc(NC(=O)Nc2cc(NC(=O)Nc3ccc(C)c(-c4ccc(Oc5ccccc5)cc4)c3)ccc2C)cc1-c1ccc(Oc2ccccc2)cc1,115.0,0.35573638,,,
2062933383,CNc1ccc(-c2ccc(NC)c(-c3cccc4ccccc34)c2-c2cccc3ccccc23)cc1,175.0,0.36652016,,,
2063026043,Cc1ccc(-c2ccc(C(C)(C)C)cc2)cc1,210.9469969,,0.247,0.952850626,21.2582938
2063396498,CNc1cc2ccc3cc4ccccc4cc3c2cc1NC,,0.33601961,,,
2063473981,CCCCCCCCCCCCCCCCCCNC(=O)C(C)CC,232.0,,0.383,0.856385762,12.90114502
2063616676,CC(=O)c1ccc2c(c1)C(=O)N(c1c(-c3ccccc3)cc(-c3ccc(-c4cc(-c5ccccc5)c(N5C(=O)c6ccc(C)cc6C5=O)c(-c5ccccc5)c4)cc3)cc1-c1ccccc1)C2=O,45.0,0.41151687,0.261,,
2063798200,CNc1ccc(-c2cc(-c3ccccc3)cc(-c3ccc(NC)cc3)c2)cc1,,0.34830668,,,
2064196181,CCc1ccc(C(C)(C)c2ccc(CN3C(=O)c4ccc(Oc5ccc6c(c5)C(=O)N(C)C6=O)cc4C3=O)o2)o1,365.0,0.35498107,,,
2064758203,CCCCCCCNC(=O)c1cccc(C(=O)NC)c1,237.0,0.33764857,0.247,1.109504305,19.45528525
2065005983,CNc1cc(NC(=O)C(C)=O)ccc1C,,0.3160157,,,
2065007908,CC(=O)Nc1cccc(NC(=O)c2ccc3c(c2)C(=O)N(c2ccc(-c4sc(-c5ccc(N6C(=O)c7ccc(C)cc7C6=O)cc5)c(-c5ccccc5)c4-c4ccccc4)cc2)C3=O)c1,111.0,0.38895508,0.383,,
2065090283,CCCCCCCCCC(C(=O)OC)C(=O)OCCOCCC,10.0,0.37130804,0.224,,
2065153152,CNc1cc(OC)c(C)cc1OC,168.2573371,,,,
2065252291,CCCCCCCC(=O)NCCCCCCNC(=O)CCCCCCOC,-42.95,,0.3215,0.964171286,21.61972619
2065279499,CCCCCCNC(=O)c1cc(C)cc(N2C(=O)c3ccc(-c4ccc5c(c4)C(=O)N(C)C5=O)cc3C2=O)c1,54.0,0.37249776,,,
2065383771,COc1ccc(C2(c3ccc(OC(=O)c4cccc(C(C)=O)c4)cc3)c3ccccc3-c3ccccc32)cc1,133.0,0.37279646,0.216708127,1.142864316,21.22118718
2065621883,Cc1ccc2c(c1)C(=O)N(c1c(C)cc(C(c3cccc(C(F)(F)F)c3)c3cc(C)c(N4C(=O)c5ccc(C(C)(C(F)(F)F)C(F)(F)F)cc5C4=O)c(C)c3)cc1C)C2=O,-30.0,0.42381981,,,
2066065208,CCC(O)COc1ccc(C(C)(C)c2ccc(OCC(O)COc3c(C)cc(C(C)(C)c4cc(C)c(OC)c(C)c4)cc3C)cc2)cc1,-89.0,0.36071143,0.224,,
2066192425,CCC(C)(CC(=O)OC(C)C)C(=O)OC(C)C,,0.37215507,,,
2066262373,CCC1CCCC(CNC(=O)CCCCCCCCCCC(=O)NC)C1,26.18556129,,0.3215,,
2066820207,Cc1ccc(Oc2ccc(Oc3ccc(N4C(=O)c5ccc(Oc6ccc(Oc7ccc8c(c7)C(=O)N(C)C8=O)cc6)cc5C4=O)cc3)cc2)cc1,191.2304459,,,,
2066955666,Cc1ccc(Oc2ccc(N3C(=O)c4ccc(Oc5c(C)cc(Cc6cc(C)c(Oc7ccc8c(c7)C(=O)N(C)C8=O)c(C)c6)cc5C)cc4C3=O)cc2)cc1,46.0,0.38651077,,,
2067168064,CCOC(=O)c1ccc(C(C#N)=C(c2ccc(OC)cc2)N2CCCC(C)C2)cc1,,0.37236843,,,
2067238428,CCC(C)(C)COC(=O)c1ccc(C(=O)OC)cc1,,0.351598,,,
2067309904,CCCC(COc1ccc(N2C(=O)c3ccc(C(C)(C(F)(F)F)C(F)(F)F)cc3C2=O)cc1)Oc1ccc(N2C(=O)c3ccc(C)cc3C2=O)cc1,,0.36517902,,,
2067484299,CCCCCCCCCCCCNC(=O)C(C)CC,21.73577755,,0.3435,0.870895681,11.87004823
2068061676,CNc1ccc(-c2ccc(-c3ccc(NC)c(-c4ccccc4C)c3-c3ccccc3C)cc2)cc1,415.0,0.37174868,,,
2068076576,CNc1ccc(C2c3ccc(N)cc3-c3cc(NC)ccc32)cc1,50.5,0.36276266,,,
2068084714,CC(=O)NCC(C)(C)CNC(=O)c1ncn(C)c1C,120.0,0.33746625,,,
2068351519,COc1ccc(C(=O)CCCCCCCCC(=O)c2ccc(OC(C)=O)cc2)cc1,6.568396994,,,,
2068477355,CCc1ccc(CNC(=O)CCCCCCCCCCCC(=O)NC)cc1,334.0,0.35427449,,,
2068736249,COc1ccc(OC(=O)c2cc(OCCCCCCCCOCC3CCCN3c3ccc([N+](=O)[O-])cc3)c(C(C)=O)cc2OCCCCCCCCOCC2CCCN2c2ccc([N+](=O)[O-])cc2)cc1,70.0,0.35365329,0.3435,,
2069332669,CCc1ccccc1[Si](C)(C)c1ccccc1,,0.38506793,,,
2069899879,CC(=O)c1ccc2c(c1)C(=O)N(c1cc(C=NC(=S)Nc3ccc(N4C(=O)c5ccc(C)cc5C4=O)cc3)ccc1Cl)C2=O,41.5,0.36685025,,,
2070158798,COc1ccc(OC(=O)c2ccc(C(C)=O)cc2Oc2ccc(Br)cc2)cc1,217.0,0.36519909,,,
2070291544,CCC(C)C(C)CC,254.0,,0.1897499999999999,0.768938442,10.88423334
2070641529,Cc1ccc(C(=O)Oc2c(C)cc(C(c3cccnc3)c3cc(C)c(OC(=O)c4ccc(N5C(=O)CC(Nc6ccc(Cc7ccc(NC8CC(=O)N(C)C8=O)cc7)cc6)C5=O)cc4)c(C)c3)cc2C)cc1,23.0,0.3762598,,,
2070649419,COc1ccc(C2(c3ccc(OC(=O)c4ccc(C(C)=O)cc4)cc3)CCC(C(C)(C)C)CC2)cc1,100.0,0.37035787,,,
2070663964,CCC(F)(F)C(F)(F)C(F)(F)COC(=O)c1cc(C(=O)OC)cc(C(F)(F)C(F)(F)C(F)(F)C(F)(F)C(F)(F)C(F)(F)C(F)(F)F)c1,100.0,0.32423467,,,
2070820503,CC(=O)c1ccc(Oc2ccc(Oc3ccc(C(=O)c4ccc5c(c4)C(=O)N(c4ccc(Oc6ccc(N7C(=O)c8ccc(C)cc8C7=O)cc6)cc4)C5=O)cc3)cc2)cc1,46.5,0.37017356,,,
2071087091,COc1ccc(C(C)(c2ccccc2)c2ccc(Oc3c(F)c(F)c(C(=O)c4c(F)c(F)c(C)c(F)c4F)c(F)c3F)cc2)cc1,6.0,0.37735643,,,
2071088939,Cc1ccc(Oc2cccc(-n3c(=O)c4cc5c(=O)n(-c6cccc(Oc7ccc(-c8nc9cc%10sc(C)nc%10cc9s8)cc7)c6)c(=O)c5cc4c3=O)c2)cc1,263.0,0.40063451,0.1897499999999999,,
2071134178,CNc1ccccc1/C(=C(\c1ccccc1)c1ccccc1NC)c1ccccc1,,0.37548101,,,
2071365385,CCC(C)c1ccccc1C(F)(F)F,45.0,0.37373278,,,
2071704186,Cc1ccc(Oc2ccc(-c3ccc(Oc4ccc(N5C(=O)c6ccc(Oc7ccccc7Oc7ccc8c(c7)C(=O)N(C)C8=O)cc6C5=O)cc4C(F)(F)F)cc3)cc2)c(C(F)(F)F)c1,204.0,0.36566702,,,
2071844706,CCC1(C)OCCN1C,273.0,0.35941583,,,
2071858672,CNc1cc(C)c(Cc2ccc(CCCCCCCCCCCCCCCCCCc3ccc(Cc4c(C)cc(NC)cc4C)cc3)cc2)c(C)c1,224.0,0.36539585,,,
2072168111,CNc1ccc(-c2ccc(NC)c([C@H]3C[C@H](C)CC[C@H]3C(C)C)c2[C@@H]2C[C@@H](C)CC[C@@H]2C(C)C)cc1,297.0,0.3809251,,,
2072452393,Cc1ccc2c(c1)C(=O)N(c1ccc(OCCOCCOCCOc3ccc(N4C(=O)c5ccc(C(C)(C(F)(F)F)C(F)(F)F)cc5C4=O)cc3)cc1)C2=O,115.0,0.34535563,,,
2072866385,CCCCCCCNC(=O)CCCCCCCCCCCCCCCCC(=O)NC,175.0,0.37538316,0.3955,0.910662796,20.51606091
2073349658,Cc1ccc(OCCCCCCCCCCCOC(=O)c2cccc(C(=O)OCCCCCCCCCCCOc3ccc(-c4nnc(C)s4)cc3)c2)cc1,41.0,0.36776086,,,
2073433279,COc1ccc(OP(=O)(OC)Oc2c(Br)cc(C(c3cc(Br)c(C)c(Br)c3)(C(F)(F)F)C(F)(F)F)cc2Br)cc1,232.0,0.38658695,,,
2073505666,Cc1ccc(Oc2ccc(C(=O)c3ccc(Oc4ccc(-c5nc6ccccc6n5-c5ccc(-n6c(C)nc7ccccc76)cc5)cc4)cc3)cc2)cc1,218.0,0.3799322,,,
2074001151,Cc1ccc(Oc2ccc(-c3ccc(Oc4ccc(N5C(=O)c6ccc(Oc7ccc(C(C)(C)c8ccc(Oc9ccc%10c(c9)C(=O)N(C)C%10=O)cc8)cc7)cc6C5=O)cc4)cc3)cc2)cc1,108.0,0.36490013,,,
2074006647,CCOC(=O)c1cc(C(c2ccc(C(=O)Nc3ccc(NC)cc3)c(C(=O)OCC)c2)(C(F)(F)F)C(F)(F)F)ccc1C(C)=O,320.0,0.34977204,0.3955,,
2074158001,CCC(F)(F)C(F)(F)C(F)(F)C(F)(F)COC(=O)OC,190.0,0.31456225,,,
2074267479,CCCCCCOC(=O)C(Cc1ccc(OC)cc1)NC(=O)CCc1ccc(OC(=O)COCCOCC(C)=O)cc1,210.0,0.34629979,,,
2074410152,CCC(C)(C)C(=O)OC1CCCCC1C,27.0,0.37813807,0.153,0.85282857,10.922036
2074469442,CCC(C)(C)C(=O)OCCCCCCCCCCCn1c2ccccc2c2ccccc21,10.0,0.36342293,,,
2074481050,CC=CC(C)C(C)C,78.17880502,,,,
2074575987,CCCCCCN1C(=O)c2ccc(C(c3ccc4c(c3)C(=O)N(C)C4=O)(C(F)(F)F)C(F)(F)F)cc2C1=O,158.0,0.34397494,,,
2075083572,C/C=C/c1cc(OCC(CC)CCCC)c(C)cc1-c1ccc(F)c(C(F)(F)F)c1,67.0,,0.185,1.037733826,22.21132757
2075349566,Cc1ccc2c(c1)C(=O)N(c1ccc(Oc3ccc(Oc4ccc(N5C(=O)c6ccc(C(C)(C(F)(F)F)C(F)(F)F)cc6C5=O)cc4)cc3)cc1)C2=O,165.0,0.37826811,,,
2075610197,CCC(OOC)c1ccc(C)cc1,285.0,0.3659097,0.153,,
2076091344,CCC(C)CC[Si](C)(C)C,55.0,0.42654899,,,
2076186789,CNc1ccc(C)cc1OC,,0.38337049,,,
2076683779,CCC(C)(C)COC(=O)C1CCC(C(=O)OC)CC1,,0.35306926,,,
2076949860,CCC(C)(CC(=O)O)C(=O)O,279.0,0.2269924,0.185,,
2077226118,CC(=O)c1ccc2c(c1)C(=O)N(c1ccc(Oc3ccc(Oc4ccc(Oc5ccc(N6C(=O)c7ccc(C)cc7C6=O)cc5)cc4)cc3)cc1)C2=O,126.2551791,,,,
2077350791,CCNP(=NC)(N=P(N=S(C)(=O)NCC)(NCC)NCC)NCC,67.0,0.37475847,,,
2078434455,Cc1cc(C)c(N2C(=O)c3ccc(Sc4ccc5c(c4)C(=O)N(C)C5=O)cc3C2=O)c(C)c1C,68.0,0.41533211,,,
2078494815,CCCCOc1ccc(OC(=O)c2ccc(OCCOC(=O)C(C)(Cl)CC)cc2)cc1,151.0,0.34720014,,,
2078520197,CCCN(C)C(=O)c1cc(F)cc(F)c1,265.0,0.34415412,,,
2078647419,CCCCCCCC1CC(CCC2CC(C)OC2=O)C(=O)O1,220.0,0.33989367,,,
2079303447,CCCCCCCCCCCCCCCC(C)Cl,116.0,,0.3735,0.886561889,21.91642918
2079401317,CCC(C)C(=O)Oc1ccc(Cl)cc1,120.0,0.35839079,0.158,1.211730555,14.07962276
2079617222,CNc1ccc2c(c1)CCC21CCc2cc(NC)ccc21,-54.65,0.359460575,,,
2079708609,CCC(C)OC(=O)CC(C)(C)c1ccccc1,334.0,0.35480602,,,
2079820575,CCCC1CC(C)C2C3CC(C12)C(C)(C(=O)OC)C3,-59.0,0.3681131,,,
2080041266,C=Nc1cccc(Oc2cccc(Oc3cccc(N=C4OC(=O)c5ccc(-c6ccc7c(c6)C(=O)OC7=C)cc54)c3)c2)c1,193.7356518,,,,
2080614685,CNc1ccc(C2(c3ccc(NC)cc3)c3ccc(N)cc3-c3cc(N)ccc32)cc1,180.0,0.37760376,0.3735,,
2080644160,CNc1cc2c3ccc(-c4ccc(C(C)C)cc4)c(-c4ccc(C(C)C)cc4)c3c(NC)cc2c2ccccc12,256.9,0.37311633,0.158,,
2081117789,CNc1ccc([C@H](C)Cc2ccc(C[C@@H](C)c3ccc(NC)cc3)cc2)cc1,269.5,0.36158847,,,
2081485306,CCC(C)C(=O)OCCOc1ccc(C(=O)Oc2ccc(OC)cc2)cc1,286.1,0.33434555,,,
2081569182,CCCCNC(=O)c1ccc(C(=O)NC)cc1,100.0,0.31568914,,,
2081754132,CNc1ccc([C@]2(c3ccccc3)c3ccccc3-c3cccc(NC)c32)cc1,100.0,0.36468241,,,
2081766771,CCC(C)OC(=O)CC1CCCCC1,30.0,0.3629501,,,
2081786405,COc1ccc(C2(c3ccc(Oc4ccc(C(=O)c5ccc(C)cc5)cc4)cc3)c3ccccc3-c3ccccc32)cc1,141.0,0.39990412,,,
2082251214,CCCCCCCCCCCCCCCCCCCNC(=O)CCCCCCCCCCCCCCCCC(=O)NC,266.0,0.38491292,0.4533333333333333,0.880970816,22.40951609
2082516558,CNc1ccc([C@H]2C[C@H]3CC[C@@H]2CC[C@@H]2CC[C@H](CC3)[C@H](c3ccc(NC)c(N)c3)C2)cc1N,4.0,0.35134124,,,
2082878937,CON(C(F)(F)F)C(F)(F)C(C)(F)SC(F)(F)F,68.0,0.3185822,,,
2083351176,CO[Si](C)(C)O[Si](C)(C)O[Si](C)(C)O[Si](C)(C)OC1=C(C)c2cccc3cccc1c23,204.0,0.40558784,,,
2083399085,CCCCCCCCCCCCOc1cc(N2C(=O)c3ccc(C)cc3C2=O)cc(N2C(=O)c3ccc(C(C)=O)cc3C2=O)c1,106.0,0.36928432,,,
2083473001,COc1ccc(C(C)(C)c2ccc(Oc3ccc(C(=O)c4ccc(-c5ccc(C(=O)c6ccc(C)cc6)cc5)cc4)cc3)cc2)cc1,,0.37583933,,,
2084095989,CC(=O)Nc1ccc(Oc2ccc(S(=O)(=O)c3ccc(Oc4ccc(NC(=O)c5ccc6c(c5)C(=O)N(c5ccc(Oc7ccc8ccc(Oc9ccc(N%10C(=O)c%11ccc(C)cc%11C%10=O)cc9)cc8c7)cc5)C6=O)cc4)cc3)cc2)cc1,,0.35762799,0.4533333333333333,,
2084277972,CNc1ccc(-c2ccc(-c3ccc(NC)cc3)c3c2[C@@H]2CC[C@H]3C2)cc1,152.0,0.36155112,,,
2085027374,CCCCCCC1(CCCCCC)c2cc(-c3ccc(NC)cc3)ccc2-c2ccc(-c3ccc(NC)cc3)cc21,,0.37055299,,,
2085033079,CC(=O)Oc1ccc(-c2ccc(OC(=O)c3ccc4c(c3)C(=O)N(c3ccc(-c5ccc(N6C(=O)c7ccc(C)cc7C6=O)cc5C)c(C)c3)C4=O)cc2C)c(C)c1,100.0,0.37394713,,,
2085100639,CCc1ccccc1CN(CC)c1ccc(/C=C(\C#N)C(=O)Nc2cccc(NC(=O)/C(C#N)=C/c3ccc(N(C)CC)cc3)c2)cc1,41.0,0.36570128,,,
2085613609,CC=Cc1ccc(-c2ccc(C(C#N)=Cc3ccc4c(c3)C(CC)(CC)c3cc(C=C(C#N)c5ccc(-c6ccc(C=CC7=CC(=C(C#N)C#N)C=C(C)O7)s6)cc5)ccc3-4)cc2)s1,93.8,0.40560476,,,
2086671305,CCC(C)c1ccccc1C,108.0,,0.1903333333333333,0.876818696,11.81194142
2087529784,CC(=O)c1ccc2c(c1)C(=Nc1cccc(Oc3cccc(Oc4cccc(N=C5OC(=O)c6ccc(C)cc65)c4)c3)c1)OC2=O,,0.35278937,,,
2087902310,Cc1ccc(-c2ccc(-c3c(-c4ccccc4)nc4ccc(-c5ccc6nc(-c7ccccc7)c(C)c(-c7ccccc7)c6c5)cc4c3-c3ccccc3)cc2)cc1,186.0,0.41084325,,,
2087962619,COc1ccc(C(C)(C)c2cccc(C(C)(C)c3ccc(Oc4ccc(C(=O)Nc5ccc(Cc6ccc(NC(=O)c7ccc(C)cc7)cc6)cc5)cc4)cc3)c2)cc1,210.0,0.36716736,,,
2088540616,COc1ccc(C2(c3ccc(OC(=O)c4ccc(C(C)=O)cc4)c(C)c3)CCC3CCCCC3C2)cc1C,27.0,0.38501147,,,
2088836138,CNc1cc(NC(=O)c2ccc(C(C)=O)cc2)cc(C(=O)OCCOc2ccc(C=CC(=O)c3ccccc3)cc2)c1,220.0,0.33943135,,,
2088992800,CCCCCCCOC(=O)c1cc(N=Nc2ccc(OCC)cc2)ccc1-c1ccc(N=Nc2ccc(OCC)cc2)cc1C(=O)OC,175.0,0.36903817,0.1903333333333333,,
2089130160,C/C=C/C(C)CCCCCC,400.0,,0.2486666666666666,,
2089319482,CCC(C)C(=O)OCCOCCOC(F)(F)C(F)F,,0.33433583,,,
2089653204,COC(=O)c1ccc(CCCCCc2ccc(C(C)=O)cc2)cc1,165.0,0.35615105,,,
2089703645,CNC(CCC(=O)OCc1ccccc1)C(C)=O,208.0,0.32872163,,,
2089849247,COc1cc(C(C)(C)C)c(Oc2ccc(C(=O)Nc3ccc(C(C)(C)c4ccc(NC(=O)c5ccc(C)cc5)c(C)c4)cc3C)cc2)cc1C(C)(C)C,55.0,0.38910548,0.270258521,1.022213738,24.39932119
2089875346,CCCC/C=C(/C)c1ccc(Cl)cc1,186.0,,0.184,1.085646157,16.28575806
2090259325,CNc1ccc(C(C)(C)c2cccc(C(C)(C)c3ccc(Nc4ccc(C(=O)c5ccc(C(=O)c6ccc(C)cc6)cc5)cc4)cc3)c2)cc1,274.0,0.38954498,0.2486666666666666,,
2090445254,CCCCCCCCCCCCCCCCCCCOCOC,166.0,,0.406,0.865128678,20.46039767
2090672547,CC(=O)c1ccc2c(c1)C(=O)N(c1cccc(Oc3cccc(Oc4cccc(N5C(=O)c6ccc(C)cc6C5=O)c4)c3)c1)C2=O,47.0,0.35973284,,,
2090987332,CC(F)(F)C1(C)OC(F)(F)C(F)(C(F)(F)F)O1,67.0,0.35247357,,,
2091289727,Cc1nc(-c2ccccc2)nc(N(CCCCCCN(C)c2ccccc2)c2ccccc2)n1,68.0,0.38631278,,,
2091496127,CCC1CC(C)C(OC(=O)CCCCCCCCCCOc2ccc(-c3ccc(C#N)cc3)cc2)C1,151.0,0.36711221,0.184,,
2092024077,COc1ccc(C2(c3ccc(Oc4ccc(C(=O)C(=O)c5ccc(C)cc5)cc4)cc3)c3ccccc3-c3ccccc32)cc1,220.0,0.3923538,0.406,,
2092061977,CCCCCC(C)(CC)C(=O)OC,270.0,0.38074638,,,
2092067263,CNc1ccc(C[C@@H](c2ccc(NC)cc2)[C@@H](C)c2ccc(N)cc2)cc1,-41.0,0.35733643,,,
2092210478,CCCCCCCCCCCCc1cc(-c2cc(CCCCCCCCCCCC)c(-c3ccc(C)cc3)s2)sc1C,28.0,0.41997349,0.413,0.941065148,19.30135388
2092278480,COc1ccc(C(=O)Nc2ccccc2-c2ccc(NC(=O)c3ccc(C)cc3)cc2)cc1,85.0,0.34957751,,,
2092674324,CCCCCOc1c(C(=O)OC)cccc1C(=O)OCC(F)(F)C(F)(F)C(F)(F)CC,31.0,0.34076472,,,
2092935211,CC(=O)c1ccc2c(c1)C(=O)N(c1ccc(-c3ccc(Oc4ccc(C5(C)CC(C)(C)c6ccc(Oc7ccc(-c8ccc(N9C(=O)c%10ccc(C)cc%10C9=O)cc8)cc7C(F)(F)F)cc65)cc4)c(C(F)(F)F)c3)cc1)C2=O,,0.38328824,,,
2093130856,CCCCCCCCCCCNC(=O)CCCCCCCCC(=O)NC,180.0,0.36935846,0.408,0.92195685,22.1235356
2093549092,Cc1ccc(Oc2ccc(C(c3ccccc3)(c3ccccc3)c3ccc(Oc4ccc(-c5nc(C)nc(-c6ccccc6)n5)cc4)cc3)cc2)cc1,122.0,0.42256432,,,
2093679226,CCCCCC(=O)NCc1ccc(CNC(=O)CCCCSC)cc1,279.0,0.35168032,0.413,,
2094132157,CCC(C)c1ccccc1OC(C)=O,4.6,0.35684736,,,
2094564559,COc1c(Br)cc(C2(c3cc(Br)c(OC(C)=O)c(Br)c3)CC3CCC2C3)cc1Br,132.0,0.43211216,,,
2094965474,COc1ccc(C(C)(C)c2ccc(OC(=O)c3ccccc3-c3ccccc3C(C)=O)cc2)cc1,90.0,0.35835285,,,
2095077077,CCCCCC(=O)NCCCCCCNC(=O)CCCCOC,-56.49395983,,0.408,,
2095656240,Cc1ccc(Nc2ccc(Nc3ccc(S(C)(=O)=O)cc3)cc2)cc1,141.0,0.38954826,,,
2096099449,COc1ccc(C2(c3ccc(OC(=O)OC4C(C)(C)C(OC(C)=O)C4(C)C)cc3)c3ccccc3-c3ccccc32)cc1,211.0,0.37809726,,,
2097065173,CNC1CCC(CC2CCC(NC)C(C)C2)CC1C,4.0,0.36266838,,,
2097105908,CNc1ccc(C2(c3ccc(NC)cc3)C(C(C)C)=CC=C[C@H]2C(C)C)cc1,378.0,0.36819096,,,
2097907422,Cc1ccc2c(c1)C(=O)N(c1ccc(Sc3ccc(Oc4ccc(Sc5ccc(N6C(=O)c7ccc(C(C)(C(F)(F)F)C(F)(F)F)cc7C6=O)cc5)cc4)cc3)cc1)C2=O,153.0,0.37984664,0.17007229,1.295180711,22.78928372
2098139319,CCCCCNC(=O)CCCCCCCCCCCCCCC(=O)NC,106.0,,0.3735,0.924969057,22.41096002
2098169121,COc1ccc(-c2ccc(Oc3ccc(C(=Nc4ccc(N=C(c5ccccc5)c5ccc(C)cc5)cc4)c4ccccc4)cc3)cc2)cc1,,0.37996197,,,
2098235605,CCCCCCCCCCCCCCCCOc1ccc(C)cc1N1C(=O)CC(C2C=C(C)C3C(=O)N(C)C(=O)C3C2)C1=O,242.0,0.36937049,,,
2098276804,CCCCCCCCCOc1c(OC)cc(C=Cc2cc(C(C)C)c(C=Cc3cc(OC)c(OC)c(OC)c3)cc2C(C)C)cc1OC,330.0,0.3769967,,,
2098860245,CNc1ccc(C(c2ccccc2)(c2ccccc2)c2ccc(N)c(NC)c2)cc1N,,0.36426991,,,
2098949434,CCCCCCCCCCNC(=O)CCCCCCCCC(=O)NCCCCCCCCCNC(=O)C(=O)NC,20.0,,0.312,0.96452094,18.37068887
2098983815,Cc1ccc2c(c1)C(=O)N(c1cc(N3C(=O)c4ccc(C(C)(C(F)(F)F)C(F)(F)F)cc4C3=O)c(O)cc1O)C2=O,146.0,0.37827714,0.3735,,
2099106036,CCCCCCCCCCCCN1C(=O)c2ccc(-c3ccc(-c4ccc5c(c4)C(=O)N(C)C5=O)cc3)cc2C1=O,17.0,0.35197017,,,
2099208394,COc1ccc(S(=O)(=O)c2ccc(Oc3ccc(NC(=O)c4ccc(Oc5ccc(C(C)(C)c6cccc(C(C)(C)c7ccc(Oc8ccc(C(=O)Nc9ccc(C)cc9)cc8)cc7)c6)cc5)cc4)cc3)cc2)cc1,252.0,0.36584283,,,
2099643847,Cc1ccc2c(c1)C(=O)N(c1cc(C(=O)Nc3cccc4c(NC(=O)c5ccc(C)c(N6C(=O)c7ccc(C(C)(C(F)(F)F)C(F)(F)F)cc7C6=O)c5)cccc34)ccc1C)C2=O,60.0,0.36752651,,,
2099648126,CNc1c(C)cc(C2(c3cc(C)c(NC)c(C(C)C)c3)c3ccccc3-c3ccccc32)cc1C(C)C,261.0,0.40331022,,,
2100810597,Cc1ccc(-c2nc3cc(C)ccc3o2)c(C)c1,70.0,0.42938572,0.312,,
2101703893,CCCCCOP(C)(=NC)OCCCCC,180.0,0.4064028,,,
2101723306,CO[Si](C)(Oc1ccc(C(C)(C)c2ccc(C)cc2)cc1)c1ccccc1,283.0,0.39715022,,,
2102034218,Cc1ccc2c(c1)C(=O)N(c1ccc(NC(=S)N=Cc3ccc(Cl)c(N4C(=O)c5ccc(C(C)(C(F)(F)F)C(F)(F)F)cc5C4=O)c3)cc1)C2=O,25.0,0.37564087,,,
2102039309,COc1ccc(Oc2ccc(C(=O)c3ccc(NC(=O)c4cccc(C(=O)Nc5ccc(C(=O)c6ccc(C)cc6)cc5)c4)cc3)cc2)cc1,252.0,0.36086621,,,
2102048266,CCC(C)(C)C1C(=O)OC(=O)C1C,50.0,0.29898887,,,
2102097019,CCCCCC[C@H](c1ccc(CCc2ccc([C@@H](CCCCCC)c3ccc(NC)cc3)cc2)cc1)c1ccc(NC)cc1,214.0,0.36359418,,,
2102135850,CCCC(C)=O,-48.0,0.32553925,,1.073855453,22.19638383
2102234224,CCCCCCCOC(=O)C(C)(C#N)CC,-43.0,0.38098493,,,
2102406766,CCC(C)c1ccccc1Br,182.0,0.40945525,,,
2102601525,C/C=C/CCCCCCCCC,186.0,,0.3688333333333332,0.822061556,19.34707652
2102738323,COc1ccc(C(=O)c2ccc(OC(=O)c3ccc(C(C)(C)c4ccc(C(C)=O)cc4)cc3)cc2)cc1,274.0,0.35881201,,,
2102908349,CCCCCCC1(CCCCCC)c2cc(-c3ccc(C)cc3)ccc2-c2ccc(-c3ccc(C4=C(C)C(=O)N(CCCC)C4=O)cc3)cc21,186.0,0.39850334,,,
2103171558,CNc1cc(NC(=O)c2cc(OCCN(C)c3ccc([N+](=O)[O-])cc3)cc(C(C)=O)c2)cc(C(=O)OC2CC(C)CCC2C(C)C)c1,,0.35015329,,,
2103300246,Cc1cc(C(=O)OCC(F)(F)C(F)(F)C(F)(F)F)c(C)s1,177.0,0.3741336,,,
2103389743,CCC(C)(C)C(=O)OCCCCCCCCCCCCOc1ccc2cc(C(=O)Oc3ccccc3)ccc2c1,188.0,0.35950718,,,
2103408562,CSC(C)(F)F,324.0,0.37718963,0.114,1.840998909,24.17920498
2103439506,CCCC[Si](C)(C)C[Si](C)(C)C,-50.0,0.40507893,0.3804999999999999,,
2103456476,CCCCCCCCCc1ccc(C(C)CC)cc1,131.0,0.39955076,0.277,0.87039516,11.44773012
2103595659,CCCOCCOCCOC(=O)CCCCC(=O)OC,250.0,0.33678464,,,
2103648490,CNc1ccc2c(-c3ccccc3)c3ccccc3c(-c3ccccc3)c2c1NC,405.0,0.35655362,,,
2104121723,CNc1ccc(-c2ccc(C[C@@H](C)c3ccc(NC)cc3)cc2)cc1,149.0,0.35318823,,,
2104215335,COc1ccc2cc(Oc3ccc4c(=O)n5c6cc(-c7ccc8c(c7)nc7c9ccc(C)c%10cccc(c(=O)n87)c%109)ccc6nc5c5cccc3c45)ccc2c1,247.0,0.37975728,,,
2104280105,COC(F)(F)COC(=O)c1cccc(C(F)(F)C(F)(F)C(F)(F)c2cccc(C(=O)OCC(C)(F)F)c2)c1,58.0,0.33058531,0.114,,
2104394110,CNc1ccc(-c2ccc(NC)c(C/C=C/c3ccccc3)c2C/C=C/c2ccccc2)cc1,,0.35337188,,,
2104615575,CCC(CC)(Cc1ccc(NC)cc1)c1ccc(N)c(CC(CC)(CC)c2ccc(NC)cc2)c1,198.0,0.35803867,0.277,,
2104808505,CNC1CC(C)(C)CC(C)(CNC(=O)CCCCC(C)=O)C1,-40.0,0.3442808,0.236903048,1.024946752,18.21768975
2104822360,Cc1ccc(Oc2ccc(-c3nc4cc(Oc5ccc(NC(=O)c6ccc7c(c6)C(=O)N(c6ccc(C(c8ccc(N9C(=O)c%10ccc(C(=O)Nc%11ccc(Oc%12ccc%13nc(-c%14ccccc%14)c(C)nc%13c%12)cc%11)cc%10C9=O)cc8)(C(F)(F)F)C(F)(F)F)cc6)C7=O)cc5)ccc4nc3-c3ccccc3)cc2)cc1,42.5,0.38083913,,,
2105181780,Cc1ccc2c(c1)C(=O)N(c1c(C)cc(C3(c4cc(C)c(N5C(=O)c6ccc(C(C)(C(F)(F)F)C(F)(F)F)cc6C5=O)c(C(C)C)c4)c4ccccc4-c4ccccc43)cc1C(C)C)C2=O,17.0,0.44640545,,,
2105271867,CNc1ccc(C(c2ccc(N)c(C)c2C)c2ccc(NC)c(C)c2C)c(C)c1C,275.0,0.38011149,,,
2105289986,CCC(C)c1ccc(OC(C)(C)C)cc1,16.0,0.38657315,,,
2105342564,CNc1cccc(C2=C(c3ccccc3)C=C[C@@H](c3ccccc3)[C@]2(c2ccccc2)c2cccc(NC)c2)c1,177.0,0.37740484,,,
2105808752,CNc1ccc(/C=C/[C@H]2[C@@H]3C[C@H]4C[C@@H](C3)C[C@@H]2C4)cc1NC,130.0,0.35587947,,,
2106014739,CCC(C)(CC(=O)OC1CCC1)C(=O)OC1CCC1,211.0,0.38532463,,,
2106275080,CCCCCCCCCCCC(=O)Nc1ccc(Oc2ccc(NC(=O)CCCCCCCCCCN3C(=O)c4ccc(C(=O)c5ccc6c(c5)C(=O)N(C)C6=O)cc4C3=O)cc2)cc1,133.6,0.35025785,,,
2107302149,CCC(C)c1cc(Br)ccc1OC,133.6,0.39846668,0.132,,
2107491529,CCC(C)(C)C(=O)OCC(F)(F)F,135.0,0.33930857,,,
2107706475,CCCCCCCCCCOCOC,135.0,,0.277,,
2107751440,CNc1ccc2c(c1)C1(c3cc(C)ccc3-2)c2cc(N)ccc2-c2ccc(NC)cc21,74.0,0.38616703,,,
2108285261,CCCCCCNC(=O)Cc1ccc(C(=O)NC)cc1,30.5,0.33164611,,,
2108373019,CCC(C)C(=O)OCCCCCCCCCCOC(=O)c1ccc(OC(=O)c2ccc(C#N)cc2)cc1,-49.0,0.35628363,,,
2109042008,CCC(C)c1ccc(S(=O)(=O)O)cc1,242.0,,,1.219503167,14.50652497
2109143268,CCCOC(=O)CC(C)(CC)C(=O)OCCC,53.0,0.36758128,0.1845,0.95089128,11.16357076
2109376187,Cc1ccc(C(=O)OCCCCCCCCOc2ccc(C=CC(=O)C=Cc3ccc(OCCCCCCCCOC(=O)c4ccc(-c5nnc(C)o5)cc4)cc3)cc2)cc1,413.0,0.36096728,,,
2110077418,CCCCC1(CCCNC(=O)CCCCCCCCC(=O)NC)c2ccccc2-c2ccccc21,59.6,0.35257757,0.277,,
2111187299,CC(=Cc1ccc(C=C(c2ccccc2)c2ccc(-c3ccc(C)cc3)cc2)cc1)c1ccccc1,251.0,0.39715192,,,
2111235464,CCOCc1ccccc1C(C)CC,17.0,0.37386236,0.1846666666666666,,
2111449660,CNc1ccc(-c2ccc(-c3ccc(NC)c(-c4cc(C)ccc4C)c3-c3cc(C)ccc3C)cc2)cc1,252.0,0.37917526,,,
2111641058,CCCCCOC(=O)C(C)CC,60.0,0.37816739,,,
2111688362,CCC[C@](CC)(C[C@@](C)(CC)N(N)N)N(NC)NC,261.0,0.33398342,0.1845,,
2112106908,CCCCCC(C)c1cc(C)cc(C)c1OC,70.0,0.41074836,,,
2112160292,CCC(C)(OC(C)=O)c1ccc(OC(C)=O)cc1,74.85696518,,,,
2112420491,CNc1ccc(C)cc1,283.0,0.39788166,,,
2112498322,CCCCCCCCOc1cc(-c2nnc(-c3cc(CCCCCCCC)c(-c4nnc(C)o4)s3)o2)c(OCCCCCCCC)cc1C,161.0,0.41777055,0.1846666666666666,,
2112731378,CCCOCCOc1cccc(NC(=O)c2cccc(C(=O)Nc3cccc(OC)c3)c2)c1,60.0,0.3366937,,,
2112734421,CCC(c1ccccc1)C1C(=O)N(CCCN(CC)c2ccc(N=Nc3ccc([N+](=O)[O-])cc3)c(C)c2)C(=O)C1C,145.0,0.37385822,,,
2112770434,CCCCCCCCN1C(=O)C(C)=C(c2ccc(-c3ccc4c(c3)C(CCCCCC)(CCCCCC)c3cc(-c5ccc(C)cc5)ccc3-4)cc2)C1=O,214.0,0.39556672,,,
2112796549,Cc1ccc(-c2cc(-c3ccc(-c4ccccc4)cc3)cc(-c3ccc(N4C(=O)c5ccc(NC(=O)Nc6cccc(NC(=O)Nc7ccc8c(c7)C(=O)N(C)C8=O)n6)cc5C4=O)cc3)n2)cc1,75.0,0.35158971,,,
2112814629,CCC(COC)C(C)(C)C,,0.37336489,,,
2113232814,CCC(O)CN(C)c1ccc(N=Nc2ccc([N+](=O)[O-])cc2C)cc1,242.0,0.36561272,,,
2113271620,CCC(C)(CC(=O)OC)C(=O)OC,103.0,0.32193525,0.152,1.129334605,17.1353479
2113327142,CC(=O)c1ccc2c(c1)C(=O)N(c1ccc(C(c3ccc(N4C(=O)c5ccc(C)cc5C4=O)cc3)(C(F)(F)F)C(F)(F)F)cc1)C2=O,15.0,0.39124786,,,
2113413468,COc1ccc(S(=O)(=O)c2ccc(Oc3ccc(C(c4ccc(C)c([Si](C)(C)C)c4)(C(F)(F)F)C(F)(F)F)cc3[Si](C)(C)C)cc2)cc1,186.0,0.40476699,,,
2113953037,COc1ccc2cc(OC(=O)c3cccc(Oc4ccc(Oc5cccc(C(C)=O)c5)cc4)c3)ccc2c1,46.5,0.34970341,,,
2113988141,CC(=O)Nc1ccc(NC(=O)c2ccc(N3C(=O)c4ccc(C)cc4C3=O)cc2)cc1,,0.34372152,0.439609719,1.30038156,45.45353617
2114154599,CO[Si](C)(C)c1cccc([Si](C)(C)C)c1,85.0,0.42523073,,,
2114560231,Cc1ccc(CCc2ccccc2N2C(=O)C(=O)N(c3ccc(Oc4ccc(N5C(=O)C(=O)N(C)C5=O)cc4)cc3)C2=O)cc1,324.0,0.35389023,,,
2114893562,Cc1ccc(C(C)(C)c2ccc(-n3c(=O)c4cc5c(=O)n(C)c(=O)c5cc4c3=O)cc2)cc1,89.0,,0.152,1.146465554,25.11101976
2115270537,CCC(C)C(=O)OCC(F)(F)C(F)(F)OC(F)(F)C(F)(F)F,167.0,0.31915236,,,
2115445958,CC(=O)Nc1cccc(NC(=O)c2ccc3c(c2)C(=O)N(c2cccc(N4C(=O)c5ccc(C)cc5C4=O)c2)C3=O)n1,250.0,0.34115453,,,
2115845960,CNc1cc(NC(=O)c2ccc(C(C)=O)cc2)cc(-c2nc3ccccc3oc2=O)c1,,0.33876246,,,
2116023272,C=C[Si](C)(OC)O[Si](C)(C)c1ccc([Si](C)(C)C)cc1,221.0,0.42501353,,,
2116043723,Cc1cccc(Oc2cccc(Oc3cccc(N4C(=O)c5ccc(-c6ccc7c(c6)C(=O)N(C)C7=O)cc5C4=O)c3)c2)c1,-104.0,0.35854556,,,
2116336179,CNc1ccc(-c2ccc(NC)cc2-c2ccccc2)cc1,58.0,0.3506411,,,
2116365788,CNc1cc(SCCC#N)c(NC(=O)c2cccc(C(C)=O)c2)cc1SCCC#N,38.16065966,,,,
2116457345,CCN1C(=O)c2ccc(C(c3ccc4c(c3)C(=O)N(Cc3nc5ccc(Cc6ccc7nc(C)oc(=O)c7c6)cc5c(=O)o3)C4=O)(C(F)(F)F)C(F)(F)F)cc2C1=O,198.0,0.36193236,,,
2117478348,C/C=C/c1ccc(C)c(-c2cc(OCC(CC)CCCC)c(-c3ccccc3)cc2OCC(CC)CCCC)c1,122.0,,0.237,0.947690837,13.74155321
2117609308,COc1ccc(P(C)(=O)c2ccc(Oc3ccc(P(=O)(c4ccccc4)c4ccc(C)cc4)cc3)cc2)cc1,15.0,0.38699983,,,
2117950580,CCOC(=O)C1C(C)C(C(=O)OCC)C1c1ccc(C)cc1,164.3224631,,,1.011107838,16.56532099
2118544879,Cc1ccc(Oc2ccc(-c3ccc(Oc4ccc(N5C(=O)c6cccc(Oc7ccc(C(c8ccc(Oc9cccc%10c9C(=O)N(C)C%10=O)cc8)(C(F)(F)F)C(F)(F)F)cc7)c6C5=O)cc4)cc3)cc2)cc1,149.0,0.36630102,,,
2118719720,CO[Si](C)(C)CC(C)(C)COC(=O)c1cccc(C(=O)OCC(C)(C)C[Si](C)(C)C)c1,95.0,0.3817269,,,
2118723389,COc1ccc(CC(NC(=O)CCc2ccc(OC(=O)COCCOCC(C)=O)cc2)C(=O)OCc2ccccc2)cc1,130.0,0.33524164,,,
2118767527,Cc1cccc(N2C(=O)c3ccc(Oc4ccc5cc(Oc6ccc7c(c6)C(=O)N(C)C7=O)ccc5c4)cc3C2=O)c1,155.0,0.3713948,,,
2118906166,CCC(C)CNc1ccc([N+](=O)[O-])cc1,193.0,0.3745043,0.237,,
2119541663,CC=CC1CC(C)C2C(=O)N(c3ccccc3F)C(=O)C12,129.0,0.35885634,,,
2119800195,CC=C(C)CCCOc1ccc(OC(=O)c2ccc(OCCCCCCCC)cc2)cc1,12.0,0.36337472,,,
2119910769,CCOC(=O)C(C)(Cl)CC,-118.0,,0.1985,1.162819805,16.552184
2120362276,CCC[C@]12c3ccc(NC)cc3[C@]3(CCC)c4ccc(NC)cc4[C@](CCC)(c4ccc(N)cc41)C23C,-51.0,0.39344519,,,
2120569877,Cc1cccc(OCCCCCCCCCCCOC(=O)c2cccc(C(=O)OCCCCCCCCCCCOc3cccc(-c4nnc(C)s4)c3)c2)c1,-53.0,0.36865264,,,
2120715373,CCCCCCCCCCCCCOc1c(OC)cc(/C=C/c2ccc(/C=C/c3cc(OC)c(OC)c(OC)c3)cc2)cc1OC,-49.0,0.36749274,,,
2120990962,COc1ccc(NC(=O)CCCCCCCCCCC(=O)Nc2ccc(C)cc2)cc1,103.0,0.35479832,,,
2121376176,CNc1ccc(-c2c3cc(NC)c(N)cc3c(-c3ccc(N)cc3)c3c(-c4ccc(N)cc4)c4cc(N)c(N)cc4c(-c4ccc(N)cc4)c23)cc1,-63.0,0.35674675,,,
2121841286,CCC(C)c1ccc([Si](C)(C)O)cc1,413.0,0.41238443,,,
2122013892,CCC(OC(=O)C(CC(C)C)NC(=O)OCc1ccccc1)C(COC(=O)OC)OC(=O)C(CC(C)C)NC(=O)OCc1ccccc1,30.0,0.34504989,0.1985,,
2122531737,Cc1ccc(N2C(=O)c3ccc(P(=O)(c4ccccc4)c4ccc5c(c4)C(=O)N(C)C5=O)cc3C2=O)cc1,,0.40605491,,,
2123056342,CNc1ccc(C2(c3ccc(NC)cc3)CCC(C(C)(C)C)CC2)cc1,218.0,0.36342823,,,
2123073246,[2H]C([2H])([2H])OC(=O)OC(C)CC,150.8,0.32119753,,,
2123232751,Cc1nc(-c2ccccc2)nc(N(CCCCN(C)c2ccccc2)c2ccccc2)n1,289.0,0.38631994,,,
2124031511,Cc1ncnc(N(CCCCCCN(C)c2ccccc2)c2ccccc2)n1,335.0,0.38019427,,,
2124040823,COc1ccc(C=Cc2ccc(C=Cc3ccc(OC(=O)CCCCCCCCC(C)=O)c(C)c3)cc2)cc1C,35.47523522,,,,
2124483443,CCCCCCn1c2ccccc2c2cc(COC(=O)C(C)(C)CC)ccc21,234.0,0.36971613,,,
2124605218,COc1ccc(S(=O)(=O)c2ccc(Oc3ccc(C(=O)c4cccc(C(=O)c5ccc(C)cc5)c4)cc3)cc2)cc1,-52.0,0.36722758,0.213575422,1.236059497,21.67035495
2124727719,CCCN(CCOC(=O)CCC#CC#CCCC(=O)OC)c1ccc([N+](=O)[O-])cc1,55.0,0.36177609,,,
2125797590,CNc1ccc(NC(=O)c2cccc(C(=O)c3ccc(C(C)=O)cc3)c2)cc1,60.0,0.34473646,,,
2125841447,CNc1ccc(C2(c3ccc(NC)cc3[C@]34C[C@H]5C[C@H](C[C@H](C5)C3)C4)c3ccccc3-c3ccccc32)c([C@]23C[C@H]4C[C@H](C[C@H](C4)C2)C3)c1,132.0,0.39009071,,,
2126001551,CNc1c(F)c(F)c(F)c(NC)c1F,86.0,0.32142208,,,
2126142504,CCCCCCCN(CC)C(=O)CCCCCCCCCCCCCCCCC(=O)N(C)CC,75.0,,0.333,,
2127024895,CCC=C(OC)C(CC)C(C)=O,84.0,0.37690028,,,
2127124600,Cc1ccc(Oc2ccc(S(=O)(=O)c3ccc(Oc4ccc(N5C(=O)C6CCC(C7CCC8C(=O)N(C)C(=O)C8C7)CC6C5=O)cc4)cc3)cc2)cc1,,0.37305974,,,
2127233037,CCCCCCCCCCCCCCCC(=O)N(C)CCC,103.0,,0.3359999999999999,0.870810763,12.67666102
2127356325,CCCCCCCCCCCCc1cc(C)sc1C,15.0,0.41022463,,,
2127384896,CC(=O)OCCCCCCCOC(=O)c1ccc(N2C(=O)c3ccc(C)cc3C2=O)cc1,150.0,0.34264115,,,
2127609495,CCCCCCCc1nc2cc(NC(=O)CCCCCCC(=O)Nc3ccc4oc(C)nc4c3)ccc2o1,46.5,0.35267308,,,
2127644258,Cc1ccc2c(c1)C(=O)N(c1cccc(NC(=O)C(F)(F)C(F)(F)C(F)(F)C(F)(F)C(F)(F)C(F)(F)C(=O)Nc3cccc(N4C(=O)c5ccc(C(C)(C(F)(F)F)C(F)(F)F)cc5C4=O)c3)c1)C2=O,147.0,0.34082447,0.333,,
2127806896,CCCCCCCCCCCCCCCNC(=O)NCc1ccc(CNC(=O)NC)cc1,85.0,0.35745185,,,
2128237869,CCC(C)c1ccccc1F,366.0,,0.1746666666666666,,
2128329222,CCCN(C)C(=O)CSC,74.0,0.36204137,0.3359999999999999,,
2128364241,CC(=O)c1ccc2c(c1)C(=O)N(c1ccc(C(c3ccccc3)c3ccc(N4C(=O)c5ccc(C)cc5C4=O)cc3)cc1)C2=O,55.0,0.39846881,,,
2128965450,CCCCCCCCCNC(=O)c1ccc(C(=O)NC)cc1,-57.0,0.34767798,,,
2129332781,CCCCCCCNC(=O)CCCCCCCCC(=O)NC,72.0,0.35371267,,,
2129403327,CNc1ccc(C(Cc2ccccc2)c2ccc(NC)c(C)c2C)c(C)c1C,60.0,0.36251454,,,
2130807414,CCC(C)C(=O)OCC1(C)COC(C)(C)OC1,95.74104893,,,,
2130816588,COC(=O)c1ccc(C(=O)OC2COC3C(C)COC23)o1,75.3,0.35695181,0.1746666666666666,,
2130846532,CNc1cc([C@]2(C)CC(C)(C)c3cc(NC)c(N)cc32)ccc1N,124.3,0.36873621,,,
2131450394,CNc1ccccc1-c1ccc2cc3ccccc3cc2c1-c1ccccc1NC,128.5,0.35945408,,,
2131565375,CNc1cc2ccccc2c(Cc2c(NC)c(N)cc3ccccc23)c1N,,0.34344352,,,
2132236820,COC1CCC(OC(=O)CCCCC(C)=O)CC1,122.0,0.34360259,,,
2132602127,CNc1ccc(Cc2cc(C)cc(Cc3ccc(NC)cc3)c2)cc1,248.0,0.35392035,,,
2132630814,Cc1ccc([Si](c2ccccc2)(c2ccccc2)c2ccc(-c3nnc(-c4cccc(-c5nnc(C)o5)n4)o3)cc2)cc1,-4.0,0.49159892,,,
2132767837,CNc1ccc(C2(c3ccc(NC)cc3)c3ccccc3-c3ccccc32)cc1,256.5,0.36811921,,,
2132825345,CO[Si](C)(C)O[Si](C)(C)O[Si](C)(C)O[Si](C)(C)O[Si](C)(C)OC(C)CCCCC(C)C,95.0,0.43542054,,,
2133999177,CNc1ccccc1-c1c(NC)c(-c2ccccc2)c(-c2ccccc2)c(-c2ccccc2)c1-c1ccccc1,308.03,0.3746419,,,
2134272821,CCC(C)(C)COC(=O)Nc1ccc(C)c(NC(=O)OC)c1,168.6,0.3446265,,,
2134740083,CO[Si](C)(C)O[Si](C)(C)c1c(F)c(F)c(F)c([Si](C)(C)C)c1F,125.0,0.41170032,,,
2135550018,CC(=O)Nc1ccc(Oc2ccccc2-c2ccccc2Oc2ccc(NC(=O)c3ccc4c(c3)C(=O)N(c3ccc(Oc5ccc(Oc6ccc(N7C(=O)c8ccc(C)cc8C7=O)cc6)cc5)cc3)C4=O)cc2)cc1,297.5,0.3631707,,,
2135749372,CCCCCCCCCCCCCNC(=O)c1ccc(C(=O)NC)cc1,-48.0,0.35898892,,,
2135907142,CC(=O)c1ccc2c(c1)C(=O)N(CC1(C)CC(N3C(=O)c4ccc(C)cc4C3=O)CC(C)(C)C1)C2=O,208.0,0.37151766,,,
2136380644,CCOC(=O)C(Cc1ccc(OC)cc1)NC(=O)CCc1ccc(OC(=O)COCC(C)=O)cc1,39.0,0.33546601,,,
2136556254,COc1ccc(C(c2ccccc2)(c2ccccc2)c2ccc(OC(=O)c3cccc(C(C)=O)c3)cc2)cc1,-49.0,0.37842734,0.211413189,1.120952971,20.23418917
2136774388,CC(=O)c1ccc2c(c1)C(=O)N(c1cccc(Cc3ccc(Cc4cccc(N5C(=O)c6ccc(C)cc6C5=O)c4)cc3)c1)C2=O,339.0,0.36986106,,,
2136777400,COc1ccc(C(C)(C)c2ccc(Oc3ccc(C(=O)c4ccc(C)c(S(=O)(=O)O)c4)cc3S(=O)(=O)O)cc2)cc1,103.0,0.36520818,,,
2136833669,CNc1ccc([C@H](C)c2ccc(C3(c4ccc([C@@H](C)c5ccc(NC)cc5)cc4)CCC(C)CC3)cc2)cc1,-63.0,0.36603759,,,
2137189788,CCCCCCCOC(=O)Nc1ccc(NC(=O)OCCCCCCOc2ccc(-c3ccc(OC)cc3)cc2)c(C)c1,208.0,0.34994782,,,
2137510659,Cc1cccc(N/C=C\C(=O)c2cccc(C(=O)/C=C\Nc3cccc(S(C)(=O)=O)c3)c2)c1,192.5,0.37814125,,,
2137901854,CO[Si](C)(C)c1c(F)c(F)c(F)c([Si](C)(C)C)c1F,,0.39677257,,,
2138950642,CNc1c2ccccc2c(-c2c3ccccc3c(NC)c3c(-c4ccccc4)c(-c4ccccc4)c(-c4ccccc4)c(-c4ccccc4)c23)c2ccccc12,218.0,0.38138687,,,
2139033638,CCN(CCOc1cc(N2C(=O)c3ccc(C)cc3C2=O)ccc1Oc1ccc(N2C(=O)c3ccc(C(C)(C(F)(F)F)C(F)(F)F)cc3C2=O)cc1)c1ccc(N=Nc2ccc([N+](=O)[O-])cc2)cc1,89.0,0.37475004,,,
2139220347,COc1ccc(Oc2ccc(Oc3cccc(C(=O)Oc4ccc(OC(=O)c5cccc(C)c5)cc4)c3)cc2)cc1,77.8,0.35258751,,,
2139752461,CC[C@@](C)(c1ccc(NC)cc1)c1cccc([C@](C)(CC)c2ccc(NC)cc2)c1,238.0,0.36284184,,,
2139764431,Cc1ccc(Oc2ccc(Oc3ccc(Oc4ccc(-c5cnc6ccc(-c7ccc8nc(C)cnc8c7)cc6n5)cc4)cc3)cc2)cc1,265.0,0.38627985,,,
2140175803,CCC(COC)(CS(=O)(=O)C(C)C)CS(=O)(=O)C(C)C,234.0,0.38031514,,,
2140329869,CNc1ccc2c(c1)C1(C3=C(C=C[C@@H](NC)C3)C2)c2ccccc2-c2ccccc21,-52.0,0.36640776,,,
2140546586,CC(=O)Oc1c(C)cc(C(C)(C)c2cc(C)c(OC(=O)c3ccc4c(c3)C(=O)N(c3ccc(-c5ccc(N6C(=O)c7ccc(C)cc7C6=O)cc5C)c(C)c3)C4=O)c(C)c2)cc1C,55.0,0.39302078,,,
2141222333,CCC(C)C1CC=CCC1,230.0,,0.18075,0.84208322,12.70353444
2141227349,CCC(C)Cl,144.0,,0.139,1.263489368,21.12197193
2141673799,CCCCCCC(=O)OC,238.0,0.34897959,0.249772695,1.002695727,18.83367597
2141743526,CC=Cc1ccc2c(c1)Sc1cc(-c3ccc(-c4ccc(-c5ccc6c(c5)Sc5cc(C)ccc5N6c5ccc(OCCCCCCCCCCCC)cc5)s4)s3)ccc1N2c1ccc(OCCCCCCCCCCCC)cc1,130.0,0.42062022,,,
2141765674,CNc1cc2cc3ccc4cc5cc6ccccc6cc5cc4c3cc2c(-c2ccccc2)c1NC,84.0,0.35825873,,,
2142082158,CCC(C)C(=O)OCCOCC1(CC)COC1,79.0,0.35230889,,,
2142258643,CON(C(F)(F)C(C)(F)F)C(F)(F)C(F)(F)Br,15.0,0.34925007,,,
2142436702,CCC(C)OCCOc1ccc(C=C(C#N)C#N)cc1,61.1,0.36175051,0.18075,,
2142712159,COC(=O)C(Cc1ccc(OC)cc1)NC(=O)CCc1ccc(OC(=O)CCCCCCCCC(C)=O)cc1,150.0,0.34491037,0.139,,
2142796643,CCCCC(=O)NCc1ccc(CNC(=O)CCCOC)cc1,,,0.259,1.107946409,20.18778178
2143562639,Cc1ccc(-c2nc3cc(-c4ccc5nc(C)c(-c6ccc7ccccc7c6)nc5c4)ccc3nc2-c2ccc3ccccc3c2)cc1,147.0,0.43086415,0.274147926,1.072232309,25.25761256
2143661007,Cc1cccc(P(=O)(c2ccccc2)c2cccc(N3C(=O)c4ccc(Oc5ccc6c(c5)C(=O)N(C)C6=O)cc4C3=O)c2)c1,50.9,0.38226791,,,
2143712913,CNNC(=O)c1ccc(C(=O)NNC(=O)c2ccc([Si](c3ccccc3)(c3ccccc3)c3ccc(C(C)=O)cc3)cc2)c2ccccc12,366.0,0.36644642,,,
2143907277,COc1ccc(S(=O)(=O)c2ccc(Oc3ccc(C(c4ccc(C)c([Si](C)(C)C)c4)(C(F)(F)F)C(F)(F)F)cc3[Si](C)(C)C)cc2[Si](C)(C)C)c([Si](C)(C)C)c1,,0.41875754,,,
2144004917,COc1ccc(C2(c3ccc(OC(C)=O)cc3)CC(C)CC(C)(C)C2)cc1,55.0,0.37154633,,0.982602482,17.75581966
2144112404,Cc1ccc(Nc2ccc(C3(c4ccc(Nc5ccc(S(C)(=O)=O)cc5)cc4)c4ccccc4-c4ccccc43)cc2)cc1,94.0,0.40928842,,,
2144122430,CCC(OOC)c1ccc(C(C)(C)C)cc1,72.0,0.37482971,0.259,,
2144407419,CNC1=C2C=Cc3ccc(NC)c4c3[C@@H]2C(=CC1)C=C4,216.0,0.33652131,,,
2144585137,CC=CCCCCCCCCCC(Cl)CCCCCCCCCC,73.0,0.40465306,,,
2144833176,CNc1cccc(-c2cc(NC)ccc2-c2ccccc2)c1,178.0,0.35055049,,,
2144885299,COc1ccc(Oc2ccc(C(=O)c3ccc(C(=O)c4ccc(C)cc4)c4ccccc34)cc2)cc1,30.0,0.37892993,0.231751558,1.172687952,22.43965248
2145754904,Cc1ccc(OCCOCCOc2cccc(N3C(=O)c4ccc(Oc5ccc6c(c5)C(=O)N(C)C6=O)cc4C3=O)c2)cc1,257.5,0.34463858,,,
2145995824,Cc1ccc(C)c(N2C(=O)c3ccc(S(=O)(=O)c4ccc5c(c4)C(=O)N(C)C5=O)cc3C2=O)c1,80.0,0.38486808,,,
2146083613,CCC(C)(C)COC(=O)CCCCC(=O)OC,-60.0,0.34752544,,,
2146213237,CCCOC(=O)c1ccc(C(C#N)=C(c2ccc(OC)cc2)N2CCC(C)CC2)cc1,,0.38560753,,,
2146592435,CCCCCCCCc1cc(OC)cc(OC(=O)c2cccc(C(C)=O)c2)c1,,0.36749796,,,
2146810552,CC(=O)OCCN(CCOC(=O)c1ccc2c(c1)C(=O)N(c1cccc(N3C(=O)c4ccc(C)cc4C3=O)c1)C2=O)c1ccc(N=Nc2ccc([N+](=O)[O-])cc2)cc1,256.5,0.35327976,,,
2147191531,CCCCCCCCNC(=O)c1cc(C)cc(N2C(=O)c3ccc(-c4ccc5c(c4)C(=O)N(C)C5=O)cc3C2=O)c1,-17.0,0.36941098,,,
2147435020,CC=C(C)c1ccccc1C,261.6623551,,,,
2147438299,Cc1ccc(OCCCCCCCCCCCOC(=O)CCCCC(=O)OCCCCCCCCCCCOc2ccc(-c3nnc(C)s3)cc2)cc1,77.0,0.37404941,,,
2147438300,C=Nc1ccc(N=C(C)Nc2ccc(-c3ccc(NC(=C)C)c(C(=O)O)c3)cc2C(=O)O)cc1,89.38045943,,,,
2147438301,CC(=O)OC(=O)COc1ccc(OCC(=O)OC(=O)c2ccc(C)nc2)cc1,155.9709567,,,,
2147438302,CC(=O)c1ccc(C(=O)c2ccc(C=C3CCC(=Cc4ccc(C)cc4)C3=O)cc2)cc1,192.2096838,,,,
2147438303,CC=C(C)c1ccc(OCCCCCC(=O)Oc2c(F)c(F)c(F)c(F)c2F)cc1,73.83198457,,,,
2147438304,CC=CC1C=CC(C)c2ccc(CCCCCC)cc21,9.70407322,,,,
2147438305,CCC#CC#CCOc1ccc(C(C)(C)c2ccc(OC)cc2)cc1,48.046331,,,,
2147438306,CCC(CCCCCCOc1ccc(-c2ccc(C#N)cc2)cc1)COC(=O)N(C)c1ccc(N(C)C(=O)OC)cc1,78.11061669,,,,
2147438307,CCC1CCCC(C)(CO)C1=O,71.70468573,,,,
2147438308,CCCC(=O)NNC(=O)c1cccc(C(=O)NNC(=O)c2cccc(OC)c2)c1,234.2133464,,,,
2147438309,CCCCC(=O)NCc1ccc(CNC(=O)CCCOC(=O)c2ccc(C(=O)OC)cc2)cc1,53.55726117,,,,
2147438311,CCCCCCCCCCCOc1ccc(C=Cc2ccc(OCCCCCCCCCCOP(=O)(OC)OCCCCCCCCCCOc3ccc(N=Nc4ccc(F)cc4)cc3)cc2)cc1,-7.2122695,,,,
2147438312,CCCCCCCCOc1ccc(C=CC=Cc2ccc(OC)c(C)c2)cc1C,41.89270134,,,,
2147438313,CCCCCCCOC(=O)c1ccc(S(=O)(=O)CCCCCCS(=O)(=O)c2ccc(C(=O)OC)cc2)cc1,35.86441642,,,,
2147438314,CCCCCSSC(=O)N(C)c1ccc(Cc2ccc(N(C)C(=O)SSC)cc2)cc1,20.68923822,,,,
2147438315,CCCCCc1nc2cc(NC(=NO)C(=NO)Nc3ccc4nc(C)[nH]c4c3)ccc2[nH]1,170.1130329,,,,
2147438316,CCCNC(=O)c1ccc(C(=O)NCCOC(=O)c2cccc(C(=O)OC)c2)cc1,121.124261,,,,
2147438317,CCCNC(=S)C=Cc1ccc(Cc2ccc(C=CC(=S)NC)cc2)cc1,99.87529352,,,,
2147438318,CCc1cc(C=O)c(O)c(Cc2cc(C=O)c(O)c(CNC(=O)NC(=O)NC)c2)c1,190.6072154,,,,
2147438319,CCc1ccc(COC(=O)c2ccccc2C(=O)OC)cc1,95.33964688,,,,
2147438320,CCc1ccc(CSC(=O)Nc2ccc(Cc3ccc(NC(=O)SC)cc3)cc2)cc1,90.77725081,,,,
2147438321,CCc1ccc2nc(-c3cc(-c4nc5ccc(C)cc5c(=O)o4)cc(N4C(=O)c5c(Cl)c(Cl)c(Cl)c(Cl)c5C4=O)c3)oc(=O)c2c1,378.8956296,,,,
2147438322,CN=C1C=CC(=NC2=CC(=O)C(C)=CC2=O)C=C1,212.9967182,,,,
2147438323,CN=Cc1ccc(C=Nc2sc(C)c(C#N)c2C#N)cc1,204.4271705,,,,
2147438324,CNc1cc(NC(=O)c2cc(OCCN(C)c3ccc(S(=O)(=O)C(F)(F)C(F)(F)C(F)(F)C(F)(F)C(F)(F)C(F)(F)C(F)(F)C(F)(F)F)cc3)cc(C(C)=O)c2)cc(C(=O)OCCN(C)c2ccc(S(=O)(=O)C(F)(F)C(F)(F)C(F)(F)C(F)(F)C(F)(F)C(F)(F)C(F)(F)C(F)(F)F)cc2)c1,172.7344272,,,,
2147438325,CNc1ccc(NC(=O)c2cc(NC(=O)C(CCSC)N3C(=O)c4ccccc4C3=O)cc(C(C)=O)c2)cc1,230.3191562,,,,
2147438326,COC(C)CCC(C)OC(=O)Nc1ccc(Cc2ccc(NC(C)=O)cc2)cc1,63.5893379,,,,
2147438327,COS(=O)(=O)c1ccc(S(=O)(=O)c2ccc(S(=O)(=O)Oc3ccc(S(=O)(=O)c4ccc(C)cc4)cc3)cc2)cc1,194.2678014,,,,
2147438328,COS(=O)(=O)c1ccc(Sc2ccc(S(=O)(=O)Oc3ccc(C4(c5ccc(C)cc5)CCCCC4)cc3)cc2)cc1,157.8104834,,,,
2147438329,COc1c(C(=O)Nc2ccc(NC(=O)c3ccc4ccccc4c3Oc3nc(C)nc(N4CCCCC4)n3)cc2)ccc2ccccc12,162.6671353,,,,
2147438330,[2H]c1c([2H])c(C(c2c([2H])c([2H])c(OC(C)=O)c([2H])c2[2H])(C([2H])([2H])[2H])C([2H])([2H])[2H])c([2H])c([2H])c1OC,230.9913822,,,,
2147438331,COc1cc(OC(=O)c2ccc(C=Nc3ccc(OCCCCCCOc4ccc(N=Cc5ccc(C(C)=O)cc5)cc4Cl)c(Cl)c3)cc2)c(Cl)cc1Cl,82.06188226,,,,
2147438332,COc1ccc(C(=O)CNc2ccc(NCC(=O)c3ccc(C)cc3)cc2)cc1,158.6944649,,,,
2147438333,COc1ccc(C(=O)OCCCCOC(=O)c2ccc(OC(=O)c3ccc(C(C)=O)cc3)cc2)cc1,68.79315579,,,,
2147438334,CCCCC(C)(c1ccc(OC)cc1)c1ccc(OC(C)=O)cc1,118.8361345,,,,
2147438335,COc1ccc(CNC(=O)CCCCCCC(=O)NCc2ccc(OC3COC4C(C)COC34)cc2)cc1,21.58173134,,,,
2147438336,COc1ccc2c(c1)nc1n2C(=O)c2ccc(Oc3ccc4c(c3)C(=O)n3c-4nc4ccc(C)cc43)cc2-1,291.281809,,,,
2147438337,COc1ccc2cc(C(=O)Oc3ccccc3OC(=O)c3ccc4cc(Oc5nc(C)nc(N6CCN(C)CC6)n5)ccc4c3)ccc2c1,54.90728348,,,,
2147438338,COc1cccc(OC(=O)c2ccc(C=Nc3ccc(OCCCCCCOc4ccc(N=Cc5ccc(C(C)=O)cc5)cc4)cc3)cc2)c1,83.83402436,,,,
2147438339,CCCCCCCCc1cc(-c2sc(C)cc2CCCCCC(F)(F)C(F)(F)C(F)(F)C(F)(F)F)sc1C,6.47608023,,,,
2147438340,CCCCCCc1cc(C)sc1C=Cc1sc(C=Cc2sc(-c3ccc(C)c4nsnc34)cc2CCCCCC)c(CCCCCC)c1CCCCCC,17.9542177,,,,
2147438341,Cc1ccc(C)c2nccnc12,216.378732,,,,
2147438342,Cc1ccc(-c2ccc(N3C(=O)c4ccc(-c5ccc6c(c5)C(=O)N(C)C6=O)cc4C3=O)cc2)cc1,421.9822435,,,,
2147438343,Cc1ccc(C(=O)CNc2ccc(NCC(=O)c3ccc(S(C)(=O)=O)cc3)cc2)cc1,198.9026743,,,,
2147438344,Cc1ccc2c(c1)C(=O)N(c1c(F)c(F)c(N3C(=O)c4ccc(C(C)(C(F)(F)F)C(F)(F)F)cc4C3=O)c(F)c1F)C2=O,388.0137456,,,,
2147438345,Cc1cccc(N2C(=O)c3ccc(Oc4ccc5c(c4)C(C)(c4ccc(Oc6ccc7c(c6)C(=O)N(c6cccc(N8C(=O)c9ccc(Oc%10ccc(C%11(C)CC(C)(C)c%12cc(Oc%13ccc%14c(c%13)C(=O)N(C)C%14=O)ccc%12%11)cc%10)cc9C8=O)c6)C7=O)cc4)CC5(C)C)cc3C2=O)c1,231.956044,,,,
2147438346,CCC(C)c1ccccc1,98.0,,,0.922,
2147438348,CCC(C)c1ccc(C(C)C)cc1,62.4,,,,
2147438349,CCC(C)c1ccc(-c2ccccc2)cc1,161.5,,,,
2147438350,CCC(C)c1ccc(Br)cc1,132.0,,,,
2147438351,CCC(C)c1ccc(/C(C)=N/O)cc1,134.0,,,,
2147438352,CCC(C)c1ccc(COC)cc1,77.0,,,,
2147438353,CCCOCc1ccc(C(C)CC)cc1,22.0,,0.2045999999999999,,
2147438354,CCCCCCOCc1ccc(C(C)CC)cc1,-20.0,,0.2045999999999999,,
2147438355,CCCCOCCOCc1ccc(C(C)CC)cc1,-38.0,0.37958253,,,
2147438356,CCC(C)c1ccc(C(=O)N(C)C)cc1,125.0,,,,
2147438357,CCC(C)c1ccc(C(=O)N(CC)CC)cc1,102.0,0.36711341,,,
2147438358,CCC(C)c1ccc(C(=O)CCN2CCCCC2)cc1,38.0,0.37311156,,,
2147438359,CCC(C)c1ccc(C(=O)N2CCOCC2)cc1,127.0,0.35986197,,,
2147438360,CCC(C)c1ccc(I)cc1,158.0,,,,
2147438361,CCC(C)c1ccc(OC)cc1,108.4,,0.252,,
2147438362,CCOc1ccc(C(C)CC)cc1,86.0,,0.262,,
2147438363,CCCOc1ccc(C(C)CC)cc1,70.0,,0.246,,
2147438364,CCCCOc1ccc(C(C)CC)cc1,52.0,,0.213,,
2147438365,CCC(C)c1ccc(OCCC(C)C)cc1,57.0,,0.225,,
2147438366,CCC(C)c1cc(C)cc(C)c1,112.0,,0.24,,
2147438367,CC(F)(F)C(C)(F)c1ccccc1,206.0,,,,
2147438368,CC(F)(F)C(C)(F)c1c(F)c(F)c(F)c(F)c1F,194.0,,,,
2147438369,CCC(C)(C)c1ccc(C)cc1,176.0,,,,
2147438370,CCC(C)c1ccc(B(O[Si](C)(C)C)O[Si](C)(C)C)cc1,84.0,,,,
2147438371,CCC(C)c1cccc(B(O[Si](C)(C)C)O[Si](C)(C)C)c1,35.0,,,,
2147438372,CCC(C)c1ccc2ccccc2c1,146.5,,,,
2147438373,CCC(C)c1ccncc1,150.0,,,,
2147438374,CCC(c1ccccn1)C(c1ccccc1)C(C)c1ccccn1,150.0,0.39661394,,,
2147438375,CCCCOC(C)CC,-51.0,,,,
2147438376,CCCCCOC(C)CC,-66.0,,,,
2147438377,CCCCCCOC(C)CC,-74.0,,,,
2147438378,CCCCCCCCCCOC(C)CC,-62.0,,,,
2147438379,CCC(C)OC(C)=O,32.0,,,,
2147438380,CCC(C)OCC(C)C,-22.0,,,,
2147438381,C/C=C/C(C)C(C)C(=O)OC,53.0,,0.151,,
2147438382,CC#C/C(COS(=O)(=O)c1ccc(C)cc1)=C(/C)COS(=O)(=O)c1ccc(C)cc1,-73.0,,,,
2147438383,CCC(C)OC=O,37.0,,,,
2147438384,CCC(C)OC(C)CC,-26.0,,,,
2147438385,CCC(C)OC(=O)C(F)(F)F,55.0,,,,
2147438386,C/C=C/C(CC)OC,-10.5,,0.250969245,1.003981727,18.49301213
2147438387,CCC/C=C(/C)c1ccccc1,39.5,,,,
2147438388,CCCCC(CC)COC(C)CC,-66.0,,0.189,,
2147438389,CCC(C)OCC(C)(C)CC,9.0,,,,
2147438390,CCC(C)SC,-1.0,,,,
2147438391,CCCCCCCCOC(C)CC,-79.5,,,,
2147438392,CCc1ccc(C(=O)C(C)CC)cc1,49.25,,,,
2147438393,CCC(C)OC(=O)c1ccccc1C,42.5,,,,
2147438394,CCC(C)OC(=O)CCl,20.45,,,,
2147438395,CCCC/C=C(/C)c1ccc(OC)cc1,11.0,,,,
2147438396,CCCC/C=C(/C)c1ccccc1,0.0,,,,
2147438398,CC(C)=C(C)c1ccc([Si](C)(C)C)cc1,-5.0,,,,
2147438399,CCC/C=[C](/C)[Sn]([CH2]CCC)([CH2]CCC)[CH2]CCC,-80.0,,,,
2147438400,CCC(C)N1CCCC1=O,158.0,,,,
2147438401,CCCC1CC2C(CC(C)C2OC(=O)CCCCCCCCCCOc2ccc(-c3ccc(C#N)cc3)cc2)C1OC(=O)CCCCCCCCCCOc1ccc(-c2ccc(C#N)cc2)cc1,23.5,0.36522309,,,
2147438402,CCC(C)C(=O)O,115.0,,,,
2147438404,CCCOC(=O)C(C)CC,-38.5,,,,
2147438405,CCC(C)C(=O)OCC(C)C,25.0,,,,
2147438406,CCC(C)OC(=O)C(C)CC,-20.0,,,,
2147438407,CCC(C)C(=O)OC(C)(C)C,40.0,,,,
2147438408,CCCCCCCOC(=O)C(C)CC,-60.0,,,,
2147438409,CCCCCCCCOC(=O)C(C)CC,-65.0,,,,
2147438410,CCC(C)C(=O)OCCOC(F)(F)C(F)F,-22.0,,,,
2147438411,CCCOC(=O)C(C)(C)CC,43.0,,0.217185653,0.989428412,16.19729792
2147438412,CCC(C)(C)C(=O)OC(C)C,85.0,,0.212297791,0.953690368,16.7947377
2147438413,CCC(C)(C)C(=O)OCCO,91.2,,0.250973925,1.134422469,16.14206295
2147438414,CCC(C)C(=O)N1CCCCC1,108.0,0.36828508,0.224880389,1.040542744,14.57926593
2147438415,CCC(C)(C)C(=O)OCC(C)O,76.0,,0.247322516,1.091888654,14.81784724
2147438416,CCC(C)(CC(=O)OCCC1CCCCC1)C(=O)OCCC1CCCCC1,48.0,0.3743525,0.217195568,1.008079519,11.63447878
2147438417,CC1C(=O)N(C2CCCCC2)C(=O)C1C,232.0,0.39675252,,,
2147438418,CCC(C)(C)C(=O)OCC1CO1,68.5,0.33062914,,,
2147438419,CCC(C)C(=O)OCCCOc1ccc(/N=N/c2ccc([N+](=O)[O-])cc2)cc1,45.6,,,,
2147438420,CCC(C)C(=O)OCCCCOc1ccc(/N=N/c2ccc([N+](=O)[O-])cc2)cc1,36.7,,,,
2147438421,CCC(C)C(=O)OCCCCCCOc1ccc(/N=N/c2ccc([N+](=O)[O-])cc2)cc1,35.8,,0.218,,
2147438422,CCC(C)C(=O)[O][Na],114.4,,,,
2147438423,CCC(C)(F)F,-34.4,,0.213,1.5619999999999998,
2147438424,CCC(C)(Cl)Cl,-16.5,,0.1485,1.610770482,22.97672238
2147438425,CCC/C=C(/C)Cl,-45.0,,0.1855,1.20676381,18.49567386
2147438427,CCC(C)(F)C(F)(F)F,49.0,,,,
2147438428,CC(F)(F)C(C)(F)C(F)(F)F,158.5,,0.082200976,1.782,19.83463914
2147438429,CCC(C)C(F)(F)F,29.5,,,,
2147438430,CCC(C)C(F)(F)C(F)(F)F,41.0,,,,
2147438431,CCC(C)C(F)(F)C(F)(F)C(F)(F)F,58.0,,,,
2147438432,CCC(F)(F)/C(F)=C(/C)Cl,-17.0,,,,
2147438433,C/C=C(\F)C(F)(F)CC,-35.0,,,,
2147438434,CCC(C)CCI,70.0,,,,
2147438435,CCC(C)CCCCCCCCCI,-6.0,,,,
2147438436,CCC(C)CCCI,30.0,,,,
2147438437,CC(F)(F)C1(F)C(F)(F)C(C)(F)C(F)(F)C1(F)F,117.0,,,,
2147438438,C/C=C/C(C)CC,-60.0,,,,
2147438444,C=CC(C)CC,-7.0,,0.273513817,0.865584799,20.09722775
2147438445,CCCOC,-56.0,,,0.972,
2147438447,CCC(CCl)OC,-23.3,,0.164668029,1.33405247,18.49280872
2147438448,CCC(COC)OC,-62.0,,,,
2147438449,CCCCOCC(CC)OC,-79.0,,,,
2147438450,CCCCCCOCC(CC)OC,-85.5,,,,
2147438451,CCC(COc1ccccc1)OC,42.0,,,,
2147438452,CCC(CCl)(CCl)COC,6.5,,,,
2147438453,CCCCCOC,-80.0,,0.280752907,0.972439816,23.370366
2147438454,CCCCCCCCCOC,-13.0,,,,
2147438455,COc1ccc(C)cc1,85.0,,,,
2147438456,COc1cccc(C)c1,53.0,,,,
2147438457,CCCOC(=O)c1ccc(OC)cc1,84.0,,,,
2147438458,COc1ccc(C(=O)OCCCCCOC(=O)c2ccc(C)cc2)cc1,26.0,0.34696395,,,
2147438459,CCC(=O)OC(=O)COc1ccc(C(C)(C)c2ccc(OC)cc2)cc1,105.0,0.33458907,,,
2147438460,CCCOC(=O)c1ccc(C(C)(CC)c2ccc(C(=O)OC)cc2)cc1,95.0,0.35349899,,,
2147438461,Cc1ccc(-c2cnc3ccc(Oc4ccc5ncc(C)nc5c4)cc3n2)cc1,306.0,,,,
2147438462,Cc1ccc(-c2nc3cc(Oc4ccc5nc(-c6ccccc6)c(C)nc5c4)ccc3nc2-c2ccccc2)cc1,304.0,0.4245693,,,
2147438463,Cc1cccc(-c2nc3cc(Oc4ccc5nc(-c6ccccc6)c(C)nc5c4)ccc3nc2-c2ccccc2)c1,270.0,0.41748276,,,
2147438464,Cc1ccc(-c2cnc3cc(Oc4ccc5nc(C)cnc5c4)ccc3n2)cc1,306.0,,,,
2147438465,Cc1ccc(Oc2ccc(-c3nc4cc(Oc5ccc6nc(-c7ccccc7)c(C)nc6c5)ccc4nc3-c3ccccc3)cc2)cc1,263.0,0.41406386,,,
2147438466,CCC(O)COc1ccc(C(C)(C)c2ccc(OC)cc2)cc1,91.0,0.35095055,,,
2147438467,CCC(O)COc1ccc(Cc2ccc(OC)cc2)cc1,143.2,0.34455061,,,
2147438468,COc1c(-c2ccccc2)cc(C)cc1-c1ccccc1-c1ccccc1,211.0,0.4050477,,,
2147438469,CCC1CC(C)OCO1,68.0,,,,
2147438470,CCCC1OC(C)CC(CC)O1,58.0,,0.253400518,1.00771137,19.21617746
2147438471,CCC(COc1ccc(C(C)(C)c2ccc(OC)cc2)cc1)OC(C)=O,60.0,0.35142781,,,
2147438472,CCC(COc1ccc(C(C)(C)c2ccc(OC)cc2)cc1)OC(=O)CCl,65.0,0.35599023,,,
2147438473,CCC(=O)OC(CC)COc1ccc(C(C)(C)c2ccc(OC)cc2)cc1,60.0,0.35519812,0.198,,
2147438474,COc1ccc(C(C)(C)c2ccc(OC(C)(Oc3ccccc3)Oc3ccccc3)cc2)cc1,92.0,0.37316612,,,
2147438475,CCC(O)COc1ccc(C(C)(C)c2ccc(OC)c(Cl)c2)cc1Cl,85.0,0.36275869,,,
2147438476,CCC(O)COc1c(Cl)cc(C(C)(C)c2cc(Cl)c(OC)c(Cl)c2)cc1Cl,135.0,0.36746955,,,
2147438477,CCC(COc1c(Cl)cc(C(C)(C)c2cc(Cl)c(OC)c(Cl)c2)cc1Cl)OC(C)=O,100.0,0.36697598,,,
2147438478,CCC(O)COc1ccc(C(C)(CC)c2ccc(OC)cc2)cc1,95.0,0.35394579,,,
2147438479,COc1ccc(C(=O)OCCCOC(=O)c2ccc(C)cc2)cc1,57.0,0.34520298,,,
2147438480,COc1ccc(/N=N/c2ccc(Oc3ccc(C(C)(C)c4ccc(C)cc4)cc3)cc2)cc1,175.0,,,,
2147438481,COc1ccc(Oc2ccc(C(=O)c3ccc(C)cc3)cc2)cc1,147.5,,,,
2147438482,COc1ccc(S(=O)(=O)c2ccc(Oc3ccc(C(C)(C)c4ccc(OCCCCOc5ccc(C(C)(C)c6ccc(C)cc6)cc5)cc4)cc3)cc2)cc1,140.0,0.36776278,,,
2147438483,COc1ccc(S(=O)(=O)c2ccc(Oc3ccc(Sc4ccc(C)cc4)cc3)cc2)cc1,175.0,0.37748733,0.1485,,
2147438484,COc1ccc(S(=O)(=O)c2ccc(Oc3ccc(C4(c5ccc(C)cc5)CC5CCC4C5)cc3)cc2)cc1,250.0,0.38350802,,,
2147438485,COc1ccc(S(=O)(=O)c2ccc(Oc3ccc(C(=O)c4ccc(C)cc4)cc3)cc2)cc1,205.0,0.37219019,,,
2147438486,CCCOCCOCCOCCOCCOc1ccc(/C=C(\C)c2ccc(OC)cc2)cc1,17.0,,,,
2147438487,CCCOCCOC(=O)c1ccccc1-c1ccccc1C(=O)OC,17.0,,,,
2147438488,CCc1cc(C(=O)c2cccc(C(=O)c3ccc(OC)c(CC)c3)c2)ccc1C,126.0,0.38536105,,,
2147438489,COc1c(C(C)C)cc(C(=O)c2cccc(C(=O)c3ccc(C)cc3)c2)cc1C(C)C,132.0,0.40376992,,,
2147438490,CCc1cc(C(=O)c2cccc(C(=O)c3ccc(C)c(C(C)C)c3)c2)ccc1OC,136.0,0.39239857,,,
2147438491,COc1ccc(C(=O)c2cccc(C(=O)c3ccc(C)c(C(C)C)c3)c2)cc1C,147.0,0.39318082,,,
2147438492,Cc1ccc(Oc2ccc(-c3nc4ccc(Oc5ccc6nc(C)c(-c7ccccc7)c(-c7ccccc7)c6c5)cc4c(-c4ccccc4)c3-c3ccccc3)cc2)cc1,305.0,,,,
2147438493,Cc1ccc(Oc2ccc(-c3cc(-c4ccccc4)c4cc(Oc5ccc6nc(C)cc(-c7ccccc7)c6c5)ccc4n3)cc2)cc1,266.0,,,,
2147438494,Cc1ccc(-c2ccc(-c3nc4ccc(Oc5ccc6nc(C)c(-c7ccccc7)c(-c7ccccc7)c6c5)cc4c(-c4ccccc4)c3-c3ccccc3)cc2)cc1,351.0,,,,
2147438495,COc1cccc(C(=O)OCC(F)(F)C(F)(F)C(F)(F)COC(=O)c2cccc(C)c2)c1,20.0,0.33298625,,,
2147438496,COc1ccc(S(=O)(=O)c2ccc(Oc3ccc(C4(c5ccc(C)cc5)CCCCC4)cc3)cc2)cc1,226.0,0.37562068,,,
2147438497,Cc1ccc(Oc2ccc(-c3ccc(Oc4ccc(-c5cnc6cc(-c7ccc8nc(C)cnc8c7)ccc6n5)cc4)cc3)cc2)cc1,213.0,0.38709806,,,
2147438498,Cc1ccc(Oc2ccc(-c3cnc4cc5ncc(C)nc5cc4n3)cc2)cc1,353.0,,,,
2147438499,COc1ccc(Oc2ccc(S(=O)(=O)c3ccc(-c4ccc(-c5ccc(S(=O)(=O)c6ccc(C)cc6)cc5)cc4)cc3)cc2)cc1,259.0,0.3744368,,,
2147438500,COc1ccc(C(=O)c2cccc(C(=O)c3ccc(C)cc3)c2)cc1,139.0,0.36581437,,,
2147438501,COc1ccc(C(C)(C)c2ccc(Oc3ccc(C(=O)c4ccccc4-c4ccccc4C(=O)c4ccc(C)cc4)cc3)cc2)cc1,172.0,0.37964806,,,
2147438502,COc1ccc(C(c2ccc(Oc3ccc(C(=O)c4ccccc4-c4ccccc4C(=O)c4ccc(C)cc4)cc3)cc2)(C(F)(F)F)C(F)(F)F)cc1,178.5,0.37602202,,,
2147438503,COc1ccc(Oc2ccc(C(=O)c3cccc(-c4cccc(C(=O)c5ccc(C)cc5)c4)c3)cc2)cc1,154.0,0.36870915,,,
2147438504,CCNC(=O)OCc1cocc1COC(=O)NCc1ccc(C(C)(C)c2ccc(C)o2)o1,25.0,0.33476958,,,
2147438505,COc1ccc(C(c2ccc(Oc3ccc(C(=O)Nc4ccc(NC(=O)c5ccc(C)cc5)cc4)cc3)cc2)(C(F)(F)F)C(F)(F)F)cc1,218.0,0.35746728,,,
2147438506,COc1ccc(C(C)(C)c2ccc(Oc3ccc(C(=O)Nc4ccc(NC(=O)c5ccc(C)cc5)cc4)cc3)cc2)cc1,230.0,0.35980678,,,
2147438507,Cc1ccc(-c2ccc(-n3c(-c4ccc(Oc5ccc(S(=O)(=O)c6ccc(Oc7ccc(-c8nc9ccccc9n8C)cc7)cc6)cc5)cc4)nc4ccccc43)cc2)cc1,289.0,,,,
2147438508,Cc1ccc(Oc2ccc(S(=O)(=O)c3ccc(Oc4ccc(-c5nc6ccccc6n5-c5ccc(-n6c(C)nc7ccccc76)cc5)cc4)cc3)cc2)cc1,270.0,0.37966679,,,
2147438509,Cc1ccc(-c2ccc(-n3c(-c4ccc(Oc5ccc(C(=O)c6ccc(Oc7ccc(-c8nc9ccccc9n8C)cc7)cc6)cc5)cc4)nc4ccccc43)cc2)cc1,268.0,,,,
2147438510,Cc1ccc(-c2ccc(-n3c(-c4ccc(Oc5ccc(C(=O)c6ccc(C(=O)c7ccc(Oc8ccc(-c9nc%10ccccc%10n9C)cc8)cc7)cc6)cc5)cc4)nc4ccccc43)cc2)cc1,259.0,,,,
2147438511,Cc1ccc(-c2ccc(-n3c(-c4ccc(Oc5ccc(C(=O)c6cccc(C(=O)c7ccc(Oc8ccc(-c9nc%10ccccc%10n9C)cc8)cc7)c6)cc5)cc4)nc4ccccc43)cc2)cc1,244.0,,,,
2147438512,Cc1ccc(-c2ccc(-n3c(-c4ccc(Oc5ccc(C(=O)c6ccc(Oc7ccc(C(=O)c8ccc(Oc9ccc(-c%10nc%11ccccc%11n%10C)cc9)cc8)cc7)cc6)cc5)cc4)nc4ccccc43)cc2)cc1,243.0,,,,
2147438513,Cc1ccc(Oc2ccc(N3C(=O)c4ccc(Oc5cc6ccccc6cc5Oc5ccc6c(c5)C(=O)N(C)C6=O)cc4C3=O)cc2)cc1,220.5,0.36464157,,,
2147438514,Cc1ccc(Oc2cccc(N3C(=O)c4ccc(Oc5cccc6c(Oc7ccc8c(c7)C(=O)N(C)C8=O)cccc56)cc4C3=O)c2)cc1,235.0,0.37487112,,,
2147438515,COc1cccc(NC(=O)c2ccc(C(=O)c3cccc(C(=O)Nc4ccc(C)cc4)c3)cc2)c1,237.0,0.35065699,,,
2147438516,CCC(O)CN(C)S(=O)(=O)c1cccc(S(=O)(=O)N(C)CC(O)COc2ccc(C(C)(C)c3ccc(OC)cc3)cc2)c1,76.0,0.34239354,,,
2147438517,CCC(O)CN(C)S(=O)(=O)c1cccc(S(=O)(=O)N(C)CC(O)COc2ccc(OC)cc2)c1,66.0,0.33491941,,,
2147438518,COc1cccc(Oc2ccc(NC(=O)c3ccc(Oc4cccc(Oc5ccc(C(=O)Nc6ccc(C)cc6)cc5)c4)cc3)cc2)c1,176.5,0.3505917,,,
2147438519,Cc1cccc(Oc2ccc(-c3ccc(Oc4cccc(-n5c(=O)c6cc7c(=O)n(C)c(=O)c7cc6c5=O)c4)cc3)cc2)c1,251.0,,,,
2147438520,CCCCCCCOc1ccc(C(=O)N(C(=O)c2ccc(OC)cc2)c2ccc(Oc3ccccc3)cc2)cc1,78.0,0.36783158,,,
2147438521,COc1ccc(C(=O)Nc2ccc(S(=O)(=O)c3ccc(NC(=O)c4ccc(Oc5ccc(C(=O)c6ccc(S(=O)(=O)c7ccc(C(=O)c8ccc(C)cc8)cc7)cc6)cc5)cc4)cc3)cc2)cc1,260.0,0.36195969,,,
2147438522,COc1c(C)c(C)c(Oc2ccc(NC(=O)c3ccc(C(=O)Nc4ccc(C)cc4)cc3)cc2)c(C)c1C,310.0,,,,
2147438523,COc1ccc(NC(=O)c2cccc(C(=O)Nc3ccc(Oc4ccc(C(c5ccc(C)cc5)(C(F)(F)F)C(F)(F)F)cc4)cc3)c2)cc1,228.5,0.35683545,,,
2147438524,COc1ccc(NC(=O)c2cc(C(=O)Nc3ccc(Oc4ccc(C(c5ccc(C)cc5)(C(F)(F)F)C(F)(F)F)cc4)cc3)cc(C(C)(C)C)c2)cc1,255.5,0.36861613,,,
2147438525,COc1ccc(NC(=O)c2cc(C(=O)Nc3ccc(Oc4ccc(C(c5ccc(C)cc5)(C(F)(F)F)C(F)(F)F)cc4)cc3)cc([N+](=O)[O-])c2)cc1,232.0,0.3558116,,,
2147438526,COc1cccc(NC(=O)c2ccc(P(=O)(c3ccccc3)c3ccc(C(=O)Nc4cccc(Oc5ccc(P(=O)(c6ccccc6)c6ccc(C)cc6)cc5)c4)cc3)cc2)c1,235.0,0.36861977,,,
2147438527,Cc1ccc2c(c1)C(=O)N(c1cccc(Oc3ccc(N4C(=O)c5ccc(-c6c(-c7ccccc7)c(-c7ccccc7)c(-c7ccc(Sc8ccc(-c9c(-c%10ccccc%10)c(-c%10ccccc%10)c(C)c(-c%10ccccc%10)c9-c9ccccc9)cc8)cc7)c(-c7ccccc7)c6-c6ccccc6)cc5C4=O)cc3)c1)C2=O,300.0,0.4011794,,,
2147438528,COc1ccc(/C=C/C(=O)c2ccc(Oc3ccc(C(C)(C)c4ccc(C)cc4)cc3)cc2)cc1,152.0,,,,
2147438529,COc1ccc(/C=C/C(=O)c2ccc(Oc3ccc(C(C)(C)c4ccc(C)c(C)c4)cc3C)cc2)cc1,157.0,,,,
2147438530,COc1ccc(/C=C/C(=O)c2ccc(Oc3ccc(C(C)(c4ccccc4)c4ccc(C)cc4)cc3)cc2)cc1,167.0,,,,
2147438531,COc1ccc(C2(c3ccc(Oc4ccc(/C=C/C(=O)c5ccc(C)cc5)cc4)cc3)c3ccccc3-c3ccccc32)cc1,195.0,,,,
2147438532,CCC(C[N-][N+]#N)OC,-35.0,,,,
2147438534,Cc1ccc(-c2nc3cc4sc(C)nc4cc3s2)cc1,25.0,,,,
2147438535,CN=P(Cl)(Cl)N=P(Cl)(Cl)/N=S(/C)Cl,-40.0,,,,
2147438536,CO/C(C)=C(/OC)c1ccc(C)s1,91.0,,,,
2147438537,CCCOC(=O)CCCCC(=O)OC,-54.5,,,,
2147438538,CCCCCCCCCCCOC(=O)CCCCC(=O)OC,-68.0,,,,
2147438539,CCCOC(=O)CCCCCCCC(=O)OC,-45.0,,,,
2147438540,CCCOC(=O)CCCCCCCCC(=O)OC,-23.0,,,,
2147438541,CCCOC(=O)c1ccc(C(=O)OC)cc1,77.0,,,,
2147438542,CCCOC(=O)c1cccc(C(=O)OC)c1,58.0,,,,
2147438543,COc1c(Cl)cc(C(C)(C)c2cc(Cl)c(OC(=O)CCCCC(C)=O)c(Cl)c2)cc1Cl,100.0,0.37453429,,,
2147438544,CCCCCCCOC(=O)CCC(=O)OC,-50.0,,,,
2147438545,CCCCCOC(=O)CCCCC(=O)OC,-66.0,,0.259346678,1.098279802,20.723239
2147438546,COc1cccc(OC(=O)c2cccc(C(C)=O)c2)c1,147.0,,,,
2147438547,CCCOC(=O)c1cccc2c(C(=O)OC)cccc12,78.0,,0.212331447,1.280732292,19.7972434
2147438548,CCCOC(=O)c1ccc(C(=O)OC)c2ccccc12,64.0,,0.211562934,1.278256039,20.47352108
2147438549,CCCCCCCCCCCCCCCCCOC(=O)CCCCCCC(=O)OC,-26.0,0.37544747,,,
2147438550,CCCOC(=O)/C=C/C(=O)OC,-10.0,,,,
2147438552,COc1ccc(C(C)=O)cc1,161.0,,,,
2147438553,CCC1CCC(COC(=O)C2CCC(C(=O)OC)CC2)CC1,77.0,0.35005916,,,
2147438554,COc1ccc(Cc2ccc(OC(=O)CCCCC(C)=O)cc2)cc1,60.5,0.34469429,,,
2147438555,CCCCCOC(=O)CCCCCNC(=O)CCCCC(=O)NCCCCCC(=O)OC,-15.0,0.34021952,,,
2147438556,CCCCCOC(=O)CCCCCCCC(=O)OC,-62.5,,0.308,,
2147438557,CCCCCOC(=O)c1ccc(-c2ccc(C(=O)OC)cc2)cc1,70.0,0.33930265,,,
2147438558,CCCCCOC(=O)COCC(=O)OC,-23.0,,0.354,,
2147438559,CCc1ccc(COC(=O)c2cccc(C(=O)OC)c2)cc1,143.0,0.34174571,,,
2147438560,COc1c(C)cc(C(C)(C)c2cc(C)c(OC(=O)CCCCC(C)=O)c(C)c2)cc1C,93.0,0.37611741,,,
2147438561,COc1ccc(C(C)(C)c2ccc(OC(=O)CCCCC(C)=O)cc2)cc1,54.0,0.34517826,,,
2147438562,COc1c(-c2ccccc2)cc(Cc2cc(-c3ccccc3)c(OC(=O)CCCCC(C)=O)c(-c3ccccc3)c2)cc1-c1ccccc1,115.0,0.37195156,0.242,,
2147438563,COC1C(C)(C)C(OC(=O)C2CCC(C(C)=O)CC2)C1(C)C,169.0,0.35756125,0.241,,
2147438564,COc1c(C)cc(C(C)(C)c2cc(C)c(OC(=O)CCCCCCCCC(C)=O)c(C)c2)cc1C,45.0,0.38134315,0.248,,
2147438565,COc1cccc(C(F)(F)C(F)(F)C(F)(F)c2cccc(OC(=O)c3cccc(C(F)(F)C(F)(F)C(F)(F)c4cccc(C(C)=O)c4)c3)c2)c1,74.0,,,,
2147438566,COc1ccc(C(C)(C)c2ccc(OC(=O)CCCCCCCCC(C)=O)cc2)cc1,14.25,0.35872609,,,
2147438567,COc1c(-c2ccccc2)cc(Cc2cc(-c3ccccc3)c(OC(=O)CCCCCCCCC(C)=O)c(-c3ccccc3)c2)cc1-c1ccccc1,92.0,0.3718338,,,
2147438568,COc1c(C)cc(C(C)(C)c2cc(C)c(OC(=O)CCCCCC(C)=O)c(C)c2)cc1C,84.0,0.37560672,,,
2147438569,COc1c(-c2ccccc2)cc(Cc2cc(-c3ccccc3)c(OC(=O)CCCCCC(C)=O)c(-c3ccccc3)c2)cc1-c1ccccc1,111.0,0.37107521,,,
2147438570,Cc1ccc(OC(=O)c2cccc(C(=O)Oc3ccc(C4(C)NC(=O)c5ccccc54)cc3)c2)cc1,325.0,0.35684437,,,
2147438571,CCCCCOC(=O)c1ccc(C(C)(C)c2ccc(C(=O)OC)cc2)cc1,44.0,0.35363706,,,
2147438572,COc1ccc(OC(=O)c2ccc([Si](C)(C)c3ccc(C(C)=O)cc3)cc2)cc1,176.0,0.36637923,,,
2147438573,COc1cccc(OC(=O)c2ccc([Si](C)(C)c3ccc(C(C)=O)cc3)cc2)c1,134.0,0.3731365,,,
2147438574,CCCCCOC(=O)Nc1ccc(Cc2ccc(NC(=O)OCCCCn3c4ccccc4c4cc(/C=C(\C#N)C(=O)OCCCCCCOC(=O)/C(C#N)=C/c5ccc6c(c5)c5ccccc5n6C)ccc43)cc2)cc1,122.0,,,,
2147438575,CCCCCOC(=O)Nc1ccc(-c2ccc(NC(=O)OCCCCn3c4ccccc4c4cc(/C=C(\C#N)C(=O)OCCCCCCOC(=O)/C(C#N)=C/c5ccc6c(c5)c5ccccc5n6C)ccc43)c(C)c2)cc1C,113.0,,,,
2147438576,CCCCCOC(=O)Nc1ccc(C)c(NC(=O)OCCCCn2c3ccccc3c3cc(/C=C(\C#N)C(=O)OCCCCCCOC(=O)/C(C#N)=C/c4ccc5c(c4)c4ccccc4n5C)ccc32)c1,117.0,,,,
2147438577,Cc1ccc(OC(=O)c2cccc(C(=O)Oc3ccc(C4(C)c5ccccc5C(=O)N4C)cc3)c2)cc1,285.0,0.36854686,,,
2147438578,CCc1ccc2nc(-c3cc(-c4nc5ccc(C)cc5c(=O)o4)cc(N4C(=O)c5ccccc5C4=O)c3)oc(=O)c2c1,322.0,0.37326662,,,
2147438579,CCC1CCC(CNC(=O)c2cc(C(=O)NC)cc(C(C)(C)C)c2)CC1,236.0,0.3576586,,,
2147438580,CCC(C)CCC(C)CNC(=O)c1cc(C(=O)NC)cc(C(C)(C)C)c1,149.0,,,,
2147438581,CCC1CCC(CNC(=O)c2cccc(C(=O)NC)c2)CC1,208.0,0.34399294,,,
2147438582,CCCCCCCCCCCNC(=O)/C=C(\C)C(=O)NC,74.0,,,,
2147438583,CCCCCCCNC(=O)/C=C(\C)C(=O)NC,94.0,,,,
2147438584,CCc1cccc(CNC(=O)/C=C(\C)C(=O)NC)c1,135.0,,,,
2147438585,CCC1CC(CNC(=O)c2cccc(C(=O)NC)c2)CC(C(C)(C)C)C1,209.0,0.3514179,0.227,,
2147438586,CCC1CCCC(CNC(=O)c2cc(C(=O)NC)cc(C(C)(C)C)c2)C1,200.0,0.35610431,,,
2147438587,CCC1CCCC(CNC(=O)c2cccc(C(=O)NC)c2)C1,180.0,0.33940105,,,
2147438588,CCCCCCCNC(=O)c1ccc(C(C)(CC)c2ccc(C(=O)NC)cc2)cc1,164.0,0.35362781,,,
2147438589,CCCCCNC(=O)c1ccc(C(C)(CC)c2ccc(C(=O)NC)cc2)cc1,182.0,0.34798992,,,
2147438590,CCCC(C)(C)CC(C)CNC(=O)CCCCC(=O)NC,65.0,,,,
2147438591,CNc1cccc2c(NC(=O)c3cccc(C(C)=O)c3)cccc12,325.0,,,,
2147438592,CNc1cccc2c(NC(=O)c3ccc(C(C)=O)cc3)cccc12,305.0,0.34599686,,,
2147438593,CCCCC1(CCCNC(=O)CCC2(CCC(=O)NC)c3ccccc3-c3ccccc32)c2ccccc2-c2ccccc21,165.0,0.35305757,,,
2147438594,CNc1cccc(NC(=O)c2cccc(C(C)=O)c2)c1,275.0,,,,
2147438595,CNc1ccc(NC(=O)c2ccc(C(C)=O)cc2)cc1,295.0,,,,
2147438596,CCCCCCCCCCCCNC(=O)CCCCCCCCC(=O)NC,40.0,0.37104926,,,
2147438597,CCCCCCCCCCCNC(=O)c1ccc(Cc2ccc(C(=O)NC)cc2)cc1,140.0,0.35614349,,,
2147438598,CNc1cccc(NC(=O)CCCCCCC(C)=O)c1,115.5,,,,
2147438599,CNc1ccc(Cc2ccc(NC(=O)CCCCCCCC(C)=O)cc2)cc1,140.0,0.34905905,,,
2147438600,CNc1ccc(Cc2ccc(NC(=O)CCCCCCCCC(C)=O)cc2)cc1,160.0,0.35151514,,,
2147438601,CC(=O)c1ccc(C(=O)N2CC(C)N(C)CC2C)cc1,350.0,0.36842025,,,
2147438602,CC(=O)c1cccc(C(=O)N2CCN(C)CC2)c1,214.5,0.34759038,,,
2147438603,CCCCCCCCCc1nc2cc(NC(=O)CCCCC(=O)Nc3ccc4oc(C)nc4c3)ccc2o1,92.0,0.35552869,0.314,,
2147438604,CNc1cccc(NC(=O)c2cc(C(C)=O)cc(S(=O)(=O)c3ccccc3)c2)c1,277.0,0.34798034,,,
2147438605,CNc1ccc(NC(=O)c2cc(C(C)=O)cc(S(=O)(=O)c3ccccc3)c2)cc1,308.0,0.34297424,,,
2147438606,CNc1cc(NC(=O)c2cc(OCCN(C)c3ccc(C#N)cc3)cc(C(C)=O)c2)cc(C(=O)OCCN(C)c2ccc(C#N)cc2)c1,167.0,0.35581869,,,
2147438607,CNc1cc(NC(=O)c2cc(OCCN(C)c3ccc(S(=O)(=O)C(F)(F)C(F)(F)C(F)(F)C(F)(F)C(F)(F)C(F)(F)C(F)(F)C(F)(F)F)cc3)cc(C(C)=O)c2)cc(C(=O)OCCN(C)c2ccc(C#N)cc2)c1,157.0,0.3482804,,,
2147438608,CNc1cc(NC(=O)c2cc(OCCN(C)c3ccc(C#N)cc3)cc(C(C)=O)c2)cc(C(=O)OCCN(C)c2ccc(S(=O)(=O)C(F)(F)C(F)(F)C(F)(F)C(F)(F)C(F)(F)C(F)(F)C(F)(F)C(F)(F)F)cc2)c1,165.0,0.34405633,,,
2147438609,CCCCCCCCCCCCCOC(=O)NCCCCCCNC(=O)OC,36.0,,,,
2147438610,CCCCCCCCCOC(=O)Nc1ccc(C)c(NC(=O)OC)c1,64.0,,,,
2147438611,CCCOC(=O)Nc1ccc(Cc2ccc(NC(=O)OC)cc2)cc1,139.0,0.33628572,,,
2147438612,CCCCOC(=O)Nc1ccc(Cc2ccc(NC(=O)OC)cc2)cc1,119.0,0.33832602,,,
2147438613,CCCCCOC(=O)Nc1ccc(Cc2ccc(NC(=O)OC)cc2)cc1,109.0,0.34189824,,,
2147438614,CCCCCCOC(=O)Nc1ccc(Cc2ccc(NC(=O)OC)cc2)cc1,95.0,0.34273288,,,
2147438615,CCC(C)(C)COC(=O)Nc1ccc(Cc2ccc(NC(=O)OC)cc2)cc1,94.0,0.3487602,,,
2147438616,CCCCCCCOC(=O)Nc1ccc(Cc2ccc(NC(=O)OC)cc2)cc1,71.0,0.34648888,,,
2147438617,CCCCCCCCOC(=O)Nc1ccc(Cc2ccc(NC(=O)OC)cc2)cc1,84.0,0.34774213,,,
2147438618,CCCCCCCCCOC(=O)Nc1ccc(Cc2ccc(NC(=O)OC)cc2)cc1,79.0,0.35257805,,,
2147438619,CCCCCCCCCCOC(=O)Nc1ccc(Cc2ccc(NC(=O)OC)cc2)cc1,72.0,0.35367211,,,
2147438620,CCCCCCCCCCCOC(=O)Nc1ccc(Cc2ccc(NC(=O)OC)cc2)cc1,60.0,0.35710365,,,
2147438621,CCCCCCCCCCCCCOC(=O)Nc1ccc(Cc2ccc(NC(=O)OC)cc2)cc1,43.0,0.35988995,,,
2147438622,CCCCCCCCCCCCCCCCCOC(=O)Nc1ccc(Cc2ccc(NC(=O)OC)cc2)cc1,40.0,0.36655412,,,
2147438623,CCC(C)(C)CS(=O)(=O)CC(C)(C)COC(=O)Nc1ccc(Cc2ccc(NC(=O)OC)cc2)cc1,90.0,0.35233663,,,
2147438624,CCCCCCCCCCCCCCCCCCCNC(=O)NCc1ccc(CNC(=O)NC)cc1,52.0,,,,
2147438625,CNc1ccc(Cc2ccc(NC(=O)NCCCCCCNC(C)=O)cc2)cc1,78.0,0.34117859,,,
2147438626,CNc1ccc(Cc2ccc(NC(=O)NCCCCCCCCNC(C)=O)cc2)cc1,50.0,0.35239715,,,
2147438627,CNc1ccc(Cc2ccc(NC(=O)NCCCCCCCCCCNC(C)=O)cc2)cc1,46.0,0.35544532,,,
2147438628,CNc1ccc(Cc2ccc(NC(=O)NCCCCCCCCCCCCNC(C)=O)cc2)cc1,51.0,0.35680733,,,
2147438629,CNc1ccc(Cc2ccc(NC(=O)NCCCCCCCCCCCCCCCCCCNC(C)=O)cc2)cc1,48.0,0.37009241,,,
2147438630,Cc1ccc(Oc2ccc(-n3c(=O)c4cc5c(=O)n(C)c(=O)c5cc4c3=O)cc2)cc1,385.0,,,,
2147438631,Cc1ccc(Oc2ccc(Oc3ccc(-n4c(=O)c5cc6c(=O)n(C)c(=O)c6cc5c4=O)cc3)cc2)cc1,312.0,,,,
2147438632,Cc1ccc(Sc2ccc(-n3c(=O)c4cc5c(=O)n(C)c(=O)c5cc4c3=O)cc2)cc1,400.0,,0.277607792,1.292784022,27.00895972
2147438633,CCCCC(C)(C)CCCn1c(=O)c2cc3c(=O)n(C)c(=O)c3cc2c1=O,135.0,,,,
2147438634,CCCCCC(C)CCn1c(=O)c2cc3c(=O)n(C)c(=O)c3cc2c1=O,135.0,,,,
2147438635,CCCCCCCCCCn1c(=O)c2cc3c(=O)n(C)c(=O)c3cc2c1=O,110.0,,,,
2147438636,Cc1ccc2c(c1)Cc1cc(-n3c(=O)c4cc5c(=O)n(C)c(=O)c5cc4c3=O)ccc1-2,322.0,,,,
2147438637,Cc1ccc(-c2nc3cc(C(=O)c4ccc5nc(-c6ccccc6)c(-c6ccc(-n7c(=O)c8cc9c(=O)n(C)c(=O)c9cc8c7=O)cc6)nc5c4)ccc3nc2-c2ccccc2)cc1,240.0,,,,
2147438638,Cc1ccc(-c2nc3cc(Oc4ccc5nc(-c6ccccc6)c(-c6ccc(-n7c(=O)c8cc9c(=O)n(C)c(=O)c9cc8c7=O)cc6)nc5c4)ccc3nc2-c2ccccc2)cc1,274.0,,,,
2147438639,Cc1ccc(-c2nc3cc(-c4ccc5nc(-c6ccccc6)c(-c6ccc(-n7c(=O)c8cc9c(=O)n(C)c(=O)c9cc8c7=O)cc6)nc5c4)ccc3nc2-c2ccccc2)cc1,217.0,,,,
2147438640,Cc1ccc(-c2nc3cc(S(=O)(=O)c4ccc5nc(-c6ccccc6)c(-c6ccc(-n7c(=O)c8cc9c(=O)n(C)c(=O)c9cc8c7=O)cc6)nc5c4)ccc3nc2-c2ccccc2)cc1,186.0,,,,
2147438641,Cc1ccc(-c2nc3cc(C(=O)c4ccc5nc(-c6ccccc6)c(-c6ccc(N7C(=O)C8OC9C(=O)N(C)C(=O)C9C8C7=O)cc6)nc5c4)ccc3nc2-c2ccccc2)cc1,255.0,0.41616021,,,
2147438642,CC(=O)Nc1ccc(-c2ccc(NC(=O)c3ccc4c(c3)C(=O)N(c3ccc(S(=O)(=O)c5ccc(N6C(=O)c7ccc(C)cc7C6=O)cc5)cc3)C4=O)cc2)cc1,370.0,0.35424303,,,
2147438643,Cc1ccc(C(=O)c2ccc(-n3c(=O)c4cc5c(=O)n(C)c(=O)c5cc4c3=O)cc2)cc1,424.0,,,,
2147438644,Cc1ccc(-n2c(=O)c3cc4c(=O)n(C)c(=O)c4cc3c2=O)cc1,417.0,,,,
2147438645,Cc1cccc(-n2c(=O)c3cc4c(=O)n(C)c(=O)c4cc3c2=O)c1,430.0,,,,
2147438646,Cc1ccc(Oc2ccc(C(=O)c3cccc(C(=O)c4ccc(Oc5ccc(-n6c(=O)c7cc8c(=O)n(C)c(=O)c8cc7c6=O)cc5)cc4)c3)cc2)cc1,247.0,,,,
2147438647,Cc1ccc(Oc2ccc(Oc3ccc(Oc4ccc(-n5c(=O)c6cc7c(=O)n(C)c(=O)c7cc6c5=O)cc4)cc3)cc2)cc1,295.0,,,,
2147438648,Cc1ccc(Oc2cccc(Oc3ccc(-n4c(=O)c5cc6c(=O)n(C)c(=O)c6cc5c4=O)cc3)c2)cc1,326.0,,,,
2147438649,Cc1ccc(Oc2ccc(-c3ccc(Oc4ccc(-n5c(=O)c6cc7c(=O)n(C)c(=O)c7cc6c5=O)cc4)cc3)cc2)cc1,300.0,,0.419114901,1.236301542,32.79068665
2147438650,Cc1cccc(Oc2ccc(S(=O)(=O)c3ccc(Oc4cccc(-n5c(=O)c6cc7c(=O)n(C)c(=O)c7cc6c5=O)c4)cc3)cc2)c1,223.15,,0.218423483,1.296610121,21.95338985
2147438651,Cc1ccc(Oc2ccc(C(c3ccc(Oc4ccc(-n5c(=O)c6cc7c(=O)n(C)c(=O)c7cc6c5=O)cc4)cc3)(C(F)(F)F)C(F)(F)F)cc2)cc1,310.0,,0.219568135,1.308564776,24.84520731
2147438652,Cc1ccc(Oc2ccc(N3C(=O)c4ccc(-c5ccc6c(c5)C(=O)N(C)C6=O)cc4C3=O)cc2)cc1,279.0,0.37648982,0.349285387,1.246919536,33.7514022
2147438653,Cc1ccc(Cc2ccc(N3C(=O)c4ccc(-c5ccc6c(c5)C(=O)N(C)C6=O)cc4C3=O)cc2)cc1,298.0,0.38180524,0.310513378,1.211868653,29.05489501
2147438654,Cc1ccc(-c2ccc(N3C(=O)c4ccc(-c5ccc6c(c5)C(=O)N(C)C6=O)cc4C3=O)c(C)c2)cc1C,302.0,0.39090779,0.46287727,1.130906275,41.64668838
2147438655,Cc1ccc(Oc2ccc(C(c3ccc(Oc4ccc(N5C(=O)c6ccc(-c7ccc8c(c7)C(=O)N(C)C8=O)cc6C5=O)cc4)cc3)(C(F)(F)F)C(F)(F)F)cc2)cc1,262.0,0.37203901,0.230715582,1.276047621,26.44667687
2147438656,CCCCCCCN1C(=O)c2ccc(Oc3ccc4c(c3)C(=O)N(C)C4=O)cc2C1=O,164.0,0.34767207,,,
2147438657,CCCCCCCCCN1C(=O)c2ccc(Oc3ccc4c(c3)C(=O)N(C)C4=O)cc2C1=O,145.0,0.34901426,,,
2147438658,Cc1ccc(N2C(=O)c3ccc(Oc4ccc5c(c4)C(=O)N(C)C5=O)cc3C2=O)cc1,385.5,,0.341065511,1.284415042,29.67917183
2147438659,Cc1ccc2c(c1)C(=O)N(c1ccc(Oc3ccc(N4C(=O)c5ccc(C(C)(C(F)(F)F)C(F)(F)F)cc5C4=O)cc3)cc1)C2=O,303.0,0.38674054,,,
2147438660,Cc1ccc2c(c1)C(=O)N(c1cccc(Oc3ccc(Oc4cccc(N5C(=O)c6ccc(C(C)(C(F)(F)F)C(F)(F)F)cc6C5=O)c4)cc3)c1)C2=O,230.0,0.37037326,,,
2147438661,CC(=O)c1ccc2c(c1)C(=O)N(c1ccc(Oc3ccc(C(=O)c4ccc(C(=O)c5ccc(Oc6ccc(N7C(=O)c8ccc(C)cc8C7=O)cc6)cc5)cc4)cc3)cc1)C2=O,233.0,0.37475153,,,
2147438662,CC(=O)c1ccc2c(c1)C(=O)N(c1ccc(N3C(=O)c4ccc(C)cc4C3=O)cc1)C2=O,317.0,0.37740339,,,
2147438663,Cc1ccc(Oc2ccc(N3C(=O)c4cccc(Oc5ccc(-c6ccc(Oc7cccc8c7C(=O)N(C)C8=O)cc6)cc5)c4C3=O)cc2)cc1,277.0,0.36710709,,,
2147438664,Cc1ccc(Oc2ccc(N3C(=O)c4cccc(Oc5ccc(C(C)(C)c6ccc(Oc7cccc8c7C(=O)N(C)C8=O)cc6)cc5)c4C3=O)cc2)cc1,235.0,0.37037622,,,
2147438665,Cc1cccc(N2C(=O)c3ccc(Oc4ccc(Sc5ccc(Oc6ccc7c(c6)C(=O)N(C)C7=O)cc5)cc4)cc3C2=O)c1,209.0,0.36600422,,,
2147438666,Cc1ccc(Oc2ccc(N3C(=O)c4cccc(Oc5ccc(Sc6ccc(Oc7cccc8c7C(=O)N(C)C8=O)cc6)cc5)c4C3=O)cc2)cc1,234.0,0.36952098,0.165,,
2147438667,Cc1ccc(N2C(=O)c3ccc(Oc4ccc(Sc5ccc(Oc6ccc7c(c6)C(=O)N(C)C7=O)cc5)cc4)cc3C2=O)cc1,238.0,0.36725031,,,
2147438668,Cc1ccc(NC(=O)c2cccc(C(=O)Nc3ccc(-n4c(=O)c5cc6c(=O)n(C)c(=O)c6cc5c4=O)cc3)c2)cc1,296.0,,,,
2147438669,CC(=O)Nc1cccc(NC(=O)/C=C/c2cccc(N3C(=O)c4ccc(C)cc4C3=O)c2)c1,257.5,,0.283388677,1.251502611,25.31679754
2147438670,CC(=O)Nc1ccc(-c2sc(-c3ccc(NC(=O)c4ccc5c(c4)C(=O)N(c4ccc(Oc6cccc7c(Oc8ccc(N9C(=O)c%10ccc(C)cc%10C9=O)cc8)cccc67)cc4)C5=O)cc3)c(-c3ccccc3)c2-c2ccccc2)cc1,340.0,0.38574846,,,
2147438671,Cc1ccc2c(c1)C(=O)N(c1ccc(N3C(=O)c4ccc(C(C)(C(F)(F)F)C(F)(F)F)cc4C3=O)cc1)C2=O,351.0,0.39320221,,,
2147438672,Cc1ccc2c(c1)C(=O)N(c1ccc(C(c3ccc(N4C(=O)c5ccc(C(C)(C(F)(F)F)C(F)(F)F)cc5C4=O)cc3)(C(F)(F)F)C(F)(F)F)cc1)C2=O,315.1,0.39524704,0.150988967,1.312846814,20.98100887
2147438673,Cc1ccc2c(c1)C(=O)N(c1cc(C)c(N3C(=O)c4ccc(C(C)(C(F)(F)F)C(F)(F)F)cc4C3=O)cc1C)C2=O,355.0,0.40933634,,,
2147438674,Cc1ccc2c(c1)C(=O)N(c1c(C)c(C)c(N3C(=O)c4ccc(C(C)(C(F)(F)F)C(F)(F)F)cc4C3=O)c(C)c1C)C2=O,420.0,0.41737364,0.16438311,1.146022084,23.81474014
2147438675,Cc1ccc(Oc2cc3ccccc3cc2Oc2ccc(-n3c(=O)c4cc5c(=O)n(C)c(=O)c5cc4c3=O)cc2)cc1,316.0,,,,
2147438676,Cc1ccc(Oc2cc3ccccc3cc2Oc2ccc(N3C(=O)c4ccc(-c5ccc6c(c5)C(=O)N(C)C6=O)cc4C3=O)cc2)cc1,253.5,0.36809048,0.254618417,1.241176561,24.88651568
2147438677,Cc1ccc(C(c2ccccc2)(c2ccc(-n3c(=O)c4cc5c(=O)n(C)c(=O)c5cc4c3=O)cc2)C(F)(F)F)cc1,436.0,,0.242359788,1.203851883,26.02618288
2147438678,Cc1cc(-c2nc3ccccc3[nH]2)cc(-n2c(=O)c3cc4c(=O)n(C)c(=O)c4cc3c2=O)c1,180.0,,,,
2147438679,Cc1cc(-c2nc3ccccc3oc2=O)cc(-n2c(=O)c3cc4c(=O)n(C)c(=O)c4cc3c2=O)c1,130.0,,0.151,,
2147438680,COC(=O)c1ccc(C(C)(C)c2ccc(C(C)=O)cc2)cc1,100.0,,,,
2147438681,COC(=O)c1ccc(Cc2ccc(C(C)=O)cc2)cc1,122.0,0.34410161,,,
2147438682,COC(=O)CCCCCCCCC(C)=O,60.0,,,,
2147438683,COc1ccc(Cc2ccc(OC(C)=O)cc2)cc1,133.5,0.34889783,,,
2147438684,COc1ccc(Cc2ccc(OC(C)=O)c(C)c2)cc1C,51.0,0.36953235,,,
2147438685,COc1ccc(C(C)c2ccc(OC(C)=O)cc2)cc1,130.0,0.35421995,,,
2147438686,CCCC(c1ccc(OC)cc1)c1ccc(OC(C)=O)cc1,123.0,0.36627071,,,
2147438687,COc1ccc(C(c2ccc(OC(C)=O)cc2)C(C)C)cc1,149.0,0.36947312,,,
2147438688,COc1ccc(C(C)(C)c2ccc(OC(C)=O)cc2)cc1,148.0,,,,
2147438689,CCC(C)(c1ccc(OC)cc1)c1ccc(OC(C)=O)cc1,136.0,0.3639544,,,
2147438690,CCCC(C)(c1ccc(OC)cc1)c1ccc(OC(C)=O)cc1,137.0,0.37045396,0.244337041,1.074574897,21.46284987
2147438691,COc1ccc(C(C)(C)c2ccc(OC(C)=O)c(C)c2)cc1C,124.0,0.37267711,0.235991215,1.071059114,19.9506095
2147438692,COc1ccc(C(C)(C)c2ccc(OC(C)=O)c(Cl)c2)cc1Cl,147.0,0.37372084,,,
2147438693,COc1c(Cl)cc(C(C)(C)c2cc(Cl)c(OC(C)=O)c(Cl)c2)cc1Cl,227.0,0.39482335,0.135267254,1.319483933,21.37007538
2147438694,COc1c(Br)cc(C(C)(C)c2cc(Br)c(OC(C)=O)c(Br)c2)cc1Br,228.5,0.4290399,0.116199931,1.815896982,21.26438014
2147438695,COc1ccc(C(C)(c2ccccc2)c2ccc(OC(C)=O)cc2)cc1,179.0,0.36147298,0.2385,1.123680096,21.57193906
2147438696,CCCC(CCC)(c1ccc(OC)cc1)c1ccc(OC(C)=O)cc1,148.0,0.38249055,0.229886318,1.015922365,19.52777255
2147438697,COc1ccc(C2(c3ccc(OC(C)=O)cc3)CCCC2)cc1,166.0,0.35187363,,,
2147438698,COc1ccc(C2(c3ccc(OC(C)=O)cc3)CCCCC2)cc1,175.0,0.35918735,0.218561417,1.114381568,20.23173532
2147438699,COc1ccc(C2(c3ccc(OC(C)=O)c(C)c3)CCCCC2)cc1C,137.5,0.38771377,0.233405574,1.053045275,20.33471792
2147438700,COc1c(Cl)cc(C2(c3cc(Cl)c(OC(C)=O)c(Cl)c3)CCCCC2)cc1Cl,163.0,0.39600978,,,
2147438701,COc1ccc(C2(c3ccc(OC(C)=O)c(Cl)c3)CCCCC2)cc1Cl,179.0,0.37361861,,,
2147438702,COc1ccc(C2(c3ccc(OC(C)=O)cc3)c3ccccc3-c3ccccc32)cc1,355.0,0.38475968,0.206,,
2147438703,COc1ccc(C(c2ccc(OC(C)=O)cc2)(C(F)(F)F)C(F)(F)F)cc1,176.0,0.3466164,0.219,,
2147438704,COc1ccc(C(c2ccc(OC(C)=O)cc2)(C(F)(F)Cl)C(F)(F)Cl)cc1,183.5,0.36111109,0.241,,
2147438705,COc1ccc(C(C)(C)c2ccc(C(C)(C)c3ccc(OC(C)=O)cc3)cc2)cc1,154.0,0.36640421,0.185,,
2147438706,COc1c(C)cc(C(C)(C)c2cc(C)c(OC(C)=O)c(C)c2)cc1C,193.0,0.39805007,0.183,1.002192304,20.94045324
2147438707,COc1ccc(Cc2ccc(OC(C)=S)cc2)cc1,95.0,0.35541969,0.109,,
2147438708,COc1ccc(C(C)c2ccc(OC(C)=S)cc2)cc1,107.0,,0.165,,
2147438709,CCC(c1ccc(OC)cc1)c1ccc(OC(C)=S)cc1,104.0,0.36420995,0.235,,
2147438710,CCCC(c1ccc(OC)cc1)c1ccc(OC(C)=S)cc1,130.0,0.3689351,,,
2147438711,COc1ccc(C(c2ccc(OC(C)=S)cc2)C(C)C)cc1,135.0,0.37198799,,,
2147438712,CCC(CC)C(c1ccc(OC)cc1)c1ccc(OC(C)=S)cc1,148.0,0.37352636,,,
2147438713,COc1ccc(C2(c3ccc(OC(C)=S)cc3)CCCC2)cc1,79.0,0.35616229,,,
2147438714,COc1ccc(C(C)(C)c2ccc(OC(C)=S)cc2)cc1,140.5,0.35877547,,,
2147438715,CCC(C)(c1ccc(OC)cc1)c1ccc(OC(C)=S)cc1,102.0,0.36451292,,,
2147438716,COc1ccc(C(C)(CC(C)C)c2ccc(OC(C)=S)cc2)cc1,128.0,0.36650609,,,
2147438717,CCC(CC)(c1ccc(OC)cc1)c1ccc(OC(C)=S)cc1,121.0,0.36838966,,,
2147438718,COc1ccc(C(C)(C)c2ccc(OC(C)=O)c(C(C)C)c2)cc1C(C)C,80.0,0.40309692,0.230822589,1.004973052,20.26931974
2147438719,COc1cc(Br)c(C(C)(C)c2c(Br)cc(OC(C)=O)cc2Br)c(Br)c1,267.0,0.3939151,,,
2147438720,COc1cc(Cl)c(C(C)(C)c2c(Cl)cc(OC(C)=O)cc2Cl)c(Cl)c1,240.0,0.37057341,,,
2147438721,COc1ccc(C(c2ccc(OC(C)=O)cc2)C(Cl)(Cl)Cl)cc1,230.0,0.36652065,,,
2147438722,COc1c(C)cc(C(C)(C)c2cc(C)c(OC(C)=O)c(Cl)c2)cc1Cl,154.0,0.3979854,,,
2147438723,Cc1ccc(-c2cnc3ccc(-c4ccc5ncc(C)nc5c4)cc3n2)cc1,376.0,,,,
2147438724,Cc1ccc(-c2ccc(-c3ccc(-c4cnc5ccc(-c6ccc7ncc(C)nc7c6)cc5n4)cc3)cc2)cc1,305.0,,,,
2147438725,Cc1ccc(-c2nc3cc(-c4ccc5nc(-c6ccccc6)c(C)nc5c4)ccc3nc2-c2ccccc2)cc1,365.0,,0.25797031,1.056458614,22.65081935
2147438726,Cc1ccc(-c2nc3cc4nc(C)c(-c5ccccc5)nc4cc3nc2-c2ccccc2)cc1,395.0,,,,
2147438727,Cc1cccc(-c2nc3cc4nc(C)c(-c5ccccc5)nc4cc3nc2-c2ccccc2)c1,365.0,,,,
2147438728,Cc1ccc(-c2cnc3ccc(-c4ccc5nc(C)cnc5c4)cc3n2)cc1,376.0,0.42108918,,,
2147438729,CC(=O)c1ccc2nc(-c3ccccc3)c(-c3ccc(-c4nc5ccc(C)cc5nc4-c4ccccc4)cc3)nc2c1,320.0,,,,
2147438730,Cc1ccc(-c2cnc3cc(-c4ccc5nc(C)cnc5c4)ccc3n2)cc1,350.0,0.43314968,,,
2147438731,CCCCCCCn1ccc(-c2cccc(-c3ccn(C)n3)c2)n1,70.0,,,,
2147438732,CCCCCCCn1ccc(-c2ccc(-c3ccn(C)n3)cc2)n1,55.0,,,,
2147438733,Cc1ccc(-n2ccc(-c3cccc(-c4ccn(C)n4)c3)n2)cc1,75.0,,,,
2147438734,Cc1ccc(-n2ccc(-c3ccc(-c4ccn(C)n4)cc3)n2)cc1,75.0,,,,
2147438735,Cc1cccc(-c2ccc3[nH]c(S(=O)(=O)c4nc5ccc(C)cc5[nH]4)nc3c2)c1,290.0,,,,
2147438736,C=Cc1ccc(/C=N/c2c(-c3ccccc3)cc(-c3ccc(-c4cc(-c5ccccc5)c(N=C)c(-c5ccccc5)c4)cc3)cc2-c2ccccc2)cc1,300.0,,,,
2147438737,CO[Si](C)(C)Oc1ccc(C(C)(C)c2ccc(C)cc2)cc1,45.0,0.40918281,,,
2147438738,CO[Si](c1ccccc1)(c1ccccc1)c1cccc(C)c1,62.0,,,,
2147438739,CCCC[Si](C)(C)c1ccc(N(C)C)cc1,6.5,,,,
2147438740,CCCC[Si](C)(c1ccccc1)c1ccc(N(C)C)cc1,52.0,,,,
2147438741,CCCC[Si](C)(C)c1ccccc1,-1.5,,,,
2147438742,CC[Si](C)(C)C,-90.0,,,,
2147438743,CCCC[Si](C)(C)C,-55.0,,,,
2147438744,CCCC[Si](C)(c1ccc(C)cc1)c1ccc(C)cc1,38.0,,,,
2147438745,CC[Si](C)(CC)OC,-139.0,,,,
2147438746,CO[Si](C)(C)C,-123.0,,,,
2147438748,CO[Si](C)(C)CCC(F)(F)F,-69.0,,,,
2147438749,CO[Si](C)(Oc1ccc(C)cc1)c1ccccc1,95.0,0.40342541,,,
2147438750,CO[Si](O[Si](C)(C)c1ccc([Si](C)(C)C)cc1)(c1ccccc1)c1ccccc1,0.0,,,,
2147438751,CCC[Si](C)(C)OC,-120.0,,,,
2147438752,CCCCCCCC[Si](C)(C)OC,-92.0,,,,
2147438753,CO[SiH](C)C,-3.39,,,,
2147438754,CC[Si](C)(C)OC,-133.0,,,,
2147438755,CC/C=C/C[Si](C)(C)C,-57.5,,,,
2147438756,CC/C=C/C[Si](C)(C)c1ccccc1,-1.0,,,,
2147438757,CC/C=C/C[Si](C)(CCCOc1ccccc1)c1ccccc1,-5.0,,,,
2147438758,CC/C=C/C[Si](C)(C)CCCOc1ccc2ccccc2c1,-1.0,,,,
2147438759,CC/C=C/C[Si](C)(C)CCCOc1ccc(-c2ccccc2)cc1,10.0,,,,
2147438760,CC/C=C/C[Si](C)(C)CCCOc1ccccc1,-30.0,,,,
2147438761,CO[Si](C)(C)CCCCOc1ccc(-c2ccc(C#N)cc2)cc1,22.5,,,,
2147438762,CCCCCC[Si](C)(C)OC,-110.85,,,,
2147438763,COCCOCCOCCC[Si](C)(C)OC,-90.1,,,,
2147438764,CN=P(C)(OCc1ccc(-c2ccccc2)cc1)OCc1ccc(-c2ccccc2)cc1,60.0,,,,
2147438765,CN=P(C)(Oc1ccc(C)c(C)c1)Oc1ccc(C)c(C)c1,-1.5,,,,
2147438766,CN=P(C)(Oc1ccc2ccccc2c1)Oc1ccc2ccccc2c1,47.0,0.3648512,,,
2147438767,C=NP(Cl)(Cl)=NP(Cl)(Cl)=NC(=C)Cl,-21.0,,,,
2147438768,COS(=O)(=O)c1cccc(S(=O)(=O)Oc2ccc(C(C)(C)c3ccc(C)cc3)cc2)c1,124.0,0.36372411,,,
2147438769,COS(=O)(=O)c1ccc(C)cc1,119.0,,0.186803621,1.433690549,23.19498743
2147438770,Cc1ccc(Cc2ccc(S(C)(=O)=O)cc2)cc1,227.5,0.37585986,,,
2147438771,Cc1ccc(C(F)(F)C(C)(F)F)cc1,76.95,0.37735155,,,
2147438772,Cc1ccc(C(Cl)(Cl)C(C)Cl)cc1,160.0,0.39641701,0.119776758,1.388472271,23.4116757
2147438773,CCCCCCCCCCCc1ccc(-c2c(-c3ccccc3)cc(-c3cccc(-c4cc(-c5ccccc5)c(-c5ccc(C)cc5)c(-c5ccccc5)c4-c4ccccc4)c3)c(-c3ccccc3)c2-c2ccccc2)cc1,180.0,0.39826604,,,
2147438774,CCC(C)c1ccc(/C(Cc2ccccc2)=N/O)cc1,111.0,,,,
2147438775,CCC(C)c1ccc([Si](C)(C)OC(C)C)cc1,180.0,,,,
2147438776,CCC(C)c1ccc(B(Oc2ccc(B3OC(C)(C)C(C)(C)O3)c3cccnc23)c2ccc(C(C)(C)C)cc2)cc1,275.0,,,,
2147438777,CCC(C)c1ccc(B(Oc2ccc(-c3c(F)c(F)c(F)c(F)c3F)c3cccnc23)c2ccc(C(C)(C)C)cc2)cc1,245.0,,,,
2147438778,CCC(C)c1ccc(B(Oc2cccc3cccnc23)c2ccc(C(C)(C)C)cc2)cc1,240.0,,0.101,,
2147438779,CCC(C)c1ccc(B(Oc2ccc(Cl)c3cccnc23)c2ccc(C(C)(C)C)cc2)cc1,238.0,,0.115,,
2147438780,CCC(C)c1ccc(B(Oc2ccc(-c3ccc(OC)cc3)c3cccnc23)c2ccc(C(C)(C)C)cc2)cc1,220.0,,0.21,,
2147438781,CCC(C)c1ccc(B(Oc2ccc(-c3ccc(N(C)C)cc3)c3cccnc23)c2ccc(C(C)(C)C)cc2)cc1,230.0,,,,
2147438782,CCC(C)c1ccc(COc2ccc(-c3ccc(-c4ccc(C)s4)c4nsnc34)cc2)cc1,130.0,0.36773,,,
2147438785,CC/C(C)=C(\C)c1ccccc1,200.0,,,,
2147438786,CCCCCC/C(C)=C(\C)c1ccccc1,200.0,,,,
2147438787,C/C(Cl)=C(/C)c1ccccc1,215.0,,0.185906754,1.076752211,29.80213503
2147438788,CCCC/C(C)=C(\C)Cl,190.0,,,,
2147438789,CCCCCC/C(C)=C(\C)Cl,150.0,,,,
2147438790,CCCCCCCC/C(C)=C(\C)Cl,90.0,,0.2045999999999999,,
2147438794,C/C=C(/C)C(CCCCC)[Si](C)(C)C,170.0,,,,
2147438795,C/C=C(/C)C(CCCCCCC)[Si](C)(C)C,150.0,,,,
2147438796,C/C=C/CC(CC)c1ccccc1,14.0,,,,
2147438797,C/C=C/C1CC(C)C([Si](C)(C)C)C1,113.0,,,,
2147438798,C/C=C/C1CC(C)C([Si](C)(C)C[Si](C)(C)C)C1,24.0,,,,
2147438799,C#Cc1ccc(-n2c(=O)c3cc4c(=O)n(-c5ccc(/C(C)=C\C)cc5)c(=O)c4cc3c2=O)cc1,420.0,,,,
2147438800,C/C=C/C1CC(C)C(C(=O)OCCCCCCCCOc2ccc(/C=C/c3ccc([N+](=O)[O-])cc3)cc2)C1,51.0,,,,
2147438801,C/C=C/C(CC)COCC(=O)OCCCCCCCCOc1ccc(/C=C/c2ccc([N+](=O)[O-])cc2)cc1,23.0,,,,
2147438802,C/C=C/CC(CC)(C(=O)OC12CC3CC(CC(C3)C1)C2)C(=O)OC12CC3CC(CC(C3)C1)C2,34.0,,,,
2147438803,C/C=C/C(C)C(C)C(=O)OC12CC3CC(CC(C3)C1)C2,115.0,,,,
2147438804,C/C=C/C(C(=O)OCc1ccccc1)C(C)C(=O)OCc1ccccc1,21.0,,,,
2147438805,C/C=C/C(C(=O)OCC)C(C)C(=O)OCC,6.0,,,,
2147438806,C/C=C/C(COCc1ccccc1)C(C)COCc1ccccc1,-4.0,,,,
2147438807,C/C=C(/C)c1ccccc1C(F)(F)F,130.0,,,,
2147438808,C/C=C(/C)c1ccccc1[Si](C)(C)C,190.0,,,,
2147438809,C/C=C(/C)c1c(C)cc(C(C)(C)C)cc1C,200.0,,,,
2147438810,C/C=C(/C)c1cccc[c]1[Ge]([CH3])([CH3])[CH3],180.0,,,,
2147438811,C/C=C(/C)c1ccccc1C[Si](C)(C)C,170.0,,,,
2147438812,C/C=C(/C)c1c(F)c(F)c(CCCC)c(F)c1F,110.0,,,,
2147438813,CCCCc1ccc(/C(C)=C(\C)c2ccccc2)cc1,200.0,,,,
2147438814,C/C(=C(/C)c1ccc(C(C)(C)C)cc1)c1ccccc1,200.0,,,,
2147438815,C/C(=C(/C)c1ccc([Si](C)(C)C)cc1)c1ccccc1,200.0,,,,
2147438816,C/C(=C(/C)c1cccc([Si](C)(C)C)c1)c1ccccc1,200.0,,,,
2147438817,C/C(=C(/C)c1ccc[c]([Ge]([CH3])([CH3])[CH3])c1)c1ccccc1,200.0,,,,
2147438818,C/C(=C(/C)c1ccc(Oc2ccccc2)cc1)c1ccccc1,200.0,,,,
2147438819,C/C=C(/C)C(CCC)[Si](C)(C)CCCCCC,40.0,,,,
2147438820,C/C=C(/C)C(CCC)[Si](C)(C)c1ccccc1,110.0,,,,
2147438824,C/C=C/C1CC(C)C(C(=O)OC)C1,65.0,,,,
2147438825,CCC(C)OC(=O)/C=C/c1ccccc1,127.0,,,,
2147438826,C/C=C(/C)CCCOc1ccc(OC(=O)c2ccc(OC)cc2)cc1,20.0,,,,
2147438827,C/C=C(/C)CCCOc1ccc(OC(=O)c2ccc(OCCCC)cc2)cc1,36.0,,,,
2147438828,C/C=C(/C)CCCOc1ccc(OC(=O)c2ccc(OCCCCCCCC)cc2)cc1,42.0,,,,
2147438829,C/C=C/C1CC(C)C(F)(F)C1(F)OC(F)(F)C(F)(F)C(F)(F)F,77.0,,,,
2147438830,C/C=C/C1CC(C)C(C(=O)OCCCCCCCCCCCOc2ccc(-c3ccc(C#N)cc3)cc2)C1C(=O)OCCCCCCCCCCCOc1ccc(-c2ccc(C#N)cc2)cc1,23.1,,,,
2147438831,C/C=C/C1CC(C)C(C(=O)OCCCCCCOc2ccc(-c3ccc(C#N)cc3)cc2)C1C(=O)OCCCCCCOc1ccc(-c2ccc(C#N)cc2)cc1,55.8,,,,
2147438832,C/C=C/C(C)C(C)C(=O)OCCN(C)c1ccc(N(C)C)cc1,20.5,,,,
2147438833,C/C=C/C(C)C(C)C(=O)OCCCN(C)c1ccc(N(C)C)cc1,11.5,,,,
2147438834,C/C=C/C(C)C(C)C(=O)OCCCCCCN(C)c1ccc(N(C)C)cc1,2.0,,,,
2147438835,CCC(C)OCCOc1ccc(/N=N/c2ccc(C#N)cc2)cc1,61.0,,,,
2147438836,CCC(C)OCCOc1ccc(/N=N/c2ccc([N+](=O)[O-])cc2)cc1,54.0,,,,
2147438837,CCC(C)OCCOc1ccc(/C=C(\C#N)C(=O)OC)cc1,47.0,,,,
2147438838,C/C(=C(/C)c1ccc([Si](C(C)C)(C(C)C)C(C)C)cc1)c1ccccc1,250.0,,,,
2147438839,CCC(C)(C=C(C)C)C(=O)OC,24.0,,,,
2147438840,C/C=C/C(C)(C(=O)OC)C(C)C,34.0,,,,
2147438841,CCC(C)P(=O)(O)O,88.0,,,,
2147438842,CCC(C)C1=NCCN1,-48.35,,,,
2147438843,C/C=C/C1=C(C)CC(C(=O)OCC)(C(=O)OCC)C1,27.65,,,,
2147438844,C/C=C/C1CC(C)C(C#N)C1,140.0,,,,
2147438845,C/C=C/C1CC(C)C(C#N)(CC)C1,134.0,,,,
2147438846,C/C=C/C1CC(C)C(C#N)(CCC)C1,108.0,,,,
2147438847,C/C=C/C1CC(C)C(C#N)(CCCC)C1,87.0,,,,
2147438848,C/C=C/C1CC(C)C(C#N)([Si](C)(C)C)C1,211.0,,,,
2147438849,C/C=C/C1CC(C)C(C#N)([Si](C)(C)O[Si](C)(C)C)C1,88.0,,,,
2147438850,C/C=C/C1CC(C)C(C#N)([Si](C)(C)O[Si](C)(C)O[Si](C)(C)C)C1,47.0,,,,
2147438851,C/C=C/C1CC(C)C(C#N)(C[Si](C)(C)C)C1,128.0,,,,
2147438852,C/C=C/C1CC(C)C(C#N)(C[Si](C)(C)O[Si](C)(C)C)C1,68.0,,,,
2147438853,C/C=C/C1CC(C)C(C#N)([Si](C)(C)[Si](C)(C)C)C1,120.0,,,,
2147438854,CCC(C)n1cncn1,165.0,0.33624313,,,
2147438855,CCC/C(=C(/C)c1ccccc1)c1ccccc1,120.5,,,,
2147438857,CCCCCCC1(CCCCCC)c2cc(C)ccc2-c2ccc(-c3ccc4c(c3)C(CC3=NC(Cc5ccccc5)CO3)(CC3=NC(Cc5ccccc5)CO3)c3cc(C)ccc3-4)cc21,114.0,0.40982823,,,
2147438858,C/C=C/C1CC(C)C(C(=O)Oc2ccccc2)C1,72.6,,,,
2147438859,C/C=C/C1CC(C)C(C(=O)Oc2ccccc2)C1C(=O)Oc1ccccc1,96.5,,,,
2147438861,C/C=C/C1CC(C)C(C(=O)OC)C1C(=O)OC,77.3,,,,
2147438862,C/C=C/C1CC(C)C(C(=O)OC(C)(C)C)C1C(=O)OC(C)(C)C,83.4,,,,
2147438863,C/C=C/CCCC(Cl)CCCC,-63.0,,,,
2147438864,CCC(C)n1ccc2ccccc21,19.0,,,,
2147438866,C/C=C/C(C)(C)c1ccccc1,52.0,,,,
2147438867,CCC(C)N1CCCCCC1=O,174.6,0.36209846,,,
2147438868,C/C=C(/C)CCCOC(=O)c1cc(-c2ccc(OC)cc2)ccc1-c1ccc(OC)cc1,72.4,,,,
2147438869,C/C=C/C1CC(C)C(C(=O)OCCNC(C)(C)C)C1,29.0,,,,
2147438870,CCC(C)(C)C(=O)OCCCCCCOc1ccc(/C=N/c2ccc(C#N)cc2)cc1,35.0,,,,
2147438871,CCC(C)(C)C(=O)OCCCCCCCCCCCOc1ccc(/C=N/c2ccc(C#N)cc2)cc1,23.0,,,,
2147438872,CCC(C)(CC(=O)OC1CCCCCCC1)C(=O)OC1CCCCCCC1,124.0,0.36818557,,,
2147438873,COC(=O)C(C)C(C)C(=O)OC(C)(C)C,84.0,,,,
2147438874,CCC(C)(C)C(=O)OCC1COCCOCCOCCOCCOC1,31.0,,,,
2147438875,CCC(C)C(=O)Nc1ccc2c(c1)C(=O)c1ccccc1C2=O,128.0,0.32709343,,,
2147438876,CCN(CCOC(=O)C(C)(C)CC)c1ccc(/N=N/c2ccc([N+](=O)[O-])c3ccccc23)cc1,116.0,,,,
2147438877,CCC(C)(C)C(=O)OCCc1ccc(/N=N/c2ccccc2)cc1,80.0,,,,
2147438878,CCC(C)(C)C(=O)OCCCCCCN(C)c1ccc(/N=N/c2ccc(S(C)(=O)=O)cc2)cc1,100.0,,0.239801416,1.13049325,14.36196379
2147438879,CCC(C)(C)C(=O)OCCCCCCc1ccc(/C(C)=C/c2ccc(OC)cc2)cc1,31.0,,,,
2147438880,CCC(C)(C)C(=O)OCCOCCOc1ccc(/N=N/c2ccc(C#N)cc2)cc1,57.0,,,,
2147438881,CCC(C)(C)C(=O)OCCc1ccc(/N=N/c2ccc(OC(F)(F)F)cc2)cc1,209.5,,,,
2147438882,CCC(C)(C)C(=O)OCCCc1ccc(/N=N/c2ccc(OC(F)(F)F)cc2)cc1,211.5,,,,
2147438883,CCC(C)(C)C(=O)OCCCCc1ccc(/N=N/c2ccc(OC(F)(F)F)cc2)cc1,203.5,,,,
2147438884,CCC(C)(C)C(=O)OCCCCCc1ccc(/N=N/c2ccc(OC(F)(F)F)cc2)cc1,202.5,,,,
2147438885,CCC(C)(C)C(=O)OCCCCCCc1ccc(/N=N/c2ccc(OC(F)(F)F)cc2)cc1,194.5,,,,
2147438886,CCC(C)C(=O)OCCOc1ccc(C(C)(C)c2ccc(OCCO)cc2)cc1,22.0,0.33916196,,,
2147438887,CCC(C)C(=O)OCC1(CC)COCOC1,42.0,,,,
2147438888,CCC(C)(C)C(=O)Oc1ccc(C(=O)c2ccccc2)c(O)c1,270.0,,,,
2147438889,CCCCCCCC/C=C/CCCCCCCCOC(=O)C(C)(C)CC,-40.0,,,,
2147438890,CCC(C)C(=O)OCCC(F)(F)C(F)(F)C(F)(F)C(F)(F)C(F)(F)C(F)(F)F,-12.0,,,,
2147438891,CCC(C)(C)C(=O)OCCCCCCOc1ccc(/N=N/c2ccc(OC)cc2)cc1,91.0,,,,
2147438892,CCC(C)(C)C(=O)Oc1ccc(/N=N/c2ccc(C#N)cc2)cc1,185.0,,,,
2147438893,CCC(C)(C)C(=O)OCCOc1ccc(/N=N/c2ccc(C#N)cc2)cc1,109.0,,,,
2147438894,CCC(C)(C)C(=O)OCCCCCCOc1ccc(/N=N/c2ccc(C#N)cc2)cc1,61.0,,,,
2147438895,CCC(C)(C)C(=O)OCCN(C)c1ccc(/N=N/c2ccc([N+](=O)[O-])cc2)cc1,110.0,,,,
2147438896,CCCCCCCCCCOc1ccc(/N=N/c2ccc(OCCCCCCOC(=O)C(C)(C)CC)cc2)cc1,110.0,,,,
2147438897,CCCCCOc1ccc(/N=C/c2ccc(OCCCCCCOC(=O)C(C)CC)cc2O)cc1,41.0,,,,
2147438898,CCC(C)C(=O)OCC1(CC)COC(c2ccccc2)OC1,50.0,0.34648032,,,
2147438899,CCC(C)(C)C(=O)OCCCCOc1ccc(/N=N/c2ccc(C#N)cc2)cc1,80.0,,,,
2147438900,CCC(C)(C)C(=O)OCCCCCCCCOc1ccc(/N=N/c2ccc(C#N)cc2)cc1,35.0,,,,
2147438901,CCC(C)(C)C(=O)OCCN(C)c1ccc(/C=C/c2ccc([N+](=O)[O-])cc2)cc1,107.0,,,,
2147438902,CCC(C)(C)C(=O)OCCOCCOCC1(C)COCCOCCOCCOC1,10.0,,,,
2147438903,CCC(C)(C)C(=O)OCCOCCOCC1COCCOCCOCCO1,10.0,,,,
2147438904,CCC(C)(C)C(=O)OCCC[Si](OC)(OC)OC,9.0,,,,
2147438905,CCC(C)(C)C(=O)OCCC[Si](O[Si](C)(C)C)(O[Si](C)(C)C)O[Si](C)(C)C,72.35,,,,
2147438906,CCC(C)C(=O)OCCN(CC)c1ccc(/N=N/c2ccc([N+](=O)[O-])cc2Cl)cc1,87.0,,,,
2147438907,CCC(C)(C)C(=O)Oc1ccc(/N=N/c2ccc(OCCCCCCCCCCCOC(=O)c3ccc4c(c3)OCCOCCOCCOCCO4)cc2)cc1,19.0,,,,
2147438908,CCC(C)(C)C(=O)OCCCN(CCO)c1ccc(/N=N/c2ccc([N+](=O)[O-])cc2)cc1,131.0,,,,
2147438909,CCC(C)(C)C(=O)OCCCCCCCCCCCOc1ccc(/N=N/c2ccc(OC(=O)c3ccc4c(c3)OCCOCCOCCOCCO4)cc2)cc1,59.0,,,,
2147438910,CCC(C)(C)C(=O)Oc1ccc(C(=O)/C=C/c2ccc(Cl)cc2)cc1,127.0,,,,
2147438911,CCC(C)(C)C(=O)OCCOCCOCCOc1ccc(/N=N/c2ccc(C#N)cc2)cc1,37.0,,,,
2147438912,CCC(C)(C)C(=O)OCCOCCOCCOCCOc1ccc(/N=N/c2ccc(C#N)cc2)cc1,20.0,,,,
2147438913,CCC(C)(C)C(=O)OCCCCCCOc1ccc(/N=N/c2ccc(C3OCC4(CO3)CC3C=CC4C3)cc2)cc1,118.5,,,,
2147438914,CCC(C)(C)C(=O)OCCCCCCCCOc1ccc(/N=N/c2ccc(C3OCC4(CO3)CC3C=CC4C3)cc2)cc1,106.2,,,,
2147438915,CCC(C)(C)C(=O)OCCCCCCCCCCOc1ccc(/N=N/c2ccc(C3OCC4(CO3)CC3C=CC4C3)cc2)cc1,103.2,,,,
2147438916,CCC(C)(C)C(=O)OCc1ccc(/C=C/C(=O)C2c3ccccc3C(=O)c3ccccc32)cc1,163.0,,,,
2147438917,CCC(C)(C)C(=O)OCc1ccc(/C=C/C(=O)Oc2ccc3oc(=O)ccc3c2)cc1,140.0,,,,
2147438918,CCCCN(CCOC(=O)C(C)(C)CC)c1ccc(/N=N/c2ccc(S(=O)(=O)Nc3nccs3)cc2)cc1,53.0,,,,
2147438919,CCC(C)(C)C(=O)OCCN(C)c1ccc(/N=N/c2ccc(S(=O)(=O)Nc3cc(C)on3)cc2)cc1,123.0,,,,
2147438920,CCCCN(CCOC(=O)C(C)(C)CC)c1ccc(/N=N/c2ccc(S(=O)(=O)Nc3cc(C)on3)cc2)cc1,105.0,,,,
2147438921,CCC(C)(C)C(=O)Oc1ccc(C(=O)/C=C/c2ccc(OC)c(OC)c2)cc1,137.0,,,,
2147438922,CCC(C)(C)C(=O)OCC1COC(=O)O1,124.0,,,,
2147438923,CCC(C)C(=O)Oc1ccc(C(=O)OCc2ccccc2)cc1,16.25,0.33941879,,,
2147438924,CCC(C)(C)C(=O)OCCCCCCCCCCn1c2ccccc2c2cc(/N=N/c3ccc([N+](=O)[O-])cc3)ccc21,36.0,,,,
2147438925,CCOC(=O)C(C)C(C)C,157.0,,,,
2147438926,CCCOC(=O)C(C)C(C)C,116.0,,,,
2147438927,CC(C)OC(=O)C(C)C(C)C,149.0,,,,
2147438928,CCCCOC(=O)C(C)C(C)C,90.0,,,,
2147438929,CCC(C)(C)C(=O)OCCn1c2ccccc2c2cc(/N=N/c3ccc([N+](=O)[O-])cc3)ccc21,164.0,,,,
2147438930,CCC(C)(C)C(=O)OCCCCCCOc1ccc(/N=N/c2ccncc2)cc1,42.0,,,,
2147438931,CCC(C)(C)C(=O)OCC1COCCOCCOCCO1,35.0,,,,
2147438932,CCCCOc1ccc(C(=O)Oc2ccc(OC(=O)c3ccc(OC(=O)C(C)CC)cc3)cc2)cc1,47.0,,,,
2147438933,CCCCCOc1ccc(C(=O)Oc2ccc(OC(=O)c3ccc(OC(=O)C(C)CC)cc3)cc2)cc1,48.0,0.34978241,,,
2147438934,CCCCOc1ccc(C(=O)Oc2ccc(OC(=O)c3ccc(OCCOC(=O)C(C)CC)cc3)cc2)cc1,45.0,0.3436788,,,
2147438935,CCCCCOc1ccc(C(=O)Oc2ccc(OC(=O)c3ccc(OCCOC(=O)C(C)CC)cc3)cc2)cc1,46.0,0.34788271,,,
2147438936,CCC(C)C(=O)Nc1ccc(C(=O)/C=C/c2cccc(Br)c2)cc1,55.0,,,,
2147438937,CCC(C)C(=O)Nc1ccc(C(=O)/C=C/c2ccc(Br)cc2)cc1,64.0,,,,
2147438938,CCC(C)(C)C(=O)OCCN(C)c1ccc(/N=N/c2ccc(/N=N/c3ccc(C#N)cc3)cc2C)cc1,120.0,,,,
2147438939,CCC(C)(C)C(=O)OC(COc1cccc2ccccc12)COc1cccc2ccccc12,80.0,0.35180615,,,
2147438940,CCN(CCOC(=O)C(C)(C)CC)c1ccc(/N=N/c2nc3ccc([N+](=O)[O-])cc3s2)cc1,140.0,,,,
2147438941,CCN(CCOC(=O)C(C)(C)CC)c1ccc(/N=N/c2ccc(S(C)(=O)=O)cc2)cc1,144.0,,,,
2147438942,CCN(CC)c1ccc(/N=N/c2ccc(S(=O)(=O)CCOC(=O)C(C)(C)CC)cc2)cc1,142.0,,,,
2147438943,CCC(C)(C)C(=O)OCCC1CCN(CCCCCCOc2ccc(/N=N/c3ccc([N+](=O)[O-])cc3)cc2)CC1,27.0,,,,
2147438944,CCC(C)(C)C(=O)Nc1ccc(C(=O)/C=C/c2ccc(OC)cc2)cc1,35.0,,,,
2147438945,CCC(C)C(=O)Oc1ccc(/N=N/c2ccc([N+](=O)[O-])cc2)cc1,134.0,,,,
2147438946,CCC(C)C(=O)Oc1ccc(/N=N/c2ccc(OC)cc2)cc1,140.0,,,,
2147438947,CCC(C)(C)C(=O)OCCn1c2ccccc2c2cc(/N=N/c3ccc([N+](=O)[O-])cc3[N+](=O)[O-])ccc21,182.0,,,,
2147438948,CCC(C)(C)C(=O)OCCCCn1c2ccccc2c2cc(/N=N/c3ccc([N+](=O)[O-])cc3[N+](=O)[O-])ccc21,132.0,,,,
2147438949,CCC(C)(C)C(=O)OCCCCCCCCCCn1c2ccccc2c2cc(/N=N/c3ccc([N+](=O)[O-])cc3[N+](=O)[O-])ccc21,60.0,,,,
2147438950,CCC(C)(C)C(=O)OCCCCCCCCCCn1c2ccccc2c2cc(/C=C(\C#N)c3ccc([N+](=O)[O-])cc3)ccc21,40.0,,,,
2147438951,CCC(C)(C)C(=O)OCCCCCCCCCCn1c2ccccc2c2cc(/C=C(\C#N)C(=O)OC)ccc21,58.0,,,,
2147438952,CCC(C)(C)C(=O)OCCCCCCCCCCn1c2ccccc2c2cc(/C=C/C3=C(C#N)C(=C(C#N)C#N)OC3(C)C)ccc21,55.0,,,,
2147438953,CCCCOc1ccc(/N=N/c2ccc(OCCCCCCOC(=O)C(C)(C)CC)cc2)cc1,79.0,,,,
2147438954,CCC(C)(C)C(=O)Oc1ccc(C(=O)/C=C/c2ccc(OCc3ccccc3)cc2)cc1,152.0,,,,
2147438955,CCC(C)(C)C(=O)Oc1ccc(/N=N/c2ccc([N+](=O)[O-])cc2)cc1,145.0,,,,
2147438956,CCC(C)(C)C(=O)OCCOc1ccc(/N=N/c2ccc([N+](=O)[O-])cc2)cc1,112.0,,,,
2147438957,CCC(C)(C)C(=O)OCCCCCCOc1ccc(/N=N/c2ccc([N+](=O)[O-])cc2)cc1,108.0,,,,
2147438958,CCC(C)(C)C(=O)Oc1ccc(/N=N/c2ccc(OC)cc2)cc1,120.0,,,,
2147438959,CCC(C)(C)C(=O)OCCOc1ccc(/N=N/c2ccc(OC)cc2)cc1,109.0,,,,
2147438960,CCC(C)(C)C(=O)OCCCCCCOc1ccc(C(=O)Oc2ccc(/N=N/c3ccccc3)c3ccccc23)cc1,46.0,,,,
2147438961,CCC(C)(C)C(=O)OCCCCCCOc1ccc(C(=O)Oc2ccc(/N=N/c3ccc(C)cc3)c3ccccc23)cc1,40.0,,,,
2147438962,CCC(C)(C)C(=O)OCCCCCCOc1ccc(C(=O)Oc2ccc(/N=N/c3ccc(C#N)cc3)c3ccccc23)cc1,41.0,,,,
2147438963,CCC(C)(C)C(=O)OCCCCCCOc1ccc(C(=O)Oc2ccc3ccc(=O)oc3c2)cc1,102.0,,,,
2147438964,CCC(C)(C)C(=O)OCC1OC(n2ccc(=O)[nH]c2=O)C(O)C1O,143.5,0.28114011,,,
2147438965,CCC(C)(C)C(=O)OC1(C)CCCN(c2ccc(/N=N/c3ccc(/C=C(\C#N)S(C)(=O)=O)cc3)cc2)C1,196.0,,,,
2147438966,CCC(C)(C)C(=O)OCCCCCCCCCCOc1ccc(C#Cc2cc(C)c(/C=C/c3ccncc3)cc2C)cc1,65.4,,,,
2147438967,CCC(C)(C)C(=O)OCCCCCCCCCCOc1ccc(C#Cc2cc(OC)c(/C=C/c3ccncc3)cc2OC)cc1,87.1,,,,
2147438968,CCCCn1c(/C=C/C(=O)c2ccc(OC(=O)c3ccc(OCCCCCCCCCCOC(=O)C(C)(C)CC)cc3)cc2)c(C)c2ccccc21,57.0,,,,
2147438969,CCCCn1c(/C=C/C(=O)c2ccc(OC(=O)c3ccc(OCCCCCCCCOC(=O)C(C)(C)CC)cc3)cc2)c(C)c2ccccc21,69.0,,,,
2147438970,CCCCn1c(/C=C/C(=O)c2ccc(OC(=O)c3ccc(OCCCCCCOC(=O)C(C)(C)CC)cc3)cc2)c(C)c2ccccc21,85.0,,,,
2147438971,CCC(C)(C)C(=O)OCCCCCCCCCCOc1ccc(C(=O)Oc2ccc(C(=O)/C=C/c3c(C)c4ccccc4n3C)cc2)cc1,72.0,,,,
2147438972,CCC(C)(C)C(=O)OCCCCCCCCOc1ccc(C(=O)Oc2ccc(C(=O)/C=C/c3c(C)c4ccccc4n3C)cc2)cc1,75.0,,,,
2147438973,CCC(C)(C)C(=O)OCCCCCCOc1ccc(C(=O)Oc2ccc(C(=O)/C=C/c3c(C)c4ccccc4n3C)cc2)cc1,98.0,,,,
2147438974,CCN(CCOC(=O)C(C)(C)CC)c1ccc(/N=N/c2ccc(OC)cc2)c(C)c1,95.0,,,,
2147438975,CCC(C)(C)C(=O)OCCCCCCOc1ccc(C(=O)Oc2ccc(/N=N/c3ccc(F)cc3)c3ccccc23)cc1,42.0,,,,
2147438976,CCC(C)(C)C(=O)OCCCCCCOc1ccc(C(=O)Oc2ccc(/N=N/c3ccc(Cl)cc3)c3ccccc23)cc1,50.0,,,,
2147438977,CCC(C)(C)C(=O)OCCCCCCOc1ccc(C(=O)Oc2ccc(/N=N/c3ccc(Br)cc3)c3ccccc23)cc1,46.0,,,,
2147438978,CCC(C)(C)C(=O)OCCCCCCOc1ccc(C(=O)Oc2ccc(/N=N/c3ccc(I)cc3)c3ccccc23)cc1,40.0,,,,
2147438979,CCC(C)(C)C(=O)OCCCCCCN1CCN(c2ccc(/N=N/c3ccc(C#N)cc3)cc2)CC1,77.0,,,,
2147438980,CCN(CCOC(=O)C(C)(C)CC)c1ccc(/N=N/c2ccc(C#N)cc2)cc1,119.0,,,,
2147438981,CCC(C)(C)C(=O)OCCCCCCCCCCOc1ccc(/N=N/c2ccc([N+](=O)[O-])cc2)cc1,55.0,,,,
2147438982,CCC(C)(C)C(=O)OCCCCCCCCCCOc1ccc(/N=N/c2ccc(C#N)cc2)cc1,51.0,,,,
2147438983,CCC(C)(C)C(=O)OCCCCCCCCCCOc1ccc(/N=N/c2ccc(F)cc2)cc1,49.0,,,,
2147438984,CCC(C)(C)C(=O)OCCCCCCCCCCOc1ccc(/N=N/c2ccc(Cl)cc2)cc1,54.0,,,,
2147438985,CCC(C)(C)C(=O)OCCCCCCCCCCOc1ccc(/N=N/c2ccccc2)cc1,56.0,,,,
2147438986,CCC(C)(C)C(=O)OCCCCCCCCCCOc1ccc(/N=N/c2ccc(OC)cc2)cc1,62.0,,,,
2147438987,CCC(C)(C)C(=O)OCCCCCCN1CCN(c2ccc(/N=N/c3ccc([N+](=O)[O-])cc3)cc2)CC1,60.0,,,,
2147438988,CCC(C)(C)C(=O)OCCCCCCN1CCN(c2ccc(/N=N/c3ccc(C=C(C#N)C#N)cc3)cc2)CC1,83.0,,,,
2147438989,CCC(C)(C)C(=O)Oc1ccc(/C=C/c2ccccc2)cc1,143.0,,,,
2147438990,CCC(C)(C)C(=O)Oc1c(OC)cc(/C=C/c2ccccc2)cc1OC,140.0,,,,
2147438991,CCC(C)(C)C(=O)OCCC1CC[N+](C)(CCCCCCOc2ccc(/N=N/c3ccc([N+](=O)[O-])cc3)cc2)CC1,57.8,,,,
2147438992,CCC(C)(C)C(=O)OCCC[Si]12O[Si]3(CC(C)C)O[Si]4(CC(C)C)O[Si](CC(C)C)(O1)O[Si]1(CC(C)C)O[Si](CC(C)C)(O2)O[Si](CC(C)C)(O3)O[Si](CC(C)C)(O4)O1,85.0,0.40617403,,,
2147438996,C/C=C(/C)C(C)(C)C,200.0,,0.284244599,0.776287524,25.62136341
2147438997,Cc1ccc2c(c1)C(C)(C)CC2(C)C,215.5,,,,
2147438998,[2H]/C(=C(\C)C([2H])([2H])[2H])C([2H])([2H])C([2H])([2H])C,-58.0,,,,
2147438999,C/C=C/C1CC(C)C2CC=CC12,149.0,,,,
2147439002,C/C=C1\CC2CC1C(C)C2C,61.4,,,,
2147439003,C/C=C/C1CC(C)C(C2CC=CCC2)C1,105.0,,,,
2147439006,CCC(C)(C)C1CC=C(C)CC1,77.0,,,,
2147439007,C/C=C/C1C/C(=C\C)C(C)C1,121.0,,,,
2147439008,C/C=C/c1ccc2c(c1)C(CC(CC)CCCC)(CC(CC)CCCC)c1cc(C)ccc1-2,165.0,,,,
2147439009,C/C=C/C(C)(C)C,-9.0,,,,
2147439010,C/C=C/C1CC(C)C2C3CCC(C3)C12,207.4,,,,
2147439011,COC(=O)OC1CC2CC(C)CC(C1)O2,207.0,,,,
2147439012,CCC(O)COc1ccc(S(=O)(=O)c2ccc(OCC(O)COc3ccc(S(=O)(=O)c4ccc(OC)c(C)c4)cc3C)cc2)cc1,142.5,0.34891923,,,
2147439013,CCC(O)COc1ccc(S(=O)(=O)c2ccc(OCC(O)COc3c(C)cc(S(=O)(=O)c4cc(C)c(OC)c(C)c4)cc3C)cc2)cc1,145.0,0.35617654,,,
2147439014,CCC(O)COc1c(C)cc(C(C)(C)c2cc(C)c(OC)c(C)c2)cc1C,130.0,0.37509406,,,
2147439015,COc1ccc(C(=O)c2ccc(Oc3ccc(C(=O)c4ccc(C(=O)c5ccc(C)cc5)cc4)cc3)cc2)cc1,169.0,,,,
2147439016,COc1ccc(C(=O)OCC(C)(C)COC(=O)c2ccc(C)cc2)cc1,73.0,0.35526052,,,
2147439017,CCC(C[N-][N+]#N)(C[N-][N+]#N)COC,-30.0,,,,
2147439018,Cc1ccc(Oc2ccc(-c3cc(-c4ccc(Oc5ccc(-c6cc(C)nc7ccccc67)cc5)cc4)c4ccccc4n3)cc2)cc1,300.0,,,,
2147439019,Cc1ccc(Oc2ccc(-c3c(-c4ccccc4)c(-c4ccc(-c5nc6ccccc6c(C)c5-c5ccccc5)cc4)nc4ccccc34)cc2)cc1,273.0,0.40153318,,,
2147439020,Cc1ccc(Oc2ccc(-c3cc(-c4ccccc4)c4cc5c(-c6ccccc6)cc(C)nc5cc4n3)cc2)cc1,380.5,0.41795495,,,
2147439021,COc1ccc(OC(=O)c2cccc(Oc3cccc(C(C)=O)c3)c2)cc1,119.0,0.34914243,,,
2147439022,COc1ccc(NC(=O)c2cc(NC(=O)c3ccccc3)cc(C(=O)Nc3ccc(C)cc3)c2)cc1,294.5,0.34264944,,,
2147439023,CON(C(F)(F)F)C(F)(F)/C(F)=C(\F)C(C)(F)F,-7.0,,,,
2147439024,COc1cccc(Oc2ccc3c(=O)n4c5cc(-c6ccc7c(c6)nc6c8ccc(C)c9cccc(c(=O)n76)c98)ccc5nc4c4cccc2c34)c1,396.5,0.3689235,,,
2147439025,COc1ccc(C2(c3ccc(Oc4ccc5c(=O)n6c7cc(Oc8ccc9c(c8)nc8c%10ccc(C)c%11cccc(c(=O)n98)c%11%10)ccc7nc6c6cccc4c56)cc3)c3ccccc3-c3ccccc32)cc1,396.0,0.396728,,,
2147439026,Cc1ccc(Oc2ccc(-n3nc(-c4ccccc4)cc3-c3cccc(-c4cc(-c5ccccc5)nn4C)c3)cc2)cc1,232.0,,,,
2147439027,Cc1ccc(Oc2ccc(-n3nc(-c4ccccc4)cc3-c3ccc(-c4cc(-c5ccccc5)nn4C)cc3)cc2)cc1,260.0,,,,
2147439028,Cc1ccc(Oc2ccc(-n3nccc3-c3ccc(-c4ccnn4C)cc3)cc2)cc1,243.0,,,,
2147439029,Cc1ccc(Oc2ccc(-n3nccc3-c3cccc(-c4ccnn4C)c3)cc2)cc1,216.0,,,,
2147439030,CCCCCCCCCCCCCOc1ccc(/C=N/N=C/c2ccc(OC)cc2O)c(O)c1,89.0,,,,
2147439031,CCOc1ccc(C(c2ccc(OC)cc2)(C(F)(F)F)C(F)(F)F)cc1,123.0,0.34402643,,,
2147439032,CCOc1ccc(C(C)(C)c2ccc(OC)cc2)cc1,90.0,0.35264631,,,
2147439033,COc1ccc2ccc(Oc3ccc(C(=O)Nc4cccc(NC(=O)c5ccc(C)cc5)c4)cc3)cc2c1,168.0,,,,
2147439034,COc1ccc2ccc(Oc3ccc(C(=O)Nc4ccc(C(C)(C)c5ccc(C(C)(C)c6ccc(NC(=O)c7ccc(C)cc7)cc6)cc5)cc4)cc3)cc2c1,155.0,0.36959735,,,
2147439035,Cc1ccc(Oc2c(F)c(F)c(C(=O)c3c(F)c(F)c(Oc4ccc(C5(C)OC(=O)c6ccccc65)cc4)c(F)c3F)c(F)c2F)cc1,215.0,,,,
2147439036,Cc1ccc(Oc2cccc(NC(=O)c3ccc(C(=O)Nc4cccc(Oc5ccc(-c6nnc(C)o6)cc5)c4)c(Oc4ccccc4)c3)c2)cc1,234.0,0.36258207,,,
2147439037,Cc1ccc(Oc2ccc(C(=O)c3cccc(C(=O)c4ccc(Oc5ccc(-c6cc(C)n(-c7ccccc7)n6)cc5)cc4)c3)cc2)cc1,190.0,0.38437007,,,
2147439038,Cc1ccc(Oc2ccc(C(=O)c3ccc(Oc4ccc(-c5cc(C)n(-c6ccccc6)n5)cc4)cc3)cc2)cc1,205.0,0.39170081,,,
2147439039,COc1cccc2ccc(Oc3ccc(NC(=O)c4ccc(S(=O)(=O)c5ccc(C(=O)Nc6ccc(C)cc6)cc5)cc4)cc3)cc12,259.0,0.35780365,,,
2147439040,COc1cccc2ccc(Oc3ccc(NC(=O)c4ccc(Oc5cccc(Oc6ccc(C(=O)Nc7ccc(C)cc7)cc6)c5)cc4)cc3)cc12,196.0,0.35508677,,,
2147439041,COc1ccc(Oc2ccc(S(=O)(=O)c3ccc(Oc4ccc(C(=O)c5ccc(C)cc5)cc4)cc3)cc2)cc1,186.0,0.37202073,,,
2147439042,COc1cccc(Oc2ccc(S(=O)(=O)c3ccc(Oc4ccc(C(=O)c5ccc(C)cc5)cc4)cc3)cc2)c1,167.0,0.36939797,,,
2147439043,COc1ccc(Oc2ccc(C(=O)c3c(C(=O)c4ccc(C)cc4)c(-c4ccc(F)cc4)c(-c4ccc(F)cc4)c(-c4ccc(F)cc4)c3-c3ccc(F)cc3)cc2)cc1,266.0,,,,
2147439044,COc1ccc(C(C)(C)c2ccc(Oc3ccc(C(=O)c4c(C(=O)c5ccc(C)cc5)c(-c5ccccc5)c(-c5ccc6ccccc6c5)c(-c5ccc6ccccc6c5)c4-c4ccccc4)cc3)cc2)cc1,264.0,0.39617794,,,
2147439045,COc1ccc(C(c2ccc(Oc3ccc(C(=O)c4c(C(=O)c5ccc(C)cc5)c(-c5ccccc5)c(-c5ccc6ccccc6c5)c(-c5ccc6ccccc6c5)c4-c4ccccc4)cc3)cc2)(C(F)(F)F)C(F)(F)F)cc1,275.0,0.39580075,,,
2147439046,COc1ccc(C2(c3ccc(Oc4ccc(C(=O)c5c(C(=O)c6ccc(C)cc6)c(-c6ccccc6)c(-c6ccc7ccccc7c6)c(-c6ccc7ccccc7c6)c5-c5ccccc5)cc4)cc3)c3ccccc3-c3ccccc32)cc1,310.0,0.40813978,,,
2147439047,Cc1ccc(Oc2ccc(C(=O)c3ccc(Oc4ccc(-c5nnc(C)c6c(-c7ccc(F)cc7)c(-c7ccc(F)cc7)c(-c7ccc(F)cc7)c(-c7ccc(F)cc7)c56)cc4)cc3)cc2)cc1,313.0,0.4007497,,,
2147439048,Cc1ccc(Oc2ccc(Oc3ccc(-c4nnc(C)c5c(-c6ccc(F)cc6)c(-c6ccc(F)cc6)c(-c6ccc(F)cc6)c(-c6ccc(F)cc6)c45)cc3)cc2)cc1,309.0,0.40913388,,,
2147439049,Cc1ccc(Oc2ccc(C(C)(C)c3ccc(Oc4ccc(-c5nnc(C)c6c(-c7ccccc7)c(-c7ccc8ccccc8c7)c(-c7ccc8ccccc8c7)c(-c7ccccc7)c56)cc4)cc3)cc2)cc1,290.0,0.40019815,,,
2147439050,Cc1ccc(Oc2ccc(C(c3ccc(Oc4ccc(-c5nnc(C)c6c(-c7ccccc7)c(-c7ccc8ccccc8c7)c(-c7ccc8ccccc8c7)c(-c7ccccc7)c56)cc4)cc3)(C(F)(F)F)C(F)(F)F)cc2)cc1,291.0,0.39876705,,,
2147439051,Cc1ccc([Si](c2ccccc2)(c2ccccc2)c2ccc(-c3nnc(-c4ccc(-c5nnc(C)o5)nc4)o3)cc2)cc1,272.0,0.46577218,,,
2147439052,Cc1ccc(-c2ccc(-c3nnc(-c4ccc([Si](c5ccccc5)(c5ccccc5)c5ccc(-c6nnc(C)o6)cc5)cc4)o3)cc2)cc1,278.0,0.46586821,,,
2147439053,COc1ccc(C(C)(C)c2ccc(Oc3ccc(C(=O)c4cccc(C(=O)c5ccc(C)cc5)c4)cc3)cc2)cc1,153.0,0.37447472,,,
2147439054,COc1ccc(C(=O)c2ccc(C(=O)c3ccc(Oc4cccc(Cc5cccc(C)c5)c4)cc3)cc2)cc1,122.0,0.36639351,,,
2147439055,COc1ccc(C(=O)c2cccc(C(=O)c3ccc(Oc4ccc(Cc5ccc(C)cc5)cc4)cc3)c2)cc1,145.0,0.37058113,,,
2147439056,Cc1ccc(OCCCCOc2ccc(-c3nc4ccc(-c5ccc6nc(C)c(-c7ccccc7)nc6c5)cc4nc3-c3ccccc3)cc2)cc1,240.0,0.38981232,,,
2147439057,Cc1ccc(C2(c3ccc(-c4cc(-c5ccccc5)c5cc(Oc6ccc7nc(C)cc(-c8ccccc8)c7c6)ccc5n4)cc3)c3ccccc3-c3ccccc32)cc1,310.0,0.42387068,,,
2147439058,COc1ccc(Oc2ccc(/C(=N\c3ccccc3)c3ccc(Oc4ccc(Oc5cccc(C)n5)cc4)cc3)cc2)cc1,135.0,,,,
2147439059,COc1ccc(Oc2ccc(P(C)(=O)c3ccc(C)cc3)cc2)cc1,213.0,0.37537227,,,
2147439060,CCCCCCCCCCCOc1ccc(/N=C/c2ccc(/C=N/c3ccc(OC)cc3C)cc2)c(C)c1,77.6,,,,
2147439061,COc1ccc(/C=N/N=C/c2ccc(Oc3ccc(C(C)(C)c4ccc(C)cc4)cc3)cc2)cc1,163.0,,,,
2147439062,COc1ccc(/C=N/N=C/c2ccc(Oc3ccc(C(c4ccc(C)cc4)(C(F)(F)F)C(F)(F)F)cc3)cc2)cc1,162.0,,,,
2147439063,COc1ccc(C2(c3ccc(Oc4ccc(/C=N/N=C/c5ccc(C)cc5)cc4)cc3)c3ccccc3-c3ccccc32)cc1,227.0,,,,
2147439064,COc1ccc(/C=N/N=C/c2ccc(Oc3ccc(C(=O)c4ccc(C)cc4)cc3)cc2)cc1,179.0,,,,
2147439065,COc1ccc(S(=O)c2ccc(Oc3ccc(/C=N/N=C/c4ccc(C)cc4)cc3)cc2)cc1,151.0,,,,
2147439066,Cc1ccc(C(c2ccccc2)(c2ccc(-c3nc4ccc(-c5ccc6nc(C)oc6c5)cc4o3)cc2)C(F)(F)F)cc1,350.0,0.42450788,,,
2147439067,Cc1ccc2oc(-c3ccc4oc5ccc(-c6nc7cc(C(C)(C(F)(F)F)C(F)(F)F)ccc7o6)cc5c4c3)nc2c1,195.0,,,,
2147439068,C=Nc1cccc(S(=O)(=O)c2cccc(/N=C3/OC(=O)c4ccc(Oc5ccc6c(c5)C(=O)OC6=C)cc43)c2)c1,190.0,,,,
2147439069,COc1ccc(C(C)(C)c2ccc(Oc3ccc(C(=O)C(=O)c4ccc(C)cc4)cc3)cc2)cc1,152.0,0.37690328,,,
2147439070,COc1ccc(C(c2ccc(Oc3ccc(C(=O)C(=O)c4ccc(C)cc4)cc3)cc2)(C(F)(F)F)C(F)(F)F)cc1,162.0,0.37168595,,,
2147439071,Cc1ccc(Oc2ccc(-c3ccc(Oc4ccc(-c5nc(-c6ccccn6)nnc5C)cc4)cc3)cc2)cc1,230.0,0.39038278,,,
2147439072,CCC(O)CN(CCO)CC(O)COc1ccc(C(C)(C)c2ccc(OC)cc2)cc1,87.1,0.33466845,,,
2147439073,COc1ccc(S(=O)(=O)c2ccc(Oc3ccc(C4(c5ccc(C)c(C)c5)CCCCC4)cc3C)cc2)cc1,197.0,0.38723397,,,
2147439074,COc1ccc(S(=O)(=O)c2ccc(Oc3ccc(/C=C/c4ccc(C)cc4)cc3)cc2)cc1,234.5,,,,
2147439075,Cc1ccc(Oc2ccc(S(=O)(=O)c3ccc(Oc4ccc(-c5nc(-c6ccc(-c7nc(C)c(-c8ccccc8)[nH]7)cc6)[nH]c5-c5ccccc5)cc4)cc3)cc2)cc1,301.0,0.40109727,,,
2147439076,Cc1ccc2oc(-c3cccc(-c4nc5cc(C(C)(C(F)(F)F)C(F)(F)F)ccc5o4)n3)nc2c1,329.0,0.45901468,,,
2147439077,COc1ccc(OC(=O)c2ccc(OCCCCCCOc3ccc(C(C)=O)cc3)cc2)cc1/N=N/c1ccc(C#N)cc1,98.0,,,,
2147439078,Cc1ccc(Oc2ccc(C(=O)c3ccc4cc(C(=O)c5ccc(Oc6ccc(-c7nc(-c8ccccc8)[nH]c7C)cc6)cc5)ccc4c3)cc2)cc1,248.0,0.38999587,,,
2147439079,COc1ccc(-c2ccc(Oc3cccc(C)n3)cc2)cc1,119.0,0.34884407,,,
2147439080,CCC(O)CN(Cc1ccccc1)CC(O)COc1ccc(C(C)(C)c2ccc(OC)cc2)cc1,94.25,,,,
2147439081,COc1ccc(S(=O)(=O)c2ccc(Oc3ccc(/C=N/N=C/c4ccc(C)cc4)cc3)cc2)cc1,151.0,,,,
2147439082,COc1ccc(-c2ccc(Oc3ccc(/C(=N/c4ccc(/N=C(\c5ccccc5)c5ccc(C)cc5)cc4)c4ccccc4)cc3)cc2)cc1,195.0,,,,
2147439083,COc1ccc(Oc2ccc(/C(=N/c3ccc(/N=C(\c4ccccc4)c4ccc(C)cc4)cc3)c3ccccc3)cc2)cc1,176.0,,,,
2147439084,COc1ccc(/C(=N/c2ccc(/N=C(\c3ccccc3)c3ccc(Oc4ccc(C(C)(C)c5ccc(C)cc5)cc4)cc3)cc2)c2ccccc2)cc1,161.0,,,,
2147439085,COc1ccc2ccc(Oc3ccc(/C(=N/c4ccc(/N=C(\c5ccccc5)c5ccc(C)cc5)cc4)c4ccccc4)cc3)cc2c1,171.0,,,,
2147439086,COc1ccc(/C(=N/c2ccc(/N=C(\c3ccccc3)c3ccc(Oc4ccc(C(c5ccccc5)(c5ccccc5)c5ccc(C)cc5)cc4)cc3)cc2)c2ccccc2)cc1,198.0,,,,
2147439087,COc1ccc(/N=C(\c2ccccc2)c2ccc(Oc3ccc(-c4ccc(Oc5ccc(/C(=N/c6ccc(C)cc6)c6ccccc6)cc5)cc4)cc3)cc2)cc1,174.0,,,,
2147439088,COc1ccc(Oc2ccc(/C(=N/c3ccc(Oc4ccc(/N=C(\c5ccccc5)c5ccc(C)cc5)cc4)cc3)c3ccccc3)cc2)cc1,162.0,,,,
2147439089,COc1ccc(/N=C(\c2ccccc2)c2ccc(Oc3ccc(C(C)(C)c4ccc(Oc5ccc(/C(=N/c6ccc(C)cc6)c6ccccc6)cc5)cc4)cc3)cc2)cc1,155.0,,,,
2147439090,COc1ccc2ccc(Oc3ccc(/C(=N/c4ccc(Oc5ccc(/N=C(\c6ccccc6)c6ccc(C)cc6)cc5)cc4)c4ccccc4)cc3)cc2c1,165.0,,,,
2147439091,COc1ccc(/N=C(\c2ccccc2)c2ccc(Oc3ccc(C(c4ccccc4)(c4ccccc4)c4ccc(Oc5ccc(/C(=N/c6ccc(C)cc6)c6ccccc6)cc5)cc4)cc3)cc2)cc1,177.0,,,,
2147439092,COc1ccc(/C(C)=N/c2ccc(/N=C(\C)c3ccc(Oc4ccc(C(C)(C)c5ccc(C)cc5)cc4)cc3)cc2)cc1,161.0,,,,
2147439093,COc1ccc(/C(C)=N/c2ccc(/N=C(\C)c3ccc(Oc4ccc(C(c5ccccc5)(c5ccccc5)c5ccc(C)cc5)cc4)cc3)cc2)cc1,178.0,,,,
2147439094,COc1ccc(/N=C(\C)c2ccc(Oc3ccc(C(C)(C)c4ccc(Oc5ccc(/C(C)=N/c6ccc(C)cc6)cc5)cc4)cc3)cc2)cc1,141.0,,,,
2147439095,COc1ccc(/N=C(\C)c2ccc(Oc3ccc(C(c4ccccc4)(c4ccccc4)c4ccc(Oc5ccc(/C(C)=N/c6ccc(C)cc6)cc5)cc4)cc3)cc2)cc1,150.0,,,,
2147439096,COc1ccc(/C=N/c2ccc(/N=C/c3ccc(Oc4ccc(C(c5ccccc5)(c5ccccc5)c5ccc(C)cc5)cc4)cc3)cc2)cc1,230.0,,,,
2147439097,COc1ccc(/N=C/c2ccc(Oc3ccc(C(c4ccccc4)(c4ccccc4)c4ccc(Oc5ccc(/C=N/c6ccc(C)cc6)cc5)cc4)cc3)cc2)cc1,211.0,,,,
2147439098,CCCCCCOc1ccc(OC(=O)c2ccc(C(=O)Oc3ccc(OC)cc3)cc2)cc1,112.0,,,,
2147439099,CC(=O)c1ccc2c(c1)/C(=N\c1cccc(Oc3cccc(Oc4cccc(/N=C5/OC(=O)c6ccc(C)cc65)c4)c3)c1)OC2=O,190.0,,,,
2147439100,CC(=O)c1ccc2c(c1)/C(=N\c1ccc(Oc3cccc(/N=C4/OC(=O)c5ccc(C)cc54)c3)cc1)OC2=O,253.0,,,,
2147439101,CC(=O)c1ccc2c(c1)/C(=N\c1ccc(Oc3ccc(C(c4ccc(Oc5ccc(/N=C6/OC(=O)c7ccc(C)cc76)cc5)cc4)(C(F)(F)F)C(F)(F)F)cc3)cc1)OC2=O,248.0,,,,
2147439102,CCCOCCOc1ccc(N/C=N/c2ccc(OC)cc2)cc1,62.0,,,,
2147439103,CCCOCCOC(=O)c1ccc(N/C=N/c2ccc(C(=O)OC)cc2)cc1,77.0,,,,
2147439104,CC(=O)Nc1cccc(Oc2ccc(C(=O)c3ccc(Oc4cccc(NC(=O)c5ccc(C)nc5)c4)cc3)cc2)c1,154.0,0.3539953,,,
2147439105,Cc1ccc(Oc2ccc(Sc3ccc(Oc4ccc(-c5nc(C)nc(-c6ccccc6)n5)cc4)cc3)cc2)cc1,211.0,0.39963304,,,
2147439106,COc1ccc(Oc2ccc(C(=O)c3cccc(NC(=O)c4ccc(C(=O)Nc5cccc(C(=O)c6ccc(C)cc6)c5)cc4)c3)cc2)cc1,210.0,0.35637997,,,
2147439107,COc1ccc(Oc2ccc(C(=O)c3cccc(NC(=O)c4cccc(C(=O)Nc5cccc(C(=O)c6ccc(C)cc6)c5)c4)c3)cc2)cc1,202.0,,,,
2147439108,CCCCCCCCCCCOc1ccc(/C=N/c2ccc(-c3ccc(/N=C/c4ccc(OC)cc4O)c(OC)c3)cc2OC)c(O)c1,72.0,,,,
2147439109,CCC(O)COC(=O)CCCCC(=O)OCC(O)COc1ccc(C(C)(C)c2ccc(OC)cc2)cc1,34.0,0.33384251,,,
2147439110,CCC(O)COC(=O)CCCCCCC(=O)OCC(O)COc1ccc(C(C)(C)c2ccc(OC)cc2)cc1,35.0,0.34100579,,,
2147439111,CCC(O)COC(=O)CCCCCCCCC(=O)OCC(O)COc1ccc(C(C)(C)c2ccc(OC)cc2)cc1,30.0,0.3435317,,,
2147439112,CCC(O)COC(=O)CCCCCCCCCCC(=O)OCC(O)COc1ccc(C(C)(C)c2ccc(OC)cc2)cc1,25.0,0.34941747,,,
2147439113,COC(=O)Oc1ccc(C(=O)Oc2ccc(OC(=O)OC3COC4C(C)COC34)cc2)cc1,115.0,0.33078823,,,
2147439114,Cc1ccc(Oc2ccc(C(c3ccc(Oc4ccc(-c5nc(C)nc(-c6ccccc6)n5)cc4)cc3)(C(F)(F)F)C(F)(F)F)cc2)cc1,241.0,,,,
2147439115,COc1ccc(NC(=O)c2cc(C(=O)Nc3ccc(Oc4ccc(C(C)(C)c5ccc(C)cc5)cc4)cc3)cc(C(C)(C)C)c2)cc1,244.0,0.36926959,,,
2147439116,CCCOP(=O)(/N=N/c1ccc(-c2ccc(/N=N/P(=O)(OC)OCC)cc2)cc1)OCC,43.0,,,,
2147439117,CCCOP(=O)(/N=N/c1ccc(Oc2ccc(/N=N/P(=O)(OC)OCC)cc2)cc1)OCC,22.0,,,,
2147439118,CCCOP(=O)(/N=N/c1ccc(C(=O)c2ccc(/N=N/P(=O)(OC)OCC)cc2)cc1)OCC,33.0,,,,
2147439119,CCCCCCCOP(=O)(/N=N/c1ccc(-c2ccc(/N=N/P(=O)(OC)OC)cc2)cc1)OC,37.0,,,,
2147439120,CCCCCCCOP(=O)(/N=N/c1ccc(Oc2ccc(/N=N/P(=O)(OC)OC)cc2)cc1)OC,25.0,,,,
2147439121,CCCCCCCOP(=O)(/N=N/c1ccc(C(=O)c2ccc(/N=N/P(=O)(OC)OC)cc2)cc1)OC,31.0,,,,
2147439122,CCCOCCOP(=O)(/N=N/c1ccc(-c2ccc(/N=N/P(=O)(OC)OC)cc2)cc1)OC,22.0,,,,
2147439123,CCCOCCOP(=O)(/N=N/c1ccc(Oc2ccc(/N=N/P(=O)(OC)OC)cc2)cc1)OC,32.0,,,,
2147439124,CCCOCCOP(=O)(/N=N/c1ccc(C(=O)c2ccc(/N=N/P(=O)(OC)OC)cc2)cc1)OC,33.0,,,,
2147439125,CCC1CCC(COP(=O)(/N=N/c2ccc(-c3ccc(/N=N/P(=O)(OC)OC)cc3)cc2)OC)CC1,58.0,,,,
2147439126,CCC1CCC(COP(=O)(/N=N/c2ccc(Oc3ccc(/N=N/P(=O)(OC)OC)cc3)cc2)OC)CC1,50.0,,,,
2147439127,CCC1CCC(COP(=O)(/N=N/c2ccc(C(=O)c3ccc(/N=N/P(=O)(OC)OC)cc3)cc2)OC)CC1,52.0,,,,
2147439128,CCc1ccc(COP(=O)(/N=N/c2ccc(-c3ccc(/N=N/P(=O)(OC)OC)cc3)cc2)OC)cc1,48.0,,,,
2147439129,CCc1ccc(COP(=O)(/N=N/c2ccc(Oc3ccc(/N=N/P(=O)(OC)OC)cc3)cc2)OC)cc1,50.0,,,,
2147439130,CCc1ccc(COP(=O)(/N=N/c2ccc(C(=O)c3ccc(/N=N/P(=O)(OC)OC)cc3)cc2)OC)cc1,48.0,,,,
2147439131,CCCCCCCCCCCCC(C)c1cc(C)cc(C)c1OC,-10.0,,,,
2147439132,COc1ccc(C2(c3ccc(Oc4ccc(C(=O)c5ccc(C(=O)c6ccc(C)c(C(F)(F)F)c6)cc5)cc4C(F)(F)F)cc3)c3ccccc3-c3ccccc32)cc1,229.0,,,,
2147439133,COc1ccc(S(=O)(=O)c2ccc(Oc3ccc(C4(c5ccc(C)cc5)CCCCCC4)cc3)cc2)cc1,247.0,0.37649846,,,
2147439134,COc1ccc(C(C)(C)c2ccc(OC(=O)c3ccc(OCCCCCCCCCCOc4ccc(C(C)=O)cc4)cc3)cc2)cc1,77.0,0.35755108,,,
2147439135,COc1ccc(C(c2ccc(OC(=O)c3ccc(OCCCCCCCCCCOc4ccc(C(C)=O)cc4)cc3)cc2)(C(F)(F)F)C(F)(F)F)cc1,89.0,0.35492275,,,
2147439136,COc1c(Br)cc(C(C)(C)c2cc(Br)c(OC(=O)c3ccc(OCCCCCCCCCCOc4ccc(C(C)=O)cc4)cc3)c(Br)c2)cc1Br,128.0,0.39126002,,,
2147439137,COc1c(Cl)cc(C(C)(C)c2cc(Cl)c(OC(=O)c3ccc(OCCCCCCCCCCOc4ccc(C(C)=O)cc4)cc3)c(Cl)c2)cc1Cl,140.0,0.37760348,,,
2147439138,CCN(CC)c1ccc(-c2ccc(C(=C(C#N)C#N)c3ccc(-c4ccc(N(CC)CCOc5ccc(C)cc5-c5cc(-c6ccccc6)c6cc(Oc7ccc8nc(C)cc(-c9ccccc9)c8c7)ccc6n5)cc4)s3)s2)cc1,205.0,0.40222587,,,
2147439139,CCCCCCCCCOC(=O)Nc1ccc(NC(=O)OCCCCCCCCOc2ccc(-c3ccc(OC)cc3)cc2)c(C)c1,81.0,0.3579984,,,
2147439140,CCC(CO)(CCl)COc1ccc(C(c2ccc(OC)cc2)(C(F)(F)F)C(F)(F)F)cc1,107.0,0.35329338,,,
2147439141,CCC(COCCOCCOC)OC,-57.0,,,,
2147439142,CCCOCCOc1ccc(/C=C(\C)c2ccc(OC)cc2)cc1,39.0,,,,
2147439143,COc1ccc(NC(=O)c2cc(NC(=O)c3ccc(OC(C)=O)cc3)cc(C(=O)Nc3ccc(C)cc3)c2)cc1,273.0,0.33796697,,,
2147439144,COc1cccc(NC(=O)c2cc(NC(=O)c3ccc(OC(C)=O)cc3)cc(C(=O)Nc3ccc(C)cc3)c2)c1,251.0,0.3340158,,,
2147439145,CCCCCCCCCOc1c(OC)cc(/C=C/c2cc(CCCCCC)c(/C=C/c3cc(OC)c(OC)c(OC)c3)cc2CCCCCC)cc1OC,21.0,,,,
2147439146,CCCCCCCCCOc1c(OC)cc(/C=C/c2cc(C(C)C)c(/C=C/c3cc(OC)c(OC)c(OC)c3)cc2C(C)C)cc1OC,85.0,,,,
2147439147,COC(=O)c1ccc(C(=O)OC2COC3C(C)COC23)cc1,255.5,0.33842265,,,
2147439148,CCCCCCC(=O)NNC(=O)c1ccc(C(=O)NNC(=O)CCCCCOc2ccc(OC)c(C)c2)cc1,126.0,0.34281562,,,
2147439149,COc1ccc(S(=O)(=O)c2ccc(Oc3ccc(/C=C4\CC/C(=C\c5ccc(C)cc5)C4=O)cc3)cc2)cc1,235.0,,,,
2147439150,COc1ccc(S(=O)(=O)c2ccc(Oc3ccc(/C=C4\CCC/C(=C\c5ccc(C)cc5)C4=O)cc3)cc2)cc1,190.0,,,,
2147439151,COc1ccc(S(=O)(=O)c2ccc(Oc3ccc(/C=C4\CCCC/C(=C\c5ccc(C)cc5)C4=O)cc3)cc2)cc1,186.0,,,,
2147439152,COc1ccc(S(=O)(=O)c2ccc(Oc3ccc(/C=C4\CCC/C(=C\c5ccc(Oc6ccc(S(=O)(=O)c7ccc(Oc8ccc(C(C)(C)c9ccc(C)cc9)cc8)cc7)cc6)cc5)C4=O)cc3)cc2)cc1,194.0,,,,
2147439153,COc1ccc(S(=O)(=O)c2ccc(Oc3ccc(/C=C4\CCCC/C(=C\c5ccc(Oc6ccc(S(=O)(=O)c7ccc(Oc8ccc(C(C)(C)c9ccc(C)cc9)cc8)cc7)cc6)cc5)C4=O)cc3)cc2)cc1,188.0,,,,
2147439154,COc1ccc(S(=O)(=O)c2ccc(Oc3ccc(C4(c5ccc(Oc6ccc(S(=O)(=O)c7ccc(Oc8ccc(/C=C9\CC/C(=C\c%10ccc(C)cc%10)C9=O)cc8)cc7)cc6)cc5)CCCC4)cc3)cc2)cc1,240.0,,,,
2147439155,COc1ccc(S(=O)(=O)c2ccc(Oc3ccc(C4(c5ccc(Oc6ccc(S(=O)(=O)c7ccc(Oc8ccc(/C=C9\CCC/C(=C\c%10ccc(C)cc%10)C9=O)cc8)cc7)cc6)cc5)CCCCC4)cc3)cc2)cc1,190.0,,,,
2147439156,COc1ccc(S(=O)(=O)c2ccc(Oc3ccc(C4(c5ccc(Oc6ccc(S(=O)(=O)c7ccc(Oc8ccc(/C=C9\CCCC/C(=C\c%10ccc(C)cc%10)C9=O)cc8)cc7)cc6)cc5)CCCCCC4)cc3)cc2)cc1,196.0,,,,
2147439157,COc1ccc(NC(=O)c2cccc(C(=O)Nc3ccc(Oc4ccc(C5(c6ccc(C)cc6)C6CC7CC(C6)CC5C7)cc4)cc3)c2)cc1,273.0,0.36643837,,,
2147439158,Cc1ccc(S(=O)(=O)c2ccc(-n3nc(-c4ccccc4)c4ccc(Oc5ccc6c(-c7ccccc7)nn(C)c(=O)c6c5)cc4c3=O)cc2)cc1,294.5,,,,
2147439159,Cc1ccc(S(=O)(=O)c2ccc(-n3nc(-c4ccccc4)c4cc(Oc5ccc(C(C)(C)c6ccc(Oc7ccc8c(-c9ccccc9)nn(C)c(=O)c8c7)cc6)cc5)ccc4c3=O)cc2)cc1,210.5,,,,
2147439160,Cc1ccc(C(=O)c2ccc(-n3nc(-c4ccccc4)c4cc(Oc5ccc6c(-c7ccccc7)nn(C)c(=O)c6c5)ccc4c3=O)cc2)cc1,275.5,,,,
2147439161,Cc1ccc(C(=O)c2ccc(-n3nc(-c4ccccc4)c4cc(Oc5ccc(C(C)(C)c6ccc(Oc7ccc8c(-c9ccccc9)nn(C)c(=O)c8c7)cc6)cc5)ccc4c3=O)cc2)cc1,195.0,,,,
2147439162,Cc1cccc(-n2nc(-c3ccccc3)c3cc(Oc4ccc5c(-c6ccccc6)nn(C)c(=O)c5c4)ccc3c2=O)c1C#N,301.0,,,,
2147439163,Cc1cccc(-n2nc(-c3ccccc3)c3cc(Oc4ccc(C(C)(C)c5ccc(Oc6ccc7c(-c8ccccc8)nn(C)c(=O)c7c6)cc5)cc4)ccc3c2=O)c1C#N,200.0,,,,
2147439164,Cc1ccc(S(=O)(=O)c2ccc(-n3nc(-c4ccc(Oc5ccc(-c6nn(C)c(=O)c7ccccc67)cc5)cc4)c4ccccc4c3=O)cc2)cc1,295.0,,,,
2147439165,Cc1ccc(C(=O)c2ccc(-n3nc(-c4ccc(Oc5ccc(-c6nn(C)c(=O)c7ccccc67)cc5)cc4)c4ccccc4c3=O)cc2)cc1,301.0,,,,
2147439166,C=Nc1ccc(Oc2ccc(C(c3ccc(Oc4ccc(/N=C5/OC(=O)c6cc7c(cc65)C(=C)OC7=O)cc4)cc3)(C(F)(F)F)C(F)(F)F)cc2)cc1,287.0,,,,
2147439167,Cc1ccc(Oc2ccc(S(=O)(=O)c3ccc(Oc4ccc(-c5ncc(C)o5)cc4C(F)(F)F)cc3)cc2)c(C(F)(F)F)c1,210.0,,,,
2147439168,Cc1ccc(C(=O)c2ccc(Oc3ccc(-c4nn(C)c(=O)c5ccccc45)cc3)cc2)cc1,263.0,,,,
2147439169,CCCOCCOCCOC(=O)c1cc(/N=N/c2ccc(OCC)cc2)ccc1-c1ccc(/N=N/c2ccc(OCC)cc2)cc1C(=O)OC,65.0,,,,
2147439171,CCCCCCOc1ccc(/C=C/C(=O)OCCN(CCOC(=O)/C=C/c2ccc(OC)cc2)c2ccc(/N=N/c3ccc([N+](=O)[O-])cc3)cc2)cc1,92.0,,,,
2147439172,CCC(COc1ccc(C(C)(C)c2ccc(OC)cc2)cc1)OC(=O)/C=C/c1ccccc1,100.6,,,,
2147439173,CCC(COc1ccc(C(C)(C)c2ccc(OC)cc2)cc1)OC(=O)/C=C/c1ccco1,107.2,,,,
2147439174,CCC(O)CN(CC(O)COc1ccc(C(C)(C)c2ccc(OC)cc2)cc1)c1ccc(/C=C/c2ccc([N+](=O)[O-])cc2)cc1,320.0,,,,
2147439175,COc1ccc(-c2ccc(OC3(F)C(C)(F)C(F)(F)C3(F)F)cc2)cc1,161.0,0.34511864,,,
2147439176,COC(=O)C(Cc1ccccc1)NC(=O)CCCCCCC(=O)NC(Cc1ccccc1)C(=O)OC1COC2C(C)COC12,91.0,0.34161233,,,
2147439177,COC(=O)C(Cc1ccccc1)NC(=O)CCCCCCCCC(=O)NC(Cc1ccccc1)C(=O)OC1COC2C(C)COC12,74.0,0.34522868,,,
2147439178,COC(=O)C(Cc1ccccc1)NC(=O)CCCCCCCCCCC(=O)NC(Cc1ccccc1)C(=O)OC1COC2C(C)COC12,76.0,0.35207165,,,
2147439179,COc1ccc(Oc2ccc(NC(=C(C#N)C#N)c3cccc(C(Nc4ccc(C)cc4)=C(C#N)C#N)c3)cc2)cc1,228.0,0.39273786,,,
2147439183,CCCNC(=O)Nc1ccc(Cc2ccc(NC(=O)NCCOCCOC)cc2)cc1,8.0,0.33154374,,,
2147439184,CO[Si](C)(C)O[Si](C)(C)O[Si](C)(C)O[Si](C)(C)O[Si](C)(C)O[Si](C)(C)Oc1c(C)c2ccccc2c2ccccc12,-68.0,0.41772931,,,
2147439185,CO[Si](C)(C)O[Si](C)(C)O[Si](C)(C)O[Si](C)(C)O[Si](C)(C)Oc1c(C)c2ccccc2c2ccccc12,-38.0,0.41127913,0.222,,
2147439186,CO[Si](C)(C)O[Si](C)(C)O[Si](C)(C)O[Si](C)(C)Oc1c(C)c2ccccc2c2ccccc12,-35.0,0.40298758,,,
2147439187,Cc1ccc(Oc2ccc(/C=C/c3ccc(Oc4ccc(-c5nnc(C)o5)cc4)cc3)cc2)cc1,215.0,,,,
2147439188,Cc1ccc(Oc2ccc(/C=C/c3ccc(Oc4ccc(-c5nnc(C)o5)cc4)c4ccccc34)cc2)cc1,213.0,,,,
2147439189,Cc1nnc(-c2ccc(Oc3ccc(/C=C/c4ccc(Oc5ccc(C)c6ccccc56)cc4)cc3)c3ccccc23)o1,238.0,,,,
2147439190,Cc1nnc(-c2ccc(Oc3ccc(/C=C/c4ccc(Oc5ccc(C)c6ccccc56)cc4)c4ccccc34)c3ccccc23)o1,241.0,,,,
2147439191,CCCCCCCOc1ccc(/C=C/c2ccc(OC)cc2)cc1,76.0,,,,
2147439192,CCCCCCCOc1ccc(/C=C/c2ccc(OC)c3ccccc23)cc1,78.0,,,,
2147439193,COc1cc(OC(=O)c2ccc(Oc3ccc(C4(c5ccc(Oc6ccc(C(C)=O)cc6)cc5)CCC(C(C)(C)C)CC4)cc3)cc2)ccc1C12CC3CC(CC(C3)C1)C2,180.0,0.38278757,,,
2147439195,COc1ccc(/C(=C/c2cc(OC)c(/C=C(/c3ccc(C)cc3)c3ccc(F)cc3)cc2OC)c2ccc(F)cc2)cc1,187.0,,,,
2147439196,COc1ccc(/C(=C/c2cc(OC)c(/C=C(/c3ccc(C)cc3)c3ccc(C(F)(F)F)cc3)cc2OC)c2ccc(C(F)(F)F)cc2)cc1,194.0,,,,
2147439197,COc1ccc(C2(c3ccc(OC(=O)c4ccc(Oc5ccc(C6(c7ccc(Oc8ccc(C(C)=O)cc8)cc7)CCC(C(C)(C)C)CC6)cc5)cc4)cc3)CC3CC2C2CCCC32)cc1,181.0,0.37986369,,,
2147439198,COc1ccc(NC(=O)c2ccc(NC(=O)c3ccc([Si](C)(C)c4ccc(C(=O)Nc5ccc(C(=O)Nc6ccc(C)cc6)cc5)cc4)cc3)cc2)cc1,304.0,0.35582732,,,
2147439199,COC(=O)c1ccc(/N=N/c2ccc(C(=O)OC3COC4C(C)COC34)cc2)cc1,98.0,,,,
2147439200,CCC#CC#CCOc1ccc(C(=O)OCCN(CCOC(=O)c2ccc(OC)cc2)c2ccc(/N=N/c3ccc(C#N)cc3)cc2)cc1,121.0,,,,
2147439201,CCC#CC#CCOc1ccc(C(=O)OCCN(CCOC(=O)c2ccc(OC)cc2)c2ccc(/N=N/c3ccc([N+](=O)[O-])cc3)cc2)cc1,100.0,,,,
2147439202,CCC#CC#CCOc1cccc(C(=O)OCCN(CCOC(=O)c2cccc(OC)c2)c2ccc(/N=N/c3ccc(C#N)cc3)cc2)c1,50.0,,,,
2147439205,COc1ccc(S(=O)(=O)c2ccc(Oc3ccc(C(=O)c4cc(I)cc(C(=O)c5ccc(C)cc5)c4)cc3)cc2)cc1,203.0,,0.179849923,1.433742475,22.6834949
2147439206,COc1ccc(C(c2ccc(Oc3ccc(C(=O)c4cccc(C(=O)c5ccc(C)cc5)c4)cc3)cc2)(C(F)(F)F)C(F)(F)F)cc1,168.1,0.37070417,0.179786563,1.277027535,21.87025736
2147439207,COc1ccc(C(c2ccc(Oc3ccc(C(=O)c4cc(C(=O)c5ccc(C)cc5)cc(C(C)(C)C)c4)cc3)cc2)(C(F)(F)F)C(F)(F)F)cc1,181.0,0.38577086,,,
2147439208,CCOc1cc(C)ccc1-c1nnc(C)o1,231.0,,,,
2147439209,[Li][N](C(=O)C(F)(OC)C(F)(F)F)S(=O)(=O)C(F)(F)C(C)(F)F,67.0,,,,
2147439210,COc1cccc(N(c2ccccc2)c2ccc(-c3ccc(N(c4ccc(/N=N/c5ccc([N+](=O)[O-])cc5)cc4)c4cccc(OC(=O)OCCOCCOC(C)=O)c4)cc3)cc2)c1,111.0,,,,
2147439211,CCC(O)COC(=O)/C=C/C(=O)Oc1ccc(C(C)(C)c2ccc(OC)cc2)cc1,32.0,,,,
2147439212,CCCCCCCCCOc1ccc(C(C)(C)c2ccc(OC)cc2)cc1,19.6,0.36752126,,,
2147439213,CCCCCCCCCOc1ccc(C(c2ccc(OC)cc2)(C(F)(F)F)C(F)(F)F)cc1,27.8,0.36265916,,,
2147439214,COc1ccc(C(=O)NNC(=O)c2ccc(C)cc2)cc1,263.0,0.34717894,,,
2147439215,CCCOCCOCCOCCOC(=O)Nc1ccc(Cc2ccc(NC(=O)OC)cc2)cc1,37.0,0.33889511,,,
2147439216,CCCOCCOCCOc1ccc(/C=C/c2ccc(/C=C/c3ccc(OC)c4ccccc34)cc2)c2ccccc12,83.5,,,,
2147439217,CCCOCCOCCOc1ccc(/C=C/c2cc(OC)c(/C=C/c3ccc(OC)c4ccccc34)cc2OC)c2ccccc12,79.5,,,,
2147439218,CO[Si](C)(C)OC(CCl)COc1ccc(C(C)(C)c2ccc(OCC(C)CCl)cc2)cc1,24.0,0.3750933,,,
2147439219,CO[Si](C)(C)CCCC(=O)Oc1ccc(/C=N/c2ccc(Oc3ccc(/N=C/c4ccc(OC(=O)CCC[Si](C)(C)C)cc4)cc3)cc2)cc1,52.0,,,,
2147439220,CCCOP(=O)(/N=N/c1ccc(COC(=O)c2cc(C(=O)OCc3ccc(/N=N/P(=O)(OC)OC)cc3)cc(C(C)(C)C)c2)cc1)OC,105.0,,,,
2147439221,CCCOP(=O)(/N=N/c1ccc(CCOC(=O)c2cc(C(=O)OCCc3ccc(/N=N/P(=O)(OC)OC)cc3)cc(C(C)(C)C)c2)cc1)OC,84.0,,,,
2147439222,CCCCCCCOP(=O)(/N=N/c1ccc(COC(=O)c2cc(C(=O)OCc3ccc(/N=N/P(=O)(OC)OC)cc3)cc(C(C)(C)C)c2)cc1)OC,62.0,,,,
2147439223,CCCCCCCOP(=O)(/N=N/c1ccc(CCOC(=O)c2cc(C(=O)OCCc3ccc(/N=N/P(=O)(OC)OC)cc3)cc(C(C)(C)C)c2)cc1)OC,47.0,,,,
2147439224,COc1ccc(NC(=O)c2cc(NC(=O)CCCCCCCCCCN3C(=O)c4ccccc4C3=O)cc(C(=O)Nc3ccc(C)cc3)c2)cc1,160.0,0.34139919,,,
2147439227,CN=P1(C)Oc2ccc3ccccc3c2-c2c(ccc3ccccc23)O1,291.0,,,,
2147439228,COc1ccc(SSc2ccc(C)cc2)cc1,76.8,0.3974058,,,
2147439230,COc1ccc(Oc2ccc(/C=N/CC/N=C/c3ccc(C)cc3)cc2)cc1,101.0,,,,
2147439231,COc1ccc(Oc2ccc(/C=N/CCCC/N=C/c3ccc(C)cc3)cc2)cc1,105.0,,,,
2147439232,COc1ccc(Oc2ccc(/C=N/CCCCCC/N=C/c3ccc(C)cc3)cc2)cc1,111.0,,,,
2147439233,COc1ccc(Oc2ccc(/C=N/CCCCCCCCCC/N=C/c3ccc(C)cc3)cc2)cc1,108.0,,,,
2147439234,COc1ccc(Oc2ccc(/C=N/CCCCCCCCCCCC/N=C/c3ccc(C)cc3)cc2)cc1,118.0,,,,
2147439235,COc1ccc(Oc2ccc(/C=N/c3ccc(/N=C/c4ccc(C)cc4)cc3)cc2)cc1,117.0,,,,
2147439236,COc1ccc(Oc2ccc(/C=N/c3ccc(Oc4ccc(/N=C/c5ccc(C)cc5)cc4)cc3)cc2)cc1,120.0,,,,
2147439237,CSCC(=O)N/N=C/c1ccc(OCCCCCCCCCCOc2ccc(/C=N/NC(=O)CSc3nnc(C)s3)cc2)cc1,117.0,,,,
2147439238,COc1cc(/C=N/NC(=O)CSC)ccc1OCCCCCCCCCCOc1ccc(/C=N/NC(=O)CSc2nnc(C)s2)cc1OC,156.0,,,,
2147439239,CCC(O)COC(=O)CCCCC(=O)OCC(O)COc1ccc(/C=C(\C)c2ccc(OC)cc2)cc1,33.0,,,,
2147439240,CCC(O)COC(=O)CCCCCCCCC(=O)OCC(O)COc1ccc(/C=C(\C)c2ccc(OC)cc2)cc1,30.0,,,,
2147439241,Cc1ccc(C(=O)c2ccc(C(=O)c3ccc(Oc4ccc(-c5nn(C)c(=O)c6ccccc56)c(F)c4)cc3)cc2)cc1,287.0,,,,
2147439242,Cc1ccc(C(=O)c2ccc(Oc3ccc(-c4nn(C)c(=O)c5ccccc45)c(F)c3)cc2)cc1,253.0,,,,
2147439243,Cc1ccc(S(=O)(=O)c2ccc(Oc3ccc(-c4nn(C)c(=O)c5ccccc45)c(F)c3)cc2)cc1,283.0,,,,
2147439244,Cc1c(F)c(F)c(-c2c(F)c(F)c(Oc3ccc(-c4nn(C)c(=O)c5ccccc45)c(F)c3)c(F)c2F)c(F)c1F,253.0,,,,
2147439245,COc1ccc(C(=O)Nc2cc(NC(=O)c3ccc(C)cc3)cc(C(=O)OCCOC(=O)/C=C/c3ccc(N(C)C)cc3)c2)cc1,182.0,,,,
2147439246,C=Nc1ccc(C(C)(C)c2ccc(C(C)(C)c3ccc(/N=C4/OC(=O)c5ccc(Oc6ccc7c(c6)C(=O)OC7=C)cc54)cc3)cc2)cc1,249.0,,,,
2147439247,COc1ccc(C(=O)Nc2ccc(S(=O)(=O)c3ccc(NC(=O)c4ccc(Oc5nc(C)nc(Sc6ccccc6)n5)cc4)cc3)cc2)cc1,310.0,0.35315957,,,
2147439248,COc1cccc(C(=O)Nc2ccc(-c3ccc(NC(=O)c4cccc(Oc5nc(C)nc(Sc6ccccc6)n5)c4)cc3)cc2)c1,279.0,0.35084083,,,
2147439249,COc1ccc(C(=O)Nc2cc(NC(=O)c3ccc(C)cc3)cc(-c3nc4ccccc4[nH]3)c2)cc1,335.0,0.36445259,,,
2147439250,CCCOc1ccc(C(=O)Nc2cc(NC(=O)c3ccc(OC)cc3)cc(-c3nc4ccccc4[nH]3)c2)cc1,275.0,0.35204064,,,
2147439251,CCCOCCOc1ccc(C(=O)Nc2cc(NC(=O)c3ccc(OC)cc3)cc(-c3nc4ccccc4[nH]3)c2)cc1,230.0,0.34638057,,,
2147439252,CCCOCCOCCOc1ccc(C(=O)Nc2cc(NC(=O)c3ccc(OC)cc3)cc(-c3nc4ccccc4[nH]3)c2)cc1,165.0,0.34154325,,,
2147439253,CCCOCCOCCOCCOc1ccc(C(=O)Nc2cc(NC(=O)c3ccc(OC)cc3)cc(-c3nc4ccccc4[nH]3)c2)cc1,163.0,0.3483589,,,
2147439254,CCCOCCOCCOCCOCCOc1ccc(C(=O)Nc2cc(NC(=O)c3ccc(OC)cc3)cc(-c3nc4ccccc4[nH]3)c2)cc1,145.0,0.34659235,,,
2147439255,CCCOCCOCCOCCOCCOCCOc1ccc(C(=O)Nc2cc(NC(=O)c3ccc(OC)cc3)cc(-c3nc4ccccc4[nH]3)c2)cc1,125.0,0.34429063,,,
2147439256,CCCC(C)Oc1ccc(-c2ccc(C(=O)OCC(C)COC(=O)c3ccc(-c4ccc(OC)cc4)cc3)cc2)cc1,84.0,,,,
2147439257,CCCCCCCCCCCOc1ccc(/C=C/c2ccc(OCCCCCCCCCCOP(=O)(OC)OCCCCCCCCCCOc3ccc(/N=N/c4ccccc4)cc3)cc2)cc1,55.0,,,,
2147439258,CCCCCCCCCCCOc1ccc(/C=C/c2ccc(OCCCCCCCCCCOP(=O)(OC)OCCCCCCCCCCOc3ccc(/N=N/c4ccc(Cl)cc4)cc3)cc2)cc1,60.0,,,,
2147439260,CCCCCCCCCCCOc1ccc(/C=C/c2ccc(OCCCCCCCCCCOP(=O)(OC)OCCCCCCCCCCOc3ccc(/N=N/c4ccc([N+](=O)[O-])cc4)cc3)cc2)cc1,50.0,,,,
2147439261,CCCCCCCCCCCOc1ccc(/C=C/c2ccc(OCCCCCCCCCCOP(=O)(OC)OCCCCCCCCCCOc3ccc(/N=N/c4ccc(OC)cc4)cc3)cc2)cc1,58.0,,,,
2147439262,CCCCCCCCCCCOc1ccc(/C=C/c2ccc(OCCCCCCCCCCOP(=O)(OC)OCCCCCCCCCCOc3ccc(/N=N/c4ccc(-c5ccccc5)cc4)cc3)cc2)cc1,50.0,,,,
2147439263,Cc1ccc(NC(=O)c2ccc(OCCOCCOc3ccc(C(=O)Nc4ccc5[nH]c(C)nc5c4)cc3)cc2)cc1,175.0,0.34897445,,,
2147439264,Cc1cccc(NC(=O)c2ccc(OCCOCCOc3ccc(C(=O)Nc4ccc5[nH]c(C)nc5c4)cc3)cc2)c1,215.0,0.34893481,,,
2147439265,Cc1ccc(OCCN(CCOc2ccc(-c3nc4ccc(Oc5ccc6nc(C)c(-c7ccccc7)nc6c5)cc4nc3-c3ccccc3)cc2)c2ccc(/C=C/c3ccc([N+](=O)[O-])cc3)cc2)cc1,201.0,,,,
2147439266,Cc1ccc(OCCOc2ccc(/C=C/c3ccc([N+](=O)[O-])cc3)c(OCCOc3ccc(-c4nc5ccc(Oc6ccc7nc(C)c(-c8ccccc8)nc7c6)cc5nc4-c4ccccc4)cc3)c2)cc1,187.0,,,,
2147439267,Cc1ccc(OCCN(CCOc2ccc(-c3nc4ccc(Oc5ccc6nc(C)c(-c7ccccc7)nc6c5)cc4nc3-c3ccccc3)cc2)c2ccc(/N=N/c3ccc([N+](=O)[O-])cc3)cc2)cc1,199.0,,,,
2147439268,Cc1ccc(OCCN(CCOc2ccc(-c3nc4ccc(Oc5ccc6nc(C)c(-c7ccccc7)nc6c5)cc4nc3-c3ccccc3)cc2)c2ccc(/N=N/c3ccc([N+](=O)[O-])cc3C)cc2)cc1,188.0,,,,
2147439269,Cc1ccc(OCCN(C)c2ccc(/C=C/C3=C/C(=C4/C(=O)c5ccccc5C4=C(C#N)C#N)C=C(/C=C/c4ccc(N(C)CCOc5ccc(-c6nc7ccc(Oc8ccc9nc(C)c(-c%10ccccc%10)nc9c8)cc7nc6-c6ccccc6)cc5)cc4)O3)cc2)cc1,260.0,,,,
2147439270,Cc1ccc(C(=O)c2ccc(Oc3ccc(-c4nn(C)c(=O)c5ccccc45)cc3Br)cc2)cc1,254.0,,,,
2147439271,COc1ccc(/N=C/c2ccc(Oc3ccc(C(C)(C)c4ccc(Oc5ccc(/C=N/c6ccc(Oc7ccc(-c8ccc(C)cc8)cc7)cc6)cc5)cc4)cc3)cc2)cc1,120.0,,,,
2147439272,COc1ccc(/N=C/c2ccc(Oc3ccc(C(c4ccc(Oc5ccc(/C=N/c6ccc(Oc7ccc(-c8ccc(C)cc8)cc7)cc6)cc5)cc4)(C(F)(F)F)C(F)(F)F)cc3)cc2)cc1,128.0,,,,
2147439273,COc1ccc(S(=O)(=O)c2ccc(Oc3ccc(/C=N/c4ccc(Oc5ccc(-c6ccc(Oc7ccc(/N=C/c8ccc(C)cc8)cc7)cc6)cc5)cc4)cc3)cc2)cc1,127.0,,,,
2147439274,COc1ccc(S(=O)(=O)c2ccc(Oc3ccc(/C=N/c4ccc(Oc5ccc(/N=C/c6ccc(C)cc6)cc5)cc4)cc3)cc2)cc1,162.0,,,,
2147439275,COc1ccc(S(=O)(=O)c2ccc(Oc3ccc(/N=C/c4ccc(C)cc4)cc3)cc2)cc1,110.0,,,,
2147439276,COc1ccc(CNC(=O)CCCCC(=O)NCc2ccc(OC3COC4C(C)COC34)cc2)cc1,116.0,0.33099906,,,
2147439277,COc1ccc(S(=O)(=O)c2ccc(Oc3ccc(C(C)(c4ccc(C)cc4)c4ccc(O)cc4)cc3)cc2)cc1,228.0,,,,
2147439278,COc1cc(Oc2ccc(C(C)(C)c3ccc(C)cc3)cc2)cc(C(=O)Oc2ccc(/N=N/c3ccc(C#N)cc3)cc2)c1,163.0,,,,
2147439279,COc1ccc(NC(=O)CCCCCCC(=O)Nc2ccc(OC3COC4C(C)COC34)cc2)cc1,72.5,0.33802231,,,
2147439280,COc1ccc(OC(=O)c2ccc(OCCCCCCCCCCCCOc3ccc(C(C)=O)cc3)cc2)cc1/C=C/c1ccncc1,94.3,,,,
2147439282,C/C=C/c1ccc(N(C)CCOC(=O)Nc2ccc(C)c(NC(=O)OCCN(C)c3ccc(/C=C/C4=CC(=C(C#N)C#N)C=C(C)O4)s3)c2)s1,183.0,,,,
2147439283,COC(=O)Nc1ccc(C)c(NC(=O)OC2CCN(c3ccc(/C=C/C4=CC(=C(C#N)C#N)C=C(/C=C/c5ccc(N6CCC(C)CC6)s5)O4)s3)CC2)c1,212.0,,,,
2147439285,CCCOc1ccc(/C=C2\CC/C(=C\c3ccc(OCCOP(=O)(OC)OC)c(OC)c3)C2=O)cc1OC,99.0,,,,
2147439286,CCCCCOc1ccc(/C=C2\CC/C(=C\c3ccc(OCCCCOP(=O)(OC)OC)c(OC)c3)C2=O)cc1OC,75.0,,,,
2147439287,CCCCCCCOc1ccc(/C=C2\CC/C(=C\c3ccc(OCCCCCCOP(=O)(OC)OC)c(OC)c3)C2=O)cc1OC,74.0,,,,
2147439288,CCCCCCCCCOc1ccc(/C=C2\CC/C(=C\c3ccc(OCCCCCCCCOP(=O)(OC)OC)c(OC)c3)C2=O)cc1OC,73.0,,,,
2147439289,CCCCCCCCCCCOc1ccc(/C=C2\CC/C(=C\c3ccc(OCCCCCCCCCCOP(=O)(OC)OC)c(OC)c3)C2=O)cc1OC,48.0,,,,
2147439290,CCCOc1ccc(/C=C2\CC/C(=C\c3ccc(OCCOP(=O)(OC)OCC)c(OC)c3)C2=O)cc1OC,80.0,,,,
2147439291,CCCCCOc1ccc(/C=C2\CC/C(=C\c3ccc(OCCCCOP(=O)(OC)OCC)c(OC)c3)C2=O)cc1OC,79.0,,,,
2147439292,CCCCCCCOc1ccc(/C=C2\CC/C(=C\c3ccc(OCCCCCCOP(=O)(OC)OCC)c(OC)c3)C2=O)cc1OC,75.0,,,,
2147439293,CCCCCCCCCOc1ccc(/C=C2\CC/C(=C\c3ccc(OCCCCCCCCOP(=O)(OC)OCC)c(OC)c3)C2=O)cc1OC,62.0,,,,
2147439294,CCCCCCCCCCCOc1ccc(/C=C2\CC/C(=C\c3ccc(OCCCCCCCCCCOP(=O)(OC)OCC)c(OC)c3)C2=O)cc1OC,47.0,,,,
2147439295,COc1ccc(/N=C/c2ccc(N(c3ccccc3)c3ccc(/C=N/c4ccc(C)cc4)cc3)cc2)cc1,162.0,,,,
2147439296,COc1cccc(Oc2ccc(/N=C/c3ccc(N(c4ccccc4)c4ccc(/C=N/c5ccc(C)cc5)cc4)cc3)cc2)c1,174.0,,,,
2147439297,CC(=O)Oc1ccc(C(=O)Nc2cc(C(=O)Nc3ccc(Oc4ccc(C)cc4)cc3)cc(C(=O)Nc3ccc(Oc4ccc(-c5nnc(C)o5)cc4)cc3)c2)cc1,270.0,0.35432779,,,
2147439298,Cc1ccc(C(=O)OCCCCCCOc2ccc(/C=C3\CCC/C(=C\c4ccc(OCCCCCCOC(=O)c5ccc(-c6nnc(C)o6)cc5)cc4)C3=O)cc2)cc1,71.0,,,,
2147439299,Cc1ccc(C(=O)OCCCCCCCCOc2ccc(/C=C3\CCC/C(=C\c4ccc(OCCCCCCCCOC(=O)c5ccc(-c6nnc(C)o6)cc5)cc4)C3=O)cc2)cc1,59.0,,,,
2147439300,Cc1ccc(C(=O)OCCCCCCCCOc2ccc(/C=C3\CC/C(=C\c4ccc(OCCCCCCCCOC(=O)c5ccc(-c6nnc(C)o6)cc5)cc4)C3=O)cc2)cc1,99.0,,,,
2147439301,Cc1ccc(C(=O)OCCCCCCCCCCOc2ccc(/C=C3\CC/C(=C\c4ccc(OCCCCCCCCCCOC(=O)c5ccc(-c6nnc(C)o6)cc5)cc4)C3=O)cc2)cc1,58.0,,,,
2147439302,Cc1ccc(Oc2ccc(-c3csc(/N=C/c4ccc(OCCCCCCOc5ccc(/C=N/c6nc(C)cs6)cc5)cc4)n3)cc2)cc1,117.0,,,,
2147439303,Cc1ccc(Oc2ccc(-c3csc(/N=C/c4ccc(OCCCCCCCCOc5ccc(/C=N/c6nc(C)cs6)cc5)cc4)n3)cc2)cc1,150.0,,,,
2147439304,COc1ccc(C(=O)OCCN(CCOC(=O)c2ccc(OC3(F)C(C)(F)C(F)(F)C3(F)F)cc2)c2ccc(/C=C/C3=CC(=C(C#N)C#N)CC(C)(C)C3)cc2)cc1,143.0,,,,
2147439305,CCC(=O)c1ccc(Oc2ccc(C(=O)COc3ccc(/C=C4\CCC/C(=C\c5ccc(OC)c(OC)c5)C4=O)cc3OC)cc2)cc1,211.75,,,,
2147439306,CCCCCCCOc1ccc(C(C)(C)c2ccc(OC)cc2)cc1,36.0,0.36632136,,,
2147439307,CCCCCCCOc1ccc(NC(=O)c2cc(C(=O)Nc3ccc(OC)cc3)cc(C(C)(C)C)c2)cc1,166.0,,,,
2147439308,CCC(O)CN(CC(O)COc1ccc(C(C)(C)c2ccc(OC)cc2)cc1)c1ccc(/N=N/c2ccc([N+](=O)[O-])cc2)cc1,59.0,,,,
2147439309,Cc1ccc(C(=O)Nc2ccc(Oc3ccc(NC(=O)c4ccc(Oc5ccc(-c6nn(C)c(=O)c7ccccc67)cc5)cc4)cc3)cc2)cc1,280.0,,,,
2147439310,CCC1CCC(COC(C)OC(=O)c2ccc(C(=O)OC(C)OC)c3ccccc23)CC1,60.0,0.35502936,,,
2147439313,C/C=C/c1sc(-c2ccc(-c3ccc(-c4sc(/C=C/C5=CC(=C(C#N)C#N)C=C(C)O5)c(CCCCCC)c4CCCCCC)s3)s2)c(CCCCCC)c1CCCCCC,112.0,,,,
2147439314,CCCCCCCOc1ccc(/C=C2\CCC/C(=C\c3ccc(OC)cc3)C2=O)cc1,116.0,,,,
2147439315,CCCCCCCCCOc1ccc(/C=C2\CCC/C(=C\c3ccc(OC)cc3)C2=O)cc1,90.0,,,,
2147439316,CCCCCCCCCCCOc1ccc(/C=C2\CCC/C(=C\c3ccc(OC)cc3)C2=O)cc1,85.0,,,,
2147439317,CCCCCCCOc1ccc(/C=C2\CCC/C(=C\c3ccc(OC)c(OC)c3)C2=O)cc1OC,80.0,,,,
2147439318,CCCCCCCCCOc1ccc(/C=C2\CCC/C(=C\c3ccc(OC)c(OC)c3)C2=O)cc1OC,72.0,,,,
2147439319,CCCCCCCCCCCOc1ccc(/C=C2\CCC/C(=C\c3ccc(OC)c(OC)c3)C2=O)cc1OC,60.0,,,,
2147439320,CCCCCCCOc1c(OC)cc(/C=C2\CCC/C(=C\c3cc(OC)c(OC)c(OC)c3)C2=O)cc1OC,71.0,,,,
2147439321,CCCCCCCCCOc1c(OC)cc(/C=C2\CCC/C(=C\c3cc(OC)c(OC)c(OC)c3)C2=O)cc1OC,62.0,,,,
2147439322,CCCCCCCCCCCOc1c(OC)cc(/C=C2\CCC/C(=C\c3cc(OC)c(OC)c(OC)c3)C2=O)cc1OC,49.0,,,,
2147439323,Cc1ccc2oc(C3CCC(c4nc5cc(C(C)(C(F)(F)F)C(F)(F)F)ccc5o4)CC3)nc2c1,271.0,0.38067376,,,
2147439324,CCCOCCOC(=O)/C=C/C(=O)NCCCCCCNC(=O)/C=C/C(=O)OC,76.0,,,,
2147439325,CCCOCCOCCOC(=O)/C=C/C(=O)NCCCCCCNC(=O)/C=C/C(=O)OC,65.0,,,,
2147439326,CCCOCCOCCOCCOC(=O)/C=C/C(=O)NCCCCCCNC(=O)/C=C/C(=O)OC,52.0,,,,
2147439327,Cc1ccc(C(=O)Nc2ccc(NC(=O)c3ccc(Oc4ccc(-c5nn(C)c(=O)c6ccccc56)c5ccccc45)cc3)cc2)cc1,347.5,,,,
2147439328,Cc1ccc(C(=O)Nc2ccc(Oc3ccc(NC(=O)c4ccc(Oc5ccc(-c6nn(C)c(=O)c7ccccc67)c6ccccc56)cc4)cc3)cc2)cc1,317.5,,,,
2147439329,Cc1ccc(C(=O)Nc2ccc(Oc3ccc(Oc4ccc(NC(=O)c5ccc(Oc6ccc(-c7nn(C)c(=O)c8ccccc78)c7ccccc67)cc5)cc4)cc3)cc2)cc1,289.5,,,,
2147439330,Cc1ccc(C(=O)Nc2ccc(Oc3ccc(Oc4ccc(NC(=O)c5ccc(Oc6ccc(-c7nn(C)c(=O)c8ccccc78)c7ccccc67)cc5)cc4C(F)(F)F)cc3)c(C(F)(F)F)c2)cc1,281.5,,,,
2147439331,COc1ccc(Nc2ccc(/N=N/c3ccc(Nc4ccc(C)cc4)cc3)cc2)cc1,169.0,,,,
2147439332,CCCCn1c2ccccc2c2cc(-c3ccc4c(c3)c(/N=N/c3ccc([N+](=O)[O-])cc3OCCOC(=O)Nc3cc(NC(=O)OCCC)ccc3C)cn4C)ccc21,160.0,,,,
2147439333,CCCOC(=O)Nc1ccc(C)c(NC(=O)OCCOc2cc([N+](=O)[O-])ccc2/N=N/c2cn(C)c3ccc(-c4ccccc4)cc23)c1,165.0,,,,
2147439334,CCCOC(=O)Nc1ccc(C)c(NC(=O)OCCOc2cc([N+](=O)[O-])ccc2/N=N/c2cn(C)c3ccccc23)c1,150.0,,,,
2147439335,COC(=O)CCC(=O)OC1COC2C(C)COC12,77.0,,,,
2147439336,COC(=O)/C=C/C(=O)OC1COC2C(C)COC12,60.0,,,,
2147439337,C/C=C/c1sc(-c2ccc(-c3sc(/C=C/C4=CC(=C(C#N)C#N)C=C(C)O4)c(CCCCCC)c3CCCCCC)s2)c(CCCCCC)c1CCCCCC,114.0,,,,
2147439338,C/C=C/c1sc(-c2ccc(-c3ccc(-c4ccc(-c5sc(/C=C/C6=CC(=C(C#N)C#N)C=C(C)O6)c(CCCCCC)c5CCCCCC)s4)s3)s2)c(CCCCCC)c1CCCCCC,134.0,,,,
2147439339,Cc1ccc(C(=O)OCCCCCCOc2ccc(/C=C/C(=O)/C=C/c3ccc(OCCCCCCOC(=O)c4ccc(-c5nnc(C)o5)cc4)cc3)cc2)cc1,62.0,,,,
2147439340,Cc1ccc(C(=O)OCCCCCCCCOc2ccc(/C=C/C(=O)/C=C/c3ccc(OCCCCCCCCOC(=O)c4ccc(-c5nnc(C)o5)cc4)cc3)cc2)cc1,59.0,,,,
2147439341,Cc1ccc(C(=O)OCCCCCCCCCCOc2ccc(/C=C/C(=O)/C=C/c3ccc(OCCCCCCCCCCOC(=O)c4ccc(-c5nnc(C)o5)cc4)cc3)cc2)cc1,58.0,,,,
2147439342,Cc1ccc(C(=O)OCCCCCCOc2ccc(/C=C3\CCCC/C(=C\c4ccc(OCCCCCCOC(=O)c5ccc(-c6nnc(C)o6)cc5)cc4)C3=O)cc2)cc1,104.0,,,,
2147439343,Cc1ccc(C(=O)OCCCCCCCCOc2ccc(/C=C3\CCCC/C(=C\c4ccc(OCCCCCCCCOC(=O)c5ccc(-c6nnc(C)o6)cc5)cc4)C3=O)cc2)cc1,98.0,,,,
2147439344,Cc1ccc(C(=O)OCCCCCCCCCCOc2ccc(/C=C3\CCCC/C(=C\c4ccc(OCCCCCCCCCCOC(=O)c5ccc(-c6nnc(C)o6)cc5)cc4)C3=O)cc2)cc1,74.0,,,,
2147439345,C/C=N/c1ccc(C(=O)OCCCCOCCCCOCCCCOC(=O)c2ccc(/N=C/c3ccc(C)s3)cc2)cc1,25.0,,,,
2147439346,C/C=N/c1ccc(C(=O)OCCCCOCCCCOCCCCOC(=O)c2ccc(/N=C/c3ccc4c(c3)c3cc(C)ccc3n4CC(CC)CCCC)cc2)cc1,5.2,,,,
2147439348,CCCCCOCCCCOCCCCOC(=O)c1ccc(/N=C/c2ccc(/C=N/c3ccc(C(=O)OC)cc3)cc2)cc1,-13.2,,,,
2147439350,COc1ccc(-c2ccc(Oc3c(F)c(F)c(COC(c4cccc(C(OCc5c(F)c(F)c(C)c(F)c5F)(C(F)(F)F)C(F)(F)F)c4)(C(F)(F)F)C(F)(F)F)c(F)c3F)cc2)cc1,110.0,,,,
2147439351,COc1ccc(NC(=O)NC2CC(C)(C)CC(C)(CNC(=O)Nc3ccc(C)cc3)C2)cc1,274.0,0.34918835,,,
2147439352,CO[Si](Oc1ccc(-c2ccc(C)cc2)cc1)(c1ccccc1)c1ccccc1,132.25,,,,
2147439355,CCC(=O)NCCCCCCNC(=O)CSC,-7.0,,,,
2147439356,CCCCCCC1=CC(C)SC1C,58.05,0.42189435,,,
2147439357,CCCCCCCCCCCCn1c(C)ccc1-c1ccc(-c2ccc(-c3ccc(-c4ccc(C)s4)s3)s2)s1,54.0,0.43060128,,,
2147439358,Cc1ccc(-c2ccc([Si](C)(C)C)s2)s1,45.0,0.43527879,,,
2147439359,Cc1ccc(-c2ccc([Si](C)(C)[Si](C)(C)C)s2)s1,45.0,,,,
2147439360,CCCC[Si](C)(CCCC)c1ccc(-c2ccc(C)s2)s1,-10.0,0.4246241,,,
2147439361,CCCC[Si](C)(CCCC)[Si](CCCC)(CCCC)c1ccc(-c2ccc(C)s2)s1,-20.0,0.42578552,,,
2147439362,Cc1ccc(-c2ccc(-c3ccc([Si](C)(C)C)s3)s2)s1,45.0,0.45230424,,,
2147439363,Cc1ccc(-c2ccc(-c3ccc([Si](C)(C)[Si](C)(C)C)s3)s2)s1,45.0,0.45398953,,,
2147439364,CCCC[Si](C)(CCCC)c1ccc(-c2ccc(-c3ccc(C)s3)s2)s1,30.0,0.43066164,,,
2147439365,CCCC[Si](C)(CCCC)[Si](CCCC)(CCCC)c1ccc(-c2ccc(-c3ccc(C)s3)s2)s1,-5.0,0.42687929,,,
2147439366,CCCCCCCCc1cc(-c2ccc(C)s2)sc1-c1ccc(-c2ccc(-c3sc(-c4ccc([Si](C)(C)[Si](C)(C)[Si](C)(C)[Si](C)(C)C)s4)cc3CCCCCCCC)s2)s1,6.0,,,,
2147439369,CN=P(Cl)(N=P(Cl)(/N=S(/C)Oc1ccccc1-c1ccccc1)Oc1ccccc1-c1ccccc1)Oc1ccccc1-c1ccccc1,79.0,,,,
2147439370,CN=P(Cl)(N=P(/N=S(/C)Oc1cccc(-c2ccccc2)c1)(Oc1cccc(-c2ccccc2)c1)Oc1cccc(-c2ccccc2)c1)Oc1cccc(-c2ccccc2)c1,32.0,,,,
2147439372,CSSc1ccc(/N=C/Nc2ccc(C)cc2)cc1,98.0,,,,
2147439373,Cc1ccc(/C=N/c2cccc(/N=C/c3ccc(-c4ccc(C)s4)cc3)c2)cc1,150.0,,,,
2147439374,Cc1ccc(/C=N/c2ccc(C(c3ccccc3)c3ccc(/N=C/c4ccc(-c5ccc(C)s5)cc4)cc3)cc2)cc1,129.0,,,,
2147439375,Cc1ccc(C(=O)c2ccc(-n3nc(-c4ccc(Sc5ccc(-c6nn(C)c(=O)c7ccccc67)cc5)cc4)c4ccccc4c3=O)cc2)cc1,281.0,,,,
2147439376,CCCCCCCCOc1cc(/C=C(\c2ccccc2)c2ccc3c(c2)Sc2ccc(C)cc2S3)c(OCCCCCCCC)cc1/C=C(/C)c1ccccc1,93.0,,,,
2147439377,Cc1ccc(NC(=O)c2ccc(NC(=O)c3ccc([Si](C)(C)c4ccc(C(=O)Nc5ccc(C(=O)Nc6ccc(-c7sc(C)c(-c8ccccc8)c7-c7ccccc7)cc6)cc5)cc4)cc3)cc2)cc1,337.0,0.38057891,,,
2147439378,C/C=C(\C#N)C(=O)NC1CCCCC1NC(=O)/C(C#N)=C/c1ccc(/C=C/c2ccc(N(CC)Cc3ccccc3CN(CC)c3ccc(/C=C/c4ccc(C)s4)cc3)cc2)s1,195.0,,,,
2147439379,C/C=C(\C#N)C(=O)NC1CCCCC1NC(=O)/C(C#N)=C/c1ccc(/C=C/c2ccc(N(CC)Cc3cccc(CN(CC)c4ccc(/C=C/c5ccc(C)s5)cc4)c3)cc2)s1,157.0,,,,
2147439380,C/C=C(\C#N)c1cccc(/C(C#N)=C/c2ccc(/C=C/c3ccc(N(CC)Cc4ccccc4CN(CC)c4ccc(/C=C/c5ccc(C)s5)cc4)cc3)s2)c1,178.0,,,,
2147439381,C/C=C(\C#N)C(=O)NC1CCCCC1NC(=O)/C(C#N)=C/c1ccc(/C=C/c2ccc(N(c3ccccc3)c3ccc(N(c4ccccc4)c4ccc(/C=C/c5ccc(C)s5)cc4)cc3)cc2)s1,240.0,,,,
2147439382,C/C=C(\C#N)c1cccc(/C(C#N)=C/c2ccc(/C=C/c3ccc(N(c4ccccc4)c4ccc(N(c5ccccc5)c5ccc(/C=C/c6ccc(C)s6)cc5)cc4)cc3)s2)c1,178.0,,,,
2147439383,C/C=C/c1ccc(N(CC)Cc2ccccc2CN(CC)c2ccc(/C=C/c3ccc(/C=C(\C#N)S(=O)(=O)/C(C#N)=C/c4ccc(C)s4)s3)cc2)cc1,178.0,,,,
2147439384,C/C=C(\C#N)C(=O)Nc1cc(-c2ccc(O)c(NC(=O)/C(C#N)=C/c3ccc(/C=C/c4ccc(N(c5ccccc5)c5ccc(N(c6ccccc6)c6ccc(/C=C/c7ccc(C)s7)cc6)cc5)cc4)s3)c2)ccc1O,221.0,,,,
2147439385,Cc1ccc(NC(=O)Cc2ccc(-c3sc(-c4ccc(CC(=O)Nc5ccc(-c6sc(C)c(-c7ccccc7)c6-c6ccccc6)cc5)cc4)c(-c4ccccc4)c3-c3ccccc3)cc2)cc1,273.0,0.40560913,,,
2147439386,C/C=C/c1sc(/C=C/c2ccc3c4ccc(C)cc4n(CC(CC)CCCC)c3c2)c(CC(CC)CCCC)c1CC(CC)CCCC,60.0,,,,
2147439387,CCCCCCc1c(C)sc(C)c1CCCCCCN(CC)c1ccc(/N=N/c2ccc([N+](=O)[O-])cc2)cc1,17.0,,,,
2147439388,CCN(CCOC(=O)Cc1cc(C)sc1C)c1ccc(/N=N/c2ccc([N+](=O)[O-])cc2)cc1,102.0,,,,
2147439389,Cc1cc(CCOc2ccc(/N=N/c3ccc(C#N)cc3)cc2)c(C)s1,73.0,,,,
2147439390,Cc1cc(CC(=O)OCCCCCCOc2ccc(/N=N/c3ccc(C#N)cc3)cc2)c(C)s1,64.0,,,,
2147439391,CC(=O)OCC(COc1ccc(/N=N/c2ccc(C#N)cc2)cc1)OC(=O)c1ccc(C)s1,119.0,,,,
2147439392,C/C=C/c1cc(OCCCCCCCC)c(/C=C/c2ccc(C)c3nsnc23)cc1OCCCCCCCC,153.0,,,,
2147439393,Cc1cc(CCCCCCOC(=O)Cc2ccccc2)c(C)s1,45.0,0.36920522,,,
2147439394,Cc1ccc(-c2cc(CCCCCCBr)c(C)s2)s1,51.0,0.4247369,,,
2147439395,C/C=C/c1cccc(OC(=O)CCCCCCCCC(=O)Oc2ccc(-c3nnc(C)s3)cc2)c1,55.0,,,,
2147439396,C/C=C/c1ccc(OC(=O)CCCCCCCCC(=O)Oc2cccc(-c3nnc(C)s3)c2)cc1,37.0,,,,
2147439397,C/C=C/c1ccc(OC(=O)CCCCCCCCC(=O)Oc2ccc(-c3nnc(C)s3)cc2)cc1,30.0,,,,
2147439398,C/C=C/c1cccc(OC(=O)CCCCCCCCC(=O)Oc2cccc(-c3nnc(C)s3)c2)c1,41.0,,,,
2147439399,CCCCCCN1c2ccc(C)cc2Sc2cc(-c3sc4cc(C)sc4c3CCCCC)ccc21,126.0,0.52516398,,,
2147439400,CCCCCCCCCCN1c2ccc(C)cc2Sc2cc(-c3sc4cc(C)sc4c3CCCCC)ccc21,131.0,0.50803301,,,
2147439401,CCCCCCCCCCCCN1c2ccc(C)cc2Sc2cc(-c3sc4cc(C)sc4c3CCCCC)ccc21,136.0,0.4916283,,,
2147439402,C/C=C/c1ccc2c(c1)Sc1cc(C)ccc1N2c1ccc(OCCCCCCCCCCCC)cc1,129.0,,,,
2147439403,C/C=C/c1ccc(/C=C/c2ccc3c(c2)Sc2cc(C)ccc2N3c2ccc(OCCCCCCCCCCCC)cc2)cc1,167.0,,,,
2147439404,C/C=C/c1ccc(/C=C/c2ccc3c(c2)Sc2cc(C)ccc2N3c2ccc(OCCCCCCCCCCCC)cc2)s1,155.0,,,,
2147439405,COc1ccc(C2(c3ccc(OC(=O)c4ccc(C(C)=O)cc4)cc3)c3ccccc3C(=O)c3ccccc32)cc1,400.0,0.36880796,,,
2147439406,COc1ccc(C2(c3ccc(OC(=O)CCCCCCCCC(C)=O)cc3)c3ccccc3Cc3ccccc32)cc1,134.0,0.36332436,,,
2147439407,COc1ccc(C(C)(C)c2ccc(OC(=O)CC(C)CCC(C)=O)cc2)cc1,56.0,0.35041329,,,
2147439408,COc1ccc(C(C)(C)c2ccc(OC(=O)CCCCC(C)=O)c(C)c2)cc1C,33.5,0.35992444,,,
2147439409,COC(C)CCC(C)OC(=O)CCCCCCCCC(C)=O,-66.0,,,,
2147439410,COc1ccc(OC(=O)c2ccc(C(C)=O)cc2Sc2ccc3ccccc3c2)cc1,148.0,0.35895279,,,
2147439411,COc1ccc(OC(=O)c2ccc(C(C)=O)cc2Sc2ccccc2)cc1,181.0,0.35449521,,,
2147439412,COc1ccc(OC(=O)c2ccc(C(C)=O)cc2Sc2ccc(C)cc2)cc1,134.0,0.36164456,,,
2147439413,COc1ccc(OC(=O)c2ccc(C(C)=O)cc2Sc2ccc(Cl)cc2)cc1,140.0,,,,
2147439414,COC(C)CCOC(=O)C(CCCCCCOc1ccc(/N=C/c2ccc([N+](=O)[O-])cc2)cc1)C(C)=O,3.0,,,,
2147439415,COc1ccc(OC(=O)c2ccc(C(C)=O)cc2Sc2ccccc2)cc1C,130.0,0.36029743,,,
2147439416,COc1ccc(OC(=O)c2ccc(-c3ccc(C(C)=O)cc3)cc2-c2ccccc2)cc1,140.0,0.35277091,,,
2147439417,COc1ccc(OC(=O)c2ccc(-c3ccc(C(C)=O)cc3)cc2-c2ccccc2)cc1C,133.0,0.36137424,,,
2147439418,CCCCCCCCCCCn1c2ccccc2c2cc(/C=C(\C#N)C(=O)OCCCCCCOC(=O)/C(C#N)=C/c3ccc4c(c3)c3ccccc3n4C)ccc21,94.5,,,,
2147439419,CCCCCCCCCCn1c2ccccc2c2cc(/C=C(\C#N)C(=O)OCCCCCCOC(=O)/C(C#N)=C/c3ccc4c(c3)c3ccccc3n4C)ccc21,96.4,,,,
2147439420,CCCCCCCCCn1c2ccccc2c2cc(/C=C(\C#N)C(=O)OCCCCCCOC(=O)/C(C#N)=C/c3ccc4c(c3)c3ccccc3n4C)ccc21,96.7,,,,
2147439421,CCCCCCCCn1c2ccccc2c2cc(/C=C(\C#N)C(=O)OCCCCCCOC(=O)/C(C#N)=C/c3ccc4c(c3)c3ccccc3n4C)ccc21,107.8,,,,
2147439422,CCCCCCCn1c2ccccc2c2cc(/C=C(\C#N)C(=O)OCCCCCCOC(=O)/C(C#N)=C/c3ccc4c(c3)c3ccccc3n4C)ccc21,117.7,,,,
2147439423,COc1ccc2cc(C(C)=O)ccc2c1,147.0,,,,
2147439424,CCCCCCOC(=O)c1ccc(/C=C/c2ccc(C(=O)OC)cc2)cc1,60.0,,,,
2147439425,CCC(C)(C)COC(=O)c1ccc(/C=C/c2ccc(C(=O)OC)cc2)cc1,80.0,,,,
2147439426,CCCCCCCS(=O)(=O)c1ccc(/N=N/c2ccc(N(C)CCCCCC(=O)OC)cc2)cc1,60.5,,0.249228862,1.129755307,21.73095381
2147439427,CCCCN(CC(=O)OC)c1ccc(/N=N/c2ccc(S(=O)(=O)CCCC)cc2)cc1,92.4,,0.225556948,1.17835506,19.63779085
2147439428,COc1ccc(/C=C2\CC/C(=C\c3ccc(OC(=O)c4ccc(/N=C/c5ccc(/C=N/c6ccc(C(C)=O)cc6)cc5)cc4)cc3)C2=O)cc1,205.0,,,,
2147439429,COc1ccc(/C=C2\CC/C(=C\c3ccc(OC(=O)c4ccc(/N=C/c5ccc(/C=N/c6ccc(C(C)=O)cc6)cc5)cc4)c(OC)c3)C2=O)cc1OC,140.0,,,,
2147439430,COc1ccc(C(C)(c2ccccc2)c2ccc(OC(=O)c3ccccc3-c3ccccc3C(C)=O)cc2)cc1,172.0,0.36060662,,,
2147439431,CCCOC(=O)c1ccc(/C(C#N)=C(\c2ccc(OC)cc2)N2CCC(C)CC2)cc1,167.0,,,,
2147439432,CCOC(=O)c1ccc(/C(C#N)=C(\c2ccc(OC)cc2)N2CCCC(C)C2)cc1,176.0,,,,
2147439433,COc1ccc(/C(C)=C(/C#N)c2ccc(C(=O)OC3CCN(C)CC3)cc2)cc1,183.0,,,,
2147439434,CCC(CCCCCCOc1ccc(/N=N/c2ccc(C#N)cc2)cc1)COC(=O)CCCCCCCCCCCCC(=O)OC,21.5,,,,
2147439435,COc1ccc(C2(c3ccc(OC(=O)CCCC(C)=O)cc3)c3cc(OC)ccc3-c3ccc([N+](=O)[O-])cc32)cc1,197.0,,,,
2147439436,COc1ccc(/C=C2\CCC/C(=C\c3ccc(OC(=O)c4cccc(C(C)=O)c4)c(OC)c3)C2=O)cc1OC,57.86,,,,
2147439437,COc1ccc(/C=C2\CCC/C(=C\c3ccc(OC(=O)CCCCCCCCC(C)=O)c(OC)c3)C2=O)cc1OC,48.05,,,,
2147439438,CCCCCOC(=O)c1ccc(N/C=N/c2ccc(C(=O)OC)cc2)cc1,91.0,,,,
2147439439,COc1ccc(OC(=O)c2cc(OCCCc3ccccc3)c(C(C)=O)cc2OCCCc2ccccc2)cc1C,91.0,0.35359821,,,
2147439440,C/C=C/c1c(OC(=O)c2ccc(C(=O)Oc3ccc4ccccc4c3/C=C/c3cccc(C)n3)cc2)ccc2ccccc12,145.0,,,,
2147439441,C/C=C/c1c(OC(=O)c2ccc(C(=O)Oc3cccc4ccc(C)nc34)cc2)ccc2ccccc12,175.0,,,,
2147439442,C/C=C/c1ccc(OC(=O)c2ccc(C(=O)Oc3cccc4ccc(C)nc34)cc2)cc1,112.0,,,,
2147439443,CCCN(CCOC(=O)c1ccc([Si](C)(C)c2ccc(C(=O)OC)cc2)cc1)c1ccc(/C=C/c2ccc([N+](=O)[O-])cc2)cc1,127.0,,,,
2147439444,CCCN(CCOC(=O)CCCCC(=O)OC)c1ccc(/C=N/N(c2ccccc2)c2ccccc2)cc1,54.0,,,,
2147439445,COc1ccc(OC(=O)c2ccc(C(C)=O)cc2)cc1C1CCCCCCC1,213.0,0.36680265,,,
2147439446,CCC#C/C(C#CCOC(=O)CCCCCCCCC(=O)OC)=C\c1ccc(C#Cc2ccc(C=C(C#Cc3ccccc3)C#Cc3ccccc3)cc2)cc1,60.0,,,,
2147439447,CCC#C/C(C#CCOC(=O)CCCCCCCCC(=O)OC)=C\c1ccc(C#Cc2ccccc2)cc1,60.0,,,,
2147439448,CCC#C/C(C#CCOC(=O)CCCCCCCCC(=O)OC)=C\c1ccc(C#Cc2ccc([N+](=O)[O-])cc2)cc1,60.0,,,,
2147439449,COc1ccc(/N=N/c2ccc(Cc3ccc(/N=N/c4ccc(OC(=O)c5ccc(C(C)=O)cc5)cc4)cc3[N+](=O)[O-])c([N+](=O)[O-])c2)cc1,198.0,,,,
2147439450,COc1ccc(/N=N/c2c(C)cc(Cc3cc(C)c(/N=N/c4ccc(OC(=O)c5ccc(C(C)=O)cc5)cc4)c(C)c3[N+](=O)[O-])c([N+](=O)[O-])c2C)cc1,203.0,,,,
2147439451,CCOCCOCCOC(=O)C(Cc1ccc(OC)cc1)NC(=O)CCc1ccc(OC(=O)CCCC(C)=O)cc1,21.0,,,,
2147439452,CCOC(=O)C(Cc1ccc(OC)cc1)NC(=O)Cc1ccc(OC(=O)CCCCCCC(C)=O)cc1,54.0,,,,
2147439453,COc1ccc(CCNC(=O)c2cccc(C(=O)NCCc3ccc(OC(=O)c4cccc(C(C)=O)c4)cc3)c2)cc1,147.0,0.33853882,,,
2147439454,COC(C)COC(=O)/C=C/C(C)=O,-14.0,,,,
2147439455,COc1ccc(C(=O)Oc2cc(OC(=O)CCCCCCCCCCCCCCC(C)=O)c(OC(=O)c3ccc(OC)cc3)cc2OC)cc1,33.0,0.35345176,,,
2147439456,CCOc1ccc(C(=O)Oc2cc(OC(=O)CCCCCCCCCCCCCCC(C)=O)c(OC(=O)c3ccc(OCC)cc3)cc2OC)cc1,31.0,0.36137547,,,
2147439457,CCCOc1ccc(C(=O)Oc2cc(OC(=O)CCCCCCCCCCCCCCC(C)=O)c(OC(=O)c3ccc(OCCC)cc3)cc2OC)cc1,18.0,0.36365256,,,
2147439459,CCCCOc1ccc(C(=O)Oc2cc(OC(=O)CCCCCC(C)=O)c(OC(=O)c3ccc(OCCCC)cc3)cc2OC)cc1,45.0,0.35336805,,,
2147439460,CCCCOc1ccc(C(=O)Oc2cc(OC(=O)CCCC(C)=O)c(OC(=O)c3ccc(OCCCC)cc3)cc2OC)cc1,59.0,0.35109057,,,
2147439461,COc1ccc(C(=O)Oc2cc(OC(=O)CCCC(C)=O)c(OC(=O)c3ccc(OC)cc3)cc2OC)cc1,88.0,0.33574151,,,
2147439462,CCOc1ccc(C(=O)Oc2cc(OC(=O)CCCC(C)=O)c(OC(=O)c3ccc(OCC)cc3)cc2OC)cc1,71.0,0.33981747,,,
2147439463,CCCOc1ccc(C(=O)Oc2cc(OC(=O)CCCC(C)=O)c(OC(=O)c3ccc(OCCC)cc3)cc2OC)cc1,72.0,0.34814804,,,
2147439464,CCCCCOc1ccc(C(=O)Oc2cc(OC(=O)CCCC(C)=O)c(OC(=O)c3ccc(OCCCCC)cc3)cc2OC)cc1,44.0,0.35445196,,,
2147439465,CCCCCCCCCCCCOc1ccc(C(=O)Oc2cc(OC(=O)CCCC(C)=O)c(OC(=O)c3ccc(OCCCCCCCCCCCC)cc3)cc2OC)cc1,23.0,0.37044637,,,
2147439466,CCC(C)COc1ccc(C(=O)Oc2cc(OC(=O)CCCC(C)=O)c(OC(=O)c3ccc(OCC(C)CC)cc3)cc2OC)cc1,60.0,0.35730159,,,
2147439467,COc1cc(OC(=O)c2ccc(C)cc2)c(OC(=O)CCCCCCCCCCCCCCC(C)=O)cc1OC(=O)c1ccc(C)cc1,27.0,0.36849104,,,
2147439468,CCCCOc1ccc(C(=O)Oc2cc(OC(=O)C(C)CCC(C)=O)c(OC(=O)c3ccc(OCCCC)cc3)cc2OC)cc1,55.0,0.35328505,,,
2147439469,CCCCOc1ccc(C(=O)Oc2cc(OC(=O)C(C)(C)CCC(C)=O)c(OC(=O)c3ccc(OCCCC)cc3)cc2OC)cc1,61.0,0.35709055,,,
2147439470,CCCCOC(=O)c1cc(/N=N/c2ccc(OCC)cc2)ccc1-c1ccc(/N=N/c2ccc(OCC)cc2)cc1C(=O)OC,101.0,,,,
2147439471,CCCCCCCOC(=O)c1cc(/N=N/c2ccc(OCC)cc2)ccc1-c1ccc(/N=N/c2ccc(OCC)cc2)cc1C(=O)OC,83.0,,,,
2147439472,CCOc1ccc(/N=N/c2ccc(-c3ccc(/N=N/c4ccc(OCC)cc4)cc3C(=O)Oc3ccc(OC)cc3)c(C(C)=O)c2)cc1,170.0,,,,
2147439473,CCOc1ccc(/N=N/c2ccc(-c3ccc(/N=N/c4ccc(OCC)cc4)cc3C(=O)Oc3ccc(-c4ccc(OC)cc4)cc3)c(C(C)=O)c2)cc1,165.0,,,,
2147439474,CCCN(CCOC(=O)/C=C/c1ccc(/C=C/C(=O)OC)cc1)c1ccc(/N=N/c2ccc([N+](=O)[O-])cc2)cc1,120.0,,,,
2147439475,CCN(CCOC(=O)c1cc(OC)cc(OC(=O)c2ccc(C(C)=O)cc2)c1)c1ccc(/N=N/c2ccc([N+](=O)[O-])cc2)cc1,130.0,,,,
2147439476,CCCN(CCOC(=O)c1cc(OCCN(C)c2ccc(S(=O)(=O)C(F)(F)C(F)(F)C(F)(F)C(F)(F)C(F)(F)C(F)(F)C(F)(F)C(F)(F)F)cc2)cc(C(=O)OC)c1)c1ccc(S(=O)(=O)C(F)(F)C(F)(F)C(F)(F)C(F)(F)C(F)(F)C(F)(F)C(F)(F)C(F)(F)F)cc1,83.0,0.34325537,,,
2147439477,CCCCCCCCS(=O)(=O)c1ccc(N(C)CCOc2cc(C(=O)OC)cc(C(=O)OCCN(CCC)c3ccc(S(=O)(=O)C(F)(F)C(F)(F)C(F)(F)C(F)(F)C(F)(F)C(F)(F)C(F)(F)C(F)(F)F)cc3)c2)cc1,80.0,0.35536738,,,
2147439478,C/C=C(\C#N)C(=O)OCCCCCCCCCCOC(=O)/C(C#N)=C/c1ccc2c(c1)c1cc(C)ccc1n2CCCCCCCCCCCCCC,35.0,,,,
2147439479,C/C=C(\C#N)C(=O)OCCCCCCOC(=O)/C(C#N)=C/c1ccc2c(c1)c1cc(C)ccc1n2CCCCCCCCCCCCCC,53.0,,,,
2147439480,C/C=C(\C#N)C(=O)OCCCCCCCCCCOC(=O)/C(C#N)=C/c1ccc2c(c1)c1cc(C)ccc1n2CCCCCCC,59.0,,,,
2147439481,C/C=C(\C#N)C(=O)OCCCCCCOC(=O)/C(C#N)=C/c1ccc2c(c1)c1cc(C)ccc1n2CCCCCCC,87.0,,,,
2147439482,C/C=C(\C#N)C(=O)OCCCCCCOC(=O)/C(C#N)=C/c1ccc2c(c1)c1cc(C)ccc1n2CCCCCCCCCCCn1c2ccccc2c2ccccc21,63.0,,,,
2147439483,C/C=C(\C#N)C(=O)OCCCCCCOC(=O)/C(C#N)=C/c1ccc2c(c1)c1cc(C)ccc1n2CCCCCCCCCCCOc1ccc(/C=C/c2ccc([N+](=O)[O-])cc2)cc1,87.0,,,,
2147439484,CCCCCOC(=O)CCCCC(=O)OCCCCOC(=O)c1ccc(C(=O)OC)cc1,-20.0,,,,
2147439485,CCCOc1cc(C(=O)OCCN(CCC)c2ccc(/N=N/c3ccc(-c4nc5ccccc5o4)cc3)cc2)ccc1C(=O)OC,117.0,,,,
2147439486,COc1ccc(/N=N/c2ccc(Cc3ccc(/N=N/c4ccc(OC(=O)c5ccc(/N=N/c6ccc(C(C)=O)cc6)cc5)cc4)cc3[N+](=O)[O-])c([N+](=O)[O-])c2)cc1,160.0,,,,
2147439487,COc1ccc(/N=N/c2ccc(S(=O)(=O)c3ccc(/N=N/c4ccc(OC(=O)c5ccc(/N=N/c6ccc(C(C)=O)cc6)cc5)cc4)cc3[N+](=O)[O-])c([N+](=O)[O-])c2)cc1,150.0,,,,
2147439488,CCCN(CCOC(=O)CCC#CC#CCCC(=O)OC)c1ccc(/N=N/c2c(C)cc(/N=N/c3ccc(C#N)cc3)cc2C)cc1,63.0,,,,
2147439489,CCCCCCOC(=O)c1ccccc1C(=O)[O][Pb][O]C(=O)c1ccccc1C(=O)OCCCCCOC(=O)NCCCCCCNC(=O)OC,-19.2,,,,
2147439490,C[O][Zn][O]C(=O)c1ccccc1C(=O)OCCCCCOC(=O)NCCCCCCNC(=O)OCCCCCOC(=O)c1ccccc1C(C)=O,-4.3,,,,
2147439491,C[O][Ca][O]C(=O)c1ccccc1C(=O)OCCCCCOC(=O)Nc1cc(NC(=O)OCCCCCOC(=O)c2ccccc2C(C)=O)ccc1C,5.1,,,,
2147439492,CCCCCCOC(=O)c1ccccc1C(=O)[O][Cd][O]C(=O)c1ccccc1C(=O)OCCCCCOC(=O)Nc1ccc(C)c(NC(=O)OC)c1,2.3,,,,
2147439493,CCCCCCOC(=O)c1ccccc1C(=O)[O][Pb][O]C(=O)c1ccccc1C(=O)OCCCCCOC(=O)Nc1ccc(C)c(NC(=O)OC)c1,-11.3,,,,
2147439494,C[O][Zn][O]C(=O)c1ccccc1C(=O)OCCCCCOC(=O)Nc1cc(NC(=O)OCCCCCOC(=O)c2ccccc2C(C)=O)ccc1C,4.2,,,,
2147439495,CO[Si](C)(C)CCCC(=O)Oc1ccc(/C=N/c2ccc(/N=C/c3ccc(OC(=O)CCC[Si](C)(C)C)cc3)cc2)cc1,60.0,,,,
2147439496,CO[Si](C)(C)CCCC(=O)Oc1ccc(/C=N/c2ccc(Cc3ccc(/N=C/c4ccc(OC(=O)CCC[Si](C)(C)C)cc4)cc3)cc2)cc1,68.0,,,,
2147439497,CCC(CCCCCCOc1ccc(/N=N/c2ccc(OC)cc2)cc1)COC(=O)CCCCC(=O)OC,22.0,,,,
2147439498,CCC(CCCCCCOc1ccc(/N=N/c2ccc(C(F)(F)F)cc2)cc1)COC(=O)CCCCC(=O)OC,44.0,,,,
2147439499,CCC(CCCCCCOc1ccc(/N=N/c2ccc(C)cc2)cc1)COC(=O)CCCCC(=O)OC,29.0,,,,
2147439500,CCC(CCCCCCOc1ccc(/N=N/c2ccc(Cl)cc2)cc1)COC(=O)CCCCC(=O)OC,9.0,,,,
2147439501,CCC(CCCCCCOc1ccc(/N=N/c2ccc(Br)cc2)cc1)COC(=O)CCCCC(=O)OC,24.0,,,,
2147439502,COC(COC(=O)C12CC3CC(CC(C(C)=O)(C3)C1)C2)COc1ccc(/N=N/c2ccc(C#N)cc2)cc1,105.0,,,,
2147439503,COC(COC(=O)C1CCC(C(C)=O)CC1)COc1ccc(/N=N/c2ccc(C#N)cc2)cc1,106.0,,,,
2147439504,COC(COC(=O)c1ccccc1C(C)=O)COc1ccc(/N=N/c2ccc(C#N)cc2)cc1,105.0,,,,
2147439505,COC(COC(=O)c1ccc(C)cc1C(C)=O)COc1ccc(/N=N/c2ccc(C#N)cc2)cc1,124.0,,,,
2147439506,CC(=O)OCC(COc1ccc(/N=N/c2ccc(C#N)cc2)cc1)OC(=O)c1ncccc1C,130.0,,,,
2147439507,COC(COC(=O)c1cccc(C(C)=O)c1)COc1ccc(/N=N/c2ccc(C#N)cc2)cc1,119.0,,,,
2147439508,COC(COC(=O)c1cc(C(C)=O)cc(C(C)(C)C)c1)COc1ccc(/N=N/c2ccc(C#N)cc2)cc1,137.0,,,,
2147439509,COC(COC(=O)c1ccc(C(C)=O)cc1)COc1ccc(/N=N/c2ccc(C#N)cc2)cc1,122.0,,,,
2147439510,COc1cc(C(=O)OCC(COc2ccc(/N=N/c3ccc(C#N)cc3)cc2)OC)ccc1C(C)=O,120.0,,,,
2147439511,COC(COC(=O)c1ccc(C(C)=O)c2ccccc12)COc1ccc(/N=N/c2ccc(C#N)cc2)cc1,117.0,,,,
2147439512,COC(COC(=O)c1ccc2cc(C(C)=O)ccc2c1)COc1ccc(/N=N/c2ccc(C#N)cc2)cc1,138.0,,,,
2147439513,COC(COC(=O)c1ccccc1-c1ccccc1C(C)=O)COc1ccc(/N=N/c2ccc(C#N)cc2)cc1,120.0,,,,
2147439514,COC(COC(=O)c1ccc(-c2ccc(C(C)=O)cc2)cc1)COc1ccc(/N=N/c2ccc(C#N)cc2)cc1,141.0,,,,
2147439515,COC(COC(=O)c1cccc(-c2ccc(C(C)=O)cc2)c1)COc1ccc(/N=N/c2ccc(C#N)cc2)cc1,135.0,,,,
2147439516,COC(COC(=O)c1c(F)c(F)c(-c2c(F)c(F)c(C(C)=O)c(F)c2F)c(F)c1F)COc1ccc(/N=N/c2ccc(C#N)cc2)cc1,112.0,,,,
2147439517,CCCCCCCCc1cc(-c2ccc(C(=O)OCC(COc3ccc(/N=N/c4ccc(C#N)cc4)cc3)OC)c(F)c2F)c(CCCCCCCC)cc1-c1ccc(C(C)=O)c(F)c1F,61.0,,,,
2147439518,COc1ccc(-c2ccc(/N=N/c3ccc(C(C)=O)cc3)cc2)cc1,147.0,,,,
2147439519,CCCCCOC(=O)C(Cc1ccccc1)NC(=O)/C=C/C(=O)NC(Cc1ccccc1)C(=O)OC,103.0,,,,
2147439520,CCCCCCCOC(=O)C(Cc1ccccc1)NC(=O)/C=C/C(=O)NC(Cc1ccccc1)C(=O)OC,92.0,,,,
2147439521,CC/C=C/COC(=O)C(Cc1ccccc1)NC(=O)/C=C/C(=O)NC(Cc1ccccc1)C(=O)OC,109.0,,,,
2147439522,CC/C=C/COC(=O)C(Cc1ccccc1)NC(=O)CCCCC(=O)NC(Cc1ccccc1)C(=O)OC,61.0,,,,
2147439523,CC/C=C/COC(=O)C(Cc1ccccc1)NC(=O)CCCCCCCCC(=O)NC(Cc1ccccc1)C(=O)OC,46.0,,,,
2147439524,CCCOc1cc(C(=O)OCCN(CCC)c2ccc(/N=N/c3ccc(-c4nc5cc([N+](=O)[O-])ccc5[nH]4)cc3)cc2)ccc1C(=O)OC,152.0,,,,
2147439525,CCCOc1cc(C(=O)OCCN(CCC)c2ccc(/N=N/c3nc(C#N)c(C#N)[nH]3)cc2)ccc1C(=O)OC,152.0,,,,
2147439526,CCCCCOc1cc(C(=O)OCCN(CCC)c2ccc(/N=N/c3nc(C#N)c(C#N)[nH]3)cc2)ccc1C(=O)OC,131.0,,,,
2147439527,CCCN(CCOC(=O)c1cc(OCc2cc(OCc3ccccc3)cc(OCc3ccccc3)c2)cc(C(=O)OC)c1)c1ccc(/C=C/c2ccc(/C=C/C3=C(C#N)C(=C(C#N)C#N)OC3(c3ccccc3)C(F)(F)F)s2)cc1,130.0,,,,
2147439528,CCCN(CCOC(=O)c1cc(OCc2c(F)c(F)c(OC)c(F)c2F)cc(C(=O)OC)c1)c1ccc(/C=C/c2ccc(/C=C/C3=C(C#N)C(=C(C#N)C#N)OC3(c3ccccc3)C(F)(F)F)s2)cc1,140.0,,,,
2147439529,COc1ccc(/C(=C/c2ccc(-c3ccc(/C=C(\c4ccccc4)c4ccc(OC(=O)c5ccc(C(C)=O)cc5)cc4)cc3)cc2)c2ccccc2)cc1,236.0,,,,
2147439530,COc1ccc(/C(=C/c2ccc(-c3ccc(/C=C(\c4ccccc4)c4ccc(OC(=O)c5cccc(C(C)=O)c5)cc4)cc3)cc2)c2ccccc2)cc1,224.0,,,,
2147439531,COc1ccc(/C(=C/c2ccc(-c3ccc(/C=C(\c4ccccc4)c4ccc(OC(=O)CCCCC(C)=O)cc4)cc3)cc2)c2ccccc2)cc1,128.0,,,,
2147439532,COc1ccc(/C(=C/c2ccc(-c3ccc(/C=C(\c4ccccc4)c4ccc(OC(=O)CCCCCCCCC(C)=O)cc4)cc3)cc2)c2ccccc2)cc1,111.0,,,,
2147439533,CCCN(CCOC(=O)c1ccc(C(=O)OC)cc1)c1ccc(/N=N/c2ccc(-c3nc4ccc([N+](=O)[O-])cc4n3CC)cc2)cc1,149.0,,,,
2147439534,CCCN(CCOC(=O)c1cccc(C(=O)OC)c1)c1ccc(/N=N/c2ccc(-c3nc4ccc([N+](=O)[O-])cc4n3CC)cc2)cc1,147.0,,,,
2147439535,CCCN(CCOC(=O)c1ccc(C(=O)OC)c(OC)c1)c1ccc(/N=N/c2ccc(-c3nc4ccc([N+](=O)[O-])cc4n3CC)cc2)cc1,146.0,,,,
2147439536,CCCN(CCOC(=O)c1ccc(C(=O)OC)c(OC)c1)c1ccc(/N=N/c2ccc(/C=C/c3nc4ccc([N+](=O)[O-])cc4n3CC)cc2)cc1,173.0,,,,
2147439537,CCc1cc2cc(C(=O)Nc3ccc(-c4ccc(NC(=O)c5cc6cc(C)c(OC(=O)COc7ccc8ccc(=O)oc8c7)cc6oc5=O)cc4)cc3)c(=O)oc2cc1OC(=O)COc1ccc2ccc(=O)oc2c1,248.0,0.32178966,,,
2147439538,CCCOC(=O)/C=C/C(=O)NCCCCCCNC(=O)/C=C/C(=O)OC,89.0,,,,
2147439539,COc1ccc(NC(=O)/C=C/C(=O)NNC(=O)/C=C/C(=O)Nc2ccc(OC(=O)/C=C/C(=O)NNC(=O)/C=C/C(C)=O)cc2)cc1,265.0,,,,
2147439540,COc1ccc(NC(=O)/C=C/C(=O)NNC(=O)/C=C/C(=O)Nc2ccc(OC(=O)c3ccccc3C(=O)NNC(=O)c3ccccc3C(C)=O)cc2)cc1,240.0,,,,
2147439541,CC/C=C(/OC)C(CC)C(C)=O,-15.9,,,,
2147439542,CNc1ccc(C(C)(C)c2ccc(NC(=O)c3cc(C(C)=O)cc(N4C(=O)C5CC=CCC5C4=O)c3)cc2)cc1,308.0,,,,
2147439543,CNc1ccc(Cc2ccc(NC(=O)c3cc(C(C)=O)cc(N4C(=O)C5C6C=CC(C6)C5C4=O)c3)cc2)cc1,303.0,0.35689692,,,
2147439544,CNc1cccc(/C=C/c2ccc(NC(=O)c3cccc(C(C)=O)c3)cc2)c1,272.0,,,,
2147439545,CNc1cc(NC(=O)c2ccc(C(C)=O)cc2)cc(C(=O)Oc2cccc3ccccc23)c1,192.0,0.34233379,,,
2147439546,CC(=O)NNC(=O)c1ccc([Si](c2ccccc2)(c2ccccc2)c2ccc(C(=O)NNC(=O)c3ccc(C)nc3)cc2)cc1,240.0,0.37272461,,,
2147439547,CC(=O)NNC(=O)c1ccc([Si](c2ccccc2)(c2ccccc2)c2ccc(C(=O)NNC(=O)c3cncc(C)c3)cc2)cc1,234.0,0.36547823,,,
2147439548,CNc1ccc(NC(=O)Cc2cc(C)c(CC(C)=O)cc2C)cc1,175.0,0.3373035,,,
2147439549,CNc1cccc(NC(=O)Cc2cc(C)c(CC(C)=O)cc2C)c1,249.0,0.3367393,,,
2147439550,CNc1ccc(NC(=O)Cc2cc(CC(C)=O)c(C)cc2C)cc1,208.0,0.33730529,,,
2147439551,CNc1cccc(NC(=O)Cc2cc(CC(C)=O)c(C)cc2C)c1,222.0,0.33294467,,,
2147439552,CN/C(C#N)=C(\C#N)NC(=O)c1ccc(C(C)=O)cc1,232.0,,,,
2147439553,CNc1cc([N+](=O)[O-])c(NC(=O)CCCCCCCCCCCCC(C)=O)cc1/C=C/c1ccc(N(C)C)cc1,125.0,,,,
2147439554,CNc1cc([N+](=O)[O-])c(NC(=O)CCCCCCCCCCC(C)=O)cc1/C=C/c1ccc(N(C)C)cc1,144.0,,,,
2147439555,CNc1cc([N+](=O)[O-])c(NC(=O)CCCCCCCCC(C)=O)cc1/C=C/c1ccc(N(C)C)cc1,159.0,,,,
2147439556,CNc1cc([N+](=O)[O-])c(NC(=O)CCCCCCC(C)=O)cc1/C=C/c1ccc(N(C)C)cc1,180.0,,,,
2147439557,CNc1cc([N+](=O)[O-])c(NC(=O)CCCCC(C)=O)cc1/C=C/c1ccc(N(C)C)cc1,206.0,,,,
2147439558,C/N=N/c1ccc(C(=O)NCCCCNC(=O)c2ccc(C)cc2)cc1,215.0,,,,
2147439559,C/N=N/c1ccc(NC(=O)CCC(=O)Nc2ccc(C)cc2)cc1,220.0,,,,
2147439560,Cc1cccc(NC(=O)c2ccc(-c3ccc(C(=O)Nc4cccc(S(C)(=O)=O)c4)c(C)c3)cc2C)c1,260.0,0.3574533,,,
2147439561,CNc1ccc(-c2c(-c3ccccc3)cc(-c3ccc(-c4cc(-c5ccccc5)c(-c5ccc(NC(=O)c6ccc(C(C)=O)cc6)cc5)c(-c5ccccc5)c4)cc3)cc2-c2ccccc2)cc1,290.0,0.38336728,,,
2147439562,Cc1ccc(C(=O)NCCCCCCCCNC(=O)c2ccc(-c3nc4ccccc4nc3C)cc2)cc1,185.0,0.36159736,,,
2147439563,CCCCCCCCCCCCOC(=O)c1cc(NC(=O)c2ccc(NC(=O)CCCCCCCCCCCCC(=O)Nc3ccc(C(C)=O)cc3)cc2)ccc1NC,199.5,0.35882755,,,
2147439564,CCCCCCCCCCCCCCOC(=O)c1cc(NC(=O)c2ccc(NC(=O)CCCCCCCCCCCCC(=O)Nc3ccc(C(C)=O)cc3)cc2)ccc1NC,204.5,0.3595526,,,
2147439565,CCCCCCCCCCCCCCCCOC(=O)c1cc(NC(=O)c2ccc(NC(=O)CCCCCCCCCCC(=O)Nc3ccc(C(C)=O)cc3)cc2)ccc1NC,199.5,,,,
2147439566,CCCCCCCCCCCCCCCCOC(=O)c1cc(NC(=O)c2ccc(NC(=O)CCCCCCCCCCCCC(=O)Nc3ccc(C(C)=O)cc3)cc2)ccc1NC,250.0,0.36201115,,,
2147439567,CCCCCCCCCCCCCCCCCCOC(=O)c1cc(NC(=O)c2ccc(NC(=O)CCCCCCC(=O)Nc3ccc(C(C)=O)cc3)cc2)ccc1NC,305.0,0.35844067,,,
2147439568,CCCCCCCCCCCCCCCCCCOC(=O)c1cc(NC(=O)c2ccc(NC(=O)CCCCCCCCCCCCC(=O)Nc3ccc(C(C)=O)cc3)cc2)ccc1NC,191.0,0.36659861,,,
2147439569,CCCCCCCCCCCCCNC(=O)CCCCCCCCCCCCCCCCCCC(=O)NC,221.6,,0.349800281,0.913331359,23.84510584
2147439570,CCc1cccc(CNC(=O)C2=C(C(=O)NC)C3C=CC2C3)c1,291.0,,,,
2147439571,Cc1ccc(S(=O)(=O)c2ccc(-n3nc(-c4ccccc4)c4ccc(S(=O)(=O)c5ccc6c(-c7ccccc7)nn(C)c(=O)c6c5)cc4c3=O)cc2)cc1,422.0,,,,
2147439572,CCCCCCCN(CC(F)(F)C(F)(F)C(F)(F)C(F)(F)C(F)(F)C(F)(F)C(F)(F)F)C(=O)CCCCC(=O)N(C)CC(F)(F)C(F)(F)C(F)(F)C(F)(F)C(F)(F)C(F)(F)C(F)(F)F,119.4,,,,
2147439573,CNc1cc(NC(=O)c2cc(OCCCS(=O)(=O)c3ccc(/N=N/c4ccc(N(C)C)cc4)cc3)cc(C(C)=O)c2)cc(C(=O)OCCCN(C)c2ccc(/N=N/c3ccc(S(C)(=O)=O)cc3)cc2)c1,166.0,,,,
2147439574,CNc1cc(NC(=O)c2cc(OCCCN(C)c3ccc(/N=N/c4ccc(S(C)(=O)=O)cc4)cc3)cc(C(C)=O)c2)cc(C(=O)OCCCN(C)c2ccc(/N=N/c3ccc(S(C)(=O)=O)cc3)cc2)c1,168.0,,,,
2147439575,Cc1ccc(NC(=O)c2ccc(NC(=O)c3ccc([Si](C)(C)c4ccc(C(=O)Nc5ccc(C(=O)Nc6ccc(S(C)(=O)=O)cc6)cc5)cc4)cc3)cc2)cc1,315.0,0.3556199,,,
2147439576,CNc1cccc2c(NC(=O)c3ccc(NC(=O)c4ccc([Si](C)(C)c5ccc(C(=O)Nc6ccc(C(C)=O)cc6)cc5)cc4)cc3)cccc12,378.0,0.3612299,0.44,,
2147439577,Cc1ccc(/C=C(\C#N)C(=O)NC2CCCCC2NC(=O)/C(C#N)=C/c2ccc(N(c3ccccc3)c3ccc(N(C)c4ccccc4)cc3)cc2)cc1,239.0,0.39541341,,,
2147439578,CCOC(=O)c1cc(C(=O)c2ccc(C(=O)Nc3ccc(NC)cc3)c(C(=O)OCC)c2)ccc1C(C)=O,275.0,0.34534308,,,
2147439579,CCCNC(=O)c1ccc([Si](C)(C)c2ccc(C(=O)NCCN(C)c3ccc(/C=C/c4ccc([N+](=O)[O-])cc4)cc3)cc2)cc1,150.0,0.35386775,,,
2147439580,CCCC[Si](CCCC)(c1ccc(C(=O)NCCC)cc1)c1ccc(C(=O)NCCN(C)c2ccc(/C=C/c3ccc([N+](=O)[O-])cc3)cc2)cc1,115.0,0.35921769,,,
2147439581,CNc1ccc(Cc2ccc(NC(=O)c3cc(NC(=O)CCCN4C(=O)c5ccccc5C4=O)cc(C(C)=O)c3)cc2)cc1,220.0,0.33667621,,,
2147439582,CNc1ccc(C(c2ccc(NC(=O)c3cc(NC(=O)CCCN4C(=O)c5ccccc5C4=O)cc(C(C)=O)c3)cc2)(C(F)(F)F)C(F)(F)F)cc1,240.0,0.33372764,,,
2147439583,CNc1ccc(NC(=O)c2ccc(C(=O)c3ccc(C(C)=O)c(C(=O)O)c3)cc2C(=O)O)cc1,317.0,0.31794387,,,
2147439584,CNc1cc(NC(=O)c2cccc(C(C)=O)c2)cc(C(=O)OCCOc2ccc(/C=C/C(=O)c3ccccc3)cc2)c1,216.0,,,,
2147439585,CNc1cc(NC(=O)c2ccc(C(C)=O)cc2)cc(C(=O)OCCOc2ccc(/C=C/C(=O)c3ccccc3)cc2)c1,233.0,,,,
2147439586,CNc1cc(NC(=O)c2ccc(-c3ccc(C(C)=O)cc3)cc2)cc(C(=O)OCCOc2ccc(/C=C/C(=O)c3ccccc3)cc2)c1,254.0,,,,
2147439587,CNc1cc(NC(=O)c2ccc3cc(C(C)=O)ccc3c2)cc(C(=O)OCCOc2ccc(/C=C/C(=O)c3ccccc3)cc2)c1,247.0,,,,
2147439588,CNc1cc(NC(=O)c2cccc(C(C)=O)c2)cc(C(=O)OCCOC(=O)/C=C/c2ccc(N(C)C)cc2)c1,186.0,,,,
2147439589,CNc1cc(NC(=O)c2ccc(C(C)=O)cc2)cc(C(=O)OCCOC(=O)/C=C/c2ccc(N(C)C)cc2)c1,198.0,,,,
2147439590,CCC(C)(NC)C(C)=O,74.15,,,,
2147439591,CCCCC1(C)CCN(C(=O)CC(C)C(=O)N2CCC(C)(C)CC2)CC1,72.0,,,,
2147439592,Cc1ccc(NC(=O)c2cc(NC(=O)c3ccc(NC(=O)C(C)N4C(=O)c5ccccc5C4=O)cc3)cc(C(=O)Nc3ccc(S(C)(=O)=O)cc3)c2)cc1,208.0,,,,
2147439593,CCC(C)C(C(=O)Nc1cc(C(C)=O)cc(C(=O)Nc2ccc(C)c(NC)c2)c1)N1C(=O)c2ccccc2C1=O,166.0,0.34847575,,,
2147439594,CNc1cccc(NC(=O)c2cc(NC(=O)C(CCSC)N3C(=O)c4ccccc4C3=O)cc(C(C)=O)c2)c1,196.0,0.33770588,,,
2147439595,CNc1ccc(Cc2ccc(NC(=O)c3cc(NC(=O)c4ccc(NC(=O)C(CC(C)C)N5C(=O)c6ccccc6C5=O)cc4)cc(C(C)=O)c3)cc2)cc1,238.0,0.34741181,,,
2147439596,CCCCCCCNC(=O)c1cc(NC(=O)c2ccc(NC(=O)C(CC(C)C)N3C(=O)c4ccccc4C3=O)cc2)cc(C(=O)NC)c1,200.0,0.33657316,,,
2147439597,CC(=O)Nc1cc(NC(=O)c2ccc3[nH]c(-c4cc(-c5nc6cc(C)ccc6[nH]5)cc(N5C(=O)c6ccccc6C5=O)c4)nc3c2)cc(-c2nc3ccccc3[nH]2)c1,334.0,0.37637691,,,
2147439598,CC(=O)Nc1cccc(NC(=O)c2ccc3[nH]c(-c4cccc(-c5nc6cc(C)ccc6[nH]5)c4)nc3c2)n1,302.0,0.36871452,,,
2147439599,CC(=O)Nc1cc(NC(=O)c2ccc3[nH]c(-c4cccc(-c5nc6cc(C)ccc6[nH]5)c4)nc3c2)cc(-c2nc3ccccc3[nH]2)c1,315.0,,,,
2147439600,CNNC(=O)/C=C/C(=O)NCCCCCCNC(=O)/C=C/C(C)=O,102.4,,,,
2147439601,CNNC(=O)/C=C/C(=O)Nc1cccc(/C=C2\CC/C(=C\c3cccc(NC(=O)/C=C/C(C)=O)c3)C2=O)c1,104.6,,,,
2147439602,CNNC(=O)/C=C/C(=O)Nc1cccc(/C=C2\CCC/C(=C\c3cccc(NC(=O)/C=C/C(C)=O)c3)C2=O)c1,238.4,,,,
2147439603,CNNC(=O)c1ccccc1C(=O)Nc1cccc(/C=C2\CC/C(=C\c3cccc(NC(=O)c4ccccc4C(C)=O)c3)C2=O)c1,202.1,,,,
2147439604,CNNC(=O)c1ccccc1C(=O)Nc1cccc(/C=C2\CCC/C(=C\c3cccc(NC(=O)c4ccccc4C(C)=O)c3)C2=O)c1,195.0,,,,
2147439605,CCCN(CCOC(=O)Nc1ccc(C)c(NC(=O)OC)c1)c1ccc(/N=N/c2ccc([N+](=O)[O-])cc2)cc1,144.0,,,,
2147439606,CCCN(CCOC(=O)Nc1ccc(C)c(NC(=O)OC)c1)c1ccc(/N=N/c2ccc([N+](=O)[O-])cc2C)cc1,137.0,,,,
2147439607,CCCN(CCOC(=O)Nc1ccc(C)c(NC(=O)OC)c1)c1ccc(/C=C/c2ccc([N+](=O)[O-])cc2)cc1,121.0,,,,
2147439608,CCCN(CCOC(=O)Nc1ccc(C)c(NC(=O)OC)c1)c1ccc(/C=C2/NC(=O)NC2=O)cc1,178.0,,,,
2147439609,CCCN(CCOC(=O)Nc1ccc(Cc2ccc(NC(=O)OC)cc2)cc1)c1ccc(/N=N/c2ccc([N+](=O)[O-])cc2)c(C)c1,115.0,,,,
2147439610,CCCN(CCCCCCOc1ccc(/C=C/c2ccc([N+](=O)[O-])cc2)cc1)CCOC(=O)Nc1ccc(C)c(NC(=O)OC)c1,58.5,,,,
2147439611,CCCN(CCOC(=O)NCC1(C)CC(NC(=O)OC)CC(C)(C)C1)c1ccc(/N=N/c2ccc(B(c3c(C)cc(C)cc3C)c3c(C)cc(C)cc3C)cc2)cc1,146.0,,,,
2147439612,CCCN(CCOC(=O)Nc1ccc(C)c(NC(=O)OC)c1)c1ccc(/N=N/c2ccc(B(c3c(C)cc(C)cc3C)c3c(C)cc(C)cc3C)cc2)cc1,159.0,,,,
2147439613,CCCN(CCOC(=O)Nc1cccc(NC(=O)OC)c1C)c1ccc(/N=N/c2ccc([N+](=O)[O-])cc2)cc1,147.0,,,,
2147439614,CCCN(CCOC(=O)NCC1(C)CC(NC(=O)OC)CC(C)(C)C1)c1ccc(/N=N/c2ccc([N+](=O)[O-])cc2)cc1,137.0,,,,
2147439615,CCCN(CCOC(=O)Nc1ccc(C)c(NC(=O)OC)c1)c1ccc(/N=N/c2ccc([N+](=O)[O-])cc2C)c(C)c1,135.0,,,,
2147439616,CCCN(CCOC(=O)Nc1ccc(Cc2ccc(NC(=O)OC)cc2)cc1)c1ccc(/N=N/c2ccc([N+](=O)[O-])cc2C)c(C)c1,130.0,,,,
2147439617,CCCN(CCOC(=O)Nc1cccc(NC(=O)OC)c1C)c1ccc(/C=C/c2ccc([N+](=O)[O-])cc2)cc1,123.0,,,,
2147439618,CCCN(CCOC(=O)Nc1ccc(-c2ccc(NC(=O)OC)c(OC)c2)cc1OC)c1ccc(/N=N/c2ccc([N+](=O)[O-])cc2)cc1,140.0,,,,
2147439619,CCCN(CCOC(=O)Nc1ccc(C)c(NC(=O)OC)c1)c1ccc(/N=N/c2ccc(-c3nc4ccccc4o3)cc2)cc1,152.0,,,,
2147439620,CCCN(CCOC(=O)NC(C)(C)c1cccc(C(C)(C)NC(=O)OC)c1)c1ccc(/N=N/c2ccc([N+](=O)[O-])cc2)cc1,103.0,,,,
2147439621,CCCN(CCOC(=O)Nc1ccc(Cc2ccc(NC(=O)OC)cc2)cc1)c1ccc(/N=N/c2ccc([N+](=O)[O-])cc2)cc1,136.4,,,,
2147439622,CCCN(CCOC(=O)Nc1ccc(-c2ccc(NC(=O)OC)c(C)c2)cc1C)c1ccc(/N=N/c2ccc([N+](=O)[O-])cc2)cc1,119.5,,,,
2147439623,CCCN(CCOC(=O)NCC1(C)CC(NC(=O)OC)CC(C)(C)C1)c1ccc(/N=N/c2ccc(C#N)cc2)cc1,136.0,,,,
2147439624,CCCC[n+]1ccc(/C=C/c2ccc(N(CCC)CCOC(=O)Nc3ccc(C)c(NC(=O)OC)c3)cc2)cc1,121.0,,,,
2147439625,CCCN(CCOC(=O)Nc1ccc(Cc2ccc(NC(=O)OC)cc2)cc1)c1ccccc1,31.9,0.34479226,,,
2147439626,CCCN(CCOC(=O)Nc1ccc(C)c(NC(=O)OC)c1)c1ccc(/N=N/c2ccc(-c3nc4cc([N+](=O)[O-])ccc4[nH]3)cc2)cc1,188.0,,,,
2147439627,CCCN(CCOC(=O)Nc1ccc(C)c(NC(=O)OC)c1)c1ccc(/N=N/c2ccc(/N=N/c3cc(OC)c(/N=N/c4ccc([N+](=O)[O-])cc4)cc3OC)c(C)c2)cc1,148.0,,,,
2147439628,CCCN(CCCCCOc1ccc(/N=N/c2ccccc2)cc1)CCOC(=O)Nc1ccc(Cc2ccc(NC(=O)OC)cc2)cc1,59.6,,,,
2147439629,CCCN(CCCCCCOc1ccc(/N=N/c2ccccc2)cc1)CCOC(=O)Nc1ccc(Cc2ccc(NC(=O)OC)cc2)cc1,44.0,,,,
2147439630,CCCN(CCOC(=O)Nc1ccc(C)c(NC(=O)OC)c1)c1ccc(/N=N/c2ccc(-c3nc4ccc([N+](=O)[O-])cc4n3CC)cc2)cc1,158.0,,,,
2147439631,CCCN(CCOC(=O)Nc1ccc(C)c(NC(=O)OC)c1)c1ccc(/N=N/c2ccc(/C=C/c3nc4ccc([N+](=O)[O-])cc4n3CC)cc2)cc1,171.0,,,,
2147439632,COc1ccc(/N=C/C=N/c2ccc(OC(=O)Nc3ccc(Cc4ccc(NC(C)=O)cc4)cc3)cc2)cc1,133.0,,,,
2147439633,COc1ccc(/N=C/C=N/c2ccc(OC(=O)Nc3cc(NC(C)=O)ccc3C)cc2)cc1,76.0,,,,
2147439634,COc1ccc(/N=C/C=N/c2ccc(OC(=O)NC3CC(C)(C)CC(C)(CNC(C)=O)C3)cc2)cc1,62.0,,,,
2147439635,COc1ccc(/N=C/C=N/c2ccc(OC(=O)NCCCCCCNC(C)=O)cc2)cc1,80.0,,,,
2147439636,COc1ccc(/N=C/CCC/C=N/c2ccc(OC(=O)Nc3ccc(Cc4ccc(NC(C)=O)cc4)cc3)cc2)cc1,76.0,,,,
2147439637,COc1ccc(/N=C/CCC/C=N/c2ccc(OC(=O)Nc3cc(NC(C)=O)ccc3C)cc2)cc1,69.0,,,,
2147439638,COc1ccc(/N=C/CCC/C=N/c2ccc(OC(=O)NC3CC(C)(C)CC(C)(CNC(C)=O)C3)cc2)cc1,66.0,,,,
2147439639,COc1ccc(/N=C/CCC/C=N/c2ccc(OC(=O)NCCCCCCNC(C)=O)cc2)cc1,72.0,,0.417,,
2147439640,CNc1ccc(Cc2ccc(NC(=O)NCCCCCCCCCNC(C)=O)cc2)cc1,-50.0,0.35319219,0.297,,
2147439641,CNc1ccccc1CCc1ccccc1NC(=O)Nc1ccc(CCc2ccc(NC(C)=O)cc2)cc1,235.0,0.35411182,0.349,,
2147439642,CNc1ccc(Cc2ccc(NC(=O)Nc3ccccc3CCc3ccc(NC(C)=O)cc3)cc2)cc1,217.0,0.35103259,0.325,,
2147439643,CNc1cc(NC(=O)Nc2ccc(Cc3ccc(NC(C)=O)cc3)cc2)cc(C(=O)Nc2ccc3c(c2)C(=O)c2ccccc2C3=O)c1,168.0,0.33705899,0.326,,
2147439644,CNc1cc(NC(=O)Nc2ccc(NC(C)=O)cc2)cc(C(=O)Nc2cccc3c2C(=O)c2ccccc2C3=O)c1,190.0,0.32684433,0.252,,
2147439645,Cc1ccc(C(=O)Nc2cccc(-n3c(=O)c4cc5c(=O)n(C)c(=O)c5cc4c3=O)c2)cc1,390.0,,0.207,,
2147439646,CC(=O)Nc1ccc(-c2ccc(NC(=O)c3ccc4c(c3)C(=O)N(c3ccc(Oc5ccc(N6C(=O)c7ccc(C)cc7C6=O)cc5)cc3)C4=O)cc2)cc1,315.0,0.35523486,0.294,,
2147439647,Cc1cccc(NC(=O)c2cccc(C(=O)Nc3cccc(-n4c(=O)c5cc6c(=O)n(C)c(=O)c6cc5c4=O)c3)c2)c1,338.0,,,,
2147439648,CCCCCCCCCCN1C(=O)c2ccc(Oc3ccc4c(c3)C(=O)N(C)C4=O)cc2C1=O,89.0,0.34911033,,,
2147439649,CCCCCCCCCCCN1C(=O)c2ccc(Oc3ccc4c(c3)C(=O)N(C)C4=O)cc2C1=O,91.5,0.34969426,,,
2147439650,CCCCCCCCCCCCCN1C(=O)c2ccc(Oc3ccc4c(c3)C(=O)N(C)C4=O)cc2C1=O,70.0,,,,
2147439651,Cc1ccc(S(=O)(=O)c2ccc(-n3c(=O)c4cc5c(=O)n(C)c(=O)c5cc4c3=O)cc2)cc1,350.0,,,,
2147439652,Cc1cccc(S(=O)(=O)c2cccc(-n3c(=O)c4cc5c(=O)n(C)c(=O)c5cc4c3=O)c2)c1,360.0,,,,
2147439653,Cc1cc(-n2c(=O)c3cc4c(=O)n(C)c(=O)c4cc3c2=O)c(O)cc1O,362.0,,,,
2147439654,Cc1ccc(Oc2cc(C(C)(C)C)c(Oc3ccc(-n4c(=O)c5cc6c(=O)n(C)c(=O)c6cc5c4=O)cc3)cc2C(C)(C)C)cc1,298.0,,,,
2147439655,Cc1ccc(-c2ccc(NC(=O)c3cccc(C(=O)Nc4ccc(-c5ccc(N6C(=O)c7ccc(Oc8ccc9c(c8)C(=O)N(C)C9=O)cc7C6=O)cc5)cc4)c3)cc2)cc1,233.0,0.35467611,,,
2147439656,Cc1ccc(-c2ccc(NC(=O)c3cccc(C(=O)Nc4ccc(-c5ccc(-n6c(=O)c7cc8c(=O)n(C)c(=O)c8cc7c6=O)cc5)cc4)c3)cc2)cc1,227.0,,,,
2147439657,Cc1cccc(C(=O)Nc2ccc(Oc3ccc(Oc4ccc(Oc5ccc(NC(=O)c6cccc(N7C(=O)c8ccc(-c9ccc%10c(c9)C(=O)N(C)C%10=O)cc8C7=O)c6)cc5)cc4)cc3)cc2)c1,244.0,0.35608701,,,
2147439658,Cc1cccc(C(=O)Nc2ccc(Oc3ccc(Oc4ccc(NC(=O)c5cccc(N6C(=O)c7ccc(-c8ccc9c(c8)C(=O)N(C)C9=O)cc7C6=O)c5)cc4)cc3)cc2)c1,244.0,0.35757013,,,
2147439659,Cc1cccc(C(=O)Nc2ccc(Oc3ccc(-c4ccc(Oc5ccc(NC(=O)c6cccc(N7C(=O)c8ccc(-c9cccc%10c9C(=O)N(C)C%10=O)cc8C7=O)c6)cc5)cc4)cc3)cc2)c1,275.0,0.35563189,,,
2147439660,Cc1cccc(C(=O)Nc2cccc(S(=O)(=O)c3cccc(NC(=O)c4cccc(N5C(=O)c6ccc(-c7cccc8c7C(=O)N(C)C8=O)cc6C5=O)c4)c3)c2)c1,261.0,0.35520964,,,
2147439661,Cc1cccc(C(=O)Nc2ccc(NC(=O)c3cccc(N4C(=O)c5ccc(-c6cccc7c6C(=O)N(C)C7=O)cc5C4=O)c3)cc2)c1,328.0,0.34929698,,,
2147439662,CCC(C)(C)C1C(=O)N(C2CCCCC2)C(=O)C1C,192.0,0.36558232,,,
2147439663,CCC(c1ccccc1)C1C(=O)N(CCCN(CC)c2ccc(/N=N/c3ccc([N+](=O)[O-])cc3)c(C)c2)C(=O)C1C,137.0,,,,
2147439664,CCC(c1ccccc1)C1C(=O)N(CCCN(CC)c2ccc(/N=N/c3ccc([N+](=O)[O-])cc3Cl)c(C)c2)C(=O)C1C,149.0,,,,
2147439665,CCC(c1ccccc1)C1C(=O)N(CCN(CC)c2ccc(/N=N/c3ccc([N+](=O)[O-])cc3)cc2)C(=O)C1C,172.0,,,,
2147439666,Cc1ccc(C(c2ccccc2)c2ccc(-n3c(=O)c4cc5c(=O)n(C)c(=O)c5cc4c3=O)cc2)cc1,321.0,,,,
2147439667,CC(=O)Nc1ccc(Oc2cccc(NC(=O)c3ccc4c(c3)C(=O)N(c3ccc(Oc5ccc(C6(c7ccc(Oc8ccc(N9C(=O)c%10ccc(C)cc%10C9=O)cc8)cc7)NC(=O)c7ccccc76)cc5)cc3)C4=O)c2)cc1,302.0,0.36268788,,,
2147439668,CC(=O)c1ccc(Oc2ccc(Oc3ccc(C(=O)c4ccc5c(c4)C(=O)N(c4ccc(N6C(=O)c7ccc(C)cc7C6=O)cc4)C5=O)cc3)cc2)cc1,236.0,0.36785413,,,
2147439669,CC(=O)c1ccc(-c2ccc(C(C)(C)c3ccc(-c4ccc(C(=O)c5ccc6c(c5)C(=O)N(c5ccc(Cc7ccc(N8C(=O)c9ccc(C)cc9C8=O)cc7)cc5)C6=O)cc4)cc3)cc2)cc1,216.0,0.38251752,,,
2147439670,CC(=O)c1ccc(Oc2ccc(S(=O)(=O)c3ccc(Oc4ccc(C(=O)c5ccc6c(c5)C(=O)N(c5ccc(Cc7ccc(N8C(=O)c9ccc(C)cc9C8=O)cc7)cc5)C6=O)cc4)cc3)cc2)cc1,245.0,0.37320978,,,
2147439671,Cc1ccc(Oc2cccc(-n3c(=O)c4cc5c(=O)n(C)c(=O)c5cc4c3=O)c2)cc1,397.0,,,,
2147439672,Cc1ccc(-c2ccc(N3C(=O)c4ccc(-c5ccc6c(c5)C(=O)N(C)C6=O)cc4C3=O)cc2C(F)(F)F)c(C(F)(F)F)c1,317.5,0.40447598,0.281094364,1.235348797,42.79849318
2147439673,CC(=O)Oc1ccc(C(C)(C)c2ccc(OC(=O)c3ccc4c(c3)C(=O)N(c3ccc(Oc5ccc(N6C(=O)c7ccc(C)cc7C6=O)cc5)cc3)C4=O)cc2)cc1,200.0,0.36144044,0.279921661,1.224361443,26.8627259
2147439674,CC(=O)c1ccc2c(c1)C(=O)N(c1ccc(/C=C/c3ccc(N4C(=O)c5ccc(C)cc5C4=O)cc3)cc1)C2=O,303.0,,,,
2147439675,Cc1cccc(C(=O)c2cccc(-n3c(=O)c4cc5c(=O)n(C)c(=O)c5cc4c3=O)c2)c1,321.0,,,,
2147439676,Cc1ccc(Sc2ccc(-n3c(=O)c4cc5c(=O)n(C)c(=O)c5cc4c3=O)cn2)nc1,359.0,,,,
2147439677,CCC(C)(C)C1C(=O)N(c2ccccc2C)C(=O)C1C,207.0,,,,
2147439678,CCCCCCCCCCCC(=O)Nc1ccc(Cc2ccc(NC(=O)CCCCCCCCCCN3C(=O)c4ccc(C(=O)c5ccc6c(c5)C(=O)N(C)C6=O)cc4C3=O)cc2)cc1,136.0,0.35192407,,,
2147439679,Cc1ccc2c(c1)C(=O)N(c1ccc3c(c1)-c1cc(N4C(=O)c5ccc(C(C)(C(F)(F)F)C(F)(F)F)cc5C4=O)ccc1C3)C2=O,394.0,,0.174130825,1.262253686,20.41355015
2147439680,Cc1ccc(Oc2ccc(C(c3ccc(Oc4ccc(N5C(=O)c6ccc(Oc7ccc8c(c7)C(=O)N(C)C8=O)cc6C5=O)cc4)cc3)(C(F)(F)F)C(F)(F)F)cc2)cc1,264.0,0.37553925,0.211511474,1.295800467,24.10217745
2147439681,Cc1cccc(Oc2cccc(Oc3cccc(N4C(=O)c5ccc(Oc6ccc(Sc7ccc(Oc8ccc9c(c8)C(=O)N(C)C9=O)cc7)cc6)cc5C4=O)c3)c2)c1,190.5,0.36222427,,,
2147439682,Cc1cccc(Oc2cccc(Oc3cccc(-n4c(=O)c5cc6c(=O)n(C)c(=O)c6cc5c4=O)c3)c2)c1,221.0,,0.22483537,1.295820551,23.18124192
2147439683,Cc1ccc(Oc2ccc(Oc3ccc(N4C(=O)c5ccc(Oc6ccc(Oc7ccc(Oc8ccc9c(c8)C(=O)N(C)C9=O)cc7)cc6)cc5C4=O)cc3)cc2)cc1,203.0,0.36392805,,,
2147439684,Cc1ccc(Oc2ccc(Sc3ccc(Oc4ccc(N5C(=O)c6ccc(Oc7ccc(Oc8ccc(Oc9ccc%10c(c9)C(=O)N(C)C%10=O)cc8)cc7)cc6C5=O)cc4)cc3)cc2)cc1,194.0,,,,
2147439685,Cc1cccc(Cc2cccc(N3C(=O)c4ccc([Si](C)(C)O[Si](C)(C)O[Si](C)(C)c5ccc6c(c5)C(=O)N(C)C6=O)cc4C3=O)c2)c1,208.0,0.38675185,,,
2147439686,CCOP(=O)(Cc1ccc(N2C(=O)c3ccc(C(C)=O)cc3C2=O)cc1N1C(=O)c2ccc(C)cc2C1=O)OCC,218.0,,,,
2147439687,Cc1ccc2c(c1)C(=O)N(c1cccc(C(c3cccc(N4C(=O)c5ccc(C(C)(C(F)(F)F)C(F)(F)F)cc5C4=O)c3)(C(F)(F)F)C(F)(F)F)c1)C2=O,263.0,0.38091589,,,
2147439688,Cc1ccc(C(=O)c2cccc(-n3c(=O)c4cc5c(=O)n(C)c(=O)c5cc4c3=O)c2)cc1,340.0,,,,
2147439689,Cc1ccc(Oc2ccccc2-n2c(=O)c3cc4c(=O)n(C)c(=O)c4cc3c2=O)cc1,386.0,,,,
2147439690,Cc1ccc(Cc2cccc(-n3c(=O)c4cc5c(=O)n(C)c(=O)c5cc4c3=O)c2)cc1,339.0,,,,
2147439691,Cc1cccc(Cc2cccc(-n3c(=O)c4cc5c(=O)n(C)c(=O)c5cc4c3=O)c2)c1,327.5,,,,
2147439692,Cc1ccc(Cc2ccccc2-n2c(=O)c3cc4c(=O)n(C)c(=O)c4cc3c2=O)cc1,356.5,,,,
2147439693,COc1ccc(Oc2ccc(OC(=O)NC(=O)c3cc(C(=O)NC(C)=O)cc(C(C)(C)C)c3)cc2)cc1,114.5,0.33792975,,,
2147439694,CC(=O)OCCOCCOCCOC(=O)c1ccc(N2C(=O)c3ccc(C)cc3C2=O)cc1,63.0,,0.111,,
2147439695,Cc1ccc2c(c1)C(=O)N(c1cccc(Oc3ccc(P(=O)(c4ccccc4)c4ccc(Oc5cccc(N6C(=O)c7ccc(C(C)(C(F)(F)F)C(F)(F)F)cc7C6=O)c5)cc4)cc3)c1)C2=O,243.0,0.37783134,,,
2147439696,CC(=O)Nc1ccc(Oc2ccc(C(C)(C)c3ccc(Oc4ccc(NC(=O)c5ccc(N6C(=O)c7ccc(C)cc7C6=O)cc5)cc4)cc3)cc2)cc1,216.0,0.36224354,,,
2147439697,CC(=O)Nc1ccc(Oc2ccc(C(C)(C)c3ccc(Oc4ccc(NC(=O)c5ccc6c(c5)C(=O)N(c5ccc(Oc7cccc(N8C(=O)c9ccc(C)cc9C8=O)c7)cc5)C6=O)cc4)cc3)cc2)cc1,207.0,0.36079128,,,
2147439698,Cc1ccc2c(c1)C(=O)N(c1cccc(C(=O)Nc3ccc(Oc4ccc(NC(=O)c5cccc(N6C(=O)c7ccc(C(C)(C(F)(F)F)C(F)(F)F)cc7C6=O)c5)cc4)cc3)c1)C2=O,298.0,0.35705395,,,
2147439699,Cc1ccc(Oc2ccccc2Oc2ccc(N3C(=O)c4ccc(Oc5ccccc5Oc5ccc6c(c5)C(=O)N(C)C6=O)cc4C3=O)cc2)cc1,193.0,0.35809599,,,
2147439700,CCCCCCCCN1C(=O)c2ccc(Oc3ccc4c(c3)C(=O)N(C)C4=O)cc2C1=O,110.0,0.3473574,,,
2147439701,CCCCCCCCCCCCN1C(=O)c2ccc(Oc3ccc4c(c3)C(=O)N(C)C4=O)cc2C1=O,74.0,0.3550053,,,
2147439702,Cc1ccc(Oc2ccc(N3C(=O)c4ccc(P(=O)(c5ccccc5)c5ccc6c(c5)C(=O)N(C)C6=O)cc4C3=O)cc2)cc1,318.0,0.39239064,,,
2147439703,Cc1cccc(N2C(=O)c3ccc(C(c4ccc5c(c4)C(=O)N(c4cccc(-n6c(=O)c7cc8c(=O)n(C)c(=O)c8cc7c6=O)c4)C5=O)(C(F)(F)F)C(F)(F)F)cc3C2=O)c1,338.0,,,,
2147439704,Cc1ccc(N2C(=O)c3ccc(C(c4ccc5c(c4)C(=O)N(c4ccc(N6C(=O)c7ccc(-c8ccc9c(c8)C(=O)N(C)C9=O)cc7C6=O)cc4)C5=O)(C(F)(F)F)C(F)(F)F)cc3C2=O)cc1,342.0,0.39383584,,,
2147439705,CC(=O)c1ccc2c(c1)C(=O)N(c1cccc(NC(=O)c3cccc(C(=O)Nc4cccc(N5C(=O)c6ccc(C)cc6C5=O)c4)c3)c1)C2=O,204.0,0.3482104,,,
2147439706,CC(=O)Nc1ccc(Sc2ccc(NC(=O)c3ccc4c(c3)C(=O)N(c3ccc(Oc5ccc(N6C(=O)c7ccc(C)cc7C6=O)cc5)cc3)C4=O)cc2)cc1,284.0,0.35778072,,,
2147439707,Cc1ccc(-c2ccc(-n3c(=O)c4c(C(F)(F)F)c5c(=O)n(C)c(=O)c5c(C(F)(F)F)c4c3=O)cc2C(F)(F)F)c(C(F)(F)F)c1,304.0,,,,
2147439708,Cc1ccc(-c2ccc(-n3c(=O)c4cc5c(=O)n(C)c(=O)c5c(C(F)(F)F)c4c3=O)cc2C(F)(F)F)c(C(F)(F)F)c1,373.0,,,,
2147439709,Cc1ccc(-c2ccc(-n3c(=O)c4cc5c(=O)n(C)c(=O)c5cc4c3=O)cc2C(F)(F)F)c(C(F)(F)F)c1,358.0,,0.382911128,1.23558415,61.40371465
2147439710,Cc1ccc(-c2ccc(-n3c(=O)c4c(C(F)(F)F)c5c(=O)n(C)c(=O)c5c(C(F)(F)F)c4c3=O)cc2C)c(C)c1,385.0,,,,
2147439711,Cc1ccc(-c2ccc(-n3c(=O)c4cc5c(=O)n(C)c(=O)c5c(C(F)(F)F)c4c3=O)cc2C)c(C)c1,373.0,,,,
2147439712,Cc1ccc(-c2ccc(-n3c(=O)c4cc5c(=O)n(C)c(=O)c5cc4c3=O)cc2C)c(C)c1,364.5,,,,
2147439713,Cc1ccc(-c2ccc(-c3ccc(-n4c(=O)c5c(C(F)(F)F)c6c(=O)n(C)c(=O)c6c(C(F)(F)F)c5c4=O)cc3)cc2)cc1,364.0,,,,
2147439714,Cc1ccc(-c2ccc(-c3ccc(-n4c(=O)c5cc6c(=O)n(C)c(=O)c6c(C(F)(F)F)c5c4=O)cc3)cc2)cc1,364.0,,,,
2147439715,CC(=O)c1cc2c(cc1Cl)C(=O)N(c1cc(Cl)c(N3C(=O)c4cc(C)c(Cl)cc4C3=O)cc1Cl)C2=O,367.0,0.40503796,,,
2147439716,Cc1ccc(S(=O)(=O)c2ccc(N3C(=O)c4ccc(-c5ccc6c(c5)C(=O)N(C)C6=O)cc4C3=O)cc2)cc1,350.0,0.37525452,0.280663141,1.251668706,27.18683095
2147439717,Cc1ccc2c(c1)C(=O)N(c1ccc(OCCOCCOCCOCCOc3ccc(N4C(=O)c5ccc(C(C)(C(F)(F)F)C(F)(F)F)cc5C4=O)cc3)cc1)C2=O,140.0,0.34187588,,,
2147439718,Cc1ccc(Oc2ccc(C(=O)c3ccc(Oc4ccc(-c5c6c(c(C)c7ccccc57)C(=O)N(C)C6=O)cc4)cc3)cc2)cc1,283.0,0.37568068,,,
2147439719,CCCCCCCCCCCCN1C(=O)c2c(c(-c3ccc(Oc4ccc(C(=O)c5ccc(Oc6ccc(C)cc6)cc5)cc4)cc3)c3ccccc3c2C)C1=O,147.0,0.37658949,,,
2147439720,CCCCCCCCCCCCN1C(=O)c2c(c(-c3ccc(Oc4ccc(C(=O)c5cccc(C(=O)c6ccc(Oc7ccc(C)cc7)cc6)c5)cc4)cc3)c3ccccc3c2C)C1=O,140.0,,,,
2147439721,Cc1ccc(-c2ccc(-n3c(=O)c4cc5c(=O)n(C)c(=O)c5cc4c3=O)cc2OC(F)(F)F)c(OC(F)(F)F)c1,384.0,,0.342393297,1.340617278,62.99034126
2147439722,C/C(C#N)=C(\C#N)n1c(=O)c2cc3c(=O)n(C)c(=O)c3cc2c1=O,210.0,,,,
2147439723,Cc1cc(C(c2ccc(O)c(-n3c(=O)c4cc5c(=O)n(C)c(=O)c5cc4c3=O)c2)(C(F)(F)F)C(F)(F)F)ccc1O,350.0,,0.188839787,1.357726456,20.57736407
2147439724,Cc1cc(-c2cc(C)c(-n3c(=O)c4cc5c(=O)n(C)c(=O)c5cc4c3=O)c(C)c2)cc(C)c1C,340.0,,,,
2147439725,Cc1cc(-c2cc(C)c(N3C(=O)c4ccc(-c5ccc6c(c5)C(=O)N(C)C6=O)cc4C3=O)c(C)c2)cc(C)c1C,285.0,0.41438034,,,
2147439726,Cc1cc(C)c(-c2c(C)cc(-n3c(=O)c4cc5c(=O)n(C)c(=O)c5cc4c3=O)cc2C)c(C)c1,353.0,,,,
2147439727,Cc1cc(C)c(-c2c(C)cc(N3C(=O)c4ccc(-c5ccc6c(c5)C(=O)N(C)C6=O)cc4C3=O)cc2C)c(C)c1,280.0,0.42456606,,,
2147439728,Cc1ccc(-n2c(=O)c3cc4c(=O)n(C)c(=O)c4cc3c2=O)c(S(=O)(=O)[O][Na])c1,227.0,,,,
2147439729,Cc1ccc(/C=C/c2ccc(-n3c(=O)c4cc5c(=O)n(C)c(=O)c5cc4c3=O)cc2S(=O)(=O)[O][Na])c(S(=O)(=O)[O][Na])c1,228.0,,,,
2147439730,Cc1ccc(-c2ccc(N3C(=O)c4ccc(Oc5ccc(Oc6ccc7c(c6)C(=O)N(C)C7=O)cc5)cc4C3=O)cc2)cc1,266.0,0.36285392,,,
2147439731,COc1cc(-c2ccc(N3C(=O)c4ccc(Oc5ccc(Oc6ccc7c(c6)C(=O)N(C)C7=O)cc5)cc4C3=O)c(OC)c2)ccc1C,274.0,0.36448396,,,
2147439732,Cc1ccc(Cc2ccc(N3C(=O)c4ccc(Oc5ccc(Oc6ccc7c(c6)C(=O)N(C)C7=O)cc5)cc4C3=O)cc2)cc1,259.0,0.36838096,,,
2147439733,Cc1ccc(C(C)(C)c2ccc(N3C(=O)c4ccc(Oc5ccc(Oc6ccc7c(c6)C(=O)N(C)C7=O)cc5)cc4C3=O)cc2)cc1,264.0,0.38365681,,,
2147439734,COc1cc(Cc2ccc(N3C(=O)c4ccc(Oc5ccc(Oc6ccc7c(c6)C(=O)N(C)C7=O)cc5)cc4C3=O)c(OC)c2)ccc1C,269.0,0.37197016,,,
2147439735,Cc1cccc(Oc2cccc(-n3c(=O)c4cc5c(=O)n(C)c(=O)c5cc4c3=O)c2)c1,283.5,,,,
2147439736,Cc1cccc(Oc2ccc(C(c3ccc(Oc4cccc(-n5c(=O)c6cc7c(=O)n(C)c(=O)c7cc6c5=O)c4)cc3)(C(F)(F)F)C(F)(F)F)cc2)c1,235.0,,,,
2147439737,CCCCCCC(=O)Oc1ccc(OC(=O)CCCCCn2c(=O)c3cc4c(=O)n(C)c(=O)c4cc3c2=O)c(C)c1,78.0,,,,
2147439738,CCCCCCC(=O)Oc1ccc(OC(=O)CCCCCn2c(=O)c3cc4c(=O)n(C)c(=O)c4cc3c2=O)c(Cl)c1,87.0,,,,
2147439739,CCCCCCC(=O)Oc1ccc(OC(=O)CCCCCn2c(=O)c3cc4c(=O)n(C)c(=O)c4cc3c2=O)c(-c2ccccc2)c1,82.0,,,,
2147439740,CCCCCCC(=O)Oc1ccc(Oc2ccc(OC(=O)CCCCCn3c(=O)c4cc5c(=O)n(C)c(=O)c5cc4c3=O)cc2)cc1,91.0,,,,
2147439741,CCCCCCC(=O)Oc1ccc2ccc(OC(=O)CCCCCn3c(=O)c4cc5c(=O)n(C)c(=O)c5cc4c3=O)cc2c1,98.0,,,,
2147439742,CCCCCCCCCCCC(=O)Oc1ccc2cc(OC(=O)CCCCCCCCCCn3c(=O)c4cc5c(=O)n(C)c(=O)c5cc4c3=O)ccc2c1,66.0,,,,
2147439743,CCCCCCCCCCCCC(=O)Oc1ccc2cc(OC(=O)CCCCCCCCCCCn3c(=O)c4cc5c(=O)n(C)c(=O)c5cc4c3=O)ccc2c1,62.0,,,,
2147439744,Cc1ccc(Oc2ccc(N3C(=O)c4ccc([Si](C)(C)c5ccc6c(c5)C(=O)N(C)C6=O)cc4C3=O)cc2)cc1,274.0,0.38889031,,,
2147439745,Cc1ccc(Cc2ccc(N3C(=O)c4ccc(Sc5ccc6c(c5)C(=O)N(C)C6=O)cc4C3=O)cc2)cc1,265.0,0.37611089,,,
2147439746,Cc1ccc(Cc2ccc(N3C(=O)c4ccc(S(=O)(=O)c5ccc6c(c5)C(=O)N(C)C6=O)cc4C3=O)cc2)cc1,319.0,0.38388245,,,
2147439747,Cc1ccc2c(c1)C(=O)N(c1ccc(Oc3ccc(S(=O)(=O)c4ccc(Oc5ccc(N6C(=O)c7ccc(C(C)(C(F)(F)F)C(F)(F)F)cc7C6=O)cc5)cc4)cc3)cc1)C2=O,276.5,0.37337767,,,
2147439748,Cc1cccc(OP(=O)(Oc2cccc(-n3c(=O)c4cc5c(=O)n(C)c(=O)c5cc4c3=O)c2)c2ccccc2)c1,191.0,,,,
2147439749,CC(=O)Nc1ccc(S(=O)(=O)c2ccc(NC(=O)c3ccc4c(c3)C(=O)N(c3ccc(-c5sc(-c6ccc(N7C(=O)c8ccc(C)cc8C7=O)cc6)c(-c6ccccc6)c5-c5ccccc5)cc3)C4=O)cc2)cc1,340.0,0.39133819,,,
2147439750,CC(=O)Nc1ccc(Oc2ccc(Oc3ccc(NC(=O)c4ccc5c(c4)C(=O)N(c4ccc(-c6sc(-c7ccc(N8C(=O)c9ccc(C)cc9C8=O)cc7)c(-c7ccccc7)c6-c6ccccc6)cc4)C5=O)cc3)cc2)cc1,303.0,0.38060777,,,
2147439751,CCCCCCCOC(=O)OCCCCCCOC(=O)OCCCCCCn1c(=O)c2cc3c(=O)n(C)c(=O)c3cc2c1=O,17.0,,,,
2147439752,CCCCCCCOC(=O)OCCCCCCCCOC(=O)OCCCCCCn1c(=O)c2cc3c(=O)n(C)c(=O)c3cc2c1=O,8.0,,,,
2147439753,CCCCCCCOC(=O)OCCCCCCCCCCOC(=O)OCCCCCCn1c(=O)c2cc3c(=O)n(C)c(=O)c3cc2c1=O,-2.0,,,,
2147439754,CCCCCCCOC(=O)OCCCCCCCCCCCCOC(=O)OCCCCCCn1c(=O)c2cc3c(=O)n(C)c(=O)c3cc2c1=O,-9.0,,,,
2147439755,Cc1ccc(Oc2ccc(NC(=O)c3cccc(C(=O)Nc4ccc(Oc5ccc(-n6c(=O)c7cc8c(=O)n(C)c(=O)c8cc7c6=O)cc5)cc4)c3)cc2)cc1,282.0,,,,
2147439756,Cc1ccc(S(=O)(=O)c2ccc(NC(=O)c3cccc(C(=O)Nc4ccc(S(=O)(=O)c5ccc(-n6c(=O)c7cc8c(=O)n(C)c(=O)c8cc7c6=O)cc5)cc4)c3)cc2)cc1,286.0,,,,
2147439757,Cc1cccc(C(O[Si](C)(C)O[Si](C)(C)O[Si](C)(C)C)c2cccc(N3C(=O)c4ccc(Oc5ccc6c(c5)C(=O)N(C)C6=O)cc4C3=O)c2)c1,219.0,,,,
2147439758,CCCCOC(=O)OCCCCCCOC(=O)OCCCn1c(=O)c2cc3c(=O)n(C)c(=O)c3cc2c1=O,36.0,,,,
2147439759,CCCCCOC(=O)OCCCCCCOC(=O)OCCCCn1c(=O)c2cc3c(=O)n(C)c(=O)c3cc2c1=O,37.0,,,,
2147439760,C/C(C#N)=C(\C#N)N1C(=O)c2ccc(C(=O)c3ccc(-c4ccc5c(c4)C(=O)N(C)C5=O)cc3)cc2C1=O,249.0,,,,
2147439761,CCCOCCOCCN1C(=O)c2ccc(C(=O)Oc3ccc(OC(=O)c4ccc5c(c4)C(=O)N(C)C5=O)cc3)cc2C1=O,105.0,0.33052641,,,
2147439762,CCCOCCOCCN1C(=O)c2ccc(C(=O)Oc3ccc4cc(OC(=O)c5ccc6c(c5)C(=O)N(C)C6=O)ccc4c3)cc2C1=O,105.0,0.3345641,,,
2147439763,CCCCOCCCCOCCCN1C(=O)c2ccc(C(=O)Oc3ccc(OC(=O)c4ccc5c(c4)C(=O)N(C)C5=O)cc3)cc2C1=O,56.0,0.33583724,,,
2147439764,CCCCOCCCCOCCCN1C(=O)c2ccc(C(=O)Oc3ccc4cc(OC(=O)c5ccc6c(c5)C(=O)N(C)C6=O)ccc4c3)cc2C1=O,68.0,0.33819968,,,
2147439765,CC(=O)c1ccc2c(c1)C(=O)N(c1ccc(/C=C/c3ccc(N4C(=O)c5ccc(C)cc5C4=O)cc3S(=O)(=O)[O][Na])c(S(=O)(=O)[O][Na])c1)C2=O,229.0,,,,
2147439766,CC(=O)c1ccc2c(c1)C(=O)N(c1ccc(N3C(=O)c4ccc(C)cc4C3=O)c(S(=O)(=O)[O][Na])c1)C2=O,214.0,,,,
2147439771,Cc1ccc(Cc2ccc(NC(=O)c3ccc(Oc4cccc5c4C(=O)N(C)C5=O)cc3)cc2)cc1,258.0,0.36075451,,,
2147439772,Cc1ccc(Oc2ccc(NC(=O)c3cccc(Oc4ccc5c(c4)C(=O)N(C)C5=O)c3)cc2)cc1,231.0,0.35195763,,,
2147439773,Cc1ccc2c(c1)C(=O)N(c1cccc(C(=O)Nc3ccc(C(c4ccc(NC(=O)c5cccc(N6C(=O)c7ccc(C(C)(C(F)(F)F)C(F)(F)F)cc7C6=O)c5)cc4)(C(F)(F)F)C(F)(F)F)cc3)c1)C2=O,273.5,0.36118518,,,
2147439774,Cc1ccc2c(c1)C(=O)N(c1cc(C(=O)Nc3ccc(C(c4ccc(NC(=O)c5ccc(C)c(N6C(=O)c7ccc(C(C)(C(F)(F)F)C(F)(F)F)cc7C6=O)c5)cc4)(C(F)(F)F)C(F)(F)F)cc3)ccc1C)C2=O,293.5,0.36683082,,,
2147439775,Cc1ccc2c(c1)C(=O)N(c1cccc(C(=O)Nc3ccc(C(c4ccc(NC(=O)c5cccc(N6C(=O)c7ccc(C(C)(C(F)(F)F)C(F)(F)F)cc7C6=O)c5C)cc4)(C(F)(F)F)C(F)(F)F)cc3)c1C)C2=O,250.0,0.36895419,,,
2147439776,CC(=O)Nc1ccc(C(c2ccc(NC(=O)c3ccc4c(c3)C(=O)N(c3cccc5c(N6C(=O)c7ccc(C)cc7C6=O)cccc35)C4=O)cc2)(C(F)(F)F)C(F)(F)F)cc1,250.0,0.36906594,,,
2147439777,CC(=O)NCCN(CCNC(=O)c1ccc2c(c1)C(=O)N(c1ccc(Oc3ccc(N4C(=O)c5ccc(C)cc5C4=O)cc3)cc1)C2=O)c1ccc(/C=C/c2ccc([N+](=O)[O-])cc2)cc1,224.0,,,,
2147439778,CC(=O)NCCN(CCNC(=O)c1cccc(N2C(=O)c3ccc(C)cc3C2=O)c1)c1ccc(/C=C/c2ccc([N+](=O)[O-])cc2)cc1,178.0,,,,
2147439779,Cc1ccc2c(c1)C(=O)N(c1ccc(NC(=O)C(F)(F)C(F)(F)C(F)(F)C(F)(F)C(=O)Nc3ccc(N4C(=O)c5ccc(C(C)(C(F)(F)F)C(F)(F)F)cc5C4=O)cc3)cc1)C2=O,285.0,0.34222618,,,
2147439780,Cc1ccc(Cc2ccc(N3C(=O)c4ccc(Oc5ccc(Oc6ccc7c(c6)C(=O)N(C)C7=O)cc5)cc4C3=O)c(C)c2C)c(C)c1C,277.0,0.38199636,,,
2147439781,Cc1cc(C)c(Cc2cc(C)c(N3C(=O)c4ccc(Oc5ccc(Oc6ccc7c(c6)C(=O)N(C)C7=O)cc5)cc4C3=O)cc2C)cc1C,278.0,0.38884791,,,
2147439782,CCCCC(C)CN1C(=O)c2ccc(C(=O)Oc3ccc4cc(OC(=O)c5ccc6c(c5)C(=O)N(C)C6=O)ccc4c3)cc2C1=O,130.0,0.34177327,,,
2147439783,CCCCCCCN1C(=O)C(=O)N(c2ccc(C)c(N3C(=O)C(=O)N(C)C3=O)c2)C1=O,181.5,0.33065809,,,
2147439784,CCCCCCCN1C(=O)C(=O)N(c2ccc(Oc3ccc(N4C(=O)C(=O)N(C)C4=O)cc3)cc2)C1=O,172.0,0.33381102,,,
2147439785,C/C=C/C1CC(C)C2C(=O)N(c3ccccc3)C(=O)C12,220.0,,,,
2147439786,C/C=C/C1CC(C)C2C(=O)N(c3ccccc3C)C(=O)C12,248.0,,,,
2147439787,C/C=C/C1CC(C)C2C(=O)N(c3cccc(C)c3)C(=O)C12,206.0,,,,
2147439788,C/C=C/C1CC(C)C2C(=O)N(c3ccc(C)cc3)C(=O)C12,222.0,,,,
2147439789,COc1ccc(Oc2c3c(=O)n(C)c(=O)c3c(Oc3ccc(OC)cc3)c3c(=O)n(-c4ccc(Oc5ccc(C)cc5)cc4)c(=O)c23)cc1,303.5,,,,
2147439790,CCCCOc1ccc(Oc2c3c(=O)n(C)c(=O)c3c(Oc3ccc(OCCCC)cc3)c3c(=O)n(-c4ccc(Oc5ccc(C)cc5)cc4)c(=O)c23)cc1,269.5,,,,
2147439791,CCCCCCCCOc1ccc(Oc2c3c(=O)n(C)c(=O)c3c(Oc3ccc(OCCCCCCCC)cc3)c3c(=O)n(-c4ccc(Oc5ccc(C)cc5)cc4)c(=O)c23)cc1,234.5,,,,
2147439793,Cc1ccc(-c2nc3cc(Oc4ccc(NC(=O)c5cc(C(=O)Nc6ccc(Oc7ccc8nc(-c9ccccc9)c(-c9ccc(N%10C(=O)c%11ccc%12c%13c(ccc(c%11%13)C%10=O)C(=O)N(C)C%12=O)cc9)nc8c7)cc6)cc(N6C(=O)c7ccccc7C6=O)c5)cc4)ccc3nc2-c2ccccc2)cc1,345.0,,,,
2147439794,Cc1ccc(-c2nc3cc(Oc4ccc(NC(=O)c5cc(C(=O)Nc6ccc(Oc7ccc8nc(-c9ccccc9)c(-c9ccc(N%10C(=O)c%11ccc%12c%13c(ccc(c%11%13)C%10=O)C(=O)N(C)C%12=O)cc9)nc8c7)cc6)cc(N6C(=O)c7c(Cl)c(Cl)c(Cl)c(Cl)c7C6=O)c5)cc4)ccc3nc2-c2ccccc2)cc1,345.0,,,,
2147439795,CC(=O)NCCN(CCNC(=O)c1ccc(N2C(=O)c3ccc(C)cc3C2=O)cc1)c1ccc(/C=C/c2ccc([N+](=O)[O-])cc2)cc1,178.0,,,,
2147439796,CCCN(CCNC(=O)c1ccc2c(c1)C(=O)N(C)C2=O)c1ccc(/C=C/c2ccc([N+](=O)[O-])cc2)cc1,142.0,,,,
2147439797,CC(=O)c1ccc2c(c1)C(=O)N(c1ccc(Oc3cccc(N4C(=O)c5ccc(C)cc5C4=O)c3)cc1)C2=O,280.5,,,,
2147439798,Cc1ccc(Oc2ccc(C(c3ccc(Oc4ccc(-n5c(=O)c6cc7c(=O)n(C)c(=O)c7cc6c5=O)cc4C(F)(F)F)cc3)(C(F)(F)F)C(F)(F)F)cc2)c(C(F)(F)F)c1,253.0,,,,
2147439799,Cc1ccc(C(c2ccc(-n3c(=O)c4cc5c(=O)n(C)c(=O)c5cc4c3=O)cc2)(C(F)(F)F)C(F)(F)F)cc1,380.0,,,,
2147439800,Cc1ccc2c(c1)C(=O)N(c1ccc(Oc3ccc(C(c4ccc(Oc5ccc(N6C(=O)c7ccc(C(C)(C(F)(F)F)C(F)(F)F)cc7C6=O)cc5C(F)(F)F)cc4)(C(F)(F)F)C(F)(F)F)cc3)c(C(F)(F)F)c1)C2=O,234.0,0.38326805,,,
2147439801,Cc1cc(C)c(-n2c(=O)c3cc4c(=O)n(C)c(=O)c4cc3c2=O)c(C)c1C,399.75,,,,
2147439802,Cc1ccc(-c2c(-c3ccc(-c4ccccc4)cc3)cc(-c3ccc(OCCCCCCOc4ccc(-c5cc(-c6ccc(-c7ccccc7)cc6)c(-c6ccc(-n7c(=O)c8cc9c(=O)n(C)c(=O)c9cc8c7=O)cc6)c(-c6ccc(-c7ccccc7)cc6)c5)cc4)cc3)cc2-c2ccc(-c3ccccc3)cc2)cc1,128.5,,,,
2147439803,Cc1ccc(-c2c(-c3ccc(-c4ccccc4)cc3)cc(-c3ccc(OCCCCCCCCCCOc4ccc(-c5cc(-c6ccc(-c7ccccc7)cc6)c(-c6ccc(-n7c(=O)c8cc9c(=O)n(C)c(=O)c9cc8c7=O)cc6)c(-c6ccc(-c7ccccc7)cc6)c5)cc4)cc3)cc2-c2ccc(-c3ccccc3)cc2)cc1,121.0,,,,
2147439808,CCCCCCCCCCOC(=O)c1cc(C)cc(Br)c1-c1c(Br)cc(N2C(=O)c3ccc(-c4ccc5c(c4)C(=O)N(C)C5=O)cc3C2=O)cc1C(=O)OCCCCCCCCCC,116.0,0.39569707,,,
2147439810,CCCCCCOC(=O)c1cc(C)cc(Br)c1-c1c(Br)cc(N2C(=O)c3ccc(-c4ccc5c(c4)C(=O)N(C)C5=O)cc3C2=O)cc1C(=O)OCCCCCC,154.0,0.40008637,,,
2147439811,CCCCOC(=O)c1cc(C)cc(Br)c1-c1c(Br)cc(N2C(=O)c3ccc(-c4ccc5c(c4)C(=O)N(C)C5=O)cc3C2=O)cc1C(=O)OCCCC,196.0,0.40136201,,,
2147439812,CCCCCCCCCCCCN1C(=O)C(C)C(C(CC)c2ccccc2)C1=O,70.0,,,,
2147439813,COc1cc(C)ccc1-c1ccc(-n2c(=O)c3cc4c(=O)n(C)c(=O)c4cc3c2=O)cc1OC,328.0,,,,
2147439814,Cc1ccc(-c2ccc(-n3c(=O)c4cc5c(=O)n(C)c(=O)c5cc4c3=O)cc2F)c(F)c1,398.0,,,,
2147439815,CC(=O)c1cccc(C(=O)c2ccc3c(c2)C(=O)N(c2ccc(Oc4ccc(N5C(=O)c6ccc(C)cc6C5=O)cc4)cc2)C3=O)c1,244.0,0.36604695,,,
2147439816,CC(=O)c1cc(C(=O)c2ccc3c(c2)C(=O)N(c2ccc(Oc4ccc(N5C(=O)c6ccc(C)cc6C5=O)cc4)cc2)C3=O)cc(C(C)(C)C)c1,252.5,0.38251574,,,
2147439817,CC(=O)Nc1ccc(NC(=O)c2ccc3c(c2)C(=O)N(c2ccc(Oc4ccc(N5C(=O)c6ccc(C)cc6C5=O)cc4)cc2)C3=O)c(OCCCCCCS(=O)(=O)c2ccc(/C=C/c3ccc(N(C)C)cc3)cc2)c1,192.0,,,,
2147439818,Cc1ccc(Cc2ccc(N3C(=O)c4ccc(OCCN(CCOc5ccc6c(c5)C(=O)N(C)C6=O)c5ccc(/C=C/c6ccc([N+](=O)[O-])cc6)cc5)cc4C3=O)cc2)cc1,160.7,,,,
2147439819,Cc1ccc(C(c2ccc(N3C(=O)c4ccc(OCCN(CCOc5ccc6c(c5)C(=O)N(C)C6=O)c5ccc(/C=C/c6ccc([N+](=O)[O-])cc6)cc5)cc4C3=O)cc2)(C(F)(F)F)C(F)(F)F)cc1,180.7,,,,
2147439820,CCC1CCCC(Cn2c(=O)c3cc4c(=O)n(C)c(=O)c4cc3c2=O)C1,263.0,,,,
2147439821,CCC1(C)CC(N2C(=O)c3ccc(-c4ccc5c(c4)C(=O)N(C)C5=O)cc3C2=O)CC(C)(C)C1,311.0,0.37465828,,,
2147439822,CC(=O)Oc1ccc(OC(=O)c2ccc3c(c2)C(=O)N(c2ccc(Cc4ccc(N5C(=O)c6ccc(C)cc6C5=O)cc4)cc2)C3=O)c(C(C)(C)C)c1,160.0,0.36805651,,,
2147439823,CC(=O)c1ccc2c(c1)C(=O)N(c1ccc(NC(=O)c3cccc(C(=O)Nc4ccc(N5C(=O)c6ccc(C)cc6C5=O)cc4)c3)cc1)C2=O,247.0,0.35291653,,,
2147439824,CCC(=O)Nc1ccc(C2(c3ccc(NC(=O)Cn4c(=O)c5cc6c(=O)n(C)c(=O)c6cc5c4=O)cc3)c3ccccc3-c3ccccc32)cc1,350.0,,,,
2147439825,CCN(CCOc1cc(N2C(=O)c3ccc(C)cc3C2=O)ccc1Oc1ccc(N2C(=O)c3ccc(C(C)(C(F)(F)F)C(F)(F)F)cc3C2=O)cc1)c1ccc(/N=N/c2ccc([N+](=O)[O-])cc2)cc1,202.0,,,,
2147439826,Cc1ccc(Oc2ccc(C(C)(C)c3cccc(C(C)(C)c4ccc(Oc5ccc(-n6c(=O)c7cc8c(=O)n(C)c(=O)c8cc7c6=O)cc5)cc4)c3)cc2)cc1,249.47,,,,
2147439827,CCC1CC2CC1C1CCC(Cn3c(=O)c4cc5c(=O)n(C)c(=O)c5cc4c3=O)C21,265.0,,,,
2147439828,Cc1ccc(-c2sc(-c3ccc(-n4c(=O)c5cc6c(=O)n(C)c(=O)c6cc5c4=O)cc3)c(-c3ccccc3)c2-c2ccccc2)cc1,460.0,,0.352891485,1.124308327,47.52713915
2147439829,CCCCCCCCCCCCCN1C(=O)c2ccc(C(c3ccc4c(c3)C(=O)N(CCCCCCCCCCCCN3C(=O)c5ccc6c7ccc8c9c(ccc(c%10ccc(c5c6%10)C3=O)c97)C(=O)N(C)C8=O)C4=O)(C(F)(F)F)C(F)(F)F)cc2C1=O,170.0,,,,
2147439830,CCCCCCCCCCCCCN1C(=O)c2cccc3c(-c4ccc5c6c(cccc46)C(=O)N(CCCCCCCCCCCCN4C(=O)c6ccc7c8ccc9c%10c(ccc(c%11ccc(c6c7%11)C4=O)c%108)C(=O)N(C)C9=O)C5=O)ccc(c23)C1=O,210.0,,,,
2147439831,Cc1ccc2c(c1)C(=O)N(C1CCC(N3C(=O)c4ccc(C(C)(C(F)(F)F)C(F)(F)F)cc4C3=O)CC1)C2=O,346.5,0.37690953,,,
2147439832,Cc1ccc(OC(=O)CCCCCCCCCCCCCCCCCCCCC(=O)Oc2ccc(N3C(=O)c4ccc(-c5ccc6c(c5)C(=O)N(C)C6=O)cc4C3=O)cc2)cc1,140.0,0.35924634,,,
2147439833,CC/C=C/N(/C=C/CC1CC(=O)N(c2ccc(Cc3ccc(N4C(=O)CC(C)C4=O)cc3)cc2)C1=O)c1ccc(/N=N/c2ccc([N+](=O)[O-])cc2)cc1,277.0,,,,
2147439834,Cc1ccc(NC2CC(=O)N(c3ccc(Cc4ccc(N5C(=O)CC(Nc6ccc(-c7nc(-c8ccc(/N=N/c9ccc([N+](=O)[O-])cc9)cc8)[nH]c7C)cc6)C5=O)cc4)cc3)C2=O)cc1,258.0,,,,
2147439835,Cc1ccc(NC2CC(=O)N(c3ccc(Cc4ccc(N5C(=O)CC(Nc6ccc(-c7nc(-c8ccc(/C=C/c9ccc([N+](=O)[O-])cc9)cc8)[nH]c7C)cc6)C5=O)cc4)cc3)C2=O)cc1,250.0,,,,
2147439837,CCCN(CCN1C(=O)c2ccc(C(c3ccc4c(c3)C(=O)N(C)C4=O)(C(F)(F)F)C(F)(F)F)cc2C1=O)c1ccc(/N=N/c2ccc(C3OCCO3)cc2)cc1,178.0,,,,
2147439838,CCCN(CCN1C(=O)c2ccc(C(c3ccc4c(c3)C(=O)N(C)C4=O)(C(F)(F)F)C(F)(F)F)cc2C1=O)c1ccc(/N=N/c2ccc(C=O)cc2)cc1,170.0,,,,
2147439839,CCOC(=O)c1cc(-n2c(=O)c3cc4c(=O)n(C)c(=O)c4cc3c2=O)ccc1NC(=O)c1ccc(C)cc1,340.0,,,,
2147439840,Cc1ccc2c(c1)C(=O)N(c1c(C)cc(-c3cc(C)c(N4C(=O)c5ccc(C(C)(C(F)(F)F)C(F)(F)F)cc5C4=O)c4ccccc34)c3ccccc13)C2=O,403.0,0.41291503,,,
2147439841,Cc1ccc(Oc2c(C)cc(Cc3cc(C)c(Oc4ccc(-n5c(=O)c6cc7c(=O)n(C)c(=O)c7cc6c5=O)cc4)c(C)c3)cc2C)cc1,299.5,,0.252482603,1.126951227,21.38140875
2147439842,Cc1cc(C(c2cc(C)c(N3C(=O)c4ccc(-c5ccc6c(c5)C(=O)N(C)C6=O)cc4C3=O)c(C)c2)c2cccc3ccccc23)cc(C)c1C,326.0,,0.236427007,1.048715077,27.01357652
2147439843,Cc1ccc(Oc2c(C)cc(C(c3cc(C)c(Oc4ccc(-n5c(=O)c6cc7c(=O)n(C)c(=O)c7cc6c5=O)cc4)c(C)c3)c3cccc4ccccc34)cc2C)cc1,315.0,,0.245595378,1.0879766,25.42827706
2147439844,Cc1ccc(Cc2ccc(N3C(=O)CC(Nc4ccc(N(c5ccc(NC6CC(=O)N(C)C6=O)cc5)c5ccc([N+](=O)[O-])cc5)cc4)C3=O)cc2)cc1,276.0,0.37849239,,,
2147439845,Cc1cccc(OCCCCOc2cccc(N3C(=O)c4ccc(-c5cccc6c5C(=O)N(C)C6=O)cc4C3=O)c2)c1,178.0,0.34538642,,,
2147439846,Cc1cccc(OCCCCCOc2cccc(N3C(=O)c4ccc(-c5cccc6c5C(=O)N(C)C6=O)cc4C3=O)c2)c1,168.0,0.35089152,,,
2147439847,Cc1cccc(OCCCCCCOc2cccc(N3C(=O)c4ccc(-c5cccc6c5C(=O)N(C)C6=O)cc4C3=O)c2)c1,157.0,0.34909456,,,
2147439848,Cc1cccc(OCCCCCCCCOc2cccc(N3C(=O)c4ccc(-c5cccc6c5C(=O)N(C)C6=O)cc4C3=O)c2)c1,142.0,0.35046399,,,
2147439849,CC1C(=O)N(CCOc2ccc(-c3ccc(C#N)cc3)cc2)C(=O)C1C,150.0,,,,
2147439850,CC1C(=O)N(CCCOc2ccc(-c3ccc(C#N)cc3)cc2)C(=O)C1C,130.0,0.34332558,,,
2147439851,C/C=C/C1CC(C)C2C(=O)N(CCCC)C(=O)C12,131.0,,,,
2147439852,C/C=C/C1CC(C)C2C(=O)N(CCCCC)C(=O)C12,99.0,,0.236932175,1.050823811,15.45947293
2147439853,C/C=C/C1CC(C)C2C(=O)N(CCCCCC)C(=O)C12,87.0,,0.232246101,1.035217626,14.67240732
2147439854,Cc1cccc(P(=O)(c2cccc(-n3c(=O)c4cc5c(=O)n(C)c(=O)c5cc4c3=O)c2)c2cc(C(F)(F)F)cc(C(F)(F)F)c2)c1,281.0,,0.163382142,1.318625494,17.81122882
2147439855,Cc1cccc(P(=O)(c2ccc(C(F)(F)F)cc2)c2cccc(-n3c(=O)c4cc5c(=O)n(C)c(=O)c5cc4c3=O)c2)c1,311.0,,0.18075284,1.274278888,20.62761227
2147439856,Cc1cccc(P(=O)(c2ccccc2)c2cccc(-n3c(=O)c4cc5c(=O)n(C)c(=O)c5cc4c3=O)c2)c1,331.0,,0.201453995,1.23347752,20.87955805
2147439857,CC(=O)Nc1ccc(Oc2ccc(-c3ccc(Oc4ccc(NC(=O)c5ccc6c(c5)C(=O)N(c5ccc(Oc7ccc(C8(c9ccc(Oc%10ccc(N%11C(=O)c%12ccc(C)cc%12C%11=O)cc%10)cc9)CC9CC8C8CCCC98)cc7)cc5)C6=O)cc4)cc3C)c(C)c2)cc1,265.0,0.37683611,,,
2147439858,Cc1ccc2c(c1)C(=O)N(c1ccc(N(c3ccc(/C=C/c4ccc([N+](=O)[O-])cc4)cc3)c3ccc(N4C(=O)c5ccc(C(C)(C(F)(F)F)C(F)(F)F)cc5C4=O)cc3)cc1)C2=O,290.0,,,,
2147439859,Cc1ccc(Oc2ccc3c(c2)C(=O)N(C)C3=O)cc1,266.0,0.37183519,,,
2147439860,CCC(=O)Nc1ccc(Oc2cccc(Oc3ccc(NC(=O)CN4C(=O)c5ccc(C(c6ccc7c(c6)C(=O)N(C)C7=O)(C(F)(F)F)C(F)(F)F)cc5C4=O)cc3)c2)cc1,221.0,0.34064566,,,
2147439861,Cc1ccc(-c2nc3cc(Oc4ccc(NC(=O)CN5C(=O)c6ccc(C(c7ccc8c(c7)C(=O)N(CC(=O)Nc7ccc(Oc9ccc%10nc(-c%11ccccc%11)c(-c%11ccc(N%12C(=O)c%13ccc%14c%15c(ccc(c%13%15)C%12=O)C(=O)N(C)C%14=O)cc%11)nc%10c9)cc7)C8=O)(C(F)(F)F)C(F)(F)F)cc6C5=O)cc4)ccc3nc2-c2ccccc2)cc1,306.0,,,,
2147439862,Cc1ccc(Oc2ccc(NC(=O)CN3C(=O)c4ccc(C(c5ccc6c(c5)C(=O)N(CC(=O)Nc5ccc(Oc7ccc(-c8nnc(C)o8)cc7)cc5)C6=O)(C(F)(F)F)C(F)(F)F)cc4C3=O)cc2)cc1,263.0,0.3576037,0.215864818,1.321558491,23.08710688
2147439863,CCN1C(=O)c2ccc(C(c3ccc4c(c3)C(=O)N(Cc3nnc(-c5ccc(-c6nnc(C)o6)cc5)o3)C4=O)(C(F)(F)F)C(F)(F)F)cc2C1=O,214.0,0.37085226,,,
2147439864,Cc1ccc(Oc2ccc(-c3ccc(Oc4ccc(N5C(=O)c6ccc(Oc7ccc(C8(c9ccc(Oc%10ccc%11c(c%10)C(=O)N(C)C%11=O)cc9)CCC(c9ccccc9)CC8)cc7)cc6C5=O)cc4)cc3C)c(C)c2)cc1,226.0,0.38011618,0.262426433,1.145147381,24.65260466
2147439865,Cc1ccc(Cc2ccc(N3C(=O)c4ccc(Oc5ccc(C6(c7ccc(Oc8ccc9c(c8)C(=O)N(C)C9=O)cc7)CCC(c7ccccc7)CC6)cc5)cc4C3=O)cc2)cc1,232.0,,,,
2147439866,Cc1ccc(Oc2ccccc2Oc2ccc(-n3c(=O)c4cc5c(=O)n(C)c(=O)c5cc4c3=O)cc2)cc1,313.0,,0.27636764,1.279833729,24.34829106
2147439867,Cc1ccc(Oc2ccc(Oc3ccc(-n4c(=O)c5cc6c(=O)n(C)c(=O)c6cc5c4=O)cc3)cc2C)cc1,310.0,,,,
2147439868,Cc1ccc(Oc2ccc(Oc3ccc(-n4c(=O)c5cc6c(=O)n(C)c(=O)c6cc5c4=O)cc3)cc2C(C)(C)C)cc1,314.0,,0.299962523,1.155735832,27.24003799
2147439869,Cc1ccc(Oc2ccc(Oc3ccc(-n4c(=O)c5cc6c(=O)n(C)c(=O)c6cc5c4=O)cc3)cc2-c2ccccc2)cc1,271.0,,0.30983122,1.228190525,29.29857473
2147439870,Cc1ccc(Oc2cc(C(C)(C)C)ccc2Oc2ccc(-n3c(=O)c4cc5c(=O)n(C)c(=O)c5cc4c3=O)cc2)cc1,321.0,,0.278141719,1.192553559,21.54485112
2147439871,Cc1ccc(Cc2ccc(-n3c(=O)c4cc5c(=O)n(C)c(=O)c5cc4c3=O)c(C(C)(C)C)c2)cc1C(C)(C)C,217.0,,,,
2147439872,Cc1cccc(P(C)(=O)c2cccc(N3C(=O)c4ccc(Oc5ccc(C(C)(C)c6ccc(Oc7ccc8c(c7)C(=O)N(C)C8=O)cc6)cc5)cc4C3=O)c2)c1,228.0,0.36957365,,,
2147439873,Cc1ccc(NC2CC(=O)N(c3ccc(-c4sc(-c5ccc(N6C(=O)CC(Nc7ccc(-c8nc(-c9ccc(/C=C/c%10ccc([N+](=O)[O-])cc%10)s9)[nH]c8C)cc7)C6=O)cc5)c(-c5ccccc5)c4-c4ccccc4)cc3)C2=O)cc1,304.0,,,,
2147439874,Cc1ccc2c(c1)C(=O)N(c1cccc(Oc3cc(Oc4cccc(N5C(=O)c6ccc(C(C)(C(F)(F)F)C(F)(F)F)cc6C5=O)c4)ccc3P(=O)(c3ccccc3)c3ccccc3)c1)C2=O,230.0,0.37529286,,,
2147439875,Cc1cccc(Oc2ccc(P(=O)(c3ccccc3)c3ccccc3)c(Oc3cccc(-n4c(=O)c5cc6c(=O)n(C)c(=O)c6cc5c4=O)c3)c2)c1,251.0,,,,
2147439876,CCCN(CCN1C(=O)c2ccc(C(c3ccc4c(c3)C(=O)N(C)C4=O)(C(F)(F)F)C(F)(F)F)cc2C1=O)c1ccc(/C=C/C2=CC(=C(C#N)C#N)CC(C)(C)C2)cc1,224.0,,,,
2147439877,CCCN(CCN1C(=O)c2ccc(C(c3ccc4c(c3)C(=O)N(C)C4=O)(C(F)(F)F)C(F)(F)F)cc2C1=O)c1ccc(/N=N/c2ccc([N+](=O)[O-])cc2)cc1,210.0,,,,
2147439878,CCCN(CCN1C(=O)c2ccc(C(c3ccc4c(c3)C(=O)N(C)C4=O)(C(F)(F)F)C(F)(F)F)cc2C1=O)c1ccc(/N=N/c2ccc([N+](=O)[O-])cc2C)cc1,205.0,,,,
2147439879,CCCN(CCN1C(=O)c2ccc(C(c3ccc4c(c3)C(=O)N(C)C4=O)(C(F)(F)F)C(F)(F)F)cc2C1=O)c1ccc(/N=N/c2ccc(C#N)cc2)cc1,213.0,,,,
2147439880,Cc1ccc2c(c1)C(=O)N(c1ccc(C(=O)Nc3ccc(Oc4cccc(Oc5ccc(NC(=O)c6ccc(N7C(=O)c8ccc(C(C)(C(F)(F)F)C(F)(F)F)cc8C7=O)cc6)cc5)c4)cc3)cc1)C2=O,286.0,0.35654385,,,
2147439881,Cc1ccc2c(c1)C(=O)N(c1ccc(Oc3ccccc3-c3ccccc3Oc3ccc(N4C(=O)c5ccc(C(C)(C(F)(F)F)C(F)(F)F)cc5C4=O)cc3)cc1)C2=O,78.0,0.37740671,,,
2147439882,Cc1ccc2c(c1)C(=O)N(c1cc(-c3ccc(O)c(N4C(=O)c5ccc(C(C)(C(F)(F)F)C(F)(F)F)cc5C4=O)c3)ccc1O)C2=O,370.0,0.37301864,,,
2147439883,Cc1ccc2c(c1)C(=O)N(c1ccc(-c3ccc(N4C(=O)c5ccc(C(C)(C(F)(F)F)C(F)(F)F)cc5C4=O)c(OC(=O)/C=C/c4ccccc4)c3)cc1OC(=O)/C=C/c1ccccc1)C2=O,181.0,,,,
2147439884,Cc1ccc(C2C3C(=O)N(c4ccc(N5C(=O)C6ON(C)C(C)C6C5=O)cc4)C(=O)C3ON2C)cc1,67.0,0.38700602,,,
2147439885,C/C=C/C1CC(C)C2C(=O)N(CCCCCCC)C(=O)C12,59.0,,,,
2147439886,C/C=C/C1CC(C)C2C(=O)N(CCCCCCCC)C(=O)C12,56.5,,,,
2147439887,C/C=C/C1CC(C)C2C(=O)N(CCCCCCCCCC)C(=O)C12,46.0,,,,
2147439888,C/C=C/C1CC(C)C2C(=O)N(CCCCCCCCC)C(=O)C12,52.0,,,,
2147439889,C/C=C/C1CC(C)C2C(=O)N(CCCCCCCCCCCC)C(=O)C12,50.0,,,,
2147439890,C/C=C/C1CC(C)C2C(=O)N(CCC)C(=O)C12,139.0,,,,
2147439891,Cc1ccc(Cc2ccc(N3C(=O)c4cccc5c(N6CCC(CCCC7CCN(c8ccc9c%10c(cccc8%10)C(=O)N(C)C9=O)CC7)CC6)ccc(c45)C3=O)c(C(C)(C)C)c2)cc1C(C)(C)C,202.7,,,,
2147439892,CC(=O)Nc1ccc(Oc2ccc(-c3ccc(Oc4ccc(NC(=O)c5ccc6c(c5)C(=O)N(c5cccc(N7C(=O)c8ccc(C)cc8C7=O)c5)C6=O)cc4)cc3)cc2)cc1,292.0,0.35193775,,,
2147439893,CC(=O)Nc1ccc(Oc2ccc(-c3ccc(Oc4ccc(NC(=O)c5ccc6c(c5)C(=O)N(c5ccc(C)c(N7C(=O)c8ccc(C)cc8C7=O)c5)C6=O)cc4)cc3)cc2)cc1,299.0,0.36178667,,,
2147439894,Cc1ccc(Oc2ccc3ccc(Oc4ccc(-n5c(=O)c6cc7c(=O)n(C)c(=O)c7cc6c5=O)cc4)cc3c2)cc1,320.8,,0.289863471,1.273386357,27.22299666
2147439895,Cc1ccc(Cc2ccc(NC(=O)c3cccc(-c4nc5cc(-c6ccc7[nH]c(-c8cccc(C(=O)Nc9ccc(Cc%10ccc(-n%11c(=O)c%12cc%13c(=O)n(C)c(=O)c%13cc%12c%11=O)cc%10)cc9)c8)nc7c6)ccc5[nH]4)c3)cc2)cc1,277.0,,,,
2147439896,Cc1cccc(C(=O)Nc2ccc(Cc3ccc(N4C(=O)c5ccc(S(=O)(=O)c6ccc7c(c6)C(=O)N(c6ccc(Cc8ccc(NC(=O)c9cccc(-c%10nc%11cc(-c%12ccc%13[nH]c(C)nc%13c%12)ccc%11[nH]%10)c9)cc8)cc6)C7=O)cc5C4=O)cc3)cc2)c1,270.0,0.37929385,,,
2147439897,Cc1cccc(P(=O)(c2cccc(-n3c(=O)c4c(-c5cc(C(F)(F)F)cc(C(F)(F)F)c5)c5c(=O)n(C)c(=O)c5c(-c5cc(C(F)(F)F)cc(C(F)(F)F)c5)c4c3=O)c2)c2cc(C(F)(F)F)cc(C(F)(F)F)c2)c1,293.0,,0.122779381,1.312247717,20.61103805
2147439898,Cc1cccc(P(=O)(c2ccc(C(F)(F)F)cc2)c2cccc(-n3c(=O)c4c(-c5cc(C(F)(F)F)cc(C(F)(F)F)c5)c5c(=O)n(C)c(=O)c5c(-c5cc(C(F)(F)F)cc(C(F)(F)F)c5)c4c3=O)c2)c1,311.0,,0.130279594,1.290758894,20.03886686
2147439899,Cc1cccc(P(=O)(c2ccccc2)c2cccc(-n3c(=O)c4c(-c5cc(C(F)(F)F)cc(C(F)(F)F)c5)c5c(=O)n(C)c(=O)c5c(-c5cc(C(F)(F)F)cc(C(F)(F)F)c5)c4c3=O)c2)c1,324.0,,0.131716821,1.256448494,18.99893367
2147439900,Cc1cccc(P(=O)(c2cccc(-n3c(=O)c4c(-c5ccc(C(F)(F)F)cc5)c5c(=O)n(C)c(=O)c5c(-c5ccc(C(F)(F)F)cc5)c4c3=O)c2)c2cc(C(F)(F)F)cc(C(F)(F)F)c2)c1,310.0,,0.141923307,1.275974405,19.76254407
2147439901,Cc1cccc(P(=O)(c2ccc(C(F)(F)F)cc2)c2cccc(-n3c(=O)c4c(-c5ccc(C(F)(F)F)cc5)c5c(=O)n(C)c(=O)c5c(-c5ccc(C(F)(F)F)cc5)c4c3=O)c2)c1,324.0,,0.149548685,1.240680333,20.57425608
2147439902,Cc1cccc(P(=O)(c2ccccc2)c2cccc(-n3c(=O)c4c(-c5ccc(C(F)(F)F)cc5)c5c(=O)n(C)c(=O)c5c(-c5ccc(C(F)(F)F)cc5)c4c3=O)c2)c1,334.0,,0.150823834,1.211199174,19.22980421
2147439903,Cc1cccc(P(=O)(c2cccc(-n3c(=O)c4c(-c5ccccc5)c5c(=O)n(C)c(=O)c5c(-c5ccccc5)c4c3=O)c2)c2cc(C(F)(F)F)cc(C(F)(F)F)c2)c1,320.0,,0.14675416,1.217051099,19.45942913
2147439904,Cc1cccc(P(=O)(c2ccc(C(F)(F)F)cc2)c2cccc(-n3c(=O)c4c(-c5ccccc5)c5c(=O)n(C)c(=O)c5c(-c5ccccc5)c4c3=O)c2)c1,337.0,,0.168077953,1.191105752,19.74034251
2147439905,Cc1cccc(P(=O)(c2ccccc2)c2cccc(-n3c(=O)c4c(-c5ccccc5)c5c(=O)n(C)c(=O)c5c(-c5ccccc5)c4c3=O)c2)c1,342.0,,0.177458779,1.146744103,19.78178482
2147439906,Cc1ccc(C(=O)Oc2ccc3ccc(OC(=O)c4ccc(N5C(=O)CC(SCCOCCSC6CC(=O)N(C)C6=O)C5=O)cc4)cc3c2)cc1,160.0,0.33882496,,,
2147439907,Cc1ccc(Oc2ccc(C(C)(C)c3ccc(Oc4ccc(N5C(=O)C6CCC7C(=O)N(C)C(=O)C7C6C5=O)cc4)cc3)cc2)cc1,263.5,0.37215765,0.252650625,1.163593926,23.42766248
2147439909,Cc1ccc(Oc2ccccc2Oc2ccc(-n3c(=O)c4cc5c(=O)n(C)c(=O)c5cc4c3=O)cc2C(F)(F)F)c(C(F)(F)F)c1,277.0,,,,
2147439910,CC(=O)Nc1ccc(-c2cc(-c3ccccc3)cc(-c3ccc(NC(=O)c4ccc5c(c4)C(=O)N(c4cccc(P(=O)(c6ccccc6)c6cccc(N7C(=O)c8ccc(C)cc8C7=O)c6)c4)C5=O)cc3)n2)cc1,258.0,0.37693882,,,
2147439911,Cc1ccc(Oc2ccc(C(C)(C)c3ccccc3)cc2)c(-n2c(=O)c3cc4c(=O)n(C)c(=O)c4cc3c2=O)c1,340.0,,,,
2147439912,Cc1ccc(S(=O)(=O)c2ccc(Oc3ccc(C)cc3-n3c(=O)c4cc5c(=O)n(C)c(=O)c5cc4c3=O)cc2)cc1,320.0,,,,
2147439913,CC1C(=O)N(c2ccc(O[Si](c3ccccc3)(c3ccccc3)c3ccccc3)cc2)C(=O)C1C,183.0,0.40006119,,,
2147439914,CC1C(=O)N(c2cc(Br)c(O[Si](c3ccccc3)(c3ccccc3)c3ccccc3)c(Br)c2)C(=O)C1C,179.0,0.40469568,,,
2147439915,C/C=C/C1CC(C)C2C(=O)N(c3cc(C(F)(F)F)cc(C(F)(F)F)c3)C(=O)C12,162.0,,,,
2147439916,CC(=O)Nc1c(C)cc(Cc2cc(C)c(NC(=O)c3ccc4c(c3)C(=O)N(c3ccc(/N=N/c5ccc(F)cc5)c(N5C(=O)c6ccc(C)cc6C5=O)c3)C4=O)c(C)c2)cc1C,279.0,,,,
2147439917,CC(=O)Nc1c(C)cc(Cc2cc(C)c(NC(=O)c3ccc4c(c3)C(=O)N(c3ccc(/N=N/c5ccc(OC(F)(F)F)cc5)c(N5C(=O)c6ccc(C)cc6C5=O)c3)C4=O)c(C)c2)cc1C,278.0,,,,
2147439918,CC(=O)Nc1c(C)cc(Cc2cc(C)c(NC(=O)c3ccc4c(c3)C(=O)N(c3ccc(/N=N/c5ccc([N+](=O)[O-])cc5)c(N5C(=O)c6ccc(C)cc6C5=O)c3)C4=O)c(C)c2)cc1C,280.0,,,,
2147439919,CC(=O)Nc1ccc(Cc2ccc(NC(=O)c3ccc4c(c3)C(=O)N(c3ccc(/N=N/c5ccc(C)cc5)c(N5C(=O)c6ccc(C)cc6C5=O)c3)C4=O)cc2)cc1,268.0,,,,
2147439920,CC(=O)Nc1ccc(Cc2ccc(NC(=O)c3ccc4c(c3)C(=O)N(c3ccc(/N=N/c5ccc(C)cc5)c(N5C(=O)c6ccc(C)cc6C5=O)c3)C4=O)c(C)c2)cc1C,257.0,,,,
2147439921,CCc1cc(Cc2cc(CC)c(NC(=O)c3ccc4c(c3)C(=O)N(c3ccc(/N=N/c5ccc(C)cc5)c(N5C(=O)c6ccc(C)cc6C5=O)c3)C4=O)c(CC)c2)cc(CC)c1NC(C)=O,269.0,,,,
2147439922,Cc1cc(C(c2ccc(OCCN(C)c3ccc(/C=C/C4=CC(=C(C#N)C#N)CC(C)(C)C4)cc3)c(N3C(=O)c4ccc(Oc5ccc6c(c5)C(=O)N(C)C6=O)cc4C3=O)c2)(C(F)(F)F)C(F)(F)F)ccc1OCCN(C)c1ccc(/C=C/C2=CC(=C(C#N)C#N)CC(C)(C)C2)cc1,215.0,,,,
2147439931,CC(=O)Nc1ccc(S(=O)(=O)c2ccc(NC(=O)c3ccc4c(c3)C(=O)N(c3ccc(NC(=O)Nc5ccc(N6C(=O)c7ccc(C)cc7C6=O)cc5)cc3)C4=O)cc2)cc1,205.0,0.34470216,,,
2147439932,CC(=O)Nc1ccc(-c2ccc(NC(=O)c3ccc4c(c3)C(=O)N(c3ccc(NC(=O)Nc5ccc(N6C(=O)c7ccc(C)cc7C6=O)cc5)cc3)C4=O)cc2)cc1,233.0,,,,
2147439933,Cc1ccc(-c2ccc(N(c3ccccc3)c3ccc(-c4ccc(N(c5ccccc5)c5ccc(-c6ccc(-n7c(=O)c8cc9c(=O)n(C)c(=O)c9cc8c7=O)cc6)cc5)cc4)cc3)cc2)cc1,220.0,,,,
2147439934,Cc1ccc(C(=O)Nc2ccc(Oc3ccc(NC(=O)c4ccc(-n5c(=O)c6cc7c(=O)n(C)c(=O)c7cc6c5=O)cc4)cc3)cc2)cc1,360.0,,,,
2147439935,Cc1ccc(Oc2ccc(C(c3ccc(Oc4ccc(N5C(=O)c6ccc7c8c(ccc(c68)C5=O)C(=O)N(C)C7=O)cc4)cc3)(C(F)(F)F)C(F)(F)F)cc2)cc1,280.0,,,,
2147439936,Cc1ccc(Oc2ccc(C(c3ccc(Oc4ccc(N5C(=O)c6ccc7c8c(ccc(c68)C5=O)C(=O)N(C)C7=O)cc4)c(S(=O)(=O)O)c3)(C(F)(F)F)C(F)(F)F)cc2S(=O)(=O)O)cc1,270.0,,,,
2147439937,Cc1cc(Oc2c(C)cc(-c3cc(C)c(Oc4cc(N5C(=O)c6ccc(-c7ccc8c(c7)C(=O)N(C)C8=O)cc6C5=O)cc(C(F)(F)F)c4)c(C)c3)cc2C)cc(C(F)(F)F)c1,281.1,0.3863168,,,
2147439938,Cc1ccc(Oc2ccccc2Oc2ccc(N3C(=O)c4ccc(Oc5ccccc5Oc5ccc6c(c5)C(=O)N(C)C6=O)cc4C3=O)cc2C(F)(F)F)c(C(F)(F)F)c1,185.0,0.36055432,0.175622309,1.319418273,19.66167795
2147439939,Cc1ccc(Oc2ccc(C3(c4ccc(Oc5ccc(N6C(=O)c7ccc(Oc8ccccc8Oc8ccc9c(c8)C(=O)N(C)C9=O)cc7C6=O)cc5C(F)(F)F)cc4)c4ccccc4-c4ccccc43)cc2)c(C(F)(F)F)c1,241.0,0.3879662,0.188157219,1.25213482,21.69502851
2147439940,Cc1cccc(P(=O)(c2ccc(Oc3ccc(C45CC6CC(CC(C6)C4)C5)cc3)cc2)c2cccc(-n3c(=O)c4cc5c(=O)n(C)c(=O)c5cc4c3=O)c2)c1,330.0,,,,
2147439941,CC(=O)OCCN(CCOC(=O)c1ccc2c(c1)C(=O)N(c1cccc(N3C(=O)c4ccc(C)cc4C3=O)c1)C2=O)c1ccc(/N=N/c2ccc([N+](=O)[O-])cc2)cc1,210.0,,,,
2147439942,CC(=O)OCCN(CCOC(=O)c1ccc2c(c1)C(=O)N(c1cccc(N3C(=O)c4ccc(C)cc4C3=O)c1)C2=O)c1ccc(/N=N/c2ccc(C)cc2)cc1,171.0,,,,
2147439943,CC(=O)OCCN(CCOC(=O)c1ccc2c(c1)C(=O)N(c1cccc(N3C(=O)c4ccc(C)cc4C3=O)c1)C2=O)c1ccc(/N=N/c2ccc(F)cc2)cc1,168.0,,,,
2147439944,CC(=O)Nc1ccc(/N=N/c2ccc([N+](=O)[O-])cc2)c(NC(=O)c2ccc3c(c2)C(=O)N(c2c(C)cc(Cc4cc(C)c(N5C(=O)c6ccc(C)cc6C5=O)c(C)c4)cc2C)C3=O)c1,264.0,,,,
2147439945,CC(=O)Nc1ccc(/N=N/c2ccc([N+](=O)[O-])cc2)c(NC(=O)c2ccc3c(c2)C(=O)N(c2c(C)cc(-c4cc(C)c(N5C(=O)c6ccc(C)cc6C5=O)c(C)c4)cc2C)C3=O)c1,278.0,,,,
2147439946,Cc1ccc2c(c1)C(=O)N(c1c(C)cc(C)c(C(=O)c3cccc(N4C(=O)c5ccc(C(C)(C(F)(F)F)C(F)(F)F)cc5C4=O)c3)c1C)C2=O,280.0,,,,
2147439947,CCOc1ccc(/N=N/c2ccc(OCCCCCCOc3ccc(N4C(=O)c5ccc(C(C)(C(F)(F)F)C(F)(F)F)cc5C4=O)cc3N3C(=O)c4ccc(C)cc4C3=O)cc2)cc1,198.0,,,,
2147439948,Cc1cccc(P(=O)(c2cccc(-n3c(=O)c4cc5c(=O)n(C)c(=O)c5c(-c5cc(C(F)(F)F)cc(C(F)(F)F)c5)c4c3=O)c2)c2cc(C(F)(F)F)cc(C(F)(F)F)c2)c1,280.0,,,,
2147439949,Cc1cccc(P(=O)(c2ccc(C(F)(F)F)cc2)c2cccc(-n3c(=O)c4cc5c(=O)n(C)c(=O)c5c(-c5cc(C(F)(F)F)cc(C(F)(F)F)c5)c4c3=O)c2)c1,290.0,,,,
2147439950,Cc1cccc(P(=O)(c2ccccc2)c2cccc(-n3c(=O)c4cc5c(=O)n(C)c(=O)c5c(-c5cc(C(F)(F)F)cc(C(F)(F)F)c5)c4c3=O)c2)c1,299.0,,,,
2147439951,Cc1cccc(P(=O)(c2cccc(-n3c(=O)c4cc5c(=O)n(C)c(=O)c5c(-c5ccc(C(F)(F)F)cc5)c4c3=O)c2)c2cc(C(F)(F)F)cc(C(F)(F)F)c2)c1,292.0,,,,
2147439952,Cc1cccc(P(=O)(c2ccc(C(F)(F)F)cc2)c2cccc(-n3c(=O)c4cc5c(=O)n(C)c(=O)c5c(-c5ccc(C(F)(F)F)cc5)c4c3=O)c2)c1,303.0,,,,
2147439953,Cc1cccc(P(=O)(c2ccccc2)c2cccc(-n3c(=O)c4cc5c(=O)n(C)c(=O)c5c(-c5ccc(C(F)(F)F)cc5)c4c3=O)c2)c1,321.0,,,,
2147439954,Cc1cccc(P(=O)(c2cccc(-n3c(=O)c4cc5c(=O)n(C)c(=O)c5c(-c5ccccc5)c4c3=O)c2)c2cc(C(F)(F)F)cc(C(F)(F)F)c2)c1,300.0,,,,
2147439955,Cc1cccc(P(=O)(c2ccc(C(F)(F)F)cc2)c2cccc(-n3c(=O)c4cc5c(=O)n(C)c(=O)c5c(-c5ccccc5)c4c3=O)c2)c1,311.0,,,,
2147439956,Cc1cccc(P(=O)(c2ccccc2)c2cccc(-n3c(=O)c4cc5c(=O)n(C)c(=O)c5c(-c5ccccc5)c4c3=O)c2)c1,325.0,,,,
2147439957,Cc1ccc(N(c2ccc(C#N)cc2)c2ccc(-n3c(=O)c4cc5c(=O)n(C)c(=O)c5cc4c3=O)cc2)cc1,353.0,,,,
2147439958,Cc1ccc(-c2cc(-c3ccc(OCCCC#N)cc3)cc(-c3ccc(-n4c(=O)c5cc6c(=O)n(C)c(=O)c6cc5c4=O)cc3)n2)cc1,345.0,,,,
2147439959,Cc1ccc(-c2cc(-c3ccc(OCCCC#N)cc3)cc(-c3ccc(N4C(=O)c5ccc(-c6ccc7c(c6)C(=O)N(C)C7=O)cc5C4=O)cc3)n2)cc1,360.0,0.38426678,,,
2147439960,Cc1ccc(Oc2ccc(Oc3ccc(N4C(=O)c5cccc(Oc6ccc(C(C)(C)c7ccc(Oc8cccc9c8C(=O)N(C)C9=O)cc7)cc6)c5C4=O)c(C)c3)cc2)cc1C,222.0,0.37551052,,,
2147439961,Cc1ccc(Oc2ccc(N3C(=O)c4cccc(Oc5c(C)cc(Cc6cc(C)c(Oc7cccc8c7C(=O)N(C)C8=O)c(C)c6)cc5C)c4C3=O)cc2)cc1,270.0,0.38048862,,,
2147439962,Cc1ccc(Oc2ccc(Oc3ccc(N4C(=O)c5cccc(Oc6c(C)cc(Cc7cc(C)c(Oc8cccc9c8C(=O)N(C)C9=O)c(C)c7)cc6C)c5C4=O)c(C)c3)cc2)cc1C,238.0,0.38135415,,,
2147439963,Cc1ccc(Oc2ccc(N3C(=O)c4cccc(Oc5c(C)cc(-c6cc(C)c(Oc7cccc8c7C(=O)N(C)C8=O)c(C)c6)cc5C)c4C3=O)cc2)cc1,298.0,0.38403589,,,
2147439964,Cc1ccc(Oc2ccc(N3C(=O)c4cccc(Oc5c(Oc6cccc7c6C(=O)N(C)C7=O)cc(C(C)(C)C)cc5C(C)(C)C)c4C3=O)cc2)cc1,238.0,,,,
2147439965,Cc1ccc(Oc2ccc(Oc3ccc(-n4c(=O)c5cc6c(=O)n(C)c(=O)c6cc5c4=O)cc3)cc2)c(C(F)(F)F)c1,272.2,,,,
2147439966,CCC(C)N1C(=O)C2C3C=CC(C4C(=O)N(C)C(=O)C34)C2C1=O,212.0,0.3634472,,,
2147439967,CCCCN1C(=O)C2C3C=CC(C4C(=O)N(C)C(=O)C34)C2C1=O,210.0,0.34806971,,,
2147439968,CCCCCN1C(=O)C2C3C=CC(C4C(=O)N(C)C(=O)C34)C2C1=O,211.0,0.34543609,,,
2147439969,CCCCCCCCCCCN1C(=O)C2C3C=CC(C4C(=O)N(C)C(=O)C34)C2C1=O,219.0,0.34804179,0.255867446,1.115283233,20.44394649
2147439970,CCc1ccc(N2C(=O)c3cc(Sc4ccc(C)cc4)c(Sc4ccc(N5C(=O)C6C7C=CC(C8C(=O)N(C)C(=O)C78)C6C5=O)cc4)cc3C2=O)cc1,320.0,,,,
2147439972,Cc1cc(C(c2ccc(O)c(N3C(=O)c4ccc(Oc5ccc6c(c5)C(=O)N(C)C6=O)cc4C3=O)c2)(C(F)(F)F)C(F)(F)F)ccc1O,266.0,,0.190410767,1.344261415,20.84487443
2147439973,Cc1ccc(Oc2ccc(C(=O)c3cccc(C(=O)c4ccc(Oc5ccc(-n6c(=O)c7cc8c(=O)n(C)c(=O)c8cc7c6=O)cc5)cc4)n3)cc2)cc1,324.6,,,,
2147439974,Cc1ccc(Oc2cccc(Oc3ccc(-n4c(=O)c5cc6c(=O)n(C)c(=O)c6cc5c4=O)cc3)c2C#N)cc1,328.0,,,,
2147439975,Cc1ccc(Oc2ccc(-n3c(=O)c4cc5c(=O)n(-c6ncc(C)s6)c(=O)c5cc4c3=O)cc2)cc1,328.8,0.39753647,,,
2147439976,Cc1ccc(Oc2ccc(C(=O)c3cccc(C(=O)c4ccc(Oc5ccc(-n6c(=O)c7cc8c(=O)n(C)c(=O)c8cc7c6=O)cc5C(F)(F)F)cc4)n3)cc2)c(C(F)(F)F)c1,227.1,,,,
2147439977,Cc1ccc(Oc2ccc3ccccc3c2-c2c(Oc3ccc(N4C(=O)c5ccc(NC(=O)Nc6cccc7c(NC(=O)Nc8ccc9c(c8)C(=O)N(C)C9=O)cccc67)cc5C4=O)cc3)ccc3ccccc23)cc1,297.0,0.36092398,,,
2147439978,Cc1cccc(-n2c(=O)c3cc4c(=O)n(C)c(=O)c4cc3c2=O)n1,183.5,,,,
2147439979,Cc1ccc(OCC2CCC(COc3ccc(-n4c(=O)c5cc6c(=O)n(C)c(=O)c6cc5c4=O)cc3)CC2)cc1,306.7,,,,
2147439980,CC(=O)Nc1nc(NC(=O)c2ccc3c(c2)C(=O)N(c2ccc(Oc4cccc5c(N6C(=O)c7ccc(C)cc7C6=O)cccc45)cc2)C3=O)nc(-c2ccccc2)n1,291.0,,,,
2147439981,COc1cc(/C=N/c2cc(C)c(C)cc2C)ccc1OCc1ccc(COc2ccc(/C=N/c3cc(C)c(N4C(=O)c5ccc6c7ccc8c9c(ccc(c%10ccc(c5c6%10)C4=O)c97)C(=O)N(C)C8=O)cc3C)cc2OC)cc1,145.0,,,,
2147439982,COc1cc(/C=N/c2cc(C)c(C)cc2C)ccc1OCc1ccccc1COc1ccc(/C=N/c2cc(C)c(N3C(=O)c4ccc5c6ccc7c8c(ccc(c9ccc(c4c59)C3=O)c86)C(=O)N(C)C7=O)cc2C)cc1OC,143.0,,,,
2147439983,Cc1cc(C)c(/N=C/c2ccc(OCc3ccc(COc4ccc(/C=N/c5cc(C)c(N6C(=O)c7ccc8c9ccc%10c%11c(ccc(c%12ccc(c7c8%12)C6=O)c%119)C(=O)N(C)C%10=O)cc5C)cc4)cc3)cc2)cc1C,130.0,,,,
2147439984,Cc1cc(C)c(/N=C/c2ccc(OCc3ccccc3COc3ccc(/C=N/c4cc(C)c(N5C(=O)c6ccc7c8ccc9c%10c(ccc(c%11ccc(c6c7%11)C5=O)c%108)C(=O)N(C)C9=O)cc4C)cc3)cc2)cc1C,128.0,,,,
2147439985,Cc1ccc(Sc2ccc(Sc3ccc(Sc4ccc(-n5c(=O)c6cc7c(=O)n(C)c(=O)c7cc6c5=O)cc4)cc3)cc2)cc1,234.05,,0.209987039,1.289064116,24.56371182
2147439986,Cc1ccc(Sc2ccc3c(c2)Sc2ccc(Sc4ccc(-n5c(=O)c6cc7c(=O)n(C)c(=O)c7cc6c5=O)cc4)cc2S3)cc1,254.75,,0.199953659,1.305780731,25.46175106
2147439987,COc1cc(-c2ccc(N3C(=O)c4ccc(C(=O)Nc5ccc(C6(c7ccc(NC(C)=O)cc7)c7ccccc7-c7ccccc76)cc5)cc4C3=O)c(OC)c2)ccc1N1C(=O)c2ccc(C)cc2C1=O,181.0,0.37058306,,,
2147439988,CC(=O)Nc1ccc(C2(c3ccc(NC(=O)c4ccc5c(c4)C(=O)N(c4ccc(Oc6ccc(N7C(=O)c8ccc(C)cc8C7=O)cc6)cc4)C5=O)cc3)c3ccccc3-c3ccccc32)cc1,240.0,0.37211646,,,
2147439989,Cc1ccc(C(=O)Nc2ccc(N3C(=O)c4ccc(-c5ccc6c(c5)C(=O)N(C)C6=O)cc4C3=O)cc2)cc1,335.0,,,,
2147439990,Cc1ccc(Oc2ccc(C(C)(C)c3ccc(Oc4ccc(N5C(=O)c6ccc(Oc7ccc8c(c7)C(=O)N(C)C8=O)cc6C5=O)cc4)cc3)cc2)cc1,227.5,0.37435414,,,
2147439991,CCC(C)COC(=O)NCCCCCCNC(=O)OCC(CC)n1c(=O)c2cc3c(=O)n(C)c(=O)c3cc2c1=O,61.0,,,,
2147439992,Cc1ccc(-c2ccc(Oc3ccc(C4(C)CC(C)(C)c5ccc(Oc6ccc(-c7ccc(-n8c(=O)c9cc%10c(=O)n(C)c(=O)c%10cc9c8=O)cc7)cc6C(F)(F)F)cc54)cc3)c(C(F)(F)F)c2)cc1,265.0,,,,
2147439993,Cc1ccc(-c2cc(C(C)(C)C)c(Oc3ccc(-n4c(=O)c5cc6c(=O)n(C)c(=O)c6cc5c4=O)cc3)c(C(C)(C)C)c2)cc1,398.5,,,,
2147439994,Cc1ccc(-c2cc(C(C)(C)C)c(Oc3ccc(N4C(=O)c5ccc(S(=O)(=O)c6ccc7c(c6)C(=O)N(C)C7=O)cc5C4=O)cc3)c(C(C)(C)C)c2)cc1,354.5,0.40835599,,,
2147439995,Cc1ccc(-c2cc(C(C)(C)C)c(Oc3ccc(-n4c(=O)c5cc6c(=O)n(C)c(=O)c6cc5c4=O)cc3C(F)(F)F)c(C(C)(C)C)c2)cc1,420.0,,,,
2147439996,Cc1ccc(-c2cc(C(C)(C)C)c(Oc3ccc(N4C(=O)c5ccc(S(=O)(=O)c6ccc7c(c6)C(=O)N(C)C7=O)cc5C4=O)cc3C(F)(F)F)c(C(C)(C)C)c2)cc1,365.5,0.40507785,,,
2147439997,Cc1ccc(-c2cc(C(C)(C)C)c(Oc3ccc(N4C(=O)c5ccc6c7c(ccc(c57)C4=O)C(=O)N(C)C6=O)cc3C(F)(F)F)c(C(C)(C)C)c2)cc1,456.0,,,,
2147439998,Cc1ccc(Sc2ccc(Sc3ccc(N4C(=O)c5ccc(Sc6ccc(Sc7ccc(Sc8ccc9c(c8)C(=O)N(C)C9=O)cc7)cc6)cc5C4=O)cc3)cc2)cc1,190.75,0.37717954,,,
2147439999,Cc1ccc(Sc2ccc(Sc3ccc(Sc4ccc(N5C(=O)c6ccc(-c7ccc8c(c7)C(=O)N(C)C8=O)cc6C5=O)cc4)cc3)cc2)cc1,227.1,0.37722426,,,
2147440000,Cc1cc(Br)c(Oc2c(Br)cc(N3C(=O)c4ccc(Oc5ccc6c(c5)C(=O)N(C)C6=O)cc4C3=O)cc2Br)c(Br)c1,283.0,,,,
2147440001,Cc1ccc(Oc2cccc(-c3cc(-c4ccccc4)cc(-c4cccc(Oc5ccc(-n6c(=O)c7cc8c(=O)n(C)c(=O)c8cc7c6=O)cc5)c4)n3)c2)cc1,264.0,,,,
2147440002,CC(C)CC(C)C(=O)Nc1ccc(Oc2ccc(NC(=O)Nc3ccc(Cc4ccc(NC(=O)Nc5ccc(Oc6ccc(NC(=O)C(CC(C)C)n7c(=O)c8cc9c(=O)n(C)c(=O)c9cc8c7=O)cc6)cc5)cc4)cc3)cc2)cc1,181.4,,,,
2147440003,CC(C)CC(C)C(=O)Nc1ccc(Oc2ccc(NC(=O)NCC3(C)CC(NC(=O)Nc4ccc(Oc5ccc(NC(=O)C(CC(C)C)n6c(=O)c7cc8c(=O)n(C)c(=O)c8cc7c6=O)cc5)cc4)CC(C)(C)C3)cc2)cc1,147.5,,,,
2147440004,CC(=O)OCCN(CCOC(=O)c1ccc2c(c1)C(=O)N(c1c(C)cc(Cc3cc(C)c(N4C(=O)c5ccc(C)cc5C4=O)c(C)c3)cc1C)C2=O)c1ccc(/N=N/c2ccc([N+](=O)[O-])cc2)cc1,179.0,,,,
2147440005,CC(=O)OCCN(CCOC(=O)c1ccc2c(c1)C(=O)N(c1c(C)cc(Cc3cc(C)c(N4C(=O)c5ccc(C)cc5C4=O)c(C)c3)cc1C)C2=O)c1ccc(/N=N/c2ccc([N+](=O)[O-])cc2[N+](=O)[O-])cc1,176.0,,,,
2147440006,CC(=O)OCCN(CCOC(=O)c1ccc2c(c1)C(=O)N(c1c(C)cc(Cc3cc(C)c(N4C(=O)c5ccc(C)cc5C4=O)c(C)c3)cc1C)C2=O)c1ccc(/N=N/c2ccc([N+](=O)[O-])cc2C#N)cc1,216.0,,,,
2147440007,Cc1cc(/C=N/C(=S)Nc2ccc(-n3c(=O)c4cc5c(=O)n(C)c(=O)c5cc4c3=O)cc2)ccc1Cl,276.0,,,,
2147440008,CC(=O)c1ccc2c(c1)C(=O)N(c1cc(/C=N/C(=S)Nc3ccc(N4C(=O)c5ccc(C)cc5C4=O)cc3)ccc1Cl)C2=O,274.0,,,,
2147440009,Cc1ccc2c(c1)C(=O)N(c1ccc(NC(=S)/N=C/c3ccc(Cl)c(N4C(=O)c5ccc(C(C)(C(F)(F)F)C(F)(F)F)cc5C4=O)c3)cc1)C2=O,272.0,,,,
2147440010,Cc1cccc(N2C(=O)c3ccc(-c4cccc5c4C(=O)N(C)C5=O)cc3C2=O)c1,341.0,,0.220725294,1.240217083,20.91558197
2147440012,CC/C=C/c1cc(C(C)(C)c2ccc(O)c(/C=C/CC3CC(=O)N(c4ccc(Cc5ccc(N6C(=O)CC(C)C6=O)cc5)cc4)C3=O)c2)ccc1O,206.0,,,,
2147440013,CCc1ccc(C(C)(C)c2ccc(Cn3c(=O)c4cc5c(=O)n(C)c(=O)c5cc4c3=O)o2)o1,138.0,,,,
2147440014,CCc1ccc(C(C)(CC)c2ccc(Cn3c(=O)c4cc5c(=O)n(C)c(=O)c5cc4c3=O)o2)o1,143.0,,,,
2147440015,CCCC(C)(c1ccc(CC)o1)c1ccc(Cn2c(=O)c3cc4c(=O)n(C)c(=O)c4cc3c2=O)o1,134.0,,,,
2147440016,CCc1ccc(C(C)c2ccc(Cn3c(=O)c4cc5c(=O)n(C)c(=O)c5cc4c3=O)o2)o1,116.0,,,,
2147440017,Cc1ccc(Oc2ccc(-n3c(=O)c4cc5c(=O)n(C)c(=O)c5cc4c3=O)cc2-c2ccccc2)cc1,329.0,,,,
2147440018,CC(=O)Nc1ccc(S(=O)(=O)c2ccc(NC(=O)c3ccc4c(c3)C(=O)N(c3cccc(N5C(=O)c6ccc(C)cc6C5=O)c3)C4=O)cc2)cc1,342.0,0.35285588,,,
2147440019,Cc1ccc(Sc2ccc(Oc3ccc(Sc4ccc(N5C(=O)c6ccc(Oc7ccc(C(C)(C)c8ccc(Oc9ccc%10c(c9)C(=O)N(C)C%10=O)cc8)cc7)cc6C5=O)cc4)cc3)cc2)cc1,199.0,0.37448846,0.219421614,1.217456722,24.1848397
2147440020,Cc1ccc(Cc2ccc(N3C(=O)c4ccc(Sc5ccc6c(c5)C(=O)N(C)C6=O)cc4C3=O)c(C(C)(C)C)c2)cc1C(C)(C)C,300.5,0.40667097,,,
2147440021,Cc1ccc(Cc2ccc(N3C(=O)c4ccc(S(=O)(=O)c5ccc6c(c5)C(=O)N(C)C6=O)cc4C3=O)c(C(C)(C)C)c2)cc1C(C)(C)C,336.0,0.40289103,,,
2147440022,CC(=O)Nc1ccc(Oc2cccc(Oc3ccc(NC(=O)c4ccc5c(c4)C(=O)N(c4cccc(Oc6cccc(Oc7cccc(N8C(=O)c9ccc(C)cc9C8=O)c7)c6C#N)c4)C5=O)cc3)c2)cc1,207.0,0.35558372,,,
2147440023,CC(=O)Nc1cccc(Oc2cccc(Oc3cccc(Oc4cccc(Oc5cccc(NC(=O)c6ccc7c(c6)C(=O)N(c6ccc(Oc8cccc(Oc9ccc(N%10C(=O)c%11ccc(C)cc%11C%10=O)cc9)c8C#N)cc6)C7=O)c5)c4C#N)c3)c2C#N)c1,199.0,0.3612591,,,
2147440024,CC(=S)Nc1ccc(Oc2ccc(NC(=S)n3c(=O)c4cc5c(=O)n(C)c(=O)c5cc4c3=O)cc2)cc1,265.0,,,,
2147440025,COc1ccc(C(C)(C)c2ccc(OC(=O)OCCN(CCOC(C)=O)c3ccccc3)cc2)cc1,70.0,0.34756362,,,
2147440026,COc1ccc(N(CCOC(C)=O)CCOC(=O)Oc2ccc(C(C)(C)c3ccc(OC)cc3)cc2)cc1,60.0,0.34363634,,,
2147440027,COc1ccc(C2(c3ccc(OC(C)=O)cc3)CCc3ccccc32)cc1,219.0,0.36699475,,,
2147440028,COc1ccc(Cc2ccc(Cc3ccc(OC(C)=O)cc3)cc2)cc1,79.5,0.36126118,,,
2147440029,COc1c(C)cc(C(c2cc(C)c(OC(C)=O)c(C)c2)(C(F)(F)F)C(F)(F)F)cc1C,208.0,0.39598526,,,
2147440030,CCc1cc(C(C)(C)c2ccc(OC(C)=O)c(CC)c2)ccc1OC,65.0,0.38097605,0.235507852,1.042006546,19.14999144
2147440031,COc1ccc(C(C)(CCC#N)c2ccc(OC(C)=O)cc2)cc1,150.0,0.36182275,0.239792442,1.128123384,20.80839425
2147440032,COc1ccc(C(C)(CCC#N)c2ccc(OC(C)=O)c(C)c2)cc1C,117.0,0.38107835,0.219626724,1.073618602,20.46291604
2147440033,CCCC(CCC)(c1ccc(OC)c(C)c1)c1ccc(OC(C)=O)c(C)c1,101.0,0.39582423,0.239908747,0.972761341,18.28808431
2147440034,CCC(O)C(O)COC(=O)OC,39.6,,,,
2147440035,CCC(OC(=O)Oc1ccc(C(=O)OC)cc1)C(COC(=O)OC)OC(=O)Oc1ccc(C(=O)OC)cc1,90.9,0.3223452,,,
2147440036,CCC(c1ccc(OC)cc1)c1ccc(OC(C)=O)cc1,128.0,0.36281879,,,
2147440037,CCC(C)(c1ccc(OC)c(C)c1)c1ccc(OC(C)=O)c(C)c1,119.0,0.37939809,,,
2147440038,CCC(C)(c1ccc(OC)c(Cl)c1)c1ccc(OC(C)=O)c(Cl)c1,142.0,0.37781492,,,
2147440039,COc1ccc(C(C)(C)c2ccc(OC(C)=O)c(Cl)c2)cc1,146.0,0.3646685,,,
2147440040,COc1ccc(C(C)(C)c2cc(Cl)c(OC(C)=O)c(Cl)c2)cc1,186.0,0.37520677,,,
2147440041,COc1ccc(C(C)(C)c2ccc(OC(C)=O)c(Cl)c2)cc1C,138.0,0.37412442,,,
2147440042,CCCCC(CCCC)(c1ccc(OC)cc1)c1ccc(OC(C)=O)cc1,113.0,0.38524755,0.236778552,1.002496135,15.9518712
2147440043,COc1ccc(C2(c3ccc(OC(=O)OC4C(C)(C)C(OC(C)=O)C4(C)C)cc3)CC3CCC2C3)cc1,184.0,0.3705045,,,
2147440044,COc1ccc(C(c2ccccc2)(c2ccccc2)c2ccc(OC(=O)OC3C(C)(C)C(OC(C)=O)C3(C)C)cc2)cc1,161.0,0.37906621,,,
2147440045,COc1ccc(-c2ccc(OC(=O)OC3C(C)(C)C(OC(C)=O)C3(C)C)cc2)cc1,165.0,0.35906343,,,
2147440046,CSc1ccc(Cc2ccc(SC(C)=O)cc2)cc1,117.0,0.37184413,0.180050455,1.226614486,21.95448265
2147440047,CCC(COC(=O)OC)OCCOc1ccc(/C=C/c2ccc([N+](=O)[O-])cc2)cc1,53.0,,,,
2147440048,CCC(COC(=O)OC)OCCCCOc1ccc(/C=C/c2ccc([N+](=O)[O-])cc2)cc1,42.0,,,,
2147440049,CCC(COC(=O)OC)OCCCCCCOc1ccc(/C=C/c2ccc([N+](=O)[O-])cc2)cc1,32.0,,,,
2147440050,CCC(COC(=O)OC)OCCCCCCCCCCCOc1ccc(/C=C/c2ccc([N+](=O)[O-])cc2)cc1,21.0,,,,
2147440051,COc1ccc(C(c2ccc(OC(C)=O)cc2)C(Cl)Cl)cc1,165.0,0.36363286,,,
2147440052,COc1c(Br)cc(C(c2cc(Br)c(OC(C)=O)c(Br)c2)(C(F)(F)F)C(F)(F)F)cc1Br,206.0,0.41928552,,,
2147440053,COc1ccc(C(C)(C)c2ccc(OC(=O)SCCCSC(C)=O)cc2)cc1,90.0,0.35558207,0.187002547,1.187060668,20.5297515
2147440054,COc1ccc(C(C)(C)c2ccc(OC(=O)SCCCCCCSC(C)=O)cc2)cc1,58.0,0.3614361,0.197531069,1.147142464,20.98397099
2147440055,COc1c(Cl)cc(C(c2cc(Cl)c(OC(C)=O)c(Cl)c2)C(Cl)(Cl)Cl)cc1Cl,273.0,0.39461971,,,
2147440056,CCCN(CCOC(=O)OCc1ccc(COC(=O)OC)cc1)c1ccc(/N=N/c2ccc([N+](=O)[O-])cc2)cc1,138.8,,,,
2147440057,COc1ccc(C(C)(C)c2ccc(OC(=O)OCCCOC(C)=O)cc2)cc1,68.1,0.33934743,,,
2147440058,COc1ccc(C(C)(C)c2ccc(OC(=O)OCCCCOC(C)=O)cc2)cc1,56.5,0.34176051,,,
2147440059,COc1ccc(C(C)(C)c2ccc(OC(=O)OCCCCCOC(C)=O)cc2)cc1,49.5,0.34414164,,,
2147440060,CN=P(C)(Oc1cccc(Cl)c1)Oc1cccc(Cl)c1,-24.0,,,,
2147440061,CN=P(C)(OCCOCCOCCOCCOC)OCCOCCOCCOCCOC,-80.0,,,,
2147440062,CN=P(C)(OCCOCCOCCOCCOCCOC)OCCOCCOCCOCCOCCOC,-79.0,,,,
2147440063,CN=P(C)(OCCOCCOCCOCCOCCOCCOC)OCCOCCOCCOCCOCCOCCOC,-76.0,,,,
2147440064,CN=P(C)(OCCOCCOCCOCCOCCOCCOCCOCCOC)OCCOCCOCCOCCOCCOCCOCCOCCOC,-75.0,,,,
2147440065,CN=P(C)(OCC(COC)OC)OCC(COC)OC,-79.0,,,,
2147440066,CNc1ccc(C)cc1C,-71.4,,,,
2147440067,CN=P(C)(OCC(COCCOC)OCCOC)OCC(COCCOC)OCCOC,-81.0,,,,
2147440068,CN=P(C)(OCC(COCCOCCOC)OCCOCCOC)OCC(COCCOCCOC)OCCOCCOC,-81.0,,,,
2147440069,CCCCOCCOCC(COP(C)(=NC)OCC(COCCOCCCC)OCCOCCCC)OCCOCCCC,-86.0,,,,
2147440070,CN=P(C)(OCC(COCCOC(C)C)OCCOC(C)C)OCC(COCCOC(C)C)OCCOC(C)C,-77.0,,,,
2147440071,Cc1ccc(Cc2ccc(-n3nc(-c4ccccc4)cc3-c3cccc(-c4cc(-c5ccccc5)nn4C)c3)cc2)cc1,225.0,,,,
2147440072,Cc1ccc(Cc2ccc(-n3nc(-c4ccccc4)cc3-c3ccc(-c4cc(-c5ccccc5)nn4C)cc3)cc2)cc1,252.0,,,,
2147440073,Cc1ccc(S(=O)(=O)c2ccc(-n3nccc3-c3ccc(-c4ccnn4C)cc3)cc2)cc1,266.0,,,,
2147440074,Cc1ccc(Cc2ccc(-n3nccc3-c3ccc(-c4ccnn4C)cc3)cc2)cc1,202.0,,,,
2147440075,Cc1ccc(S(=O)(=O)c2ccc(-n3nccc3-c3cccc(-c4ccnn4C)c3)cc2)cc1,218.0,,,,
2147440076,Cc1ccc(Cc2ccc(-n3nccc3-c3cccc(-c4ccnn4C)c3)cc2)cc1,212.0,,,,
2147440077,C=Cc1cc(OCCCCCCCC)c(/C=N/c2ccc(N=C)cc2)cc1OCCCCCCCC,32.7,,,,
2147440078,CN=P(C)(OC1COCCOCCOCCOCCOC1)OC1COCCOCCOCCOCCOC1,-3.85,,,,
2147440079,CN=P(C)(OCCCOC1COCCOCCOCCOCCOC1)OCCCOC1COCCOCCOCCOCCOC1,-19.6,,,,
2147440080,CN=P(C)(OCCCCCCOC1COCCOCCOCCOCCOC1)OCCCCCCOC1COCCOCCOCCOCCOC1,-26.1,,,,
2147440081,CN=P(C)(Oc1ccc(C(C)(C)C)cc1)Oc1ccc(C(C)(C)C)cc1,57.0,,,,
2147440082,C=C[Si](C)(C)N(C)C,-20.0,,,,
2147440083,CN(C)[Si](C)(C)C,-20.0,,,,
2147440084,CC[Si](C)(C)N(C)[Si](C)(C)N(C)C,-20.0,,,,
2147440085,C=C[Si](C)(N(C)C)N(C)[Si](C)(C)C,-42.0,,,,
2147440086,CN=P(N=P(N=S(C)(=O)Nc1ccccc1)(Nc1ccccc1)Nc1ccccc1)(Nc1ccccc1)Nc1ccccc1,82.0,,,,
2147440087,C=CCNP(=NC)(N=P(N=S(C)(=O)NCC=C)(NCC=C)NCC=C)NCC=C,-18.0,,,,
2147440088,CCCCCCCCCCCCOCCOCCOCCOCCOP(C)(=NC)OCCOCCOCCOCCOCCCCCCCCCCCC,-53.6,,,,
2147440089,CCCCNP(C)(=NC)NCCCC,27.0,,,,
2147440090,CN=P(C)(Oc1ccc(Cc2ccccc2)cc1)Oc1ccc(Cc2ccccc2)cc1,13.3,,,,
2147440091,CN=P(C)(Oc1ccc(Br)cc1)Oc1ccc(Br)cc1,20.65,,,,
2147440092,Cc1ccc(-c2ccc(-c3cc(-c4ccccc4)c4cc(-c5ccc6nc(C)cc(-c7ccccc7)c6c5)ccc4n3)cc2)cc1,360.0,0.41687752,,,
2147440093,CCCCc1ccc(/N=N/c2ccc(OCCOP(C)(=NC)OCCOc3ccc(/N=N/c4ccc(CCCC)cc4)cc3)cc2)cc1,80.0,,,,
2147440094,CN=P(C)(Oc1ccc(OC)cc1)Oc1ccc(OC)cc1,11.3,,,,
2147440095,CN=P(C)(Oc1cccc(F)c1)Oc1cccc(F)c1,-38.0,,,,
2147440096,CN=P(C)(Oc1cccc(Br)c1)Oc1cccc(Br)c1,-2.5,,,,
2147440097,CN=P(C)(C)c1ccccc1,37.0,,,,
2147440098,CCP(C)(=NC)c1ccccc1,20.0,,,,
2147440099,CCCNP(C)(=NC)NCCC,-14.5,,,,
2147440100,C=CNc1ccc(Cc2ccc(N=C)cc2)cc1,95.5,,,,
2147440101,C=CNc1ccc(CCc2ccc(N=C)cc2)cc1,125.0,,,,
2147440102,COc1c(C)[nH]c(C)c1OC,-26.0,,,,
2147440103,CCCCCCCCc1ccc(OCCOCCOP(C)(=NC)OCCOCCOc2ccc(CCCCCCCC)cc2)cc1,-13.3,,,,
2147440104,CN=P(C)(Oc1ccc(I)cc1)Oc1ccc(I)cc1,43.1,,,,
2147440105,CN=P(C)(Oc1ccc2cc(I)ccc2c1)Oc1ccc2cc(I)ccc2c1,90.3,,,,
2147440106,CN=P(C)(OCCOc1ccc2ccccc2c1)OCCOc1ccc2ccccc2c1,30.6,,,,
2147440107,CN=P(C)(OCCOc1ccc2cc(Br)ccc2c1)OCCOc1ccc2cc(Br)ccc2c1,43.5,,,,
2147440108,CN=P(C)(OCCOc1ccc2cc(I)ccc2c1)OCCOc1ccc2cc(I)ccc2c1,64.8,,,,
2147440109,CN=P(C)(OCCOc1ccc(-c2ccccc2)cc1)OCCOc1ccc(-c2ccccc2)cc1,56.2,,,,
2147440110,CN=P(C)(OCCOc1ccc(-c2ccc(Br)cc2)cc1)OCCOc1ccc(-c2ccc(Br)cc2)cc1,89.7,,,,
2147440111,CN=P(C)(OCCOc1ccc(-c2ccc(I)cc2)cc1)OCCOc1ccc(-c2ccc(I)cc2)cc1,111.4,,,,
2147440112,CN=P(C)(OCCOc1ccc(-c2ccccc2)cc1I)OCCOc1ccc(-c2ccccc2)cc1I,69.5,,,,
2147440113,CN=P(C)(Oc1ccc(C(=O)OC)cc1)Oc1ccc(C(=O)OC)cc1,-33.0,,,,
2147440114,Cc1ccc(N/C=N/c2ccc(S(C)(=O)=O)cc2)cc1,163.0,,,,
2147440115,CN=P(Cl)(Cl)N=P(Cl)(Cl)N=S(C)(=O)F,-56.0,,,,
2147440116,CCCCP(C)(C)=NC,-51.0,,,,
2147440117,CCCCCCP(C)(C)=NC,-69.0,,,,
2147440118,CCC(C)c1ccc(OP(C)(=NC)Oc2ccc(C(C)CC)cc2)cc1,-11.5,,,,
2147440119,C=NP(=NP(=NC(=C)Oc1ccccc1)(Oc1ccccc1)Oc1ccccc1)(Oc1ccccc1)Oc1ccccc1,18.0,,,,
2147440121,C=NP(=NP(=NC(=C)Oc1ccc(Br)cc1)(Oc1ccc(Br)cc1)Oc1ccc(Br)cc1)(Oc1ccc(Br)cc1)Oc1ccc(Br)cc1,45.0,,,,
2147440125,C=NP(=NP(=NC(=C)Oc1ccc(C(F)(F)F)cc1)(Oc1ccc(C(F)(F)F)cc1)Oc1ccc(C(F)(F)F)cc1)(Oc1ccc(C(F)(F)F)cc1)Oc1ccc(C(F)(F)F)cc1,31.0,,,,
2147440126,C=NP(=NP(=NC(=C)Oc1ccccc1C(F)(F)F)(Oc1ccccc1C(F)(F)F)Oc1ccccc1C(F)(F)F)(Oc1ccccc1C(F)(F)F)Oc1ccccc1C(F)(F)F,-20.0,,,,
2147440127,C=Nc1ccc(Cc2ccc(NC(=C)C)cc2)cc1,142.0,,,,
2147440128,C=Nc1ccc(Cc2ccc(NC(=C)CC)cc2)cc1,130.0,,,,
2147440129,C=Nc1ccc(Cc2ccc(NC(=C)CCC)cc2)cc1,110.0,,,,
2147440130,C=Nc1ccc(Cc2ccc(NC(=C)CCCC)cc2)cc1,106.0,,,,
2147440131,C=Nc1ccc(Cc2ccc(NC(=C)c3ccccc3)cc2)cc1,158.0,,,,
2147440132,CN=P(C)(OC/C=C/c1ccccc1)OC/C=C/c1ccccc1,1.0,,,,
2147440133,Cc1ccc(C(c2ccccc2)c2ccc(N(c3ccc(C)cc3)c3ccc(-c4ccc(N(C)c5ccc(C)cc5)cc4)cc3)cc2)cc1,239.0,0.43608862,,,
2147440134,CN=P(C)(OCC1COCCOCCOCCOCCO1)OCC1COCCOCCOCCOCCO1,-40.0,,,,
2147440135,Cc1cccc(N/C=C/C(=O)c2cccc(C(=O)/C=C/Nc3cccc(S(C)(=O)=O)c3)c2)c1,215.0,,,,
2147440136,C/N=N/c1ccc([Te]c2ccc(C)cc2)cc1,300.0,,,,
2147440137,CCCCCCc1cc(-c2ccc(-c3ccc4ccc5ccc(C)nc5c4n3)cc2)c(CCCCCC)cc1-c1ccc(C)cc1,190.0,,,,
2147440138,CN=P(C)(OCC1COCCOCCOCCOCCOCCO1)OCC1COCCOCCOCCOCCOCCO1,-40.0,,,,
2147440139,CN=P(C)(CC1COCCOCCOCCO1)OCC1COCCOCCOCCO1,-40.0,,,,
2147440140,Cc1cn(C)c2ccccc12,65.0,,,,
2147440141,CNc1cccc2c1C(=O)c1cccc(N[Se]C)c1C2=O,52.0,0.3481788,,,
2147440142,CNc1cccc(NC(=C(C#N)C#N)c2cccc(C(C)=C(C#N)C#N)c2)c1,278.0,0.41003738,,,
2147440143,CCCCCCCCCCCN/C(=N/C)c1ccccc1,10.0,,,,
2147440144,CCCCCCCCCCCN/C(C)=N/C,80.0,,,,
2147440145,COc1ccc(/C(=C\c2ccc(C)cc2)c2ccc(/C(=C/c3ccc(N(C)c4ccccc4)cc3)c3ccc(OC)cc3)cc2)cc1,197.0,,,,
2147440146,CCN(Cc1ccccc1CN(CC)c1ccc(/C=C(\C#N)S(C)(=O)=O)cc1)c1ccc(/C=C(/C)C#N)cc1,190.0,,,,
2147440147,C/C=C/c1cc(CCCCCCCCCC)c(/C=C/c2ccc(-c3ccc(C)nc3)cn2)cc1CCCCCCCCCC,68.0,,,,
2147440148,CCCCCCCCOc1cc(/C=C/c2ccc(N(C)c3ccccc3)cc2)c(OCCCCCCCC)cc1/C=C/c1ccc(C)cc1,74.0,,,,
2147440149,Cc1ccc(C(c2ccccc2)c2ccc(N(C)c3ccc(C)cc3)cc2)cc1,199.0,,,,
2147440150,C/C=C/c1ccc(-c2nnc(-c3ccc(/C=C/c4ccc5c(c4)c4cc(C)ccc4n5CCCCCCCC)cc3)n2-c2ccccc2)cc1,147.0,,,,
2147440152,CCCCC(CC)COc1cc(/C=C/c2ccc(C)cc2)c(OC)cc1/C=C/c1ccc(N(C)c2ccccc2)cc1,147.0,,,,
2147440153,CCCCCCCCOc1cc(/C(C#N)=C/c2ccc(N(C)c3ccccc3)cc2)c(OCCCCCCCC)cc1/C(C#N)=C/c1ccc(C)cc1,78.0,,,,
2147440154,CCCCCC1CCC(c2ccc(OCCCCCCCCCCOc3cc(C)ccc3NC)cc2)CC1,64.5,0.3832015,,,
2147440155,Cc1ccc(-c2cc3c(ccc4ccccc43)cc2-c2ccc(N(C)c3ccc(C)cc3)cc2)cc1,126.0,0.39961477,,,
2147440156,CCc1ccc(C[n+]2ccc(-c3cc[n+](C)cc3)cc2)cc1,95.0,0.36770634,,,
2147440157,CCc1cccc(C[n+]2ccc(-c3cc[n+](C)cc3)cc2)c1,128.0,0.36232627,,,
2147440158,CCc1ccccc1C[n+]1ccc(-c2cc[n+](C)cc2)cc1,70.5,0.35795758,,,
2147440159,CCCCC(CC)COc1cc(/C=C(\C#N)c2ccc3c4ccc(C)cc4n(CC(CC)CCCC)c3c2)c(OCC(CC)CCCC)cc1/C=C(/C)C#N,72.0,,,,
2147440160,C/C=C/c1ccc(N(c2ccc(/C=C/c3ccc4c5ccc(C)cc5n(CC(CC)CCCC)c4c3)cc2)c2ccc(OCC(CC)CCCC)cc2)cc1,132.0,,,,
2147440161,C/C=C/c1cc(OCC(CC)CCCC)c(/C=C/c2ccc3c4ccc(C)cc4n(CC(CC)CCCC)c3c2)cc1OCC(CC)CCCC,61.0,,,,
2147440162,COCCOCCc1cc(C)[nH]c1C,-43.0,,,,
2147440163,Cc1[nH]c2ccccc2c1C,137.0,,,,
2147440164,C/C=C/c1ccc2c(c1)C(CCCCCC)(CCCCCC)c1cc(/C=C/c3nc(C)c(C#N)c(/C=C/c4ccc(N(c5ccccc5)c5ccccc5)cc4)c3C#N)ccc1-2,178.0,,,,
2147440165,C/C=C/c1nc(/C=C/c2ccc3c(c2)c2cc(C)ccc2n3CCCCCC)c(C#N)c(/C=C/c2ccc(N(c3ccccc3)c3ccccc3)cc2)c1C#N,134.0,,,,
2147440167,CCCCCCCCCCOc1cc(C)ccc1NC,77.0,,,,
2147440168,CCCCCCCCCCCCOc1cc(C)ccc1NC,87.0,,,,
2147440169,CO[Si](C)(C)CCC/N=C1\C=C/C(=N/CCC[Si](C)(C)C)c2c(O)ccc(O)c21,32.9,,,,
2147440170,CO[Si](C)(C)CCC/N=C1\c2ccccc2/C(=N\CCC[Si](C)(C)C)c2c(O)ccc(O)c21,7.5,,,,
2147440171,C=Nc1ccc(/N=C(\c2ccccc2)c2ccc(C(=C)c3ccccc3)cc2)cc1,179.0,,,,
2147440172,C=Nc1cccc(/N=C(\c2ccccc2)c2ccc(C(=C)c3ccccc3)cc2)c1,179.0,,,,
2147440173,C=Nc1ccc(/N=C(/C=C/C(=C)c2ccccc2)c2ccccc2)cc1,157.0,,,,
2147440174,C=Nc1cccc(/N=C(/C=C/C(=C)c2ccccc2)c2ccccc2)c1,178.0,,,,
2147440175,CO[Si](C)(C)CCC/N=C1\C=C(O)/C(=N\CCC[Si](C)(C)C)C=C1O,70.34,,,,
2147440176,C/N=N/c1ccc(Nc2ccc(C(=O)c3ccc(Nc4ccc(C)cc4)cc3)cc2)cc1,216.42,,,,
2147440177,CCC(O)CN(CC(O)CN(C)c1ccccc1)c1ccc(/N=N/c2ccc([N+](=O)[O-])cc2)cc1,70.0,,,,
2147440178,CCC(O)CN(C)c1ccc(/N=N/c2ccc(C(=O)O)cc2)cc1,99.0,,,,
2147440179,CO[Si](C)(C)CCC/N=C/c1cc(Cc2ccc(O)c(/C=N/CCC[Si](C)(C)C)c2)ccc1O,-51.625,,,,
2147440180,C/N=N/c1ccc(Nc2ccc(C(=O)c3ccc(C(=O)c4ccc(Nc5ccc(C)cc5)cc4)cc3)cc2)cc1,203.0,,,,
2147440181,C/C=C/c1ccc2c3ccc(C)cc3n(-c3ccc(OCCCCCCCCCC)c(OCCCCCCCCCC)c3)c2c1,95.0,,,,
2147440182,CCC(O)CN(C)c1ccc(/N=N/c2ccc(Cl)cc2)cc1,160.0,,,,
2147440183,CCC(O)CN(C)c1ccc(/N=N/c2ccc([N+](=O)[O-])cc2C)cc1,156.0,,,,
2147440184,CCC(O)CN(C)c1cc(C)c(/N=N/c2ccc(Cl)cc2)c(C)c1,150.0,,,,
2147440185,CCC(O)CN(C)c1cc(C)c(/N=N/c2ccc(C#N)cc2)c(C)c1,150.0,,,,
2147440186,CCC(O)CN(C)c1cc(C)c(/N=N/c2ccc([N+](=O)[O-])cc2)c(C)c1,152.0,,,,
2147440187,CCC(O)CN(C)c1cc(C)c(/N=N/c2ccc([N+](=O)[O-])cc2C)c(C)c1,149.0,,,,
2147440188,CO[Si](C)(C)CCCC(=O)O,-29.0,,,,
2147440189,COC(=O)CCC[Si](C)(C)OC,-72.0,,,,
2147440190,CCOC(=O)CCC[Si](C)(C)OC,-82.0,,,,
2147440191,CCCCOC(=O)CCC[Si](C)(C)OC,-91.0,,,,
2147440192,CO[Si](C)(C)CCCC(=O)OCCO,-58.0,,,,
2147440193,CO[Si](C)(C)CCCOc1ccc(C(=O)Oc2ccc(C#N)cc2)cc1,57.0,,,,
2147440194,CO[Si](C)(C)CCCCOc1ccc(C(=O)Oc2ccc(C#N)cc2)cc1,16.0,,,,
2147440195,CO[Si](C)(C)CCCCCCOc1ccc(-c2ccc(C#N)cc2)cc1,10.0,,,,
2147440196,C/C=C/[Si](C)(c1ccccc1)c1ccccc1,-9.0,,,,
2147440197,C/C=[CH]/[Ge](/[CH]=C/[Si](C)(c1ccccc1)c1ccccc1)([c]1ccccc1)[c]1ccccc1,28.0,,,,
2147440198,CO[Si](C)(C)CCCCCCOc1ccc(C(=O)Oc2ccc(C#N)cc2)cc1,8.0,,,,
2147440199,CO[Si](C)(C)CC[Si](C)(C)C,-88.0,,,,
2147440200,CO[Si](C)(C)CCCCCCCC[Si](C)(C)C,-88.0,,,,
2147440201,C=C[Si](C)(C)OC,-129.0,,,,
2147440203,CCCC[Si](C)(C)CCCC,-40.5,,,,
2147440204,CCCCC[Si](C)(C)CCCC,-26.0,,,,
2147440205,CO[Si](C)(C)[Si](C)(C)C,-119.0,,,,
2147440206,CO[Si](C)(C)C1CC2CC1CC2OC(=O)OC(C)(C)C,60.0,,,,
2147440207,CCCCCC[Si](C)(C)CCCC,-40.0,,,,
2147440208,C[Si](C)(C)c1ccccc1,88.0,,,,
2147440209,COc1ccc(C2OCC(c3ccc(OCCCCCCCCCCCO[Si](C)(C)OC)cc3)CO2)cc1,44.0,,,,
2147440210,CCC(C)COc1ccc(C2OCC(c3ccc(OCCCCCCCCCCCO[Si](C)(C)OC)cc3)CO2)cc1,30.0,,,,
2147440211,CC/C=C/C[Si](C)(c1ccccc1)c1ccccc1,34.9,,,,
2147440212,C=C[Si](C)(C=C)C/C=C/CC,-65.0,,,,
2147440213,CO[Si](C)(C)CCCCCCOc1ccc(C(=O)Oc2ccc(C#N)cc2C)cc1,45.0,,,,
2147440215,CO[Si](C)(C)CCCOc1ccc(-c2ccc(C#N)cc2)cc1,38.0,,,,
2147440216,CCC(C)COc1ccc(-c2ccc(OC(=O)c3ccc(OC(=O)CCCCCCCCCC[Si](C)(C)OC)cc3)cc2)cc1,26.7,,,,
2147440217,C[Si](C)(C)CCC(F)(F)F,-3.0,,,,
2147440218,CO[Si](C)(C)O[Si](C)(C)CCCCCCCCOc1ccc(C(=O)Oc2ccc(C#N)cc2C)cc1,-15.0,,,,
2147440219,[2H]C([2H])([2H])[Si](C)(OC)C([2H])([2H])[2H],-125.0,,,,
2147440220,CO[Si](C)(C)CCCCCCCCCCC(=O)OCCC(F)(F)C(F)(F)C(F)(F)C(F)(F)C(F)(F)C(F)(F)F,-69.0,,,,
2147440221,CO[Si](C)(C)CCCCCCCCCCC(=O)OCCC(F)(F)C(F)(F)C(F)(F)C(F)(F)C(F)(F)C(F)(F)C(F)(F)C(F)(F)F,-78.0,,,,
2147440222,CO[Si](C)(C)CCCCC(=O)OCCCCCCCCCCC(F)(F)C(F)(F)C(F)(F)C(F)(F)C(F)(F)C(F)(F)C(F)(F)C(F)(F)F,-78.0,,,,
2147440223,CO[Si](C)(C)CCCCCCCCCCC(F)(F)C(F)(F)C(F)(F)C(F)(F)C(F)(F)C(F)(F)C(F)(F)C(F)(F)F,-78.0,,,,
2147440224,CO[Si](C)(C)CCCCC1COC(=O)O1,-23.45,,,,
2147440225,CCC/C=C/C[Si](C)(C)c1ccccc1,-14.9,,,,
2147440226,CCCC[Si](C)(C)OC,-115.0,,,,
2147440227,CCCCC[Si](C)(C)OC,-112.0,,,,
2147440228,CCN(CCOCc1ccc([Si](C)(C)C)cc1)c1ccc(/N=N/c2ccc([N+](=O)[O-])cc2)cc1,152.0,,,,
2147440229,CO[Si](C)(C)CCCOc1ccc(/N=N/c2ccc(S(=O)(=O)O)cc2)cc1,9.2,,,,
2147440230,C=C[Si](C)(C)O[SiH](C)O[Si](C)(C)O[Si](C)(C)OC,-68.0,,,,
2147440231,COc1ccc(OC(=O)c2ccc(OCCCCCC[Si](C)(C)OC)cc2)cc1,-2.0,,,,
2147440232,CCCCCCOc1ccc(OC(=O)c2ccc(OCCC[Si](C)(C)OC)cc2)cc1,15.0,,,,
2147440233,CCCCCCOc1ccc(OC(=O)c2ccc(OCCCCCC[Si](C)(C)OC)cc2)cc1,12.0,,,,
2147440234,COc1ccc(OC(=O)c2ccc(OC(=O)c3ccc(OCCC[Si](C)(C)OC)cc3)cc2)cc1,38.0,0.34401737,,,
2147440235,CO[Si](C)(C)CCCOCCOCCOc1ccc(COc2ccc3cc(C#N)ccc3c2)cc1,30.0,,,,
2147440236,CCCCCCCCCOC(=O)C(=Cc1ccc(OC(=O)c2ccc(OC(=O)c3ccc(OCCCCCC[Si](C)(C)OC)cc3)cc2)cc1)C(=O)OCCCCCCCCC,-4.0,,,,
2147440238,CO[Si](C)(C)C1CC2CC1C1C3CC(CC3C(=O)OC(C)(C)C)C21,90.0,,,,
2147440239,CO[Si](C)(c1ccccc1)c1ccc(OC(C)(C)C)cc1,56.0,,,,
2147440244,CO[Si](C)(C)CCCOc1ccc(C(=O)OC2CCC3(C)C(=CCC4C3CCC3(C)C(C(C)CCCC(C)C)CCC43)C2)cc1S(=O)(=O)[O][K],112.6,,,,
2147440245,COCCOCCOCCOCCC[Si](C)(C)OC,-64.205,,,,
2147440246,C/C=C/c1ccc(/C=C/[Si](C)(C)c2ccc([Si](C)(C)C)cc2)cc1,90.2,,,,
2147440248,C/C=C/c1ccc(/C=C/[Si](C)(C)c2cccc([Si](C)(C)C)c2)cc1,39.2,,,,
2147440250,C/C=C/c1cccc(/C=C/[Si](C)(C)c2ccc([Si](C)(C)C)cc2)c1,41.7,,,,
2147440252,C/C=C/c1cccc(/C=C/[Si](C)(C)c2cccc([Si](C)(C)C)c2)c1,28.7,,,,
2147440259,C/C=C/c1ccc(/C=C/[Si](C)(CCC(F)(F)F)c2ccc([Si](C)(C)CCC(F)(F)F)cc2)cc1,52.8,,,,
2147440261,C/C=C/c1ccc(/C=C/[Si](C)(CCC(F)(F)F)c2cccc([Si](C)(C)CCC(F)(F)F)c2)cc1,23.4,,,,
2147440263,C/C=C/c1cccc(/C=C/[Si](C)(CCC(F)(F)F)c2ccc([Si](C)(C)CCC(F)(F)F)cc2)c1,39.2,,,,
2147440271,C/C=C/c1cccc(/C=C/[Si](C)(CCC(F)(F)F)c2cccc([Si](C)(C)CCC(F)(F)F)c2)c1,9.5,,,,
2147440272,COCCOCCOCCO[Si](C)(C)OC,-120.1,,,,
2147440273,CCOc1cc(C(=O)Oc2ccc(-c3ccc(OC(=O)c4ccc(OCCC[Si](C)(C)OC)cc4)cc3)cc2)cc(OCC)c1OCC,61.3,,,,
2147440274,CCOc1cc(OCC)cc(C(=O)Oc2ccc(-c3ccc(OC(=O)c4ccc(OCCC[Si](C)(C)OC)cc4)cc3)cc2)c1,62.8,,,,
2147440275,CCOc1ccc(C(=O)Oc2ccc(-c3ccc(OC(=O)c4ccc(OCCC[Si](C)(C)OC)cc4)cc3)cc2)cc1,74.6,,,,
2147440276,CCC(C)COC(=O)C(C)OC(=O)C(C)OC(=O)c1ccc(OC(=O)c2ccc(-c3ccc(OCCCCCCCCCCC[Si](C)(C)OC)cc3)cc2)cc1,20.0,,,,
2147440277,CCC(C)COC(=O)C(C)OC(=O)C(C)OC(=O)C(C)OC(=O)c1ccc(OC(=O)c2ccc(-c3ccc(OCCCCCCCCCCC[Si](C)(C)OC)cc3)cc2)cc1,15.0,,,,
2147440278,CO[Si](C)(C)CCCCCCCCCCC(=O)Oc1ccc(C(=O)OCCOc2ccc(C(=O)OC3CCC4(C)C(=CCC5C4CCC4(C)C(C(C)CCCC(C)C)CCC54)C3)cc2)cc1,25.0,,,,
2147440279,CCC(C)COc1ccc(C(=O)Oc2ccc(OC(=O)CCCCCCCCCC[Si](C)(C)OC)cc2)cc1,13.4,,,,
2147440280,CCC(C)COc1ccc(C(=O)Oc2ccc(-c3ccc(OC(=O)CCCCCCCCCC[Si](C)(C)OC)cc3)cc2)cc1,29.2,,,,
2147440281,CCC(C)COc1ccc(C(=O)Oc2ccc(OC(=O)c3ccc(OC(=O)CCCCCCCCCC[Si](C)(C)OC)cc3)cc2)cc1,28.5,,,,
2147440282,CCC(C)COc1ccc(C(=O)Oc2ccc(-c3ccc(OC(=O)c4ccc(OC(=O)CCCCCCCCCC[Si](C)(C)OC)cc4)cc3)cc2)cc1,74.3,,,,
2147440283,CO[Si](C)(C)CCCCCCCCCCCOc1ccc(C(=O)OC/C=C(\C)CCC=C(C)C)cc1,25.0,,,,
2147440284,CCCCCCCOc1ccc(C(=O)Oc2ccc(-c3ccc(OC(=O)CCCCCCCCCC[Si](C)(C)OC)cc3)cc2)cc1,61.1,,,,
2147440285,COCCO[Si](CC[Si](C)(C)OC)(OCCOC)OCCOC,28.9,,,,
2147440286,CO[Si](C)(C)CCCCCCCCCCC(=O)Oc1ccc2cc(C(=O)OC3CCC4(C)C(=CCC5C4CCC4(C)C(C(C)CCCC(C)C)CCC54)C3)ccc2c1,27.0,,,,
2147440287,CO[Si](C)(C)CCCOc1ccc(C(=O)OCCOc2ccc(C(=O)OC3CCC4(C)C(=CCC5C4CCC4(C)C(C(C)CCCC(C)C)CCC54)C3)cc2)cc1,42.0,,,,
2147440288,CCCCC(CC)Cn1c2ccccc2c2cc(-c3ccc4c(c3)c3cc(OCCC[Si](C)(C)OC)ccc3n4CC(CC)CCCC)ccc21,129.0,,,,
2147440289,CO[Si](C)(C)CCCOc1ccc(N(c2ccc(C)cc2)c2ccc(-c3ccc(N(c4ccccc4)c4ccc(C)cc4)cc3)cc2)cc1,102.0,,,,
2147440290,CO[Si](C)(C)CCCOc1ccc(-c2ccc(OC(=O)CCCCC(=O)OC3CC(C)CCC3C(C)C)cc2)cc1,43.3,,,,
2147440291,CO[Si](C)(C)CCCOc1ccc(C(=O)Oc2ccc(OC(=O)CCCCC(=O)OC3CC(C)CCC3C(C)C)cc2)cc1,45.3,,,,
2147440292,CO[Si](C)(C)CCCOc1ccc(C(=O)Oc2ccc(-c3ccc(OC(=O)CCCCC(=O)OC4CC(C)CCC4C(C)C)cc3)cc2)cc1,56.8,,,,
2147440293,CO[Si](C)(C)CCCCCCCCCCC(=O)Oc1ccc(-c2ccc(OC(=O)CCCCC(=O)OC3CC(C)CCC3C(C)C)cc2)cc1,16.5,,,,
2147440294,CO[Si](C)(C)CCCCCCCCCCC(=O)Oc1ccc(C(=O)Oc2ccc(OC(=O)CCCCC(=O)OC3CC(C)CCC3C(C)C)cc2)cc1,20.7,,,,
2147440295,CO[Si](C)(C)CCCCCCCCCCC(=O)Oc1ccc(C(=O)Oc2ccc(-c3ccc(OC(=O)CCCCC(=O)OC4CC(C)CCC4C(C)C)cc3)cc2)cc1,32.4,,,,
2147440296,CO[Si](C)(C)c1cccc2c1ccc1c([Si](C)(C)C)cccc12,100.0,0.40173269,,,
2147440297,CC1(C)OCC(COCCC[Si](C)(C)C)O1,-48.0,,,,
2147440298,COc1ccc(OC(=O)c2ccc(C(=O)Oc3ccc(OC)cc3)c(CC[Si](C)(C)OC)c2)cc1,111.0,,,,
2147440299,CCCCOc1ccc(OC(=O)c2ccc(C(=O)Oc3ccc(OCCCC)cc3)c(CC[Si](C)(C)OC)c2)cc1,92.0,,,,
2147440300,CCCCCCCCCCCCOc1ccc(-c2nnc(-c3ccc(-c4nnc(-c5ccc(OCCCCCCCCCCCC)cc5)o4)c(CC[Si](C)(C)OC)c3)o2)cc1,156.0,,,,
2147440301,CCCCOc1ccc(OC(=O)c2ccc(-c3ccc(C(=O)Oc4ccc(OCCCC)cc4)cc3CC[Si](C)(C)OC)cc2)cc1,96.0,,,,
2147440304,CO[SiH](C)Nc1cccc(N[Si](C)(C)OC)c1,177.5,,,,
2147440309,CO[Si](C)(C)c1ccccc1,-28.15,,,,
2147440310,CCCP(C)(CCC)=NC,10.0,,,,
2147440311,CCOC(=O)C(C)NP(C)(=NC)NC(C)C(=O)OCC,-16.75,,,,
2147440312,CN=P(C)(Cl)Oc1ccc(C)cc1,-5.0,,,,
2147440313,CN=P(C)(Oc1ccc(C)cc1)n1cncn1,73.25,,,,
2147440314,Cc1ccc(C(=O)c2cccc(C(=O)c3ccc(S(C)(=O)=O)cc3)c2)cc1,198.0,0.3680485,,,
2147440315,COS(=O)(=O)c1cccc(S(=O)(=O)Oc2ccc(C3(c4ccc(C)cc4)CCCCC3)cc2)c1,127.0,0.36029922,,,
2147440316,CCC(C)(c1ccc(C)cc1)c1ccc(OS(=O)(=O)c2cccc(S(=O)(=O)OC)c2)cc1,147.0,0.36537348,,,
2147440317,CC/C=C/C(CC)S(C)(=O)=O,70.1,,,,
2147440318,CC/C=C(\C)C(C)S(C)(=O)=O,73.0,,,,
2147440319,CC/C=C/C(C)S(C)(=O)=O,71.0,,,,
2147440320,CC/C(C)=C/C(C)S(C)(=O)=O,83.0,,,,
2147440321,CC/C=C(\C)CS(C)(=O)=O,88.2,,,,
2147440322,CC/C=C/CS(C)(=O)=O,86.0,,0.151,,
2147440323,Cc1cc(C(C)(C)c2cc(C)c(S(C)(=O)=O)c(C)c2)cc(C)c1C,230.0,0.39361578,,,
2147440324,C/C(=C(/c1ccc(C)cc1)c1ccc(Oc2ccccc2)cc1)c1ccc(Oc2ccccc2)cc1,163.0,,,,
2147440325,C/C(=N\c1ccccc1)c1ccc(-c2ccc(C)cc2)cc1,225.0,,,,
2147440326,C/C=C/c1cc(OCC(CC)CCCC)c(C)cc1OC,79.0,,,,
2147440327,C/C=C/c1cc(OCCCCCCC)c(/C=C/c2ccc(C)cc2)cc1OCCCCCCC,46.0,,,,
2147440328,C/C=C/c1cc(OCCCCCCCCC)c(/C=C/c2ccc(C)cc2)cc1OCCCCCCCCC,44.0,,,,
2147440329,C/C=C/c1cc(OCCCCCCCCCCCC)c(/C=C/c2ccc(C)cc2)cc1OCCCCCCCCCCCC,38.0,,,,
2147440330,C/C=C/c1cc(OCCCC)c(C)cc1OC,65.0,,,,
2147440331,Cc1cc(C(C)(C)c2ccc(O)cc2)cc(C)c1O,135.0,0.36895404,,,
2147440332,CCCCCCCCOc1cc(/C(C#N)=C/c2cc(OC)c(/C=C(/C)C#N)cc2OCCCCCCCC)c(OC)cc1C,174.0,,,,
2147440333,CCCCCCCCCCOc1cc(/C(C#N)=C/c2cc(OC)c(/C=C(/C)C#N)cc2OCCCCCCCCCC)c(OC)cc1C,198.0,,,,
2147440334,CCCCCCCCCCCCOc1cc(/C(C#N)=C/c2cc(OC)c(/C=C(/C)C#N)cc2OCCCCCCCCCCCC)c(OC)cc1C,181.0,,,,
2147440335,CCCCCCCCCCCCCCCCOc1cc(/C(C#N)=C/c2cc(OC)c(/C=C(/C)C#N)cc2OCCCCCCCCCCCCCCCC)c(OC)cc1C,190.0,,,,
2147440336,C/C=C(/c1ccc(C)cc1)c1ccc(C(F)(F)F)cc1,199.0,,,,
2147440337,C/C(=C/c1ccc(/C=C(\c2ccccc2)c2ccc(-c3ccc(C)cc3)cc2)cc1)c1ccccc1,220.0,,,,
2147440338,COc1cc(/C=C(\c2ccc(F)cc2)c2ccc(-c3ccc(C)cc3)cc2)c(OC)cc1/C=C(/C)c1ccc(F)cc1,201.0,,,,
2147440339,COc1cc(/C=C(\c2ccccc2)c2ccc(-c3ccc(C)cc3)cc2)c(OC)cc1/C=C(/C)c1ccccc1,223.0,,,,
2147440340,COc1cc(/C=C(\c2ccccc2)c2ccc3cc(C)ccc3c2)c(OC)cc1/C=C(/C)c1ccccc1,198.0,,,,
2147440341,COc1cc(/C=C(/c2ccc(C)cc2)c2ccc(C(F)(F)F)cc2)c(OC)cc1/C=C(/C)c1ccc(C(F)(F)F)cc1,208.0,,,,
2147440342,COc1cc(/C=C(/c2ccc(C)cc2)c2ccc(F)cc2)c(OC)cc1/C=C(/C)c1ccc(F)cc1,193.0,,,,
2147440343,COc1ccc(/C(C)=C\c2cc(OC)c(/C=C(/c3ccc(C)cc3)c3ccc(OC)cc3)cc2OC)cc1,170.0,,,,
2147440344,COc1cc(/C=C(\c2ccc(F)cc2)c2ccc3cc(C)ccc3c2)c(OC)cc1/C=C(/C)c1ccc(F)cc1,208.0,,,,
2147440345,C/C=C/c1cc(OCC(CC)CCCC)c(/C=C/c2cc(OC)c(C)cc2OC)cc1OC,110.0,,,,
2147440346,C/C=C/c1cc(OC)c(/C=C/c2ccc(/C=C(\Oc3ccccc3)c3ccc(/C(=C/c4ccc(C)cc4)c4ccc(Oc5ccccc5)cc4)cc3)cc2)cc1OC,175.0,,,,
2147440347,COc1ccc(/N=N/c2cc(C)c(O)c(C)c2)cc1,134.0,,,,
2147440348,Cc1cc(/N=N/c2ccc(C#N)cc2)cc(C)c1O,176.0,,,,
2147440349,C/C=C/c1cc(OCCC(C)CCCC(C)C)c(C)cc1OC,54.5,,,,
2147440351,C/C=C/c1ccc(C)c(-c2ccc(OCC(CC)CCCC)c3ccccc23)c1,135.0,,,,
2147440352,C/C=C/c1ccc(C)c(-c2c(OCC(CC)CCCC)ccc3ccccc23)c1,118.0,,,,
2147440353,C/C=C/c1ccc(C)c(OCc2cc(OCCC(C)CCCC(C)C)cc(OCC(CC)CCCC)c2)c1,227.0,,,,
2147440355,C/C=C/c1ccc(C)c(-c2cc(OCCC(C)C)c(OCCC(C)C)cc2-c2ccccc2)c1,164.0,,,,
2147440356,Cc1ccc(-c2ccc(C3(C)c4ccccc4-c4ccccc43)cc2)cc1,297.0,0.41877221,,,
2147440357,C/C=C/c1cc(OCC2CC3CC2C2CCCC32)c(C)cc1OC,174.0,,,,
2147440359,CCCCCCCCC1(CCCCCCCC)c2cc(C)ccc2-c2ccc(/C(C#N)=C/c3cc(/C=C(/C)C#N)cc(N(c4ccccc4)c4ccccc4)c3)cc21,136.0,,0.257,,
2147440360,C/C=C/c1cc(OCCc2ccccc2)c(C)cc1OC,121.0,,,,
2147440361,CCCCn1c2ccc(/N=C/c3ccc(O)c(C)c3)cc2c2cc(/N=C/c3cc(C)c(O)c(C)c3)ccc21,306.0,,,,
2147440362,CCCCCCn1c2ccc(/N=C/c3ccc(O)c(C)c3)cc2c2cc(/N=C/c3cc(C)c(O)c(C)c3)ccc21,327.0,,0.307,,
2147440363,CCCCCCCCCCCCn1c2ccc(/N=C/c3ccc(O)c(C)c3)cc2c2cc(/N=C/c3cc(C)c(O)c(C)c3)ccc21,310.0,,0.203,,
2147440364,[C][Ge](/[CH]=C/C)([c]1ccccc1)[c]1ccccc1,-36.0,,0.258,,
2147440365,CCC(C)(F)C(=O)OCC(F)(F)C(F)(F)C(F)(F)F,75.0,0.32178633,,,
2147440366,CCOC(=O)C(C)(F)CC,94.0,,,,
2147440367,CCC(F)(F)C1(F)CC(C(O)(C(F)(F)F)C(F)(F)F)CC1C,118.0,0.32084568,0.285,,
2147440499,CCCc1ccc(C)c(C(C)=O)c1,8.997925789,,,,
2147440594,Cc1ccc2cc(C)ccc2c1,239.5402998,,,,
2147440617,CCCCCCCCCCCCc1c(C)sc(-c2ccc(-c3ccc(C)s3)s2)c1CCCCCCCCCCCC,14.60597757,,,,
2147440738,Cc1ccc(C)c2ccccc12,189.0821827,,,,
2147440806,CCCCCCCCCc1nc2c(C)sc(C)c2s1,56.24069524,,,,
2147440810,COc1cccc(Oc2ccc(C(=O)Nc3ccc(Oc4ccc(NC(=O)c5ccc(C)cc5)cc4)cc3)cc2)c1C#N,160.9324159,,,,
2147440830,CCCCCOC(=O)c1ccccc1-c1ccccc1C(=O)OC,71.34273106,,,,
2147440899,Cc1nc2cc(-c3ccc4[nH]c(-c5ccc(C)o5)nc4c3)ccc2[nH]1,419.98,,,,
2147440927,CO[Si](C)(C)CCCN=C1c2ccccc2C(=NCCC[Si](C)(C)C)c2c(O)ccc(O)c21,51.3,,,,
2147440929,CCCCCCCOP(=O)(N=Nc1ccc(COC(=O)c2cc(C(=O)OCc3ccc(N=NP(=O)(OC)OC)cc3)cc(C(C)(C)C)c2)cc1)OC,62.39,,,,
2147440956,CO[Si](O[Si](O[Si](O[Si](CC[Si](C)(C)O[Si](C)(C)O[Si](C)(C)O[Si](C)(C)O[Si](C)(C)CC[Si](C)(c1ccccc1)c1ccccc1)(c1ccccc1)c1ccccc1)(c1ccccc1)c1ccccc1)(c1ccccc1)c1ccccc1)(c1ccccc1)c1ccccc1,11.62,,,,
2147440971,CC[Si](CC)(c1ccc(OC(C)=O)cc1)c1ccc(OC(=O)c2ccc(C)s2)cc1,-36.93,,,,
2147440977,Cc1ccc(C(=O)OCCCCCCOc2ccc(C=C3CCCC(=Cc4ccc(OCCCCCCOC(=O)c5ccc(-c6nnc(C)o6)cc5)cc4)C3=O)cc2)cc1,90.11,,,,
2147440985,CC=CC1CC(C)C(C(F)(F)F)(C(F)(F)F)C1(F)F,163.71,,,,
2147441000,CC=CCCCC(Cl)CCCC,-9.32,,,,
2147441004,CCC(C)(C)C(=O)OCCOc1ccc(N=Nc2ccc(C#N)cc2)cc1,141.68,,,,
2147441011,CCCCCCCCCOc1c(OC)cc(C=Cc2ccc(C=Cc3cc(OC)c(OC)c(OC)c3)cc2)cc1OC,65.39,,,,
2147441015,CCC(C)(C)C(=O)OCCCCCCCCCCn1c2ccccc2c2cc(N=Nc3ccc([N+](=O)[O-])cc3)ccc21,60.81,,,,
2147441016,CN=Nc1ccc(NC(=O)CCC(=O)Nc2ccc(C)cc2)cc1,208.85,,,,
2147441023,CC1(C)OC[C@H](CO)O1,8.850000000000023,,,,
2147441024,COC(=O)[C@H](C)O,12.850000000000025,,,,
2147441025,FC(F)C(F)C(F)(F)F,-178.14999999999998,,,,
2147441026,FCC(F)(F)F,-202.15,,,,
2147441027,CC(F)(Cl)Cl,-232.15,,,,
2147441028,c1ccc(C2=C(c3ccccc3)CC2)cc1,-57.14999999999998,,,,
2147441029,c1ccc(C2=C(c3ccccc3)CCCCC2)cc1,-40.14999999999998,,,,
2147441030,CCCC(O)CO,-92.14999999999998,,,,
2147441031,CC(N)CN,-129.04999999999998,,,,
2147441032,c1ccc2c(-c3cc(-c4cccc5ccccc45)cc(-c4cccc5ccccc45)c3)cccc2c1,68.85000000000002,,,,
2147441033,c1ccc2cc(-c3cc(-c4ccc5ccccc5c4)cc(-c4ccc5ccccc5c4)c3)ccc2c1,63.85000000000002,,,,
2147441034,Cc1cccc(N(c2ccccc2)c2cc(N(c3ccccc3)c3cccc(C)c3)cc(N(c3ccccc3)c3cccc(C)c3)c2)c1,60.85000000000002,,,,
2147441035,c1ccc2cc(-c3cc(-c4cccc5ccccc45)cc(-c4cccc5ccccc45)c3)ccc2c1,77.0,,,,
2147441036,C[C@H](Nc1cc(N[C@@H](C)c2ccccc2)c([N+](=O)[O-])cc1[N+](=O)[O-])c1ccccc1,42.85000000000002,,,,
2147441037,OCCCO,-119.14999999999998,,,,
2147441038,CC(O)CCCO,-97.34999999999997,,,,
2147441039,CC(O)CCCCO,-93.74999999999996,,,,
2147441040,OCCCCCO,-109.49999999999996,,,,
2147441041,CNc1nc(Nc2cc(C)cc(C)c2)nc(Nc2cc(C)cc(C)c2)n1,94.0,,,,
2147441042,CCc1nc(Nc2cc(C)cc(C)c2)nc(Nc2cc(C)cc(C)c2)n1,41.0,,,,
2147441043,C=CCC,-212.15,,,,
2147441044,CCCCOCC(C)O,-118.04999999999998,,,,
2147441045,CC(F)(F)Cl,-246.15,,,,
2147441046,CCn1c(-c2ccccc2)cc2ccccc21,7.600000000000023,,,,
2147441047,CCc1cccc2c1[nH]c1ccccc12,-1.1999999999999886,,,,
2147441048,COCC(C)O,-127.95,,,,
2147441049,Cn1cnc2ccccc21,-108.7,,,,
2147441050,Cn1ccc2ccccc21,-88.44999999999999,,,,
2147441051,Cn1cccn1,-124.7,,,,
2147441052,Nc1cccc2ccccc12,32.85000000000002,,,,
2147441053,CCC(O)c1ccccc1,-79.49999999999997,,,,
2147441054,CCCOCC(C)O,-119.45,,,,
2147441055,CC(O)COC(C)(C)C,-98.99999999999996,,,,
2147441056,CCCCC(CC)COCCO,-114.54999999999998,,,,
2147441057,CCOC(=O)N(CC(CCl)(CCl)CCl)c1ccc([N+](=O)[O-])cc1,19.850000000000023,,,,
2147441058,Cc1c(Br)c(Br)c(Br)c(Br)c1Br,-71.14999999999998,,,,
2147441059,CC(C)C(C)C,-197.15,,,,
2147441061,Cc1ccnc(C)c1,-123.09999999999997,,,,
2147441062,CC(O)CC(C)O,-68.14999999999998,,,,
2147441063,CC(O)CCC(C)O,-69.64999999999998,,,,
2147441064,CNc1nc(Nc2ccccc2)nc(Nc2ccccc2)n1,56.0,,,,
2147441065,CNc1nc(Nc2ccccc2C)nc(Nc2ccccc2C)n1,55.0,,,,
2147441066,Oc1ccccc1Cc1ccccc1,-53.14999999999998,,,,
2147441067,CCC(C)Br,-176.14999999999998,,,,
2147441068,CNc1nc(Nc2cccc(C)c2)nc(Nc2cccc(C)c2)n1,60.0,,,,
2147441069,Nc1ccc([N+](=O)[O-])cc1Cl,50.85000000000002,,,,
2147441070,Nc1ccccc1Cl,18.850000000000023,,,,
2147441071,CCCC(O)C(CC)CO,-59.849999999999966,,,,
2147441072,CCCCC(CC)CO,-127.14999999999998,,,,
2147441073,CCCCC(CC)CN,-132.14999999999998,,,,
2147441074,CNc1nc(Nc2ccc(C)cc2C)nc(Nc2ccc(C)cc2C)n1,54.0,,,,
2147441075,CNc1nc(Nc2cc(C)ccc2C)nc(Nc2cc(C)ccc2C)n1,66.0,,,,
2147441076,CNc1nc(Nc2c(C)cccc2C)nc(Nc2c(C)cccc2C)n1,89.0,,,,
2147441077,CNc1nc(Nc2ccc(C)c(C)c2)nc(Nc2ccc(C)c(C)c2)n1,71.0,,,,
2147441078,CC(C)OCCO,-132.14999999999998,,,,
2147441079,CNc1nc(Nc2cc(Cl)cc(Cl)c2)nc(Nc2cc(Cl)cc(Cl)c2)n1,83.0,,,,
2147441080,CNc1nc(Nc2cc(Br)cc(Br)c2)nc(Nc2cc(Br)cc(Br)c2)n1,94.0,,,,
2147441081,CCCCCC(C)CO,-128.99999999999997,,,,
2147441082,CC1=NCCC1,-133.59999999999997,,,,
2147441083,CC(O)CC(C)(C)O,-81.59999999999997,,,,
2147441085,CCCCC(O)C(C)C,-114.99999999999996,,,,
2147441086,CCCC(O)CC(C)C,-106.14999999999998,,,,
2147441087,CCCCCC(C)C,-193.15,,,,
2147441088,Cc1cc2ccccc2[nH]1,-124.89999999999998,,,,
2147441089,CCCC(C)C,-195.15,,,,
2147441090,CC1CCCO1,-182.15,,,,
2147441091,CNc1nc(Nc2cc(I)cc(I)c2)nc(Nc2cc(I)cc(I)c2)n1,128.0,,,,
2147441092,Nc1ccc2ccccc2c1,30.850000000000023,,,,
2147441093,Nc1ccccc1[N+](=O)[O-],25.850000000000023,,,,
2147441094,CNc1nc(Nc2cc(OC)cc(OC)c2)nc(Nc2cc(OC)cc(OC)c2)n1,65.0,,,,
2147441095,O=C(Nc1ccccc1)OCCc1ccccc1,-38.14999999999998,,,,
2147441096,Cc1ccccn1,-136.84999999999997,,,,
2147441097,CNc1nc(Nc2cc(C(C)(C)C)cc(C(C)(C)C)c2)nc(Nc2cc(C(C)(C)C)cc(C(C)(C)C)c2)n1,129.0,,,,
2147441098,Clc1cc(Cl)cc(-c2cc(Cl)cc(Cl)c2)c1,-44.14999999999998,,,,
2147441099,COc1ccc(C2(c3ccc(OC)cc3)OC(=O)c3ccccc32)cc1,20.850000000000023,,,,
2147441100,CC(C)(C)CCO,-127.14999999999998,,,,
2147441101,NCCCO,-104.99999999999996,,,,
2147441102,CNc1nc(NC2CCCCC2)nc(NC2CCCCC2)n1,58.0,,,,
2147441103,Nc1cccc(Cl)c1,12.850000000000025,,,,
2147441104,CCOCC(O)CO,-86.09999999999997,,,,
2147441105,CCCCC(C)(O)CC,-121.99999999999996,,,,
2147441106,Cc1cccc(C(=O)c2ccccc2)c1,-57.69999999999999,,,,
2147441109,Nc1cccc([N+](=O)[O-])c1,27.850000000000023,,,,
2147441110,Nc1cccc(C(F)(F)F)c1,6.850000000000023,,,,
2147441111,OC1(c2ccc(Cl)cc2)CCNCC1,19.05000000000001,,,,
2147441112,c1cc(N(CC2CO2)CC2CO2)ccc1OCC1CO1,-29.149999999999977,,,,
2147441113,COc1ccc(C(c2ccccc2)(c2ccccc2)c2ccc(OC)cc2)cc1,23.850000000000023,,,,
2147441114,CC(=O)c1ccc(N(c2ccc(C)cc2)c2ccc(C)cc2)cc1,9.0,,,,
2147441115,CCc1nc(Nc2ccccc2)nc(Nc2ccccc2)n1,27.0,,,,
2147441116,NCCCCO,-114.99999999999996,,,,
2147441117,O=Cc1ccc(-c2ccccc2)cc1,-49.99999999999997,,,,
2147441118,O=C(O)c1ccc(-c2ccccc2)cc1,69.0,,,,
2147441119,OCc1ccc(-c2ccccc2)cc1,-21.99999999999997,,,,
2147441120,Nc1ccc(Cl)cc1,23.850000000000023,,,,
2147441121,N#Cc1ccc(N)cc1,40.85000000000002,,,,
2147441122,CCc1nc(Nc2cccc(C)c2C)nc(Nc2cccc(C)c2C)n1,46.0,,,,
2147441123,CCc1nc(Nc2ccc(C)cc2C)nc(Nc2ccc(C)cc2C)n1,39.0,,,,
2147441124,CCc1nc(Nc2cc(C)ccc2C)nc(Nc2cc(C)ccc2C)n1,32.0,,,,
2147441125,CCc1nc(Nc2ccc(C)c(C)c2)nc(Nc2ccc(C)c(C)c2)n1,34.0,,,,
2147441126,CCc1nc(Nc2c(C)cc(C)cc2C)nc(Nc2c(C)cc(C)cc2C)n1,60.0,,,,
2147441127,CCc1nc(Nc2cc(F)cc(F)c2)nc(Nc2cc(F)cc(F)c2)n1,25.0,,,,
2147441128,CCc1nc(Nc2cc(Cl)cc(Cl)c2)nc(Nc2cc(Cl)cc(Cl)c2)n1,52.0,,,,
2147441129,CCc1nc(Nc2cc(Br)cc(Br)c2)nc(Nc2cc(Br)cc(Br)c2)n1,66.0,,,,
2147441130,COc1ccc(N)cc1,13.850000000000025,,,,
2147441131,CC(C)CCCO,-141.29999999999998,,,,
2147441132,CCCC(C)C(O)CC,-110.95,,,,
2147441133,CC1CC=CCC1,-179.14999999999998,,,,
2147441134,CCCCCC(C)CCC,-155.14999999999998,,,,
2147441135,CCc1nc(Nc2cc(I)cc(I)c2)nc(Nc2cc(I)cc(I)c2)n1,96.0,,,,
2147441136,Nc1ccc([N+](=O)[O-])c2ccccc12,31.850000000000023,,,,
2147441137,CCc1nc(Nc2cc(OC)cc(OC)c2)nc(Nc2cc(OC)cc(OC)c2)n1,35.0,,,,
2147441138,CCc1nc(Nc2cc(OC)c(OC)c(OC)c2)nc(Nc2cc(OC)c(OC)c(OC)c2)n1,63.0,,,,
2147441139,Oc1ccc(-c2ccccc2)cc1,21.0,,,,
2147441140,CC(C)(C)c1ccncc1,-107.14999999999998,,,,
2147441141,CC1CCc2nccnc21,-102.74999999999996,,,,
2147441142,C1=Cc2nccnc2C1,-99.29999999999998,,,,
2147441143,CCC(C)CC(O)CC,-113.99999999999996,,,,
2147441144,CC(C)CCCCCO,-132.99999999999997,,,,
2147441145,CC(C)CCCC(C)O,-113.14999999999998,,,,
2147441146,CCC(O)CCC(C)C,-113.99999999999996,,,,
2147441147,CC1(C)c2ccccc2-c2ccc(-n3c4ccccc4c4cc(-c5ccc6c(c5)c5ccccc5n6-c5ccc6c(c5)C(C)(C)c5ccccc5-6)ccc43)cc21,177.8,,,,
2147441148,Nc1ccc(C2(c3ccc(N)cc3)c3ccccc3-c3ccccc32)cc1,86.85000000000002,,,,
2147441149,Brc1cc2ccccc2c2ccccc12,-48.14999999999998,,,,
2147441150,O=C(O)COC(=O)Cc1ccccc1Nc1c(Cl)cccc1Cl,9.850000000000025,,,,
2147441151,COc1ccc2c(c1)c(CC(=O)OCC(=O)O)c(C)n2C(=O)c1ccc(Cl)cc1,36.85000000000002,,,,
2147441152,CC=O,-191.15,,,,
2147441153,CC(=O)Nc1ccc(O)cc1,26.200000000000045,,,,
2147441154,CC(=O)O,-123.14999999999998,,,,
2147441155,CC(=O)c1ccc(S(=O)(=O)NC(=O)NC2CCCCC2)cc1,25.850000000000023,,,,
2147441156,CC(C)=O,-180.15,,,,
2147441157,CCCCOC(=O)CC(CC(=O)OCCCC)(OC(C)=O)C(=O)OCCCC,-86.14999999999998,,,,
2147441158,CCOC(=O)CC(CC(=O)OCC)(OC(C)=O)C(=O)OCC,-71.14999999999998,,,,
2147441159,CCCSc1ccc2nc(NC(=O)OC)[nH]c2c1,59.85000000000002,,,,
2147441160,N,-243.15,,,,
2147441161,CCC1(CCC(C)C)C(=O)NC(=O)NC1=O,12.850000000000025,,,,
2147441162,Nc1ccccc1,-81.14999999999998,,,,
2147441163,Nc1ccc(C2(c3ccc(N)cc3)OC(=O)c3ccccc32)cc1,79.85000000000002,,,,
2147441164,COc1ccccc1,-151.14999999999998,,,,
2147441165,Nc1ccccc1C(=O)O,5.0,,,,
2147441166,Cc1cc(=O)n(-c2ccccc2)n1C,-17.149999999999977,,,,
2147441167,C[C@@H](O[C@H]1OCCN(Cc2n[nH]c(=O)[nH]2)[C@H]1c1ccc(F)cc1)c1cc(C(F)(F)F)cc(C(F)(F)F)c1,35.85000000000002,,,,
2147441168,OC1OC[C@H](O)[C@H](O)[C@H]1O,3.0,,,,
2147441169,O=C1CCc2ccc(OCCCCN3CCN(c4cccc(Cl)c4Cl)CC3)cc2N1,89.85000000000002,,,,
2147441170,CC(=O)Oc1ccccc1C(=O)O,-30.149999999999977,,,,
2147441171,CN1[C@@H]2CC[C@H]1CC(OC(=O)C(CO)c1ccccc1)C2,7.850000000000023,,,,
2147441172,CCC(=O)OCC(=O)[C@@]1(OC(=O)CC)[C@@H](C)C[C@H]2[C@@H]3CCC4=CC(=O)C=C[C@]4(C)[C@@]3(Cl)[C@@H](O)C[C@@]21C,66.0,,,,
2147441173,O=Cc1ccccc1,-124.14999999999998,,,,
2147441174,NC(=O)c1ccccc1,-10.0,,,,
2147441175,c1ccccc1,-142.14999999999998,,,,
2147441176,CCOC(=O)c1ccc(N)cc1,-30.99999999999997,,,,
2147441177,CC(C)COC(C(=O)c1ccccc1)c1ccccc1,-52.99999999999997,,,,
2147441178,O=C(c1ccccc1)c1ccccc1,-61.14999999999998,,,,
2147441179,OCc1ccccc1,-102.14999999999998,,,,
2147441180,O=C(Nc1ccccc1)OCc1ccccc1,-40.14999999999998,,,,
2147441181,CC(C)(Oc1ccc(CCNC(=O)c2ccc(Cl)cc2)cc1)C(=O)O,72.85000000000002,,,,
2147441182,CC(O)(CS(=O)(=O)c1ccc(F)cc1)C(=O)Nc1ccc(C#N)c(C(F)(F)F)c1,49.85000000000002,,,,
2147441183,Cc1ccc(O)c(CO)c1CO,-32.14999999999998,,,,
2147441184,CC(C)(c1ccc(OCC2CO2)cc1)c1ccc(OCC2CO2)cc1,-16.149999999999977,,,,
2147441185,COc1ccc(C(C)(C)c2ccc(OC)c(C)c2)cc1C,-33.14999999999998,,,,
2147441186,O=C1c2cccc3cccc(c23)C(=O)N1c1ccc(Cc2ccc(N3C(=O)c4cccc5cccc(c45)C3=O)cc2)cc1,169.85000000000002,,,,
2147441187,Brc1ccccc1,-135.14999999999998,,,,
2147441188,COc1cc2c(cc1OC)[C@@]13CCN4CC5=CCO[C@H]6CC(=O)N2[C@H]1[C@H]6[C@H]5C[C@H]43,91.85000000000002,,,,
2147441189,CC(C)(Cc1c[nH]c2ccccc12)NCC(O)COc1ccccc1C#N,82.85000000000002,,,,
2147441190,CCCC1O[C@@H]2C[C@H]3[C@@H]4CCC5=CC(=O)C=C[C@]5(C)[C@H]4[C@@H](O)C[C@]3(C)[C@]2(C(=O)CO)O1,94.85000000000002,,,,
2147441191,CCCCC1(CC)C(=O)NC(=O)NC1=O,5.0,,,,
2147441192,CCCC#N,-173.14999999999998,,,,
2147441193,C(=C(c1ccc(N(c2ccccc2)c2ccccc2)cc1)c1ccc(N(c2ccccc2)c2ccccc2)cc1)c1ccccc1,71.85000000000002,,,,
2147441194,CC(C)c1ccc(C=C(c2ccc(N(c3ccccc3)c3ccccc3)cc2)c2ccc(N(c3ccccc3)c3ccccc3)cc2)c(C(C)C)c1,70.85000000000002,,,,
2147441195,CC(C)(C)c1ccc(C=C(c2ccc(N(c3ccccc3)c3ccccc3)cc2)c2ccc(N(c3ccccc3)c3ccccc3)cc2)cc1,81.85000000000002,,,,
2147441196,Cn1c(=O)c2c(ncn2C)n(C)c1=O,-13.149999999999975,,,,
2147441197,C[C@H](CS)C(=O)N1CCC[C@H]1C(=O)O,3.850000000000023,,,,
2147441198,NC(=O)N1c2ccccc2C=Cc2ccccc21,61.0,,,,
2147441199,c1ccc2c(c1)[nH]c1ccccc12,-4.2999999999999545,,,,
2147441200,COc1ccccc1OCCNCC(O)COc1cccc2[nH]c3ccccc3c12,37.0,,,,
2147441201,Cc1ccc(-c2cc(C(F)(F)F)nn2-c2ccc(S(N)(=O)=O)cc2)cc1,58.10000000000002,,,,
2147441202,C[C@H](CCC(=O)O)[C@H]1CC[C@H]2[C@@H]3[C@H](O)C[C@@H]4C[C@H](O)CC[C@]4(C)[C@H]3CC[C@]12C,97.85000000000002,,,,
2147441203,O=C(N[C@H](CO)[C@H](O)c1ccc([N+](=O)[O-])cc1)C(Cl)Cl,30.850000000000023,,,,
2147441204,NC(=NCCCCCCN=C(N)/N=C(\N)Nc1ccc(Cl)cc1)/N=C(\N)Nc1ccc(Cl)cc1,62.85000000000002,,,,
2147441205,CC(=O)O[C@]1(C(C)=O)CC[C@H]2[C@@H]3C=C(Cl)C4=CC(=O)CC[C@]4(C)[C@H]3CC[C@@]21C,60.85000000000002,,,,
2147441206,Clc1ccccc1,-145.14999999999998,,,,
2147441207,COc1ccc(C(Cl)=C(c2ccc(OC)cc2)c2ccc(OC)cc2)cc1,24.850000000000023,,,,
2147441208,FC(F)(F)Cl,-255.15,,,,
2147441209,CCCNC(=O)NS(=O)(=O)c1ccc(Cl)cc1,16.0,,,,
2147441210,O=c1[nH]c2cc(Cl)ccc2o1,38.0,,,,
2147441211,C=C1CC[C@H](O)C/C1=C/C=C1\CCC[C@]2(C)[C@@H]([C@H](C)CCCC(C)C)CC[C@@H]12,22.850000000000023,,,,
2147441212,CC(C)CCC[C@@H](C)[C@H]1CC[C@H]2[C@@H]3CC=C4C[C@@H](O)CC[C@]4(C)[C@H]3CC[C@]12C,58.85000000000002,,,,
2147441213,C[C@H](CCC(=O)O)[C@H]1CC[C@H]2[C@@H]3[C@H](O)C[C@@H]4C[C@H](O)CC[C@]4(C)[C@H]3C[C@H](O)[C@]12C,119.85000000000002,,,,
2147441214,C=CC1CN2CCC1CC2C(O)c1ccnc2ccccc12,103.85000000000002,,,,
2147441215,C=C[C@H]1CN2CC[C@H]1C[C@@H]2[C@@H](O)c1ccnc2ccccc12,121.85000000000002,,,,
2147441216,C(=C/c1ccccc1)\CN1CCN(C(c2ccccc2)c2ccccc2)CC1,6.850000000000023,,,,
2147441217,O=C(O)CC(O)(CC(=O)O)C(=O)O,9.850000000000025,,,,
2147441218,CC(C)(C)CC(C)(C)c1ccc(O)c(Cc2ccc(Cl)cc2Cl)c1,-4.149999999999977,,,,
2147441219,Clc1ccccc1C(c1ccccc1)(c1ccccc1)n1ccnc1,29.850000000000023,,,,
2147441220,COc1cc2c(c(OC)c1OC)-c1ccc(OC)c(=O)cc1[C@@H](NC(C)=O)CC2,101.35000000000002,,,,
2147441221,COc1ccc(C2(c3ccc(OC)c(C)c3)OC(=O)c3ccccc32)cc1C,40.85000000000002,,,,
2147441222,Cc1ccc(OCC2CO2)cc1,-69.14999999999998,,,,
2147441223,CCC1(C2=CCCCC2)C(=O)NC(=O)NC1=O,41.5,,,,
2147441224,C1CCCCCC1,-190.15,,,,
2147441225,OC1CCCCCC1,-133.14999999999998,,,,
2147441226,CC(O)C(=O)O,-69.14999999999998,,,,
2147441227,c1ccc(N(c2ccccc2)c2ccc(-c3ccc(N(c4ccccc4)c4ccccc4)cc3)cc2)cc1,72.85000000000002,,,,
2147441228,C(=C/c1ccc(N(c2ccccc2)c2ccccc2)cc1)\c1ccc(N(c2ccccc2)c2ccccc2)cc1,70.85000000000002,,,,
2147441229,c1ccc(N(c2ccccc2)c2ccc(CCc3ccc(N(c4ccccc4)c4ccccc4)cc3)cc2)cc1,43.85000000000002,,,,
2147441230,c1ccc(N(c2ccccc2)c2ccc(CCCc3ccc(N(c4ccccc4)c4ccccc4)cc3)cc2)cc1,34.85000000000002,,,,
2147441231,C#C[C@]1(O)CC[C@H]2[C@@H]3CCC4=Cc5oncc5C[C@]4(C)[C@H]3CC[C@@]21C,78.85000000000002,,,,
2147441232,C1CCC2CNCCC2C1,-93.14999999999998,,,,
2147441233,C1CCC2CCCCC2C1,-123.14999999999998,,,,
2147441234,CCCCCCCCCC,-219.15,,,,
2147441235,C[C@H](CCC(=O)O)[C@H]1CC[C@H]2[C@@H]3C(=O)C[C@@H]4CC(=O)CC[C@]4(C)[C@H]3CC(=O)[C@]12C,74.85000000000002,,,,
2147441236,C[C@H](CCC(=O)O)[C@H]1CC[C@H]2[C@@H]3CC[C@@H]4C[C@H](O)CC[C@]4(C)[C@H]3C[C@H](O)[C@]12C,103.85000000000002,,,,
2147441237,[2H]O[2H],-113.14999999999998,,,,
2147441238,C[C@H](C(=O)O)c1cccc(C(=O)c2ccccc2)c1,-0.3999999999999772,,,,
2147441239,CCCCC(CC)COC(=O)c1ccccc1C(=O)OCC(CC)CCCC,-86.14999999999998,,,,
2147441240,Cc1ccc(N(c2ccc(C)cc2)c2ccc(C3(c4ccc(N(c5ccc(C)cc5)c5ccc(C)cc5)cc4)CCCCC3)cc2)cc1,77.85000000000002,,,,
2147441241,CN1C(=O)CN=C(c2ccccc2)c2cc(Cl)ccc21,46.0,,,,
2147441242,CCCCOc1cc(C(=O)NCCN(CC)CC)c2ccccc2n1,-34.99999999999997,,,,
2147441243,CCCCOC(=O)c1ccccc1C(=O)OCCCC,-94.14999999999998,,,,
2147441244,FC(F)(Cl)Cl,-255.15,,,,
2147441245,CCOC(=O)c1ccccc1C(=O)OCC,-95.14999999999998,,,,
2147441246,CC(C)COC(=O)c1ccccc1C(=O)OCC(C)C,-82.04999999999998,,,,
2147441247,CC(=O)N(C)C,-127.04999999999998,,,,
2147441248,CN(C)C=O,-144.14999999999998,,,,
2147441249,COC(=O)c1ccccc1C(=O)OC,-78.96999999999997,,,,
2147441250,CS(C)(=O)=O,-83.14999999999998,,,,
2147441251,CS(C)=O,-123.14999999999998,,,,
2147441252,Cn1c(=O)c2c(ncn2CC(O)CO)n(C)c1=O,41.85000000000002,,,,
2147441253,CCCCCCCCCCCC,-197.15,,,,
2147441254,C(=N/N(c1ccccc1)c1ccccc1)\c1ccc(N(c2ccccc2)c2ccccc2)cc1,49.85000000000002,,,,
2147441255,O=C(CCCN1CC=C(n2c(=O)[nH]c3ccccc32)CC1)c1ccc(F)cc1,29.0,,,,
2147441256,Nc1nc(=O)n([C@@H]2CS[C@H](CO)O2)cc1F,70.85000000000002,,,,
2147441257,C=C1CC[C@H](O)C/C1=C/C=C1\CCC[C@]2(C)[C@@H]([C@H](C)/C=C/[C@H](C)C(C)C)CC[C@@H]12,16.850000000000023,,,,
2147441258,CC12CCC3c4ccc(O)cc4CCC3C1CCC2O,84.85000000000002,,,,
2147441259,C[C@]12CC[C@@H]3c4ccc(OC(=O)c5ccccc5)cc4CC[C@H]3[C@@H]1CC[C@@H]2O,62.85000000000002,,,,
2147441260,C=C(CC)C(=O)c1ccc(OCC(=O)O)c(Cl)c1Cl,8.850000000000023,,,,
2147441261,FC(F)(F)C(Cl)Cl,-214.15,,,,
2147441262,CCO,-176.14999999999998,,,,
2147441263,CCc1ccccc1,-158.14999999999998,,,,
2147441264,CCC1CCCCC1,-175.14999999999998,,,,
2147441265,OCCO,-118.14999999999998,,,,
2147441266,CCOCC,-181.15,,,,
2147441267,Cc1ccc(-c2ncc(Cl)cc2-c2ccc(S(C)(=O)=O)cc2)cn1,40.80000000000001,,,,
2147441268,C=CCc1ccc(O)c(OC)c1,-80.44999999999999,,,,
2147441269,O=C1[C@H](CC[C@H](O)c2ccc(F)cc2)[C@@H](c2ccc(O)cc2)N1c1ccc(F)cc1,64.85000000000002,,,,
2147441270,NC(N)=Nc1nc(CSCCC(N)=NS(N)(=O)=O)cs1,49.85000000000002,,,,
2147441271,O=C(O)Cc1ccc(-c2ccccc2)cc1,24.0,,,,
2147441272,CCOC(=O)C1=C(C)NC(C)=C(C(=O)OC)C1c1cccc(Cl)c1Cl,42.700000000000045,,,,
2147441273,CC(C)OC(=O)C(C)(C)Oc1ccc(C(=O)c2ccc(Cl)cc2)cc1,-17.849999999999966,,,,
2147441274,O=C(O)c1ccccc1Nc1cccc(C(F)(F)F)c1,11.850000000000025,,,,
2147441275,O=C1OC2(OC=C(c3ccccc3)C2=O)c2ccccc21,25.850000000000023,,,,
2147441276,CC(C(=O)O)c1ccc(-c2ccccc2)c(F)c1,-4.649999999999977,,,,
2147441277,CC(C)C(=O)Nc1ccc([N+](=O)[O-])c(C(F)(F)F)c1,0.8500000000000227,,,,
2147441278,OCC1(O)OC[C@@H](O)[C@@H](O)[C@@H]1O,10.0,,,,
2147441279,C[C@@H]1OC(O)[C@@H](O)[C@H](O)[C@@H]1O,31.0,,,,
2147441280,OC[C@H]1OC(O)[C@H](O)[C@@H](O)[C@H]1O,38.0,,,,
2147441281,O=C(OCC(O)CO)c1ccccc1Nc1ccnc2cc(Cl)ccc12,63.85000000000002,,,,
2147441282,COc1ccc(Cl)cc1C(=O)NCCc1ccc(S(=O)(=O)NC(=O)NC2CCCCC2)cc1,59.85000000000002,,,,
2147441283,OCC(O)CO,-83.99999999999997,,,,
2147441284,COC1=CC(=O)CC(C)C12Oc1c(Cl)c(OC)cc(OC)c1C2=O,85.85000000000002,,,,
2147441285,Cn1c2ccccc2c2cc(/C=N/N(c3ccccc3)c3ccccc3)ccc21,59.85000000000002,,,,
2147441286,CC(C)n1c2ccccc2c2cc(/C=N/N(c3ccccc3)c3ccccc3)ccc21,63.85000000000002,,,,
2147441287,Cn1c2ccccc2c2cc(/C=C/C=N/N(c3ccccc3)c3ccccc3)ccc21,60.85000000000002,,,,
2147441288,CCC1(C2=CCCCCC2)C(=O)NC(=O)NC1=O,32.0,,,,
2147441289,CCCCCCC,-229.15,,,,
2147441290,CCCCCC,-250.15,,,,
2147441291,CN1C(=O)NC(=O)C(C)(C2=CCCCC2)C1=O,12.850000000000025,,,,
2147441292,C1CN=C2NCCCN2C1,-89.09999999999997,,,,
2147441293,NS(=O)(=O)c1cc2c(cc1Cl)NCNS2(=O)=O,117.85000000000002,,,,
2147441294,C[C@]12CCC(=O)C=C1CC[C@@H]1[C@@H]2[C@@H](O)C[C@@]2(C)[C@H]1CC[C@]2(O)C(=O)CO,85.85000000000002,,,,
2147441295,NS(=O)(=O)c1cc2c(cc1C(F)(F)F)NCNS2(=O)=O,99.85000000000002,,,,
2147441296,CC1Cc2ccccc2N1NC(=O)c1ccc(Cl)c(S(N)(=O)=O)c1,98.0,,,,
2147441297,CC(C(=O)O)c1ccc(N2Cc3ccccc3C2=O)cc1,50.0,,,,
2147441298,CN(C)C(=O)C(CCN1CCC(O)(c2ccc(Cl)cc2)CC1)(c1ccccc1)c1ccccc1,63.75,,,,
2147441299,CC(C)CCBr,-164.14999999999998,,,,
2147441303,CC(C)c1ccccc1,-148.14999999999998,,,,
2147441304,CC(C)C1CCCCC1,-165.14999999999998,,,,
2147441305,COC(=O)C1=C(C)NC(C)=C(C(=O)OC(C)C)C1c1cccc2nonc12,42.85000000000002,,,,
2147441306,CCC(C)n1ncn(-c2ccc(N3CCN(c4ccc(OC[C@H]5CO[C@](Cn6cncn6)(c6ccc(Cl)cc6Cl)O5)cc4)CC3)cc2)c1=O,59.25,,,,
2147441307,CC(=O)N1CCN(c2ccc(OC[C@H]3CO[C@](Cn4ccnc4)(c4ccc(Cl)cc4Cl)O3)cc2)CC1,45.450000000000045,,,,
2147441308,CC(C(=O)O)c1cccc(C(=O)c2ccccc2)c1,-14.0,,,,
2147441309,Nc1nnc(-c2cccc(Cl)c2Cl)c(N)n1,94.0,,,,
2147441310,CCN(CC)CC(=O)Nc1c(C)cccc1C,-38.99999999999997,,,,
2147441311,Cc1cccc(C)c1CNc1cc(C(=O)NCCO)cn2c(C)c(C)nc12,99.85000000000002,,,,
2147441312,C[C@@H]1CC[C@@H](C)[C@H](OC(=O)Nc2cccc([N+](=O)[O-])c2)C1,14.850000000000025,,,,
2147441313,CCOC(=O)N1CCC(=C2c3ccc(Cl)cc3CCc3cccnc32)CC1,32.0,,,,
2147441314,OC1OC[C@@H](O)[C@H](O)[C@@H]1O,3.9500000000000455,,,,
2147441315,OC[C@@H](O)[C@@H](O[C@H]1O[C@H](CO)[C@@H](O)[C@H](O)[C@H]1O)[C@H](O)[C@@H](O)CO,44.0,,,,
2147441316,OC[C@H]1O[C@H](O[C@H]2[C@H](O)[C@@H](O)[C@H](O)O[C@@H]2CO)[C@H](O)[C@@H](O)[C@@H]1O,92.0,,,,
2147441317,OC[C@H]1OC(O)[C@@H](O)[C@@H](O)[C@@H]1O,31.0,,,,
2147441318,Cc1cccc(O)c1,-74.64999999999998,,,,
2147441319,CNC[C@H](O)[C@@H](O)[C@H](O)[C@H](O)CO,18.900000000000038,,,,
2147441320,OC[C@H]1O[C@H](OC[C@H]2OC(O)[C@H](O)[C@@H](O)[C@@H]2O)[C@H](O)[C@@H](O)[C@H]1O,91.0,,,,
2147441321,Cc1ccccc1OCC(O)CO,-26.149999999999977,,,,
2147441322,CCC1(c2ccccc2)C(=O)NC(=O)N(C)C1=O,-3.0,,,,
2147441323,CO,-170.14999999999998,,,,
2147441324,COC(=O)Nc1ccccc1,-55.14999999999998,,,,
2147441325,COC(=O)c1ccccc1C,-105.89999999999998,,,,
2147441326,CC1CCCCC1,-186.15,,,,
2147441327,COC(=O)c1cccc(C)c1,-108.14999999999998,,,,
2147441328,C[C@]12CCC(=O)C=C1CC[C@@H]1[C@@H]2CC[C@@]2(C)[C@H]1CC[C@]2(C)O,-3.1499999999999773,,,,
2147441329,Cc1ccccc1N1C(=O)c2cc(S(N)(=O)=O)c(Cl)cc2NC1C,108.85000000000002,,,,
2147441330,Nc1cccc(F)c1,-100.14999999999998,,,,
2147441331,Oc1cccc(F)c1,-82.14999999999998,,,,
2147441332,Cc1cccc(F)c1,-156.14999999999998,,,,
2147441333,Clc1ccc(COC(Cn2ccnc2)c2ccc(Cl)cc2Cl)c(Cl)c1,1.650000000000034,,,,
2147441334,Cc1cccc(N(c2ccccc2)c2cc(N(c3ccccc3)c3ccccc3)cc(N(c3cccc(C)c3)c3cccc(C)c3)c2)c1,48.85000000000002,,,,
2147441335,NCCO,-126.99999999999996,,,,
2147441336,Cc1cccc(N(c2ccccc2)c2ccc(N(c3ccc(N(c4ccccc4)c4cccc(C)c4)cc3)c3ccc(N(c4ccccc4)c4cccc(C)c4)cc3)cc2)c1,74.85000000000002,,,,
2147441337,Cc1cccc(N)c1,-86.14999999999998,,,,
2147441339,C[C@@H](c1ccc2ccccc2c1)n1c(=O)c2ccccc2c2ccccc2c1=O,59.85000000000002,,,,
2147441340,C[C@@H](c1ccccc1)N1C(=O)c2cccc3cccc(c23)C1=O,45.85000000000002,,,,
2147441341,C[C@@H](c1ccccc1)N1C(=O)c2cccc([N+](=O)[O-])c2C1=O,15.850000000000025,,,,
2147441342,C[C@@H](c1ccccc1)N1C(=O)c2cccc3c([N+](=O)[O-])ccc(c23)C1=O,46.85000000000002,,,,
2147441343,C[C@H](NC(=S)Nc1ccc([N+](=O)[O-])cc1)c1ccccc1,39.85000000000002,,,,
2147441344,C[C@@H](c1ccccc1)N1C(=O)c2c(Br)c(Br)c(Br)c(Br)c2C1=O,56.85000000000002,,,,
2147441345,C[C@@H](c1ccccc1)N1C(=O)c2c(Cl)c(Cl)c(Cl)c(Cl)c2C1=O,39.85000000000002,,,,
2147441346,C[C@@H](c1ccccc1)N1C(=O)c2c(I)c(I)c(I)c(I)c2C1=O,96.85000000000002,,,,
2147441347,C[C@H](c1ccc2ccccc2c1)n1c(=O)c2ccccc2c2ccccc2c1=O,82.85000000000002,,,,
2147441348,C[C@H](c1cccc2ccccc12)N1C(=O)c2c(Cl)c(Cl)c(Cl)c(Cl)c2C1=O,88.85000000000002,,,,
2147441349,Cc1cccc(N(c2ccccc2)c2ccc(-c3ccc(N(c4ccccc4)c4cccc(C)c4)cc3)cc2)c1,68.85000000000002,,,,
2147441350,Cc1ccc(N(c2ccccc2)c2ccc(N(c3ccccc3)c3ccc(C)cc3)cc2)cc1,51.85000000000002,,,,
2147441351,C[C@]12CC[C@H]3[C@@H](CCC4=CC(=O)CC[C@@H]43)[C@@H]1CC[C@@H]2O,36.85000000000002,,,,
2147441352,COc1ccc2cc([C@H](C)C(=O)O)ccc2c1,29.0,,,,
2147441353,CCCCBr,-176.64999999999998,,,,
2147441354,CCCCc1ccccc1,-144.14999999999998,,,,
2147441355,CCCCC1CCCCC1,-154.14999999999998,,,,
2147441356,CCNC(C)=O,-115.14999999999998,,,,
2147441357,CCCCCCO,-148.14999999999998,,,,
2147441358,CCCCCCc1ccccc1,-133.14999999999998,,,,
2147441359,O=C(CCNNC(=O)c1ccncc1)NCc1ccccc1,23.850000000000023,,,,
2147441360,COC(=O)C1=C(C)NC(C)=C(C(=O)OC)C1c1ccccc1[N+](=O)[O-],48.0,,,,
2147441361,CC1(C)NC(=O)N(c2ccc([N+](=O)[O-])c(C(F)(F)F)c2)C1=O,32.85000000000002,,,,
2147441362,CS(=O)(=O)Nc1ccc([N+](=O)[O-])cc1Oc1ccccc1,22.850000000000023,,,,
2147441363,COCCOC(=O)C1=C(C)NC(C)=C(C(=O)OC(C)C)C1c1cccc([N+](=O)[O-])c1,20.0,,,,
2147441364,COC(=O)C1=C(C)NC(C)=C(C(=O)OCC(C)C)C1c1ccccc1[N+](=O)[O-],33.85000000000002,,,,
2147441365,O=[N+]([O-])c1ccccc1,-112.14999999999998,,,,
2147441366,CN/C(=C\[N+](=O)[O-])NCCSCc1csc(CN(C)C)n1,12.850000000000025,,,,
2147441367,O=C1CN=C(c2ccccc2)c2cc(Cl)ccc2N1,73.65000000000003,,,,
2147441368,CCCCCN(C(=O)OCC)c1ccc([N+](=O)[O-])cc1,-30.149999999999977,,,,
2147441369,CCCc1ccccc1,-148.14999999999998,,,,
2147441370,Nc1ccccc1F,-99.14999999999998,,,,
2147441371,COc1ccc2nc(S(=O)Cc3ncc(C)c(OC)c3C)[nH]c2c1,50.85000000000002,,,,
2147441372,CCCCCCCCCCC[C@@H](C[C@@H]1OC(=O)[C@H]1CCCCCC)OC(=O)[C@H](CC(C)C)NC=O,-45.14999999999998,,,,
2147441373,c1ccc(-c2ccccc2-c2ccccc2)cc1,-30.149999999999977,,,,
2147441374,Cc1ccccc1N,-84.14999999999998,,,,
2147441375,CN(C)c1ccc(-c2nnc(-c3ccc(-c4ccc(-c5nnc(-c6ccc(N(C)C)cc6)o5)cc4)cc3)o2)cc1,128.85000000000002,,,,
2147441376,CC(C)(C)c1ccc(-c2nnc(-c3ccc(-c4nnc(-c5ccc(C(C)(C)C)cc5)o4)cc3)o2)cc1,76.85000000000002,,,,
2147441377,CN(C)c1ccc(-c2nnc(-c3ccc(-c4nnc(-c5ccc(N(C)C)cc5)o4)cc3)o2)cc1,95.85000000000002,,,,
2147441378,c1ccc(-c2nnc(-c3cc(-c4nnc(-c5ccccc5)o4)cc(-c4nnc(-c5ccccc5)o4)c3)o2)cc1,98.85000000000002,,,,
2147441379,CC(C)(C)c1ccc(-c2nnc(-c3cc(-c4nnc(-c5ccc(C(C)(C)C)cc5)o4)cc(-c4nnc(-c5ccc(C(C)(C)C)cc5)o4)c3)o2)cc1,138.85000000000002,,,,
2147441380,FC(F)(F)c1ccc(-c2nnc(-c3cc(-c4nnc(-c5ccc(C(F)(F)F)cc5)o4)cc(-c4nnc(-c5ccc(C(F)(F)F)cc5)o4)c3)o2)cc1,137.85000000000002,,,,
2147441381,c1ccc2c(-c3nnc(-c4cc(-c5nnc(-c6cccc7ccccc67)o5)cc(-c5nnc(-c6cccc7ccccc67)o5)c4)o3)cccc2c1,144.85000000000002,,,,
2147441382,COc1ccc(-c2nnc(-c3cc(-c4nnc(-c5ccc(OC)cc5OC)o4)cc(-c4nnc(-c5ccc(OC)cc5OC)o4)c3)o2)c(OC)c1,131.85000000000002,,,,
2147441383,Cc1ccccc1C,-150.14999999999998,,,,
2147441384,O=[N+]([O-])c1c(Cl)c(Cl)c(Cl)c(Cl)c1Cl,-72.14999999999998,,,,
2147441385,CCCC(C)C1(CC)C(=O)NC(=O)NC1=O,5.850000000000023,,,,
2147441386,CCOc1ccc(NC(C)=O)cc1,2.0,,,,
2147441387,CCC1(c2ccccc2)C(=O)NC(=O)NC1=O,47.85000000000002,,,,
2147441388,Oc1ccccc1,-75.14999999999998,,,,
2147441389,O=C1OC(c2ccc(O)cc2)(c2ccc(O)cc2)c2ccccc21,89.85000000000002,,,,
2147441390,CCCCC1C(=O)N(c2ccccc2)N(c2ccccc2)C1=O,3.850000000000023,,,,
2147441391,CNC(=O)Oc1ccc2c(c1)[C@]1(C)CCN(C)[C@@H]1N2C,19.850000000000023,,,,
2147441392,O=c1[nH]c2ccccc2n1C1CCN(CCCC(c2ccc(F)cc2)c2ccc(F)cc2)CC1,61.85000000000002,,,,
2147441393,O=C(/C=C/C=C/c1ccc2c(c1)OCO2)N1CCCCC1,10.850000000000025,,,,
2147441394,Cc1ccc(N(c2ccccc2)c2cc(N(c3ccccc3)c3ccccc3)cc(N(c3ccc(C)cc3)c3ccc(C)cc3)c2)cc1,57.85000000000002,,,,
2147441395,c1ccc(C2=C(c3ccccc3)C(c3ccccc3)C(c3ccccc3)=C2c2ccccc2)cc1,56.85000000000002,,,,
2147441396,C[C@]12C=CC(=O)C=C1CC[C@@H]1[C@@H]2C(=O)C[C@@]2(C)[C@H]1CC[C@]2(O)C(=O)CO,92.85000000000002,,,,
2147441397,CC(C)(Sc1cc(C(C)(C)C)c(O)c(C(C)(C)C)c1)Sc1cc(C(C)(C)C)c(O)c(C(C)(C)C)c1,21.850000000000023,,,,
2147441398,CCN(CC)CCOC(=O)c1ccc(N)cc1,-39.14999999999998,,,,
2147441399,CCCO,-175.14999999999998,,,0.912,
2147441400,CC=Cc1ccc(O)c(OC)c1,-53.04999999999998,,,,
2147441401,CCCOC(=O)Nc1ccccc1,-70.14999999999998,,,,
2147441402,CC1COC(=O)O1,-114.14999999999998,,,,
2147441403,CC(O)Cn1cnc2c1c(=O)n(C)c(=O)n2C,21.850000000000023,,,,
2147441404,c1ccncc1,-145.14999999999998,,,,
2147441405,Cc1ccc2ccccc2n1,-93.14999999999998,,,,
2147441406,C=C[C@H]1CN2CC[C@H]1C[C@@H]2[C@@H](O)c1ccnc2ccc(OC)cc12,52.85000000000002,,,,
2147441407,C=C[C@H]1CN2CC[C@H]1C[C@H]2[C@H](OC(=O)OCC)c1ccnc2ccc(OC)cc12,4.850000000000023,,,,
2147441408,C[C@@H]1OC(O)[C@H](O)[C@H](O)[C@H]1O,0.0,,,,
2147441409,OC1OC[C@@H](O)[C@@H](O)[C@H]1O,-13.0,,,,
2147441410,CC(C)c1nc(CN(C)C(=O)N[C@H](C(=O)N[C@@H](Cc2ccccc2)C[C@H](O)[C@H](Cc2ccccc2)NC(=O)OCc2cncs2)C(C)C)cs1,48.85000000000002,,,,
2147441411,OCc1ccccc1O[C@@H]1O[C@H](CO)[C@@H](O)[C@H](O)[C@H]1O,59.85000000000002,,,,
2147441412,O=C(Oc1ccccc1)c1ccccc1O,-53.99999999999997,,,,
2147441413,CC1=C2C3OC(=O)C(C)C3CCC2(C)C=CC1=O,16.850000000000023,,,,
2147441414,C[C@H](CSC(=O)c1ccccc1)C(=O)Cl,-12.149999999999975,,,,
2147441417,CCC(C)(C)C(=O)O[C@H]1C[C@@H](C)C=C2C=C[C@H](C)[C@H](CC[C@@H]3C[C@@H](O)CC(=O)O3)[C@H]21,35.85000000000002,,,,
2147441418,OC[C@@H](O)[C@@H](O)[C@H](O)[C@@H](O)CO,-7.149999999999977,,,,
2147441419,OCC1(O)OC[C@H](O)[C@@H](O)[C@@H]1O,27.0,,,,
2147441420,CC(=O)S[C@@H]1CC2=CC(=O)CC[C@]2(C)[C@H]2CC[C@@]3(C)[C@@H](CC[C@@]34CCC(=O)O4)[C@H]12,90.85000000000002,,,,
2147441421,CC(C)CCCC(C)CCCC(C)CCCCC(C)CCCC(C)CCCC(C)C,-105.74999999999996,,,,
2147441422,CCC(=C(CC)c1ccc(O)cc1)c1ccc(O)cc1,34.85000000000002,,,,
2147441423,O=C(OC[C@@]1(O[C@H]2O[C@H](CO)[C@@H](O)[C@H](O)[C@H]2O)O[C@H](CO)[C@@H](O)[C@@H]1O)c1ccccc1,63.85000000000002,,,,
2147441424,Nc1ccc(S(=O)(=O)Nc2nccs2)cc1,60.85000000000002,,,,
2147441425,Cc1noc(NS(=O)(=O)c2ccc(N)cc2)c1C,32.85000000000002,,,,
2147441426,CC1=C(CC(=O)O)c2cc(F)ccc2/C1=C\c1ccc(S(C)=O)cc1,74.85000000000002,,,,
2147441427,CC/C(=C(\c1ccccc1)c1ccc(OCCN(C)C)cc1)c1ccccc1,-10.149999999999975,,,,
2147441428,O=C(O)C(O)C(O)C(=O)O,15.850000000000025,,,,
2147441429,c1ccc2c(c1)c1ccccc1n2-c1cc(-n2c3ccccc3c3ccccc32)cc(-n2c3ccccc3c3ccccc32)c1,150.85000000000002,,,,
2147441431,CCCc1nc2c(C)cc(-c3nc4ccccc4n3C)cc2n1Cc1ccc(-c2ccccc2C(=O)O)cc1,127.15000000000003,,,,
2147441432,C[C@H](Cn1cnc2c(N)ncnc21)OCP(=O)(O)O,142.85000000000002,,,,
2147441433,CC(C)(C)O,-93.14999999999998,,,,
2147441434,CC(C)(C)Cl,-143.14999999999998,,,,
2147441435,CC(C)(C)c1ccccc1,-133.14999999999998,,,,
2147441436,C[C@]12CC[C@H]3[C@@H](CCC4=CC(=O)CC[C@@]43C)[C@@H]1CC[C@@H]2O,41.85000000000002,,,,
2147441437,c1ccc2c(c1)CCNC2,-81.99999999999997,,,,
2147441438,c1ccc2c(c1)CCCN2,-78.04999999999998,,,,
2147441440,CN1C(=O)CN=C(C2=CCCCC2)c2cc(Cl)ccc21,39.85000000000002,,,,
2147441441,Cn1c(=O)c2[nH]cnc2n(C)c1=O,94.0,,,,
2147441442,CCS(=O)(=O)CCn1c([N+](=O)[O-])cnc1C,-7.149999999999977,,,,
2147441443,Cc1ccc(S(=O)(=O)NC(=O)NN2CCCCCC2)cc1,23.850000000000023,,,,
2147441444,CCCCNC(=O)NS(=O)(=O)c1ccc(C)cc1,4.0,,,,
2147441445,Cc1c(Cl)cccc1Nc1ccccc1C(=O)O,63.0,,,,
2147441446,Cc1cccc(N(C)C(=S)Oc2ccc3ccccc3c2)c1,13.850000000000025,,,,
2147441447,Cc1ccccc1,-156.14999999999998,,,,
2147441448,c1cc(N2C3CCCCC3SC3CCCCC32)ccc1N(c1ccc(N2C3CCCCC3SC3CCCCC32)cc1)c1ccc(N2C3CCCCC3SC3CCCCC32)cc1,140.85000000000002,,,,
2147441449,OC[C@H]1O[C@H](O[C@H]2O[C@H](CO)[C@@H](O)[C@H](O)[C@H]2O)[C@H](O)[C@@H](O)[C@@H]1O,107.0,,,,
2147441450,CC(=O)CC(=O)CC(=O)O,-67.59999999999997,,,,
2147441451,CCCCOC(=O)CC(O)(CC(=O)OCCCC)C(=O)OCCCC,-89.14999999999998,,,,
2147441452,OCC(F)(F)F,-129.14999999999998,,,,
2147441453,ClC(c1ccccc1)(c1ccccc1)c1ccccc1,-30.149999999999977,,,,
2147441454,C(=C(c1ccccc1)c1ccccc1)c1ccccc1,-25.149999999999977,,,,
2147441455,O=P(Oc1ccccc1)(Oc1ccccc1)Oc1ccccc1,-68.14999999999998,,,,
2147441456,c1cc(-c2cccc3ccccc23)c(-c2cccc3ccccc23)c(-c2cccc3ccccc23)c1,71.65000000000003,,,,
2147441457,C[C@H](CCC(=O)O)[C@H]1CC[C@H]2[C@@H]3[C@@H](O)C[C@@H]4C[C@H](O)CC[C@]4(C)[C@H]3CC[C@]12C,105.85000000000002,,,,
2147441458,C=COC(C)=O,-148.14999999999998,,,,
2147441459,CC(=O)OC/C=C(C)/C=C/C=C(C)/C=C/C1=C(C)CCCC1(C)C,-28.819999999999965,,,,
2147441460,CC(=O)Oc1c(C)c(C)c2c(c1C)CC[C@@](C)(CCC[C@H](C)CCC[C@H](C)CCCC(C)C)O2,-50.14999999999998,,,,
2147441461,OC1OC[C@@H](O)[C@H](O)[C@H]1O,9.850000000000025,,,,
2147441462,CN(C)CCc1c[nH]c2ccc(C[C@H]3COC(=O)N3)cc12,48.85000000000002,,,,
2147441463,Nc1nc2cc(Cl)ccc2o1,11.0,,,,
2147441464,CCOC(=O)C(C)OC(=O)Nc1ccc([N+](=O)[O-])cc1C,-0.1499999999999772,,,,
2147441465,OCCCCC(O)CO,-71.14999999999998,,,,
2147441466,CC(O)CCO,-100.14999999999998,,,,
2147441467,CCOC(=O)N(CC(F)(F)C(F)F)c1ccc([N+](=O)[O-])cc1,-12.149999999999975,,,,
2147441468,CCC(CC)CO,-140.64999999999998,,,,
2147441469,CCCCC(CC)COC(C)=O,-126.7,,,,
2147441470,CCCC(C)CO,-133.39999999999998,,,,
2147441471,Nc1ccc(Cl)c(Cl)c1,22.850000000000023,,,,
2147441472,CNc1nc(NC(C)C)nc(NC(C)C)n1,22.0,,,,
2147441473,CNc1nc(NC(C)(C)C)nc(NC(C)(C)C)n1,39.0,,,,
2147441474,CN(C)CCC(C(=O)N(C)C)(c1ccccc1)c1ccccc1,-16.149999999999977,,,,
2147441475,Nc1ccc([N+](=O)[O-])cc1,44.85000000000002,,,,
2147441476,Oc1ccc(C2(c3ccc(O)cc3)c3ccccc3-c3ccccc32)cc1,98.85000000000002,,,,
2147441477,CC(C)NCC(O)COc1ccc(CC(N)=O)cc1,22.0,,,,
2147441478,c1ccc(-c2ccc(C(c3ccccc3)n3ccnc3)cc2)cc1,16.850000000000023,,,,
2147441479,CN1CCC[C@@H]1CCO[C@](C)(c1ccccc1)c1ccc(Cl)cc1,34.85000000000002,,,,
2147441480,CCOC(=O)Nc1ccccc1,-60.14999999999998,,,,
2147441481,O=C(CCCN1CCC(O)(c2ccc(Cl)cc2)CC1)c1ccc(F)cc1,33.0,,,,
2147441482,CC(C)Cc1ccc(C(C)C(=O)O)cc1,-45.14999999999998,,,,
2147441483,COc1ccc2c(c1)c(CC(=O)O)c(C)n2C(=O)c1ccc(Cl)cc1,40.85000000000002,,,,
2147441484,CCOC(=O)C1=C(C)NC(C)=C(C(=O)OC)C1c1cccc([N+](=O)[O-])c1,29.850000000000023,,,,
2147441485,C#C[C@]1(O)CC[C@H]2[C@@H]3CCC4=C(CCC(=O)C4)[C@H]3CC[C@@]21C,50.85000000000002,,,,
2147441486,CC(=O)[C@H]1CC[C@H]2[C@@H]3CCC4=CC(=O)CC[C@]4(C)[C@H]3CC[C@]12C,5.850000000000023,,,,
2147441487,COc1cc(NS(=O)(=O)c2ccc(N)cc2)nc(OC)n1,65.85000000000002,,,,
2147441488,c1ccc(N(c2ccccc2)c2ccc(N(c3ccc(N(c4ccccc4)c4ccccc4)cc3)c3ccc(N(c4ccccc4)c4ccccc4)cc3)cc2)cc1,88.85000000000002,,,,
2147441489,c1ccc(-c2ccc(N(c3ccc(-c4ccccc4)cc3)c3ccc(-c4ccccc4)cc3)cc2)cc1,76.0,,,,
2147441490,CCCCOP(=O)(OCCCC)OCCCC,-130.29999999999998,,,,
2147441491,CC(O)COC(C)COC(C)CO,-80.14999999999998,,,,
2147441492,CC(=O)CC(c1ccccc1)c1c(O)c2ccccc2oc1=O,71.85000000000002,,,,
2147441493,OC[C@@H](O)C(O)[C@@H](O)CO,-22.99999999999997,,,,
2147441494,FC(C(F)(F)F)C(F)(F)F,-226.15,,,,
2147441495,c1ccc(C2=C(c3ccccc3)CCCC2)cc1,-43.14999999999998,,,,
2147441496,c1ccc(C2=C(c3ccccc3)CCC2)cc1,-51.14999999999998,,,,
2147441497,CCCCCCC(CO)CCCC,-109.04999999999998,,,,
2147441498,CNc1nc(Nc2ccc(C)cc2)nc(Nc2ccc(C)cc2)n1,67.0,,,,
2147441499,CNc1nc(Nc2cccc(C)c2C)nc(Nc2cccc(C)c2C)n1,70.0,,,,
2147441500,CCCCC(C)O,-127.29999999999998,,,,
2147441501,CNc1nc(Nc2c(C)cc(C)cc2C)nc(Nc2c(C)cc(C)cc2C)n1,83.0,,,,
2147441502,CNc1nc(Nc2cc(F)cc(F)c2)nc(Nc2cc(F)cc(F)c2)n1,54.0,,,,
2147441503,COc1cc([N+](=O)[O-])ccc1N,57.85000000000002,,,,
2147441504,CNc1nc(Nc2cc(OC)c(OC)c(OC)c2)nc(Nc2cc(OC)c(OC)c(OC)c2)n1,94.0,,,,
2147441505,CCC(Br)CC,-165.14999999999998,,,,
2147441506,CN(C)CCCO,-127.14999999999998,,,,
2147441507,COC(C)CCO,-127.84999999999997,,,,
2147441508,CCC(C)C(C)O,-124.29999999999998,,,,
2147441510,CCc1nc(Nc2cccc(C)c2)nc(Nc2cccc(C)c2)n1,19.0,,,,
2147441511,CCc1nc(Nc2ccc(C)cc2)nc(Nc2ccc(C)cc2)n1,35.0,,,,
2147441512,CCCC(C)CC(C)O,-125.14999999999998,,,,
2147441513,CC(C)CC(C)O,-115.64999999999998,,,,
2147441514,CCCC(C)(O)CCC,-106.14999999999998,,,,
2147441515,CCC(C)CCCCO,-135.14999999999998,,,,
2147441516,CCC(C)CCC(C)O,-117.29999999999998,,,,
2147441517,OC[C@H]1O[C@@H](O[C@H]2[C@H](O)[C@@H](O)[C@H](O)O[C@@H]2CO)[CH][C@@H](O)[C@H]1O,101.0,,,,
2147441518,OC[C@@H](O)[C@@H](O)[C@H](O)[C@H](O)CO,8.850000000000023,,,,
2147441519,CN(C)c1ccc(-c2nnc(-c3cc(-c4nnc(-c5ccc(N(C)C)cc5)o4)cc(-c4nnc(-c5ccc(N(C)C)cc5)o4)c3)o2)cc1,168.85000000000002,,,,
2147441520,c1ccc(-c2ccc(-c3nnc(-c4cc(-c5nnc(-c6ccc(-c7ccccc7)cc6)o5)cc(-c5nnc(-c6ccc(-c7ccccc7)cc6)o5)c4)o3)cc2)cc1,146.85000000000002,,,,
2147441521,Clc1ccc(Br)cc1-c1nnc(-c2cc(-c3nnc(-c4cc(Br)ccc4Cl)o3)cc(-c3nnc(-c4cc(Br)ccc4Cl)o3)c2)o1,139.85000000000002,,,,
2147441522,COc1ccc(-c2nnc(-c3cc(-c4nnc(-c5ccc(OC)cc5)o4)cc(-c4nnc(-c5ccc(OC)cc5)o4)c3)o2)cc1,107.85000000000002,,,,
2147441523,OC[C@H]1O[C@@](CO)(O[C@H]2O[C@H](CO)[C@@H](O)[C@H](O)[C@H]2O)[C@@H](O)[C@@H]1O,67.0,,,,
2147441524,CC/C=C\CC,171.0,,,0.782,
2147441525,CCCC,195.0,,0.456184962,0.837971504,22.52882969
2147441526,CCC=C(CC)CC,197.0,,,,
2147441527,CCC=C(CC)CCC,196.0,,,,
2147441528,CCC=C(CC)CCCC,192.0,,,,
2147441529,CN[Si](C)(C)C,191.0,,,,
2147441530,CC(=O)Nc1ccc(N=Nc2ccc([N+](=O)[O-])cc2)c(NC(=O)c2ccc3c(c2)C(=O)N(c2c(C)cc(Cc4cc(C)c(N5C(=O)c6ccc(C)cc6C5=O)c(C)c4)cc2C)C3=O)c1,,0.37657696,,,
2147441531,CC(=O)Nc1cccc(C=CC(=O)C=Cc2cccc(NC(=O)c3ccc(N4C(=O)c5ccc(C)cc5C4=O)cc3)c2)c1,,0.34241742,,,
2147441532,CC(=O)Oc1ccc([Si](c2ccccc2)(c2ccccc2)c2ccc(OC(=O)c3ccc(C)s3)cc2)cc1,,0.38403914,,,
2147441533,CC(=O)c1ccc2c(c1)C(=O)N(c1ccc(Oc3cccc4c(Oc5ccc(N6C(=O)c7ccc(C)cc7C6=O)cc5)cccc34)cc1)C2=O,,0.3770815,0.253248203,1.237241822,27.00610669
2147441534,CC(=O)c1cccc(C(=O)c2ccc(C=C3CCC(=Cc4ccc(C)cc4)C3=O)cc2)c1,,0.37124566,,,
2147441535,CC=CC1CC(C)C(C(=O)OCCCCCCCCOc2ccc(C=Cc3ccc([N+](=O)[O-])cc3)cc2)C1,,0.36024408,,,
2147441536,CC=Cc1cc(OCCc2ccccc2)c(C)cc1OC,,0.36576533,,,
2147441538,CC=Cc1ccc(C=Cc2ccc3c(c2)Sc2cc(C)ccc2N3c2ccc(OCCCCCCCCCCCC)cc2)s1,,0.39219852,,,
2147441539,CC=Cc1sc(-c2ccc(-c3sc(C=CC4=CC(=C(C#N)C#N)C=C(C)O4)c(CCCCCC)c3CCCCCC)s2)c(CCCCCC)c1CCCCCC,,0.41455567,,,
2147441540,CCC#CC#CCOc1ccc(C(=O)OCCN(CCOC(=O)c2ccc(OC)cc2)c2ccc(N=Nc3ccc(C#N)cc3)cc2)cc1,,0.36879149,,,
2147441541,CCC#CC#CCOc1ccc(C(=O)OCCN(CCOC(=O)c2ccc(OC)cc2)c2ccc(N=Nc3ccc([N+](=O)[O-])cc3)cc2)cc1,,0.35856006,,,
2147441542,CCC#CC#CCOc1cccc(C(=O)OCCN(CCOC(=O)c2cccc(OC)c2)c2ccc(N=Nc3ccc(C#N)cc3)cc2)c1,,0.36722522,,,
2147441543,CCC(C)(C)C(=O)OC1CCCCCCCCC1,,0.40440294,,,
2147441544,CCC(C)(C)C(=O)OCCCCCCCCCCOc1ccc(C(=O)Oc2ccc(C(=O)C=Cc3c(C)c4ccccc4n3C)cc2)cc1,,0.36171157,,,
2147441545,CCCCn1c(C=CC(=O)c2ccc(OC(=O)c3ccc(OCCCCCCCCCCOC(=O)C(C)(C)CC)cc3)cc2)c(C)c2ccccc21,,0.36405968,,,
2147441546,CCC(C)(C)C(=O)OCCCCCCCCOc1ccc(C(=O)Oc2ccc(C(=O)C=Cc3c(C)c4ccccc4n3C)cc2)cc1,,0.35752069,,,
2147441547,CCCCn1c(C=CC(=O)c2ccc(OC(=O)c3ccc(OCCCCCCCCOC(=O)C(C)(C)CC)cc3)cc2)c(C)c2ccccc21,,0.36425846,,,
2147441548,CCC(C)(C)C(=O)OCCCCCCOc1ccc(C(=O)Oc2ccc(C(=O)C=Cc3c(C)c4ccccc4n3C)cc2)cc1,,0.35645942,,,
2147441549,CCCCn1c(C=CC(=O)c2ccc(OC(=O)c3ccc(OCCCCCCOC(=O)C(C)(C)CC)cc3)cc2)c(C)c2ccccc21,,0.36019365,,,
2147441550,CCC(COc1ccc(C(C)(C)c2ccc(OC)cc2)cc1)OC(=O)C=Cc1ccccc1,,0.35543793,,,
2147441551,CCC(O)CN(CC(O)COc1ccc(C(C)(C)c2ccc(OC)cc2)cc1)c1ccc(N=Nc2ccc([N+](=O)[O-])cc2)cc1,,0.35223599,,,
2147441552,CCC(O)COC(=O)/C=C\C(=O)Oc1ccc(C(C)(C)c2ccc(OC)cc2)cc1,,0.33533983,,,
2147441553,CCC=CCOC(=O)C(Cc1ccccc1)NC(=O)C=CC(=O)NC(Cc1ccccc1)C(=O)OC,,0.33875482,,,
2147441554,CCCCCCCCCCCOc1c(OC)cc(C=C2CCCC(=Cc3cc(OC)c(OC)c(OC)c3)C2=O)cc1OC,,0.3627628,,,
2147441555,CCCCCCCCCCCOc1ccc(C=C2CCCC(=Cc3ccc(OC)c(OC)c3)C2=O)cc1OC,,0.36585975,,,
2147441556,CCCCCCCCCCCOc1ccc(C=C2CCCC(=Cc3ccc(OC)cc3)C2=O)cc1,,0.37076764,,,
2147441558,CCCCCCCCCCCOc1ccc(C=Cc2ccc(OCCCCCCCCCCOP(=O)(OC)OCCCCCCCCCCOc3ccc(N=Nc4ccc(OC)cc4)cc3)cc2)cc1,,0.374166,,,
2147441559,CCCCCCCCCCCOc1ccc(C=Cc2ccc(OCCCCCCCCCCOP(=O)(OC)OCCCCCCCCCCOc3ccc(N=Nc4ccc([N+](=O)[O-])cc4)cc3)cc2)cc1,,0.36876796,,,
2147441561,CCCCCCCCCOc1c(OC)cc(C=C2CCCC(=Cc3cc(OC)c(OC)c(OC)c3)C2=O)cc1OC,,0.35816729,,,
2147441562,CCCCCCCCCOc1ccc(C=C2CCCC(=Cc3ccc(OC)c(OC)c3)C2=O)cc1OC,,0.36354284,,,
2147441563,CCCCCCCCCOc1ccc(C=C2CCCC(=Cc3ccc(OC)cc3)C2=O)cc1,,0.37127154,,,
2147441564,CCCCCCCOC(=O)C(CCCCCOc1cc(-c2ccccn2)nc(-c2ccccn2)c1)C(=O)OCCCCCCOc1ccc(-c2ccc(OC)cc2)cc1,,0.36437086,,,
2147441565,CCCCCCCOC(=O)C(Cc1ccccc1)NC(=O)C=CC(=O)NC(Cc1ccccc1)C(=O)OC,,0.34396826,,,
2147441566,CCCCCCCOc1c(OC)cc(C=C2CCCC(=Cc3cc(OC)c(OC)c(OC)c3)C2=O)cc1OC,,0.35644797,,,
2147441567,CCCCCCCOc1ccc(C=C2CCCC(=Cc3ccc(OC)c(OC)c3)C2=O)cc1OC,,0.35895367,,,
2147441568,CCCCCCCOc1ccc(C=C2CCCC(=Cc3ccc(OC)cc3)C2=O)cc1,,0.36783098,,,
2147441569,CCCCCOC(=O)C(Cc1ccccc1)NC(=O)C=CC(=O)NC(Cc1ccccc1)C(=O)OC,,0.33930122,,,
2147441571,CCCN(CCOC(=O)NCC1(C)CC(NC(=O)OC)CC(C)(C)C1)c1ccc(N=Nc2ccc(C#N)cc2)cc1,,0.36385839,,,
2147441572,CCCN(CCOC(=O)NCC1(C)CC(NC(=O)OC)CC(C)(C)C1)c1ccc(N=Nc2ccc([N+](=O)[O-])cc2)cc1,,0.34598899,,,
2147441573,CCCN(CCOC(=O)Nc1ccc(-c2ccc(NC(=O)OC)c(C)c2)cc1C)c1ccc(N=Nc2ccc([N+](=O)[O-])cc2)cc1,,0.34910461,,,
2147441574,CCCN(CCOC(=O)Nc1ccc(-c2ccc(NC(=O)OC)c(OC)c2)cc1OC)c1ccc(N=Nc2ccc([N+](=O)[O-])cc2)cc1,,0.34489269,,,
2147441575,CCCN(CCOC(=O)OCc1ccc(COC(=O)OC)cc1)c1ccc(N=Nc2ccc([N+](=O)[O-])cc2)cc1,,0.34805417,,,
2147441576,CCCN(CCOC(=O)c1cc(OCc2c(F)c(F)c(OC)c(F)c2F)cc(C(=O)OC)c1)c1ccc(C=Cc2ccc(C=CC3=C(C#N)C(=C(C#N)C#N)OC3(c3ccccc3)C(F)(F)F)s2)cc1,,0.36032332,,,
2147441577,CCc1ccc(COP(=O)(N=Nc2ccc(-c3ccc(N=NP(=O)(OC)OC)cc3)cc2)OC)cc1,,0.35769989,,,
2147441578,C=C/C(=C\C=C(/C)C1(c2ccc(NC)cc2)CCCCC1)NC,,0.35375342,,,
2147441579,CN/N=N\c1ccc(NC)c2c1C(=O)c1c(N)ccc(N)c1C2=O,,0.34005083,,,
2147441580,C=C(/C=C\C(=C/C)C1(c2ccc(NC)cc2)CCCCC1)NC,,0.3442031,,,
2147441581,CNC/C=C(/c1cccc(-c2ccccc2)c1)c1ccccc1-c1ccccc1-c1ccc(C2(c3ccccc3)c3ccccc3-c3ccccc32)cc1NC,,0.37006353,,,
2147441582,CNC1=C(N)N[C@H](NC)NC1=O,,0.28322193,,,
2147441583,CNC1=C(c2c(NC)ccc3ccccc23)c2ccccc2CC1,,0.35718606,,,
2147441584,CNC1=C(c2ccccc2)[C@@](O)(NC)[C@H](N)C=C1,,0.32796087,,,
2147441585,CNC1=CC=C(c2ccc(NC)cc2)C(C(C)(C)C)(C(C)(C)C)C1,,0.34704926,,,
2147441586,CNC1=NC(=S)N=C(N)C1NC,,0.30874827,,,
2147441587,CNCC1(C)CC(NC)CC(C)(C)C1,,0.34576246,,,
2147441588,CNCC1CCC(CNC)CC1,,0.33576539,,,
2147441589,CNCCCc1ccc2ccc3ccc(NC)cc3c2c1,,0.33634808,,,
2147441590,CNCCc1ccc2ccc3ccc(NC)cc3c2c1,,0.33458647,,,
2147441591,CNC[C@@H]1CCC[C@@H](CNC)C1,,0.32836534,,,
2147441592,CNNC(=O)C=CC(=O)Nc1cccc(C=C2CCCC(=Cc3cccc(NC(=O)C=CC(C)=O)c3)C2=O)c1,,0.3376016,,,
2147441593,CNNC(=O)c1cc(NC(=O)c2ccc3c(c2)C(=O)N(c2ccc(C)cn2)C3=O)cc(C(=O)NNC(=O)c2ccc(C(C)=O)cc2)c1,,0.33692653,,,
2147441594,CNNC(=O)c1cc(NC(=O)c2ccc3c(c2)C(=O)N(c2ncccc2C)C3=O)cc(C(=O)NNC(=O)c2ccc(C(C)=O)cc2)c1,,0.33234263,,,
2147441595,CNNC(=O)c1ccccc1C(=O)Nc1cccc(C=C2CCCC(=Cc3cccc(NC(=O)c4ccccc4C(C)=O)c3)C2=O)c1,,0.35281266,,,
2147441596,CN[C@H]1C(=O)NC(=O)[C@@](NC)(n2c(C)nc3c(N)c(N)cc(N)c3c2=O)[C@H]1N,,0.35197979,,,
2147441597,CNc1c(C)cc(C(c2cc(C)c(NC)c(C)c2)C(c2ccc(N)c(C(C)(C)C)c2)c2ccc(N)c(C(C)(C)C)c2)cc1C,,0.39156416,,,
2147441598,CCc1cc(Cc2cc(C)c(NC)c(CC)c2)cc(C)c1NC,,0.36832,,,
2147441599,CCc1cc(Cc2cc(CC)c(NC)c(CC)c2)cc(CC)c1NC,,0.37359767,,,
2147441600,CCc1cc(Cc2cc(CC)c(NC)c(CC)c2Cl)c(Cl)c(CC)c1NC,,0.37886544,,,
2147441601,CNc1c(N)c2c(c(NC)c1NC)C(=O)c1cccc(N)c1C2=O,,0.34496829,,,
2147441602,CNc1c(NC)c(-c2ccccc2-c2ccccc2)c(-c2ccccc2)c(-c2ccccc2)c1-c1ccccc1,,0.37334739,,,
2147441603,CNc1cc(C(c2ccc(C)c(NC)c2)(C(F)(F)F)C(F)(F)F)ccc1C,,0.34739951,,,
2147441604,CNc1cc(C(c2ccc(O)c(NC)c2)(C(F)(F)F)C(F)(F)F)ccc1O,,0.32241826,,,
2147441605,CNc1cc(C)c(-c2c(C)cc(NC)cc2-c2ccccc2)c(-c2ccccc2)c1,,0.36600387,,,
2147441606,CNc1cc(C)c(C2(c3c(C)cc(NC)c4ccccc34)c3ccccc3-c3ccccc32)c2ccccc12,,0.38470754,,,
2147441607,CNc1cc(C)c(Cc2ccc(CCCCCCCCCCCCCc3ccc(Cc4c(C)cc(NC)cc4C)cc3)cc2)c(C)c1,,0.35997455,,,
2147441608,CNc1cc(C)c(Cc2ccc(CCCCCCCCCCCCc3ccc(Cc4c(C)cc(NC)cc4C)cc3)cc2)c(C)c1,,0.35798452,,,
2147441609,CNc1cc(C)c(Cc2ccc(CCCCCCCCCc3ccc(Cc4c(C)cc(NC)cc4C)cc3)cc2)c(C)c1,,0.36147124,,,
2147441610,CNc1cc(C)c(Cc2ccc(CCCCCCCCc3ccc(Cc4c(C)cc(NC)cc4C)cc3)cc2)c(C)c1,,0.35897643,,,
2147441611,CNc1cc(C)c(NC)c2c1C(=O)c1c(N)c(C)cc(N)c1C2=O,,0.34660788,,,
2147441612,CNc1cc(C2CCCCC2)c2ccc3c(NC)c(-c4ccc(C5(c6ccccc6)c6ccccc6-c6ccccc65)cc4)c(C4CCCCC4)c4ccc1c2c34,,0.39403941,,,
2147441613,CNc1cc(N)c(N)c(C)c1C(=O)Oc1cc(N)c(C(=O)Oc2cc(N)c(N)c(C)c2N)c(N)c1NC,,0.32137021,,,
2147441614,CNc1cc(NC)c(Cc2cc(C)c(N)cc2N)cc1C,,0.35659354,,,
2147441615,CNc1cc(NC)c2c(ccc3ccccc32)c1,,0.33406138,,,
2147441616,CNc1cc(NC)c2ccc3ccccc3c2c1,,0.33145622,,,
2147441617,CNc1cc(NC(=O)c2ccc3cc(C(C)=O)ccc3c2)cc(C(=O)OCCOc2ccc(C=CC(=O)c3ccccc3)cc2)c1,,0.34387133,,,
2147441618,CNc1cc2c(-c3ccc4c(c3)c3ccccc3c3c(NC)c(N)ccc43)cc3c4ccccc4ccc3c2cc1N,,0.3459392,,,
2147441619,CNc1cc2c(NC)cccc2c2ccccc12,,0.333837,,,
2147441620,CNc1cc2c(cc(NC)c3c(-c4ccc5ccccc5c4)c(-c4ccc5ccccc5c4)c(-c4ccc5ccccc5c4)c(-c4ccc5ccccc5c4)c32)c2ccccc12,,0.37064494,,,
2147441621,CNc1cc2c(cc1NC)C(=O)c1cc(N)c(N)cc1C2=O,,0.34542857,,,
2147441622,CNc1cc2c3cccc(-c4ccc(C)c(C)c4)c3c(NC)cc2c2ccccc12,,0.35695006,,,
2147441623,CNc1cc2cccc(NC)c2c2ccccc12,,0.33765318,,,
2147441624,CNc1cc2ccccc2c(NC)c1-c1ccccc1,,0.3508717,,,
2147441625,CNc1cc2ccccc2c2c(NC)cccc12,,0.33679998,,,
2147441627,CNc1ccc(-c2c(C(C)C)cc(C)cc2C2(c3cc(C)cc(C(C)C)c3-c3ccc(NC)cc3)c3ccccc3-c3ccccc32)cc1,,0.39756786,,,
2147441628,CNc1ccc(-c2cc(-c3ccc(-c4ccccc4)cc3)cc(-c3ccc(-c4cc(-c5ccc(NC)cc5)cc(-c5ccc(-c6ccccc6)cc5)c4)cc3)c2)cc1,,0.35431916,,,
2147441629,CNc1ccc(-c2cc(-c3ccc(NC)cc3)c3ccc4c(-c5ccc(N)cc5)cc(-c5ccc(N)cc5)c5ccc2c3c54)cc1,,0.36303147,,,
2147441630,CNc1ccc(-c2ccc(-c3ccc(NC)c(-c4ccc5ccccc5c4)c3-c3ccc4ccccc4c3)c(-c3ccc4ccccc4c3)c2)c(-c2ccc3ccccc3c2)c1,,0.36605712,,,
2147441631,CNc1ccc(-c2ccc(-c3ccc(NC)cc3)c3c2CC2(CCCC2)C3)cc1,,0.35946418,,,
2147441632,CNc1ccc(-c2ccc(NC)c(-c3ccc(-c4ccccc4)cc3)c2-c2ccc(-c3ccccc3)cc2)cc1,,0.35925281,,,
2147441633,CNc1ccc(-c2ccc(NC)c(-c3cccc(C)c3-c3ccccc3)c2)cc1,,0.35748308,,,
2147441634,CNc1ccc(-c2ccc(NC)c(/C=C/c3ccccc3)c2)cc1,,0.34484999,,,
2147441635,CNc1ccc(-c2ccc(NC)c(Cc3ccccc3)c2Cc2ccccc2)c(Cc2ccccc2)c1Cc1ccccc1,,0.35710982,,,
2147441636,CNc1ccc(-c2ccc(NC)c(N)c2-c2ccccc2)c(-c2ccccc2)c1N,,0.35339596,,,
2147441637,CNc1ccc(-c2ccc(NC)cc2-c2cc(N)ccc2-c2ccc(N)cc2)cc1,,0.36187072,,,
2147441638,CNc1ccc(-c2ccc(NC)cc2-c2ccc(C)cc2)c(-c2ccc(C)cc2)c1,,0.36702255,,,
2147441639,CNc1ccc(-c2ccc(NC)cc2-c2ccc(C)cc2C)c(-c2ccc(C)cc2C)c1,,0.37675264,,,
2147441640,C=Cc1ccc(-c2cc(NC)ccc2-c2ccc(NC)cc2-c2ccc(C=C)cc2)cc1,,0.35833444,,,
2147441641,CCc1ccc(-c2cc(NC)ccc2-c2ccc(NC)cc2-c2ccc(CC)cc2)cc1,,0.36900944,,,
2147441642,CNc1ccc(-c2ccc(NC)cc2-c2cccc(C)c2)c(-c2cccc(C)c2)c1,,0.36515839,,,
2147441643,CCc1cccc(-c2cc(NC)ccc2-c2ccc(NC)cc2-c2cccc(CC)c2)c1,,0.36267578,,,
2147441644,CNc1ccc(-c2ccc(NC)cc2-c2ccccc2)c(-c2ccccc2)c1,,0.35575719,,,
2147441645,CNc1ccc(-c2ccc(NC)cc2-c2ccccc2-c2ccc(C)cc2)cc1,,0.35953405,,,
2147441646,CNc1ccc(-c2ccc(NC)cc2-c2ccccc2-c2ccccc2)cc1,,0.35741644,,,
2147441647,CNc1ccc(-c2ccc(NC)cc2-c2ccccc2-c2ccccc2C)cc1,,0.36316601,,,
2147441648,CNc1ccc(-c2ccc(NC)cc2-c2ccccc2C(C)(C)C)c(-c2ccccc2C(C)(C)C)c1,,0.37633983,,,
2147441649,CNc1ccc(-c2ccc(NC)cc2-c2ccccc2C(C)C)c(-c2ccccc2C(C)C)c1,,0.37695577,,,
2147441650,CNc1ccc(-c2ccc(NC)cc2-c2ccccc2C)c(-c2ccccc2C)c1,,0.36761088,,,
2147441651,CCc1ccccc1-c1cc(NC)ccc1-c1ccc(NC)cc1-c1ccccc1CC,,0.3676166,,,
2147441652,C=CCc1ccccc1-c1cc(NC)ccc1-c1ccc(NC)cc1-c1ccccc1CC=C,,0.35805994,,,
2147441653,CCCc1ccccc1-c1cc(NC)ccc1-c1ccc(NC)cc1-c1ccccc1CCC,,0.36819448,,,
2147441654,CCCCc1ccccc1-c1cc(NC)ccc1-c1ccc(NC)cc1-c1ccccc1CCCC,,0.36989526,,,
2147441655,CC[C@H](C)c1ccccc1-c1cc(NC)ccc1-c1ccc(NC)cc1-c1ccccc1[C@@H](C)CC,,0.37601542,,,
2147441656,CNc1ccc(-c2ccc(NC)cc2/C(N)=C/c2ccccc2)c(/C(N)=C/c2ccccc2)c1,,0.35009849,,,
2147441657,CNc1ccc(-c2ccccc2)c(C2CCCCC2)c1NC,,0.37359962,,,
2147441658,CNc1ccc(-c2ccccc2-c2ccccc2-c2ccc(NC)cc2)cc1,,0.35490612,,,
2147441659,CNc1ccc(/C(=C(/c2ccc3ccccc3c2)c2ccc(NC)c(-c3ccc4ccccc4c3)c2-c2ccc3ccccc3c2)c2ccc3ccccc3c2)cc1,,0.37988811,,,
2147441660,CNc1ccc(/C(C)=C/C(C)(C)c2ccc(NC)cc2)cc1,,0.35500937,,,
2147441661,CNc1ccc(/C=C/c2ccc(NC)cc2-c2ccccc2)c(-c2ccccc2)c1,,0.35626419,,,
2147441662,CNc1ccc(/C=C/c2ccc3ccccc3c2/C=C/c2ccc(NC)cc2)cc1,,0.35372743,,,
2147441663,C=C(c1ccc(NC)cc1)C(C)(C)C(C)(C)c1ccc(NC)cc1,,0.34980902,,,
2147441664,C=C(CC(C)(C)c1ccc(NC)cc1)c1ccc(NC)cc1,,0.34510572,,,
2147441665,CNc1ccc(C(=C2CCCCC2)c2ccc(NC)cc2)cc1,,0.37173273,,,
2147441666,CNc1ccc(C(C)(C)c2cc(C(C)(C)c3ccc(N)cc3)cc(C(C)(C)c3ccc(NC)cc3)c2)cc1,,0.36915657,,,
2147441667,CNc1ccc(C(C)(C)c2ccc(C(C)(C)c3ccc(NC)cc3)cc2)cc1,,0.35733218,,,
2147441668,CNc1ccc(C(C)(C)c2ccc(C(C)(C)c3cccc(NC)c3)cc2)cc1,,0.35860249,,,
2147441669,CNc1ccc(C(C)(C)c2ccc(NC)cc2)cc1,,0.34514842,,,
2147441670,C=CC(C)(c1ccc(NC)cc1)c1ccc(NC)cc1,,0.34310285,,,
2147441671,CNc1ccc(C(C)(CC(C)C)c2ccc(NC)cc2)cc1,,0.35303022,,,
2147441672,CCC(C)(c1ccc(NC)cc1)c1ccc(NC)cc1,,0.35054839,,,
2147441673,C=CCC(C)(c1ccc(NC)cc1)c1ccc(NC)cc1,,0.34950176,,,
2147441674,CNc1ccc(C(C)(CCC(C)C)c2ccc(NC)cc2)cc1,,0.3593959,,,
2147441675,CCCC(C)(c1ccc(NC)cc1)c1ccc(NC)cc1,,0.35256265,,,
2147441676,CCCCC(C)(c1ccc(NC)cc1)c1ccc(NC)cc1,,0.35842613,,,
2147441677,CCCCCC(C)(c1ccc(NC)cc1)c1ccc(NC)cc1,,0.35858625,,,
2147441678,CCCCCCC(C)(c1ccc(NC)cc1)c1ccc(NC)cc1,,0.36233629,,,
2147441679,CNc1ccc(C(C)(c2ccc(NC)cc2)C(C)C)cc1,,0.35465545,,,
2147441680,C=C(C)[C@@H](C)C(C)(c1ccc(NC)cc1)c1ccc(NC)cc1,,0.35652932,,,
2147441681,CNc1ccc(C(CC(C)(C)c2ccc(NC)cc2)=C(C)C)cc1,,0.35535977,,,
2147441682,CNc1ccc(C(CC(C)C)(CC(C)C)c2ccc(NC)cc2)cc1,,0.36637357,,,
2147441683,CCC[C@H](C)/C=C/CC(CC)(c1ccc(NC)cc1)c1ccc(NC)cc1,,0.36522046,,,
2147441684,CCC(CC)(c1ccc(NC)cc1)c1ccc(NC)cc1,,0.3582996,,,
2147441685,CCC(CCC(C)C)(c1ccc(NC)cc1)c1ccc(NC)cc1,,0.36819424,,,
2147441686,CCCC(CC)(c1ccc(NC)cc1)c1ccc(NC)cc1,,0.35892089,,,
2147441687,CCCCC(CC)(c1ccc(NC)cc1)c1ccc(NC)cc1,,0.36309206,,,
2147441688,CCCCCC(CC)(c1ccc(NC)cc1)c1ccc(NC)cc1,,0.36534914,,,
2147441689,CCCCCCC(CC)(c1ccc(NC)cc1)c1ccc(NC)cc1,,0.36353044,,,
2147441690,CC[C@@H](C)CC(CC)(c1ccc(NC)cc1)c1ccc(NC)cc1,,0.35671255,,,
2147441691,CCC(c1ccc(NC)c(Cc2ccccc2)c1Cc1ccccc1)c1ccc(NC)c(Cc2ccccc2)c1Cc1ccccc1,,0.36855173,,,
2147441692,C=CCC(CC=C)(c1ccc(NC)cc1)c1ccc(NC)cc1,,0.34731572,,,
2147441693,C=CCC(c1ccc(NC)cc1)c1ccc(NC)cc1,,0.34719504,,,
2147441694,CCCC(CCC)(c1ccc(NC)cc1)c1ccc(NC)cc1,,0.36239191,,,
2147441695,CCCCC(CCCC)(c1ccc(NC)cc1)c1ccc(NC)cc1,,0.3699291,,,
2147441696,CNc1ccc(C(C[C@@H]2CCC[C@@H](C(c3ccc(N)cc3)c3ccc(NC)cc3)C2)c2ccc(N)cc2)cc1,,0.36461546,,,
2147441697,CNc1ccc(C(c2ccc(NC)c(C(C)(C)C)c2)C(c2ccc(N)c(C(C)(C)C)c2)c2ccc(N)c(C(C)(C)C)c2)cc1C(C)(C)C,,0.3977767,,,
2147441698,CNc1ccc(C(c2ccc(NC)c(C)c2)C(c2ccc(N)c(C)c2)c2ccc(N)c(C)c2)cc1C,,0.38150109,,,
2147441699,CNc1ccc(C(c2ccc(NC)cc2)(C(C)C)C(C)C)cc1,,0.36562181,,,
2147441700,CNc1ccc(C(c2ccc(NC)cc2)(C(F)(F)F)C(F)(F)F)cc1,,0.34186008,,,
2147441701,CC[C@@H](C)C(c1ccc(NC)cc1)(c1ccc(NC)cc1)[C@H](C)CC,,0.37291553,,,
2147441702,CNc1ccc(C(c2ccc(NC)cc2)C(C)(C)C)cc1,,0.3599413,,,
2147441703,CNc1ccc(C(c2ccc(NC)cc2)C(c2ccc(N)cc2)c2ccc(N)cc2)cc1,,0.36559722,,,
2147441704,CNc1ccc(C(c2ccc(NC)cc2)C(c2cccc(N)c2)c2cccc(N)c2)cc1,,0.35897099,,,
2147441705,CNc1ccc(C(c2ccc(NC)cc2)C(c2ccccc2N)(c2ccccc2N)[C@H](c2ccc(N)cc2)c2ccccc2N)cc1,,0.36452149,,,
2147441706,CNc1ccc(C2(c3ccc(NC)c(-c4ccc(C)cc4)c3-c3ccc(C)cc3)CCCCC2)c(-c2ccc(C)cc2)c1-c1ccc(C)cc1,,0.39222234,,,
2147441707,CNc1ccc(C2(c3ccc(NC)c(C)c3)c3ccccc3Cc3ccccc32)cc1C,,0.37721583,,,
2147441708,CNc1ccc(C2(c3ccc(NC)cc3)C=CC=C3C2=Cc2ccccc23)cc1,,0.36753725,,,
2147441709,CNc1ccc(C2(c3ccc(NC)cc3)CCCC2)cc1,,0.34564076,,,
2147441710,CNc1ccc(C2(c3ccc(NC)cc3)CCc3ccccc32)cc1,,0.35743146,,,
2147441711,CNc1ccc(C2(c3ccc(NC)cc3)[C@H]3C[C@@H]4C[C@@H](C[C@H]2C4)C3)cc1,,0.36122631,,,
2147441712,CNc1ccc(C2(c3ccc(NC)cc3)c3ccccc3Cc3ccccc32)cc1,,0.36815633,,,
2147441713,CNc1ccc(C2=CC=C(c3ccc(NC)cc3)C2(C)C)cc1,,0.35499932,,,
2147441714,CNc1ccc(C2=CC[C@](NC)(c3ccccc3-c3ccccc3C)C=C2)cc1,,0.35437873,,,
2147441715,CNc1ccc(C2=C[C@@H]3CC[C@H]2C=C3c2ccc(NC)cc2)cc1,,0.35798661,,,
2147441716,CNc1ccc(CC[C@@H](Cc2ccc(NC)cc2)[C@@H](Cc2ccc(N)cc2)c2ccccc2)cc1,,0.35442602,,,
2147441717,CNc1ccc(CCc2ccc(C3(c4ccc(CCc5ccc(NC)cc5)cc4)CCC(c4ccccc4)CC3)cc2)cc1,,0.362202,,,
2147441718,CNc1ccc(Cc2cc(Cc3ccc(N)cc3)cc(Cc3ccc(NC)cc3)c2)cc1,,0.36046154,,,
2147441719,CNc1ccc(Cc2ccc(Cc3ccc(NC)c(C)c3C)cc2)c(C)c1C,,0.35499508,,,
2147441720,CNc1ccc(Cc2ccc(Cc3ccc(NC)cc3)cc2)cc1,,0.34845951,,,
2147441721,CCc1cc(NC)ccc1Cc1ccc(NC)c(C)c1,,0.3496197,,,
2147441722,CNc1ccc(Cc2ccc(NC)c(C)c2)cc1C,,0.35117058,,,
2147441723,CNc1ccc(Cc2ccc(NC)c(C)c2C)c(C)c1,,0.35276469,,,
2147441724,CNc1ccc(Cc2ccc(NC)c(C)c2C)c(C)c1C,,0.35444913,,,
2147441725,CCc1c(Cc2ccc(NC)c(CC)c2CC)ccc(NC)c1CC,,0.37391243,,,
2147441726,C=CCc1c(Cc2ccc(NC)c(CC=C)c2CC=C)ccc(NC)c1CC=C,,0.35378076,,,
2147441727,CNc1ccc(Cc2ccc(NC)c(Cl)c2)cc1Cl,,0.3514118,,,
2147441728,CNc1ccc(Cc2ccc(NC)cc2)cc1,,0.34181931,,,
2147441729,CNc1ccc(Cc2cccc(NC)c2)cc1,,0.33815386,,,
2147441730,CNc1ccc(NC)c(-c2ccc3ccccc3c2)c1,,0.34047659,,,
2147441731,CNc1ccc(NC)c(C(c2ccc3ccccc3c2)c2ccc3ccccc3c2)c1,,0.36285479,,,
2147441732,CNc1ccc(NC)c2c1ccc1ccccc12,,0.33816871,,,
2147441733,CNc1ccc(Oc2ccc(S(=O)(=O)c3ccc(Oc4ccc(NC)cc4)cc3)cc2)cc1,,0.34442362,,,
2147441734,CNc1ccc(Oc2cccc(Oc3ccc(NC)cc3)c2)cc1,,0.34111608,,,
2147441735,CNc1ccc(SSc2ccc(NC)cc2)cc1,,0.35710288,,,
2147441736,CNc1ccc([C@@H](C)c2ccc(C(C)(C)c3ccc(NC)cc3)cc2)cc1,,0.35607415,,,
2147441737,CNc1ccc([C@@H](c2ccccc2)[C@H](c2ccccc2)c2ccc(NC)cc2)cc1,,0.36377948,,,
2147441738,CNc1ccc([C@@H]2CC(C)(C)c3cc(NC)ccc32)cc1,,0.36237935,,,
2147441739,CNc1ccc([C@@H]2CC(C)(C)c3ccc(NC)cc32)cc1,,0.3624745,,,
2147441740,CC[C@@H](c1ccc(NC)cc1)c1ccc([C@@H](CC)c2ccc(NC)cc2)cc1,,0.3623964,,,
2147441741,CCCC[C@H](c1ccc(C2(c3ccc([C@@H](CCCC)c4ccc(NC)cc4C)cc3)CCC(C)CC2)cc1)c1ccc(NC)cc1C,,0.38081893,,,
2147441742,CCCCCC[C@@H](c1ccc(NC)cc1)c1ccc(C2(c3ccc([C@@H](CCCCCC)c4ccc(NC)cc4)cc3)CCC(CCCCC)CC2)cc1,,0.37108303,,,
2147441743,CNc1ccc([C@H](c2ccc(NC)c(C)c2)C(c2ccc(N)c(C)c2)c2ccc(N)c(C)c2)cc1,,0.37242979,,,
2147441744,CNc1ccc([C@H](c2cccc(NC)c2)C(c2cccc(N)c2)c2cccc(N)c2)cc1,,0.35918801,,,
2147441745,CNc1ccc([C@H](c2ccccc2NC)C(c2ccc(N)cc2)c2ccc(N)cc2)cc1,,0.37002899,,,
2147441746,CNc1ccc([C@H]2CC[C@H](c3ccc(NC)cc3)CC2)cc1,,0.35770572,,,
2147441747,CNc1ccc2c(NC)cc3ccccc3c2c1,,0.334748,,,
2147441748,CNc1ccc2c(c1)-c1ccc3c4ccc5c6c(ccc(c7ccc(c1c73)C2)c64)-c1cc(NC)ccc1C5,,0.34349672,,,
2147441749,CNc1ccc2c(c1)C(=O)c1ccc(NC)cc1C2=O,,0.33028392,,,
2147441750,CNc1ccc2c(c1)[C@]1(C)CC[C@@]2(C)c2cc(NC)ccc21,,0.36507821,,,
2147441751,CNc1ccc2c(c1)c(C)c(C)c1cc(NC)ccc12,,0.33627798,,,
2147441752,CNc1ccc2c(c1)c(NC)cc1ccccc12,,0.33211721,,,
2147441753,CNc1ccc2c(c1)cc(NC)c1ccccc12,,0.33817655,,,
2147441754,CNc1ccc2c(c1NC)CCc1ccccc1-2,,0.341292,,,
2147441755,CNc1ccc2c(ccc3c(NC)cccc32)c1,,0.3358041,,,
2147441756,CNc1ccc2c(ccc3cc(NC)ccc32)c1,,0.3363309,,,
2147441757,CNc1ccc2c(ccc3ccc(NC)cc32)c1,,0.33807688,,,
2147441759,CNc1ccc2c(ccc3cccc(NC)c32)c1,,0.3331587,,,
2147441760,CNc1ccc2c(ccc3ccccc32)c1NC,,0.3361781,,,
2147441761,CNc1ccc2c3cc(-c4ccc(-c5ccccc5)cc4)c(-c4ccc(-c5ccccc5)cc4)c4c(NC)c(-c5ccc(-c6ccccc6)cc5)c(-c5ccc(-c6ccccc6)cc5)c(c5cccc1c25)c43,,0.3619219,,,
2147441762,CNc1ccc2cc(NC)c3ccccc3c2c1,,0.33919037,,,
2147441763,CNc1ccc2ccc3ccc(NC)cc3c2c1,,0.33497194,,,
2147441764,CNc1ccc2ccc3cccc(NC)c3c2c1,,0.32965144,,,
2147441765,CNc1ccc2ccc3ccccc3c2c1NC,,0.33674811,,,
2147441766,CNc1cccc(-c2cc(NC)ccc2-c2ccccc2-c2ccccc2)c1,,0.35340744,,,
2147441767,CNc1cccc(-c2ccccc2-c2cc(NC)ccc2-c2ccccc2)c1,,0.35219454,,,
2147441768,CNc1cccc(-c2ccccc2-c2ccccc2-c2cccc(NC)c2)c1,,0.35392163,,,
2147441769,CNc1cccc(-c2ccccc2-c2ccccc2-c2ccccc2)c1NC,,0.35659206,,,
2147441770,CNc1cccc(C(c2cccc(NC)c2)(C(F)(F)F)C(F)(F)F)c1,,0.34059386,,,
2147441771,CNc1cccc(Cc2cccc(NC)c2)c1,,0.33697796,,,
2147441772,CNc1cccc(Oc2ccc(S(=O)(=O)c3ccc(Oc4cccc(NC)c4)cc3)cc2)c1,,0.34393632,,,
2147441773,CNc1cccc(Oc2cccc(Oc3cccc(NC)c3)c2)c1,,0.33787009,,,
2147441774,CNc1cccc2c1C1=C(C[C@](NC)(c3ccccc3-c3ccccc3)C=C1)C2(c1ccccc1)c1ccccc1,,0.37540911,,,
2147441775,CNc1cccc2c1c(NC)cc1ccccc12,,0.33290552,,,
2147441776,CNc1cccc2c1ccc1c(NC)cccc12,,0.33410164,,,
2147441777,CNc1cccc2c1ccc1cccc(NC)c12,,0.33883964,,,
2147441778,CNc1cccc2ccc3cccc(NC)c3c12,,0.34248529,,,
2147441779,CNc1ccccc1-c1cccc(-c2ccccc2-c2cccc(-c3ccccc3)c2)c1NC,,0.35563081,,,
2147441780,CNc1ccccc1-c1ccccc1-c1ccccc1-c1ccccc1NC,,0.35892837,,,
2147441781,CNc1ccccc1/C=C/c1ccc2ccccc2c1/C=C/c1ccccc1NC,,0.35648517,,,
2147441782,CNc1ccccc1SSc1ccccc1NC,,0.35017586,,,
2147441783,CNc1nc(=O)n(C)c(NC)c1N,,0.31039992,,,
2147441784,COC(COC(=O)c1ccc2cc(C(C)=O)ccc2c1)COc1ccc(N=Nc2ccc(C#N)cc2)cc1,,0.35895878,,,
2147441785,CO[Si](C)(C)CCCC(=O)Oc1ccc(C=Nc2ccc(Cc3ccc(N=Cc4ccc(OC(=O)CCC[Si](C)(C)C)cc4)cc3)cc2)cc1,,0.38299785,,,
2147441786,CO[Si](C)(C)CCCN=Cc1cc(Cc2ccc(O)c(C=NCCC[Si](C)(C)C)c2)ccc1O,,0.39347596,,,
2147441787,COc1c(F)c(C#N)c(Oc2ccc(C(C)(C)c3cccc(C(C)(C)c4ccc(C)cc4)c3)cc2)c(F)c1C#N,,0.38046147,,,
2147441788,COc1ccc(C=C2CCCC(=Cc3ccc(OC(=O)CCCCCCCCC(C)=O)c(OC)c3)C2=O)cc1OC,,0.35776264,,,
2147441789,COc1ccc(C=NN=Cc2ccc(Oc3ccc(C(C)(C)c4ccc(C)cc4)cc3)cc2)cc1,,0.3809024,,,
2147441790,COc1ccc(C=NN=Cc2ccc(Oc3ccc(C(c4ccc(C)cc4)(C(F)(F)F)C(F)(F)F)cc3)cc2)cc1,,0.37282962,,,
2147441791,COc1ccc(OC(=O)c2ccc(OCCCCCCCCCCCCOc3ccc(C(C)=O)cc3)cc2)cc1C=Cc1ccncc1,,0.36385478,,,
2147441792,COc1ccc(S(=O)(=O)c2ccc(Oc3ccc(C=C4CCCCC(=Cc5ccc(C)cc5)C4=O)cc3)cc2)cc1,,0.3771408,,,
2147441793,Cc1ccc(-c2ccc(-c3ccc(-c4ccc(-c5ccc6c(c5)C(=O)N(c5ccc(Oc7ccc(-c8ccc(Oc9ccc(N%10C(=O)c%11ccc(C)cc%11C%10=O)cc9)cc8)cc7)cc5)C6=O)cc4)cc3)cc2)cc1,,0.36472216,,,
2147441794,Cc1ccc(C(=O)OCCCCCCCCCCOc2ccc(C=C3CCC(=Cc4ccc(OCCCCCCCCCCOC(=O)c5ccc(-c6nnc(C)o6)cc5)cc4)C3=O)cc2)cc1,,0.36684911,,,
2147441795,Cc1ccc(C(=O)OCCCCCCOc2ccc(C=C3CCCCC(=Cc4ccc(OCCCCCCOC(=O)c5ccc(-c6nnc(C)o6)cc5)cc4)C3=O)cc2)cc1,,0.36570631,,,
2147441796,Cc1ccc(Cc2ccc(N3C(=O)c4ccc(Oc5ccc(Oc6ccc7c(c6)C(=O)N(C)C7=O)cc5)cc4C3=O)c(C)c2)cc1C,,0.37895775,,,
2147441797,Cc1ccc(Cc2ccc(N3C(=O)c4ccc(Oc5ccc(Oc6ccc7c(c6)C(=O)N(C)C7=O)cc5)cc4C3=O)cc2C)c(C)c1,,0.37649357,,,
2147441798,Cc1ccc(Oc2cccc3c(NC(=O)c4ccc([Si](c5ccccc5)(c5ccccc5)c5ccc(C(=O)Nc6cccc7c(Oc8ccc(-c9nnc(C)o9)cc8)cccc67)cc5)cc4)cccc23)cc1,,0.37704837,,,
2147441799,CCN(CCOc1cc(N2C(=O)c3ccc(C)cc3C2=O)cc(N2C(=O)c3ccc(C(C)(C(F)(F)F)C(F)(F)F)cc3C2=O)c1)c1ccc(N=Nc2ccc([N+](=O)[O-])cc2)cc1,,0.37866227,,,
2147441800,CCCCCCc1c(C)sc(C=CC2=CC(=C(C#N)C#N)C=C(C=Cc3sc(-c4ccc5c(c4)Sc4cc(C)ccc4N5CCCCCC)c(CCCCCC)c3CCCCCC)O2)c1CCCCCC,,0.41634717,,,
2147441802,C/C(=C(\c1ccccc1)c1ccc(C)cc1)c1ccccc1,,,0.338,,
2147441803,C/C=C/c1cc(-c2ccc3c(c2)C(CCCCCCCC)(CCCCCCCC)c2ccccc2-3)c(C)cc1-c1ccc(F)cc1F,,,0.198,,
2147441804,C/C=C/c1ccc(C)c(-c2cc(OCCC(C)C)c(OCCC(C)C)cc2-c2ccc(F)cc2)c1,,,0.334,,
2147441805,C/C=C/c1ccc(C)c2ccc(CCCCCCCCCCC)cc12,,,0.27,,
2147441806,Cc1ccc(Oc2c3c(c(Oc4ccc(C5Nc6ccc(-c7ccc8[nH]c(C)nc8c7)cc6O5)cc4)c4c2C2c5ccccc5C4c4ccccc42)C2c4ccccc4C3c3ccccc32)cc1,,,0.18,,
2147441807,Cc1ccc(Oc2ccc(Oc3ccc(C4Nc5ccc(-c6ccc7[nH]c(C)nc7c6)cc5O4)cc3)c3c2C2c4ccccc4C3c3ccccc32)cc1,,,0.252,,
2147441808,CCC(C)(F)C#N,,,0.154,,
2147441809,CCC(C)(F)C(=O)OCC(F)(F)C(F)(F)C(F)(F)C(F)(F)C(F)(F)C(F)(F)C(F)(F)C(F)(F)C(F)(F)C(F)(F)C(F)(F)F,,,0.095,,
2147441810,CCC(C)(F)C(=O)OCC(F)(F)C(F)(F)C(F)(F)C(F)(F)C(F)(F)C(F)(F)C(F)(F)C(F)F,,,0.108,,
2147441811,CCC(C)(F)C(=O)OCC(F)(F)C(F)(F)C(F)(F)C(F)(F)C(F)(F)C(F)F,,,0.106,,
2147441812,CCC(=O)c1ccc(Oc2ccc(C(=O)COc3ccc(/C=C4\CC/C(=C\c5ccc(OC)c(OC)c5)C4=O)cc3OC)cc2)cc1,,,0.228,,
2147441813,CCC(=O)c1ccc(Oc2ccc(C(=O)COc3ccc(/C=C4\CC/C(=C\c5ccc(OC)cc5)C4=O)cc3)cc2)cc1,,,0.259,,
2147441814,CCCC(=O)Oc1ccc(OC(=O)CCN2CCN(C)CC2)cc1,,,0.224,,
2147441815,CCCCC1CCN(C(=O)SSCCCCSSC(=O)N2CCC(C)CC2)CC1,,,0.223,,
2147441816,CCCCCCCCCCCCCCCCCCCNC(=O)CCCCCCCCC(=O)NC,,,0.369,,
2147441817,CCCCCCCCCCCCCCCOC(=O)c1ccc(C(=O)NCCCCCCNC(=O)c2ccc(C(=O)OC)cc2)cc1,,,0.333,,
2147441818,CCCCCCCCCCCCCCCOC(=O)c1ccc(C(=O)NCCCCCNC(=O)c2ccc(C(=O)OC)cc2)cc1,,,0.258,,
2147441819,CCCCCCCCCCCCCCCOC(=O)c1ccc(C(=O)NCCNC(=O)c2ccc(C(=O)OC)cc2)cc1,,,0.274,,
2147441820,CCCCCCCNC(=O)CCCCCCCCCCCCCCCCCCCCC(=O)NC,,,0.44,,
2147441821,CCCCCCOC(=O)CCCCCNC(=O)OC,,,0.317,,
2147441822,CCCCCCc1ccc(CCCCCOC(=O)c2ccc(C(=O)OC)cc2)cc1,,,0.276,,
2147441823,CCCCCOC(=O)c1cccc(-c2cccc(C(=O)OC)c2)c1,,,0.203,,
2147441825,CCCCCSSCCCSSC,,,0.161,,
2147441826,CCCCCc1ccc(CCCCOC(=O)c2ccc(C(=O)OC)cc2)cc1,,,0.241,,
2147441827,CCCCc1ccc(CCCOC(=O)c2ccc(C(=O)OC)cc2)cc1,,,0.249,,
2147441828,CCCc1c2ccccc2c(C)c2ccccc12,,,0.166,,
2147441830,CCCc1ccc(C)c(C(=O)OC)c1,,,0.245,,
2147441832,CCCc1ccc(CCOC(=O)CCc2ccc(CCC(=O)OC)cc2)cc1,,,0.319,,
2147441833,CCCc1ccc(CCOC(=O)c2ccc(C(=O)OC)cc2)cc1,,,0.23,,
2147441834,Cc1cccc2c(N3C(=O)c4ccc(-c5ccc6c(c5)C(=O)N(C)C6=O)cc4C3=O)cccc12,,,0.314,,
2147441835,COC(C)COC(=O)CCCCSCCCCC(C)=O,,,0.214,,
2147441836,COc1ccc(/C=N/c2ccc(/N=C/c3ccc(OC(=O)CCCCC(C)=O)c(OC)c3)cc2)cc1OC,,,0.283,,
2147441837,COc1ccc(/C=N/c2ccc(/N=C/c3ccc(OC(=O)CCCCCCCCC(C)=O)c(OC)c3)cc2)cc1OC,,,0.274,,
2147441838,COc1ccc(/C=N/c2ccc(/N=C/c3ccc(OC(=O)c4cccc(C(C)=O)c4)c(OC)c3)cc2)cc1OC,,,0.37,,
2147441840,C/N=C/c1ccc(C=Nc2c(-c3ccccc3)cc(-c3ccc(-c4cc(-c5ccccc5)c(C)c(-c5ccccc5)c4)cc3)cc2-c2ccccc2)cc1,,,0.219,,
2147441841,Cc1c(C)c2ccccc2c2ccccc12,,,0.091,,
2147441842,Cc1c(-c2ccccc2)c(-c2ccccc2)c(C)c2cc(-c3ccc(C#Cc4ccccc4)c(C#Cc4ccccc4)c3)ccc12,,,0.224,,
2147441843,Cc1c(-c2ccccc2)c(-c2ccccc2)c(C)c2cc(Oc3ccc(C#Cc4ccccc4)c(C#Cc4ccccc4)c3)ccc12,,,0.16,,
2147441845,Cc1ccc(-c2ccc(-c3ccc(C(C)(c4c(F)c(F)c(F)c(F)c4F)C(F)(F)F)cc3)cc2)cc1,,,0.172,,
2147441846,Cc1ccc(-c2ccc(-c3ccc(C(C)(c4ccc(F)cc4)C(F)(F)F)cc3)cc2)cc1,,,0.22,,
2147441847,Cc1ccc(-c2ccc(-c3ccc(C(C)(c4ccccc4)C(F)(F)F)cc3)cc2)cc1,,,0.278,,
2147441848,Cc1ccc(-c2ccc(-c3ccc(C(C)c4c(F)c(F)c(F)c(F)c4F)cc3)cc2)cc1,,,0.291,,
2147441850,CCCCCCCCCCCCc1cc(-c2cc(CCCCCCCCCCCC)c(-c3ccc(C)s3)s2)sc1C,,,0.34,,
2147441851,CCCOC(=O)C1(C#N)C(C)C(C#N)(C(=O)OCCC)C1c1ccc(C)cc1,,,0.258,,
2147441852,Cc1ccc(C2C(C(=O)Oc3ccccc3)C(C)C2C(=O)Oc2ccccc2)cc1,,,0.225,,
2147441853,COc1cc(/C=N/c2nc(C)cs2)ccc1OCCCCCCCCCCOc1ccc(/C=N/c2nc(-c3ccc(Oc4ccc(C)cc4)cc3)cs2)cc1OC,,,0.383,,
2147441854,COc1cc(/C=N/c2nc(C)cs2)ccc1OCCCCCCCCOc1ccc(/C=N/c2nc(-c3ccc(Oc4ccc(C)cc4)cc3)cs2)cc1OC,,,0.228,,
2147441855,COc1cc(/C=N/c2nc(C)cs2)ccc1OCCCCCCOc1ccc(/C=N/c2nc(-c3ccc(Oc4ccc(C)cc4)cc3)cs2)cc1OC,,,0.253,,
2147441856,COc1cc(/C=N/c2nc(C)cs2)ccc1OCCCCOc1ccc(/C=N/c2nc(-c3ccc(Oc4ccc(C)cc4)cc3)cs2)cc1OC,,,0.218,,
2147441857,COc1cc(/C=N/c2nc(C)cs2)ccc1OCCOc1ccc(/C=N/c2nc(-c3ccc(Oc4ccc(C)cc4)cc3)cs2)cc1OC,,,0.243,,
2147441858,Cc1ccc(Sc2ccc(N3C(=O)c4ccc(-c5ccc6c(c5)C(=O)N(C)C6=O)cc4C3=O)cc2)cc1,,,0.252,,
2147441860,Cc1ccc2ccc(C)cc2c1,,,0.221,,
2147441861,C#Cc1cc(C)c2ccc3ccc(C)c4ccc1c2c34,,,0.582,,
2147441862,Cc1cccc(-c2nc3ccc(-c4ccc5oc(C)nc5c4)cc3o2)c1,,,0.3795,,
2147441863,Cc1cccc2c(C)cccc12,,,0.685,,
2147441866,CCCCCCCCCCc1cc(-c2cc(CCCCCCCCCC)c(C)s2)sc1C,,,0.307,,
2147441868,CCNC(=O)OCCCCC(C)=C=C=C(C)CCCCOC(=O)NCC,,,0.26,,
2147441869,CC(=C=C=C(C)CCCCOS(=O)(=O)c1ccc(C)cc1)CCCCOS(=O)(=O)c1ccc(C)cc1,,,0.21,,
2147441870,Cc1ccc(Oc2c3c(c(Oc4ccc(-c5nc6cc(C(c7ccc8oc(C)nc8c7)(C(F)(F)F)C(F)(F)F)ccc6o5)cc4)c4c2C2c5ccccc5C4c4ccccc42)C2c4ccccc4C3c3ccccc32)cc1,,,0.109,,
2147441871,Cc1ccc(Oc2ccc(Oc3ccc(-c4nc5cc(C(c6ccc7oc(C)nc7c6)(C(F)(F)F)C(F)(F)F)ccc5o4)cc3)c3c2C2c4ccccc4C3c3ccccc32)cc1,,,0.176,,
2147441913,C/C=C\CCC,,,0.266947942,0.891055243,20.39705577
2147441919,C/C=C\CCCCC,,,0.263602776,0.868416895,18.83393128
2147441929,C/C=C\CCCC,,,0.244482147,0.876838662,19.41179187
2147441931,C/C=C\C,,,0.573236329,0.959011341,29.50466545
2147441932,C/C=C\CCCCCC,,,0.271936281,0.867588794,20.47395209
2147441935,CCCC=C(C)CCC,,,0.257522564,0.866168537,16.62491893
2147441937,CC=CC(C)CCCCCC,,,0.264312063,0.848448936,21.24571185
2147441938,CCC/C=C(\C)C(C)(C)C,,,0.230866797,0.865138951,16.84381245
2147441977,CCC(C)c1ccc(C(C)CC)cc1,,,0.23187009,0.914850756,12.82216991
2147442030,CCC(C)c1ccc(N(C)C)cc1,,,0.270531824,1.01782468,13.8215352
2147442037,CCC(C)c1ccc(-c2ccc(-c3ccccc3)cc2)cc1,,,0.239465602,1.054606035,14.4176585
2147442065,CCC(C)c1c(F)c(F)c(F)c(F)c1F,,,0.111121575,1.449526713,18.32610812
2147442081,CCC(C)N1Cc2ccccc2N1,,,0.210041586,1.114969607,15.0667824
2147442088,CCC(C)c1ccc(C(F)(F)C(F)(F)C(F)(F)C(F)(F)C(F)(F)C(F)F)cc1,,,0.115569094,1.523217009,14.20619583
2147442106,CCC(C)CCCCCCCCCO,,,0.330609059,0.905412097,13.61667777
2147442107,CCC(C)CCN(C(C)C)C(C)C,,,0.274221978,0.876082092,13.69934446
2147442108,CCC(C)CCCN(C(C)C)C(C)C,,,0.27772076,0.873653205,13.13171976
2147442114,CCC(C)OCc1ccccc1,,,0.205595119,1.091059368,15.53483409
2147442115,CCC(C)OC(C)(C)C,,,0.226849329,0.899334655,15.33751774
2147442116,CC(C)COC(C)C(C)C,,,0.222144713,0.889659735,16.49508712
2147442119,CCC(C)OCC(C)(C)C,,,0.218243316,0.874620945,14.82511794
2147442122,CCC(C)CCc1ccccc1C,,,0.237337805,0.978579324,14.63740659
2147442123,CCC(C)CCc1ccc(C)cc1,,,0.23781263,0.970092286,14.3932565
2147442124,CCCCCCCCCCCCOC(C)CC,,,0.325984117,0.87615794,13.33649352
2147442125,CCCCOC(C)C(C)C,,,0.2476222,0.905549579,16.33517728
2147442126,CC(C)C(C)OC(C)(C)C,,,0.203928088,0.874167946,14.90660952
2147442127,CCOC(C)C(C)C,,,0.227848602,0.920915603,16.68834663
2147442128,CC(C)OC(C)C(C)C,,,0.223844824,0.882335598,18.99231057
2147442129,COC(C)C(C)C,,,0.217127213,0.947492501,20.15695422
2147442130,CCCOC(C)C(C)C,,,0.232191511,0.906495665,17.00586889
2147442131,CCC(C)Cc1cc(C)ccc1C,,,0.219339206,0.944052893,14.42398838
2147442132,CCC(C)Cc1ccc(C)c(C)c1,,,0.220624848,0.95241273,14.89435221
2147442133,CCC(C)Cc1cc(C)cc(C)c1,,,0.227538068,0.95500293,14.29103936
2147442138,CCC(C)C(=O)C(C)(C)C,,,0.222675631,0.91707896,15.84529429
2147442140,CCC(C)C(=O)c1ccccc1O,,,0.225341707,1.187225592,15.28485466
2147442142,CC(O)C(C)O,,,0.503119958,1.396107757,19.64602994
2147442145,CCC(C)OC1CCCCC1,,,0.209300741,0.948633594,13.62953501
2147442201,CCCCCCCC(=O)OC(C)CC,,,0.270802383,0.953535589,14.47773716
2147442205,CCC(C)OCCCl,,,0.187521218,1.248858545,17.81288149
2147442206,CCC(C)OCCOC,,,0.251788875,1.063567732,16.18817273
2147442207,CCC(C)OCC(F)(F)F,,,0.150868966,1.388732116,17.93910128
2147442215,CCCCCCCCCC(=O)OC(C)CC,,,0.286467814,0.93553504,13.85669729
2147442216,CCCCCC(=O)OC(C)CC,,,0.259631398,0.977136755,14.65998256
2147442231,CCC(C)N1CCNC1,,,0.239553034,1.079195126,15.06593322
2147442233,CCC(C)OC(=O)c1ccc(C#N)cc1,,,0.188964216,1.163856974,15.78934931
2147442234,CCC(C)OCC(C)(C)CC(C)C,,,0.254371124,0.892796096,14.2455368
2147442251,CCCCCCCCCCCCOC(=O)C(C)CC,,,0.309141226,0.913403657,13.68458172
2147442256,C=CCOC(=O)C(C)CC,,,0.263380595,1.087141868,16.63317236
2147442262,CCC(C)C(=O)OC(F)(C(F)(F)F)C(F)(F)Cl,,,0.108082679,1.596822382,17.4877483
2147442263,CCC(C)C(=O)OC(F)(C(F)(F)Cl)C(F)(F)Cl,,,0.102567279,1.633953683,17.52869422
2147442269,CCC(C)(C)C(=O)OCC(C)C,,,0.211663838,0.96194342,15.30603285
2147442272,CC(F)(F)C(C)(F)F,,,0.19501973,1.914482486,27.21222202
2147442276,CCC/C=C(\C)Cl,,,0.150572404,1.197366557,20.03932556
2147442280,CCCOc1ccc(C(=O)OCCOC(=O)c2ccc(OC)cc2)cc1,,,0.247366967,1.239214752,21.1446178
2147442285,CCCCSSC,,,0.150655425,1.238118081,23.48494002
2147442295,COc1ccc(-c2ccc(OC(=O)CCCCCC(C)=O)cc2)cc1,,,0.265574997,1.161102833,27.00434671
2147442296,COc1ccc(-c2ccc(OC(=O)CCCCCCC(C)=O)cc2)cc1,,,0.283829933,1.147470002,29.01333974
2147442297,COc1ccc(-c2ccc(OC(=O)CCCCCCCC(C)=O)cc2)cc1,,,0.286484859,1.127920817,26.42125483
2147442298,COc1ccc(-c2ccc(OC(=O)CCCCCCCCC(C)=O)cc2)cc1,,,0.290122557,1.112212656,24.42136808
2147442299,COc1ccc(-c2ccc(OC(=O)CCCCCCCCCC(C)=O)cc2)cc1,,,0.275167556,1.096091641,22.72513131
2147442300,COc1ccc(OC(=O)c2ccc(-c3ccc(C(C)=O)cc3)cc2)cc1C,,,0.362079429,1.191900763,41.93392289
2147442301,COc1ccc(S(=O)(=O)c2ccc(OC(=O)c3ccc(C(C)=O)cc3)cc2)cc1,,,0.251101033,1.295290371,25.4040485
2147442302,COc1ccc(-c2ccc(OC(=O)CCCCCCCCCCC(C)=O)cc2)cc1,,,0.274021583,1.074880475,20.78588244
2147442303,COc1ccc(-c2ccc(OC(=O)CCCCCCCCCCCC(C)=O)cc2)cc1,,,0.299849025,1.067563249,24.51658371
2147442304,CCc1ccc(-c2ccc(C(=O)OC)cc2)cc1,,,0.272842323,1.159458454,24.83087287
2147442305,CCC1CCC(COC(=O)CCCCCCCCC(=O)OC)CC1,,,0.262542365,1.015688244,21.40859889
2147442308,CCCCCCCOC(=O)CCCCCCCC(=O)OC,,,0.283677138,1.015595931,20.88840996
2147442316,CNC(=O)c1cccc(C(=O)Nc2ccc(-c3ccc(C)cc3)cc2)c1,,,0.351335092,1.197547175,29.85903122
2147442318,CNC(=O)c1ccc(C(=O)Nc2ccc(C)cc2)cc1,,,0.472805266,1.255555241,50.26538419
2147442319,CNC(=O)c1ccc(C(=O)Nc2ccc(-c3ccc(C)cc3)cc2)cc1,,,0.576386159,1.209706739,50.86226529
2147442323,CCCCCCCCCCCCCNC(=O)CCCCCCCCCCC(=O)NC,,,0.304591986,0.938539349,20.14247518
2147442324,CCCCCCCNC(=O)c1ccc(-c2ccc(C(=O)NC)cc2)cc1,,,0.289397059,1.119969092,24.51715126
2147442325,CCCCCCCNC(=O)c1ccc(C(C)(C)c2ccc(C(=O)NC)cc2)cc1,,,0.257140127,1.067141423,21.00366831
2147442326,CCCCCCCNC(=O)CCCCC(=O)N(C)C,,,0.259093819,1.018037716,21.56087805
2147442327,CCCCCCCN(C)C(=O)CCCCC(=O)N(C)C,,,0.281252179,1.018654286,20.85003051
2147442328,CC(=O)C1CCCN1C,,,0.222937579,1.145243929,17.03850851
2147442330,CNC(C)C(C)=O,,,0.252148669,1.157414618,18.53807412
2147442331,CCCCCN(C)C(=O)c1ccc(C(=O)N(C)C)cc1,,,0.243271486,1.101612309,20.86031528
2147442336,CCCOC(=O)Nc1cccc(NC(=O)OC)c1,,,0.261495011,1.331542248,21.93305721
2147442337,CCCCCCCOC(=O)Nc1ccc(NC(=O)OC)cc1,,,0.321009139,1.184271643,25.37831224
2147442338,CCCOC(=O)Nc1ccc(-c2ccc(NC(=O)OC)cc2)cc1,,,0.321865027,1.262967845,26.67526289
2147442339,CCCOC(=O)Nc1cccc2c(NC(=O)OC)cccc12,,,0.255175643,1.279596762,24.5963643
2147442342,CNC(=O)NCCCCCCNC(=O)Nc1ccc(Cc2ccc(C)cc2)cc1,,,0.291631414,1.122795344,24.44673731
2147442343,CNC(=O)Nc1ccc(Cc2ccc(C)cc2)cc1,,,0.347852967,1.15509391,25.05890653
2147442344,CNC(=O)NCCCCCCNC(=O)NCCCCC(C)C(=O)OC,,,0.302361161,1.099894242,19.44890196
2147442351,Cc1ccc(Cc2ccc(-n3c(=O)c4cc5c(=O)n(C)c(=O)c5cc4c3=O)c(C)c2)cc1C,,,0.315176584,1.13806991,29.12370783
2147442352,COc1cc(-c2ccc(-n3c(=O)c4cc5c(=O)n(C)c(=O)c5cc4c3=O)c(OC)c2)ccc1C,,,0.515087068,1.102881086,68.00275777
2147442354,Cc1ccc(-n2c(=O)c3cc4c(=O)n(C)c(=O)c4cc3c2=O)c(C)c1,,,0.618759937,1.159593797,66.18540371
2147442355,Cc1cccc(-n2c(=O)c3cc4c(=O)n(C)c(=O)c4cc3c2=O)c1C,,,0.347931798,1.169276438,30.81213631
2147442356,Cc1c(C)c(C)c(-n2c(=O)c3cc4c(=O)n(C)c(=O)c4cc3c2=O)c(C)c1C,,,0.514344047,0.999149898,55.25825578
2147442358,Cc1ccc(Oc2ccc(C(C)(C)c3ccc(Oc4ccc(-n5c(=O)c6cc7c(=O)n(C)c(=O)c7cc6c5=O)cc4)cc3)cc2)cc1,,,0.291997587,1.199178113,23.96641117
2147442360,Cc1ccc2c(c1)Cc1cc(N3C(=O)c4ccc(-c5ccc6c(c5)C(=O)N(C)C6=O)cc4C3=O)ccc1-2,,,0.460950768,1.225343754,40.24704175
2147442361,Cc1ccc(N2C(=O)c3ccc(-c4ccc5c(c4)C(=O)N(C)C5=O)cc3C2=O)c(C)c1,,,0.374689314,1.175877728,41.97216586
2147442362,Cc1cccc(N2C(=O)c3ccc(-c4ccc5c(c4)C(=O)N(C)C5=O)cc3C2=O)c1C,,,0.301425488,1.15533487,26.65493996
2147442363,COc1cc(-c2ccc(N3C(=O)c4ccc(-c5ccc6c(c5)C(=O)N(C)C6=O)cc4C3=O)c(OC)c2)ccc1C,,,0.401240453,1.132406041,43.60644231
2147442364,Cc1ccc(-c2ccc(-c3ccc(N4C(=O)c5ccc(-c6ccc7c(c6)C(=O)N(C)C7=O)cc5C4=O)cc3)cc2)cc1,,,0.51076025,1.18947831,44.32829907
2147442366,Cc1ccc(Cc2ccc(N3C(=O)c4ccc(-c5ccc6c(c5)C(=O)N(C)C6=O)cc4C3=O)c(C)c2)cc1C,,,0.279064652,1.128546241,27.14086155
2147442367,Cc1ccc(N2C(=O)c3ccc(-c4ccc5c(c4)C(=O)N(C)C5=O)cc3C2=O)nc1,,,0.482912726,1.260613162,39.99082864
2147442368,Cc1ccc(Oc2ccc(-c3ccc(Oc4ccc(N5C(=O)c6ccc(-c7ccc8c(c7)C(=O)N(C)C8=O)cc6C5=O)cc4)cc3)cc2)cc1,,,0.339042351,1.208662152,31.51705093
2147442369,Cc1cccc(Oc2ccc(S(=O)(=O)c3ccc(Oc4cccc(N5C(=O)c6ccc(-c7ccc8c(c7)C(=O)N(C)C8=O)cc6C5=O)c4)cc3)cc2)c1,,,0.227124785,1.27232919,23.4685448
2147442372,Cc1cccc(Oc2ccc(N3C(=O)c4ccc(Oc5ccc6c(c5)C(=O)N(C)C6=O)cc4C3=O)cc2)c1,,,0.248953031,1.271392185,25.82303678
2147442373,Cc1cccc(Oc2ccc(N3C(=O)c4ccc(C(c5ccc6c(c5)C(=O)N(C)C6=O)(C(F)(F)F)C(F)(F)F)cc4C3=O)cc2)c1,,,0.170631828,1.305857302,22.78574642
2147442374,Cc1ccc(Oc2ccc(N3C(=O)c4ccc(C(c5ccc6c(c5)C(=O)N(C)C6=O)(C(F)(F)F)C(F)(F)F)cc4C3=O)cc2)cc1,,,0.205297018,1.301214948,26.39045228
2147442375,Cc1ccc(Oc2ccc(Oc3ccc(N4C(=O)c5ccc(C(c6ccc7c(c6)C(=O)N(C)C7=O)(C(F)(F)F)C(F)(F)F)cc5C4=O)cc3)cc2)cc1,,,0.20429123,1.291041814,24.62846558
2147442378,Cc1cccc(N2C(=O)c3ccc(C(=O)c4ccc5c(c4)C(=O)N(C)C5=O)cc3C2=O)c1,,,0.246673488,1.262038362,23.75906378
2147442379,CC(=O)c1ccc2c(c1)C(=O)N(c1ccc(N3C(=O)c4ccc(C)cc4C3=O)c(C)c1)C2=O,,,0.27875452,1.220747915,26.92091988
2147442380,CC(=O)c1ccc2c(c1)C(=O)N(c1cccc(N3C(=O)c4ccc(C)cc4C3=O)c1C)C2=O,,,0.256559347,1.20397476,24.37148901
2147442381,CC(=O)c1ccc2c(c1)C(=O)N(c1c(C)c(C)c(N3C(=O)c4ccc(C)cc4C3=O)c(C)c1C)C2=O,,,0.259917753,1.095689324,29.17237563
2147442382,COc1cc(-c2ccc(N3C(=O)c4ccc(C(C)=O)cc4C3=O)c(OC)c2)ccc1N1C(=O)c2ccc(C)cc2C1=O,,,0.299180817,1.18302384,28.72840688
2147442383,Cc1ccc(Oc2ccc(N3C(=O)c4ccc(C(=O)c5ccc6c(c5)C(=O)N(C)C6=O)cc4C3=O)cc2)cc1,,,0.287757726,1.25624388,28.04454624
2147442384,CC(=O)c1ccc2c(c1)C(=O)N(c1ccc(N3C(=O)c4ccc(C)cc4C3=O)nc1)C2=O,,,0.293057796,1.281940946,28.68947772
2147442385,Cc1ccc(N2C(=O)c3ccc(C(=O)c4ccc5c(c4)C(=O)N(C)C5=O)cc3C2=O)cc1,,,0.31707915,1.271524595,28.38511667
2147442387,CC(=O)c1ccc2c(c1)C(=O)N(c1ccc(Oc3ccc(-c4ccc(Oc5ccc(N6C(=O)c7ccc(C)cc7C6=O)cc5)cc4)cc3)cc1)C2=O,,,0.33194566,1.228224345,26.38462228
2147442388,Cc1ccc(Oc2ccc(C(C)(C)c3ccc(Oc4ccc(N5C(=O)c6ccc(C(=O)c7ccc8c(c7)C(=O)N(C)C8=O)cc6C5=O)cc4)cc3)cc2)cc1,,,0.278491279,1.202972829,24.00835115
2147442394,Cc1cccc(Oc2ccc(N3C(=O)c4ccc(-c5ccc6c(c5)C(=O)N(C)C6=O)cc4C3=O)cc2)c1,,,0.281444426,1.252942085,27.1175223
2147442395,CC(=O)Nc1cccc(/C=C/C(=O)/C=C/c2cccc(NC(=O)c3ccc(N4C(=O)c5ccc(C)cc5C4=O)cc3)c2)c1,,,0.288072027,1.200829298,25.51876593
2147442396,Cc1ccc(Oc2cccc3c(Oc4ccc(-n5c(=O)c6cc7c(=O)n(C)c(=O)c7cc6c5=O)cc4)cccc23)cc1,,,0.317593927,1.243581648,31.97771306
2147442397,Cc1ccc(Oc2cccc3c(Oc4ccc(N5C(=O)c6ccc(Oc7ccc8c(c7)C(=O)N(C)C8=O)cc6C5=O)cc4)cccc23)cc1,,,0.272013483,1.241250034,28.61584249
2147442398,Cc1ccc(N2C(=O)c3ccc(C(c4ccc5c(c4)C(=O)N(C)C5=O)(C(F)(F)F)C(F)(F)F)cc3C2=O)cc1,,,0.195860266,1.307479371,24.06225521
2147442407,COc1ccc(C(C)(C)c2ccc(C(C)(C)c3ccc(OC(C)=O)c(C)c3)cc2)cc1C,,,0.234165789,1.037025858,20.50529491
2147442408,COc1cccc(CCCCCCCCCCc2cccc(OC(C)=O)c2)c1,,,0.235809342,1.053440137,20.60450522
2147442409,COc1ccc(S(=O)(=O)c2ccc(OC(C)=O)cc2)cc1,,,0.224611569,1.338016033,22.89231815
2147442410,CCc1ccc(COC(=O)OC)cc1,,,0.250103805,1.223791314,22.22606664
2147442411,COc1ccc(OC(=O)Oc2ccc(-c3ccc(OC(C)=O)cc3)cc2)cc1,,,0.329371007,1.272056297,29.13495676
2147442412,COc1ccc2ccc(OC(=O)Oc3ccc(OC(C)=O)cc3)cc2c1,,,0.263470354,1.30756147,23.44354524
2147442413,COc1cccc2c(OC(=O)Oc3ccc(OC(C)=O)cc3)cccc12,,,0.241562638,1.296405101,25.94059837
2147442414,C#Cc1ccc(/C(C)=C\C)cc1,,,0.298685003,1.010292342,28.65403268
2147442415,C#Cc1cccc(/C(C)=C\C)c1,,,0.274746743,1.016829963,27.70134865
2147442416,C/C=C/C(C(=O)OCc1ccc(Cl)cc1)C(C)C(=O)OCc1ccc(Cl)cc1,,,0.171830845,1.258571666,15.8026764
2147442417,C#Cc1ccc(-c2ccc(/C(C)=C\C)cc2)cc1,,,0.264801989,1.042090871,21.12489851
2147442418,CC(C)=C(C)C(C)C,,,0.320934176,0.742358507,33.80326529
2147442419,CCCC(C)COC,,,0.231649902,0.951690982,19.60701227
2147442420,COc1ccc2[nH]c(-c3ccc4c(c3)-c3cc(-c5nc6cc(C)ccc6[nH]5)ccc3S4(=O)=O)nc2c1,,,0.242108846,1.242048901,19.97631919
2147442421,COc1ccc2[nH]c(-c3ccc4sc5ccc(-c6nc7cc(C)ccc7[nH]6)cc5c4c3)nc2c1,,,0.241468326,1.25041767,22.21061362
2147442422,CC(=O)Oc1ccc(C(C)(C)c2ccc(OC(=O)c3ccc4c(c3)C(=O)n3c-4nc4ccc(Oc5ccc6c(c5)nc5n6C(=O)c6ccc(C)cc6-5)cc43)cc2)cc1,,,0.251191461,1.233967696,24.43108934
2147442423,COc1ccc(NC(=O)c2ccc(C(c3ccc(C(=O)O)c(C(=O)Nc4cc(C)ccc4N)c3)(C(F)(F)F)C(F)(F)F)cc2C(=O)O)c(N)c1,,,0.228404459,1.368217726,20.56712429
2147442424,COc1ccc(C(=O)Nc2cccc(C(O)Cc3ccc(NC(=O)c4ccc(C)cc4)cc3)c2)cc1,,,0.286060508,1.212798199,25.62467534
2147442426,COc1ccc2c(c1)nc1n2C(=O)c2ccc(-c3ccc4c(c3)C(=O)n3c-4nc4ccc(C)cc43)cc2-1,,,0.269836747,1.266039427,24.56956014
2147442427,Cc1ccc2c(c1)-c1nc3cc(Oc4ccc5nc6n(c5c4)C(=O)c4cc(C(C)(C(F)(F)F)C(F)(F)F)ccc4-6)ccc3n1C2=O,,,0.176963476,1.331719513,21.31013215
2147442428,CCc1ccc2[nH]c(-c3ccc4c(c3)-c3cc(-c5nc6cc(C)ccc6[nH]5)ccc3S4(=O)=O)nc2c1,,,0.233716186,1.209738995,21.28481954
2147442429,Cc1ccc2sc3ccc(-c4nc5cc(-c6ccc7[nH]c(C)nc7c6)ccc5[nH]4)cc3c2c1,,,0.263202779,1.22005735,21.89214272
2147442430,CCc1ccc2[nH]c(-c3ccc4sc5ccc(-c6nc7cc(C)ccc7[nH]6)cc5c4c3)nc2c1,,,0.230983773,1.206598942,21.35650427
2147442431,CCCCCCCCCCCCOc1cc(C(=O)Oc2ccc(OC)cc2)c(OCCCCCCCCCCCC)cc1C(C)=O,,,0.305736886,1.00135856,20.79539922
2147442432,COc1ccc(C(C)(C)c2ccc(OC(=O)c3ccccc3/C=C/c3ccc(/C=C/c4ccccc4C(C)=O)cc3)cc2)cc1,,,0.217293555,1.113129096,16.01699265
2147442433,COc1ccc(C(C)(C)c2ccc(OC(=O)c3ccccc3/C=C/c3ccc(/C=C/c4ccccc4C(C)=O)cc3)c(C)c2)cc1C,,,0.219509175,1.085604157,16.48092763
2147442434,COc1ccc(S(=O)(=O)c2ccc(OC(=O)c3ccccc3/C=C/c3ccc(/C=C/c4ccccc4C(C)=O)cc3)cc2)cc1,,,0.201310165,1.203593144,17.02663549
2147442435,Cc1ccc(OC(=O)c2ccccc2/C=C/c2ccc(/C=C/c3ccccc3C(=O)Oc3ccc(C4(C)OC(=O)c5ccccc54)cc3)cc2)cc1,,,0.217641609,1.161118025,16.58105847
2147442436,COc1cccc2c(OC(=O)c3ccccc3/C=C/c3ccc(/C=C/c4ccccc4C(C)=O)cc3)cccc12,,,0.220093628,1.159483638,18.75051939
2147442437,COc1cccc2ccc(OC(=O)c3ccccc3/C=C/c3ccc(/C=C/c4ccccc4C(C)=O)cc3)cc12,,,0.204757868,1.161362337,18.33427848
2147442438,COc1ccc2ccc(OC(=O)c3ccccc3/C=C/c3ccc(/C=C/c4ccccc4C(C)=O)cc3)cc2c1,,,0.227296374,1.174043238,18.32726266
2147442439,COc1cccc(OC(=O)c2ccccc2/C=C/c2ccc(/C=C/c3ccccc3C(C)=O)cc2)c1,,,0.198989787,1.152283822,15.61081314
2147442440,COc1ccccc1OC(=O)c1ccccc1/C=C/c1ccc(/C=C/c2ccccc2C(C)=O)cc1,,,0.222108797,1.154343518,16.87169596
2147442441,COc1ccc(OC(=O)c2ccccc2/C=C/c2ccc(/C=C/c3ccccc3C(C)=O)cc2)cc1,,,0.235313014,1.170701737,19.24547603
2147442442,CNc1cccc(C(O)Cc2ccc(NC(=O)c3ccc(C(C)=O)cc3)cc2)c1,,,0.295623458,1.211930902,24.42922184
2147442443,Cc1ccc2c(c1)-c1nc3cc(-c4ccc5nc6n(c5c4)C(=O)c4cc(C(C)(C(F)(F)F)C(F)(F)F)ccc4-6)ccc3n1C2=O,,,0.18416099,1.278237634,24.41433635
2147442444,Cc1cccc(N2C(=O)c3ccc(C(c4ccc5c(c4)C(=O)N(C)C5=O)(C(F)(F)F)C(F)(F)F)cc3C2=O)c1,,,0.17288835,1.317287284,22.40330556
2147442447,Cc1cccc(Oc2ccc(-n3c(=O)c4cc5c(=O)n(C)c(=O)c5cc4c3=O)cc2)c1,,,0.262134449,1.284270014,27.7572289
2147442448,CC(=O)Oc1ccc(C(C)(C)c2ccc(OC(=O)c3ccc4c(c3)C(=O)N(c3ccc(-c5ccc(N6C(=O)c7ccc(C)cc7C6=O)cc5)cc3)C4=O)cc2)cc1,,,0.29891003,1.209449516,29.56407716
2147442449,Cc1ccc(Oc2ccc(S(=O)(=O)c3ccc(Oc4ccc(N5C(=O)c6ccc(C(=O)c7ccc8c(c7)C(=O)N(C)C8=O)cc6C5=O)cc4)cc3)cc2)cc1,,,0.244102731,1.26934889,24.59977939
2147442450,Cc1ccc(Oc2ccc(S(=O)(=O)c3ccc(Oc4ccc(N5C(=O)c6ccc(Oc7ccc8c(c7)C(=O)N(C)C8=O)cc6C5=O)cc4)cc3)cc2)cc1,,,0.250512619,1.270428801,25.85433842
2147442451,Cc1ccc(Oc2cccc(Oc3ccc(N4C(=O)c5ccc(C(=O)c6ccc7c(c6)C(=O)N(C)C7=O)cc5C4=O)cc3)c2)cc1,,,0.243353052,1.269371235,23.94177969
2147442452,Cc1ccc(Oc2ccc(S(=O)(=O)c3ccc(Oc4ccc(-n5c(=O)c6cc7c(=O)n(C)c(=O)c7cc6c5=O)cc4)cc3)cc2)cc1,,,0.257046515,1.287501153,25.65776113
2147442453,Cc1ccc(S(=O)(=O)c2ccc(N3C(=O)c4ccc(C(c5ccc6c(c5)C(=O)N(C)C6=O)(C(F)(F)F)C(F)(F)F)cc4C3=O)cc2)cc1,,,0.166991738,1.310115561,23.64843842
2147442454,Cc1ccc(S(=O)(=O)c2ccc(N3C(=O)c4ccc(C(=O)c5ccc6c(c5)C(=O)N(C)C6=O)cc4C3=O)cc2)cc1,,,0.255148124,1.295795426,25.12418092
2147442455,Cc1ccc(Oc2ccc(S(=O)(=O)c3ccc(Oc4ccc(N5C(=O)c6ccc(C(c7ccc8c(c7)C(=O)N(C)C8=O)(C(F)(F)F)C(F)(F)F)cc6C5=O)cc4)cc3)cc2)cc1,,,0.207221278,1.306828793,22.86724416
2147442456,Cc1cccc(Oc2ccc(N3C(=O)c4ccc(C(=O)c5ccc6c(c5)C(=O)N(C)C6=O)cc4C3=O)cc2)c1,,,0.264017299,1.267108398,24.91382509
2147442457,Cc1ccc(C(C)(C)c2ccc(C(C)(C)c3ccc(N4C(=O)c5ccc(Oc6ccc7c(c6)C(=O)N(C)C7=O)cc5C4=O)cc3)cc2)cc1,,,0.25056238,1.117686372,21.40479616
2147442458,CC(=O)Oc1ccc(OC(=O)c2ccc3c(c2)C(=O)N(c2ccc(-c4ccc(N5C(=O)c6ccc(C)cc6C5=O)cc4C(F)(F)F)c(C(F)(F)F)c2)C3=O)cc1,,,0.282111699,1.335659721,36.16788839
2147442459,Cc1ccc(C(=O)Oc2ccc(-n3c(=O)c4cc5c(=O)n(C)c(=O)c5cc4c3=O)cc2)cc1,,,0.402981581,1.318962202,48.78662684
2147442460,Cc1ccc(C(=O)Oc2ccc(N3C(=O)c4ccc(-c5ccc6c(c5)C(=O)N(C)C6=O)cc4C3=O)cc2)cc1,,,0.370940579,1.281208701,38.57425491
2147442461,CC(=O)Oc1ccc(OC(=O)c2ccc3c(c2)C(=O)N(c2ccc(C(=O)Oc4ccc(N5C(=O)c6ccc(C)cc6C5=O)cc4)cc2)C3=O)cc1,,,0.322281096,1.303485145,33.73793364
2147442462,Cc1ccc(C(=O)Nc2ccc(-n3c(=O)c4cc5c(=O)n(C)c(=O)c5cc4c3=O)cc2)cc1,,,0.501051728,1.312416633,63.577527
2147442463,CC(=O)Oc1ccc(OC(=O)c2ccc3c(c2)C(=O)N(c2ccc(C(=O)Nc4ccc(N5C(=O)c6ccc(C)cc6C5=O)cc4)cc2)C3=O)cc1,,,0.32622674,1.306231148,36.489016
2147442464,Cc1cc(C(c2ccc(O)c(N3C(=O)c4ccc(-c5ccc6c(c5)C(=O)N(C)C6=O)cc4C3=O)c2)(C(F)(F)F)C(F)(F)F)ccc1O,,,0.203289189,1.2976353,23.1492373
2147442465,Cc1ccc(-c2ccc(N3C(=O)c4cc5c(cc4C3=O)C(C(F)(F)F)(C(F)(F)F)c3cc4c(cc3O5)C(=O)N(C)C4=O)cc2OC(F)(F)F)c(OC(F)(F)F)c1,,,0.314708286,1.308167258,59.05774233
2147442466,CCCCCCCCCCSC(=O)SC,,,0.228700961,1.067551023,22.92610472
2147442467,CCCCCCCCCCCCCSC(=O)SC,,,0.246707796,1.024034539,23.45939303
2147442468,CC1CCC(C)N1,,,0.263630423,1.038245022,22.03289852
2147442470,Cc1ccc(Cc2ccc(N(C)Cc3ccccc3)cc2)cc1,,,0.238998014,1.08968454,19.15504256
2147442471,CCc1cc(C(C)(C)c2ccc3c(c2)CN(C)CO3)cc(CN(C)C)c1O,,,0.206550984,1.087875668,15.89152372
2147442472,Cc1ccc(C(c2ccc(-c3nc4cc(-c5ccc6nc(C)[nH]c6c5)ccc4[nH]3)cc2)(C(F)(F)F)C(F)(F)F)cc1,,,0.239875739,1.234290717,27.58738569
2147442473,NC(=O)Oc1cccs1,,,,1.4620000000000002,
2147442474,COCCOC(=O)Nc1ccc(Cc2ccc(NC(C)=O)cc2)cc1,,,,1.2520000000000002,
2147442475,NC(=O)OC=S,,,,1.532,
2147442476,NC(=O)Nc1cccs1,,,,1.642,
2147442477,NC=O,,,,1.352,
2147442478,NC(=O)NC=S,,,,1.622,
2147442479,NC(=O)NO,,,,1.402,
2147442480,CNC(N)=S,,,,1.432,
2147442481,NC(=S)NC=S,,,,1.4620000000000002,
2147442482,NC(=S)NO,,,,1.512,
2147442483,c1csc(-c2cccs2)c1,,,,1.392,
2147442484,c1ccsc1,,,,1.392,
2147442488,Cc1ccc(C(=O)c2cccs2)s1,,,,1.472,
2147442489,Cc1ccc(C(=O)C=S)s1,,,,1.472,
2147442490,Cc1ccc(C(=O)c2cccs2)cc1,,,,1.282,
2147442491,Cc1ccc(C(=O)c2ccccc2)cc1,,,,1.082,
2147442492,Cc1ccc(C(=O)C=S)cc1,,,,1.342,
2147442493,CCCC=O,,,,1.0020000000000002,
2147442494,CCC(=O)c1cccs1,,,,1.332,
2147442495,CCC(=O)c1ccccc1,,,,1.0619999999999998,
2147442496,CCC(=O)C=S,,,,1.332,
2147442497,CC(=O)c1ccc(-c2cccs2)s1,,,,1.472,
2147442498,CC(=O)c1ccc(-c2ccccc2)s1,,,,1.282,
2147442499,CC(=O)c1ccc(C=O)s1,,,,1.5219999999999998,
2147442500,CC(=O)c1ccc(C=S)s1,,,,1.472,
2147442501,CC(=O)c1ccc(O)s1,,,,1.222,
2147442502,CC(=O)c1ccc(-c2cccs2)cc1,,,,1.282,
2147442503,CC(=O)c1ccc(-c2ccccc2)cc1,,,,1.082,
2147442504,CC(=O)c1ccc(C=O)cc1,,,,1.222,
2147442505,CC(=O)c1ccc(C=S)cc1,,,,1.342,
2147442506,CC(=O)c1ccc(O)cc1,,,,1.142,
2147442507,CC(=O)Cc1cccs1,,,,1.332,
2147442508,CC(=O)Cc1ccccc1,,,,1.0619999999999998,
2147442509,CC(=O)CC=O,,,,1.242,
2147442510,CC(=O)CC=S,,,,1.332,
2147442511,CC(=O)CO,,,,1.1920000000000002,
2147442512,CC(=O)C(=S)c1cccs1,,,,1.472,
2147442513,CC(=O)C(=S)c1ccccc1,,,,1.342,
2147442514,CC(=O)C(=S)C=O,,,,1.492,
2147442515,CC(=O)C(O)=S,,,,1.472,
2147442516,CC(=S)C(=O)C=S,,,,1.4220000000000002,
2147442517,CNc1ccc(C=O)s1,,,,1.5419999999999998,
2147442518,CNCC=O,,,,1.142,
2147442519,O=Cc1ccc(-c2ccc(-c3cccs3)s2)s1,,,,1.4820000000000002,
2147442520,O=Cc1ccc(-c2ccc(C=S)s2)s1,,,,1.4620000000000002,
2147442521,O=Cc1ccc(-c2ccc(-c3cccs3)cc2)s1,,,,1.412,
2147442522,O=Cc1ccc(-c2ccc(C=S)cc2)s1,,,,1.4620000000000002,
2147442523,O=Cc1ccc(C(=O)c2cccs2)s1,,,,1.592,
2147442524,O=Cc1ccc(C(=O)C=S)s1,,,,1.552,
2147442525,O=Cc1ccc(C(=S)c2cccs2)s1,,,,1.4620000000000002,
2147442526,O=Cc1ccc(-c2ccc(-c3cccs3)s2)cc1,,,,1.412,
2147442527,O=Cc1ccc(-c2ccc(-c3ccccc3)s2)cc1,,,,1.242,
2147442528,O=Cc1ccc(-c2ccc(C=S)s2)cc1,,,,1.4620000000000002,
2147442529,O=Cc1ccc(-c2ccc(-c3cccs3)cc2)cc1,,,,1.242,
2147442530,O=Cc1ccc(-c2ccc(-c3ccccc3)cc2)cc1,,,,1.082,
2147442531,O=Cc1ccc(-c2ccc(C=S)cc2)cc1,,,,1.2919999999999998,
2147442532,O=Cc1ccc(C(=O)c2cccs2)cc1,,,,1.432,
2147442533,O=Cc1ccc(C(=O)c2ccccc2)cc1,,,,1.202,
2147442534,O=Cc1ccc(C(=O)C=S)cc1,,,,1.512,
2147442535,O=Cc1ccc(C(=S)c2cccs2)cc1,,,,1.4620000000000002,
2147442536,O=Cc1ccc(C(=S)c2ccccc2)cc1,,,,1.2919999999999998,
2147442537,O=Cc1ccc(Oc2cccs2)cc1,,,,1.152,
2147442538,O=Cc1ccc(OC=S)cc1,,,,1.2320000000000002,
2147442539,O=CC(=S)OC=S,,,,1.372,
2147442540,Nc1ccc(C(=O)c2cccs2)s1,,,,1.682,
2147442541,Nc1ccc(C(=O)C=S)s1,,,,1.642,
2147442542,Nc1ccc(C(=O)c2cccs2)cc1,,,,1.452,
2147442543,Nc1ccc(C(=O)c2ccccc2)cc1,,,,1.182,
2147442544,Nc1ccc(C(=O)C=S)cc1,,,,1.532,
2147442546,CC(=O)NC=O,,,,1.342,
2147442547,NC(=O)c1ccc(C=O)s1,,,,1.512,
2147442548,COC(=O)CC(C)C,,,,1.102,
2147442549,CC(=O)OCC(=O)O,,,,1.322,
2147442550,CC(=O)NCC(N)=O,,,,1.262,
2147442551,CCOC(=O)CCCCCCC(=O)O,,,,1.032,
2147442552,Oc1ccc(-c2ccc(-c3cccs3)s2)s1,,,,1.1720000000000002,
2147442553,S=COc1ccc(-c2cccs2)s1,,,,1.2520000000000002,
2147442554,Oc1ccc(Oc2cccs2)s1,,,,0.762,
2147442555,Oc1ccc(-c2ccc(-c3ccccc3)s2)s1,,,,1.152,
2147442556,Oc1ccc(-c2ccc(-c3ccccc3)s2)cc1,,,,1.092,
2147442557,c1ccc(-c2ccc(Oc3cccs3)s2)cc1,,,,1.162,
2147442558,Oc1ccc(-c2ccc(-c3ccccc3)cc2)s1,,,,1.092,
2147442559,Oc1ccc(-c2ccc(-c3ccccc3)cc2)cc1,,,,1.0219999999999998,
2147442560,Oc1ccc(Oc2ccccc2)s1,,,,0.872,
2147442561,Cc1ccc(-c2ccc(O)s2)s1,,,,1.242,
2147442562,Cc1ccc(-c2ccc(O)cc2)s1,,,,1.132,
2147442563,Cc1ccc(CO)s1,,,,1.282,
2147442564,Cc1ccc(Oc2cccs2)s1,,,,1.052,
2147442565,Cc1ccc(CO)cc1,,,,1.012,
2147442566,Cc1ccc(NO)cc1,,,,1.142,
2147442567,Cc1ccc(Oc2cccs2)cc1,,,,1.032,
2147442568,Cc1ccc(Oc2ccccc2)cc1,,,,0.992,
2147442569,Cc1ccc(OC=S)cc1,,,,1.082,
2147442570,CCc1ccc(O)s1,,,,1.052,
2147442571,CCc1ccc(O)cc1,,,,0.982,
2147442572,CCON,,,,1.072,
2147442573,CNc1ccc(O)s1,,,,1.262,
2147442574,CNc1ccc(O)cc1,,,,1.102,
2147442575,CNCO,,,,1.072,
2147442576,CNOc1cccs1,,,,1.162,
2147442577,CNOc1ccccc1,,,,1.072,
2147442578,CNOC=S,,,,1.452,
2147442579,CNON,,,,1.2320000000000002,
2147442580,COc1ccc(-c2ccccc2)s1,,,,1.152,
2147442581,COc1ccc(O)s1,,,,0.872,
2147442582,COc1ccc(O)cc1,,,,1.0419999999999998,
2147442583,CONC=O,,,,1.352,
2147442584,CONO,,,,1.2919999999999998,
2147442585,O=Cc1ccc(Oc2cccs2)s1,,,,1.142,
2147442586,O=Cc1ccc(OC=S)s1,,,,1.2120000000000002,
2147442587,Nc1ccc(Oc2cccs2)s1,,,,1.2719999999999998,
2147442588,Nc1ccc(OC=S)s1,,,,1.3119999999999998,
2147442589,Nc1ccc(-c2ccc(O)cc2)cc1,,,,1.112,
2147442590,Nc1ccc(NO)cc1,,,,1.2320000000000002,
2147442591,Nc1ccc(Oc2cccs2)cc1,,,,1.202,
2147442592,Nc1ccc(Oc2ccccc2)cc1,,,,1.092,
2147442593,Nc1ccc(OC=S)cc1,,,,1.2919999999999998,
2147442594,NOc1ccc(O)cc1,,,,1.112,
2147442595,NOC(=O)O,,,,1.392,
2147442596,Cc1ccc(C(=O)O)s1,,,,1.5020000000000002,
2147442597,Cc1ccc(C(=O)O)cc1,,,,1.1920000000000002,
2147442598,CCC(=O)O,,,,1.1920000000000002,
2147442599,CC(=O)Oc1cccs1,,,,1.222,
2147442600,CC(=O)Oc1ccccc1,,,,1.142,
2147442601,CC(=O)OC=O,,,,1.372,
2147442602,CC(=O)OC=S,,,,1.472,
2147442603,COC(=O)O,,,,1.372,
2147442604,O=Cc1ccc(-c2ccc(O)s2)s1,,,,1.352,
2147442605,O=Cc1ccc(-c2ccc(O)cc2)s1,,,,1.2719999999999998,
2147442606,O=Cc1ccc(C(=O)O)s1,,,,1.632,
2147442607,O=Cc1ccc(-c2ccc(O)s2)cc1,,,,1.2919999999999998,
2147442608,O=Cc1ccc(-c2ccc(O)cc2)cc1,,,,1.142,
2147442609,O=Cc1ccc(C(=O)O)cc1,,,,1.342,
2147442610,O=Cc1ccc(C(O)=S)cc1,,,,1.492,
2147442611,O=COc1ccc(C=S)s1,,,,1.2120000000000002,
2147442612,O=COc1ccc(O)s1,,,,1.092,
2147442613,O=COc1ccc(C=S)cc1,,,,1.2320000000000002,
2147442614,O=COc1ccc(O)cc1,,,,1.1920000000000002,
2147442615,O=COC(=O)O,,,,1.2719999999999998,
2147442616,O=COC(O)=S,,,,1.472,
2147442617,Nc1ccc(C(=O)O)s1,,,,1.702,
2147442618,Nc1ccc(C(=O)O)cc1,,,,1.3119999999999998,
2147442622,CCC=C(Cl)CC,,,,1.132,
2147442623,OCC(Cl)(Cl)Cl,,,,1.4420000000000002,
2147442624,S=Cc1ccc(-c2ccc(-c3cccs3)s2)s1,,,,1.372,
2147442625,Oc1ccc(C(=S)c2cccs2)s1,,,,1.082,
2147442626,S=COC(=S)c1cccs1,,,,1.432,
2147442627,OC(=S)Oc1cccs1,,,,0.912,
2147442628,S=Cc1ccc(-c2ccc(-c3ccccc3)s2)cc1,,,,1.2919999999999998,
2147442629,S=C(c1cccs1)c1ccc(-c2ccccc2)s1,,,,1.382,
2147442630,S=COc1ccc(-c2ccccc2)s1,,,,1.262,
2147442631,S=Cc1ccc(-c2ccc(-c3ccccc3)cc2)s1,,,,1.2919999999999998,
2147442632,S=Cc1ccc(-c2ccc(-c3ccccc3)cc2)cc1,,,,1.152,
2147442633,OC(=S)c1ccc(-c2ccccc2)cc1,,,,1.162,
2147442634,S=C(c1ccccc1)c1ccc(-c2cccs2)s1,,,,1.382,
2147442635,S=Cc1ccc(C(=S)c2ccccc2)s1,,,,1.382,
2147442636,Oc1ccc(C(=S)c2ccccc2)s1,,,,1.072,
2147442637,S=Cc1ccc(C(=S)c2ccccc2)cc1,,,,1.322,
2147442638,Oc1ccc(C(=S)c2ccccc2)cc1,,,,1.0619999999999998,
2147442639,S=COC(=S)c1ccccc1,,,,1.432,
2147442640,S=C(Oc1ccccc1)c1cccs1,,,,1.2320000000000002,
2147442641,OC(=S)Oc1ccccc1,,,,0.922,
2147442642,Cc1ccc(-c2ccc(C=S)s2)s1,,,,1.382,
2147442643,Cc1ccc(-c2ccc(C=S)cc2)s1,,,,1.322,
2147442644,Cc1ccc(CC=S)s1,,,,1.332,
2147442645,Cc1ccc(C(=S)c2cccs2)s1,,,,1.382,
2147442646,Cc1ccc(C(O)=S)s1,,,,1.4220000000000002,
2147442647,Cc1ccc(OC=S)s1,,,,1.132,
2147442648,Cc1ccc(-c2ccc(C=S)s2)cc1,,,,1.322,
2147442649,Cc1ccc(-c2ccc(C=S)cc2)cc1,,,,1.152,
2147442650,Cc1ccc(CC=S)cc1,,,,1.152,
2147442651,Cc1ccc(C(=S)c2cccs2)cc1,,,,1.322,
2147442652,Cc1ccc(C(=S)c2ccccc2)cc1,,,,1.152,
2147442653,Cc1ccc(C(O)=S)cc1,,,,1.2919999999999998,
2147442654,Cc1ccc(NC=S)cc1,,,,1.342,
2147442655,CCc1ccc(C=S)s1,,,,1.332,
2147442656,CCc1ccc(C=S)cc1,,,,1.152,
2147442657,CCCC=S,,,,1.082,
2147442658,CCC(O)=S,,,,1.282,
2147442659,CCNC=S,,,,1.2520000000000002,
2147442660,CC(=S)c1ccc(C=S)s1,,,,1.372,
2147442661,CC(=S)c1ccc(O)s1,,,,1.132,
2147442662,CC(=S)c1ccc(C=S)cc1,,,,1.342,
2147442663,CC(=S)c1ccc(N)cc1,,,,1.342,
2147442664,CC(=S)c1ccc(O)cc1,,,,1.082,
2147442665,CC(=S)CC=S,,,,1.342,
2147442666,CC(=S)CO,,,,1.282,
2147442667,CC(=S)C(=O)O,,,,1.472,
2147442668,CC(=S)NC=S,,,,1.432,
2147442669,CC(=S)NO,,,,1.452,
2147442670,CC(=S)OC=S,,,,1.4620000000000002,
2147442671,CNc1ccc(C=S)s1,,,,1.532,
2147442672,CNCC=S,,,,1.2520000000000002,
2147442673,CNC(=S)c1cccs1,,,,1.4420000000000002,
2147442674,CNC(=S)c1ccccc1,,,,1.2719999999999998,
2147442675,CNC(=S)C=O,,,,1.472,
2147442676,CNC(O)=S,,,,1.4220000000000002,
2147442677,COC(O)=S,,,,1.4420000000000002,
2147442678,O=Cc1ccc(C(O)=S)s1,,,,1.512,
2147442679,Nc1ccc(-c2ccc(C=S)s2)s1,,,,1.512,
2147442680,Nc1ccc(-c2ccc(C=S)cc2)s1,,,,1.4820000000000002,
2147442681,Nc1ccc(C(=S)c2cccs2)s1,,,,1.5619999999999998,
2147442682,Nc1ccc(C(=S)c2ccccc2)s1,,,,1.5219999999999998,
2147442683,Nc1ccc(NC=S)s1,,,,1.6720000000000002,
2147442684,Nc1ccc(-c2ccc(C=S)s2)cc1,,,,1.4820000000000002,
2147442685,Nc1ccc(-c2ccc(C=S)cc2)cc1,,,,1.282,
2147442686,Nc1ccc(C(=S)c2ccccc2)cc1,,,,1.302,
2147442687,NC(=S)c1ccc(C=S)s1,,,,1.432,
2147442688,NC(=S)c1ccc(O)s1,,,,1.202,
2147442689,NC(=S)c1ccc(O)cc1,,,,1.182,
2147442690,NC(=S)C(=O)C=S,,,,1.432,
2147442691,NC(=S)C(=O)O,,,,1.4820000000000002,
2147442692,NC(=S)OC=S,,,,1.2719999999999998,
2147442693,NOC(O)=S,,,,1.4420000000000002,
2147442694,CC(=O)Nc1cccs1,,,,1.5419999999999998,
2147442695,CC(=O)Nc1ccccc1,,,,1.182,
2147442696,CC(=O)NC=S,,,,1.472,
2147442697,CNC(=O)c1cccs1,,,,1.452,
2147442698,CNC(=O)c1ccccc1,,,,1.162,
2147442699,CNC(=O)C=S,,,,1.452,
2147442700,Nc1ccc(-c2ccc(C=O)s2)s1,,,,1.632,
2147442701,NC(=O)c1ccc(-c2ccccc2)s1,,,,1.432,
2147442702,NC(=O)c1ccc(C=S)s1,,,,1.512,
2147442703,NC(=O)c1ccc(O)s1,,,,1.3119999999999998,
2147442704,NC(=O)c1ccc(-c2cccs2)cc1,,,,1.432,
2147442705,NC(=O)c1ccc(-c2ccccc2)cc1,,,,1.1720000000000002,
2147442706,NC(=O)c1ccc(C=S)cc1,,,,1.452,
2147442707,NC(=O)c1ccc(O)cc1,,,,1.242,
2147442708,NC(=O)C(=S)c1cccs1,,,,1.612,
2147442709,NC(=O)C(=S)c1ccccc1,,,,1.532,
2147442710,NC(=O)C(=S)C=O,,,,1.3119999999999998,
2147442711,NC(=O)C(O)=S,,,,1.432,
2147442713,COCO,,,,1.132,
2147442715,COC(=O)Oc1ccc(-c2ccc(Cc3ccc(-c4ccc(C)cc4)cc3)cc2)cc1,,,,1.092,
2147442718,CCCCOC(=O)C(C)(CC)C(=O)OCCCC,,,,0.992,
2147442720,CCCCC(C)(c1ccc(C)cc1)c1ccc(OC(=O)OC)cc1,,,,1.032,
2147442722,CCC(C)C1=CCC(c2ccc(-c3ccccc3)cc2)C=C1,,,,0.942,
2147442723,CCC(O)COCc1ccc(C(C)CC)cc1,,,,0.942,
2147442725,CCC(C)c1ccc(C(O)CN2CCCCC2)cc1,,,,0.912,
2147442726,CCC(C)c1ccc(C(O)CN2CCOCC2)cc1,,,,0.962,
2147442731,CCC(C)C(=O)OCC(CCl)(CCl)CCl,,,,1.3119999999999998,
2147442732,CCC(C)C1=CC(c2ccc(-c3ccccc3)cc2)CC=C1,,,,0.942,
2147442733,COC(=O)Oc1ccc(C(C)(C)c2ccc(C)cc2)cc1,,,,1.082,
2147442734,COC(=O)Oc1ccc(C(C)(C)c2ccc(C)c(C)c2)cc1C,,,,1.0419999999999998,
2147442735,CCCC(C)(c1ccc(C)cc1)c1ccc(OC(=O)OC)cc1,,,,1.0419999999999998,
2147442737,COC(=O)Oc1ccc(C(C)c2ccc(C)cc2)cc1,,,,1.112,
2147442738,COC(=O)Oc1ccc(C2(c3ccc(C)cc3)CCCC2)cc1,,,,1.072,
2147442739,COC(=O)Oc1ccc(C2(c3ccc(C)cc3)CCCCC2)cc1,,,,1.052,
2147442740,COC(=O)Oc1c(Cl)cc(C2(c3cc(Cl)c(C)c(Cl)c3)CCCCC2)cc1Cl,,,,1.3119999999999998,
2147442741,CCCC(c1ccc(C)cc1)c1ccc(OC(=O)OC)cc1,,,,1.0619999999999998,
2147442742,COCCC(C)(CCl)CCl,,,,1.2520000000000002,
2147442743,COC(=O)Oc1ccc(CC(C)(C)c2ccc(C)cc2)cc1,,,,1.0619999999999998,
2147442744,COC(=O)Oc1ccc(C(C)(c2ccccc2)c2ccc(C)cc2)cc1,,,,1.092,
2147442745,O=COCCCCOC(=O)c1ccccc1,,,,1.152,
2147442748,CC(C)C(C)C(=O)OCCN=O,,,,1.1720000000000002,
2147442750,CCCCC(=O)OC(C)CC,,,,0.952,
2147442754,CCC(C)Sc1ccccc1,,,,1.032,
2147442760,CC(F)CCF,,,,1.2120000000000002,
2147442761,CCC(=O)C(C)CC,,,,0.942,
2147442767,CCCC(=O)OC(C)CC,,,,0.992,
2147442773,CCCOC(=O)CCCCCCCCOC(=O)CCCOC(=O)CCCCCCCCOC=O,,,,0.972,
2147442775,CCCCCC(=O)OCCCCOC(C)=O,,,,1.032,
2147442778,CCC(C)C(=O)OCC(F)(F)C(C)(F)F,,,,1.402,
2147442779,CCC(C)C(=O)OCC(F)(F)C(F)F,,,,1.392,
2147442781,CCC(F)(F)C(F)F,,,,1.5419999999999998,
2147442784,ClC(Cl)C(Cl)Cl,,,,1.0219999999999998,
2147442793,CCCC(C)CC(C)CC(C)C,,,,0.752,
2147442794,CCCCCS,,,,0.862,
2147442795,CSCC(C)C,,,,0.972,
2147442796,COCCCOC(=O)CCC(C)=O,,,,1.142,
2147442798,CCC(C)OC(=O)OC,,,,1.1920000000000002,
2147442799,CCCSC(C)CC,,,,0.922,
2147442802,CCCOC(=O)CC(C)(Cl)CC,,,,1.102,
2147442805,CCC(C)C(=O)NN1CCCCC1,,,,0.962,
2147442806,CNC1CNC(NC(=O)CCCCCCCCC(C)=O)CN1,,,,1.0219999999999998,
2147442807,Sc1ccc(Sc2ccccc2)cc1,,,,1.282,
2147442808,NC(=S)Nc1ccccc1,,,,1.492,
2147442810,CCC(C)(CC)C(=O)Oc1ccccc1,,,,1.0020000000000002,
2147442813,CCC(C)C(=O)OCc1c(F)c(F)c(F)c(F)c1F,,,,0.852,
2147442815,COC(=O)c1ccc(C)cc1,,,,1.202,
2147442816,CNCc1ccc(CNC(=O)CCCCCCCCC(C)=O)cc1,,,,0.982,
2147442821,c1ccc(-c2nc3cc4ncoc4cc3o2)cc1,,,,1.3119999999999998,
2147442826,CCCCCCCCOC(=O)C(C)(C#N)CC,,,,0.972,
2147442829,CNCCCCCCCCNC(=O)CCCCCCC(C)=O,,,,0.912,
2147442835,CNCCCCCCCCCNC(=O)CCCCCCCC(C)=O,,,,0.892,
2147442840,CCC(C)(C)C(=O)NC(C)(C)C,,,,0.912,
2147442850,CCC(C)(C)C(=O)NCc1ccccc1,,,,1.0020000000000002,
2147442851,CCC(C)(C)C(=O)NC(C)=O,,,,1.112,
2147442852,CCCC(C)NC(=O)C(C)CC,,,,0.912,
2147442859,CCC(C)(Cl)OC(C)=O,,,,1.342,
2147442864,CCC(C)C(=O)OC1C=C(C)C=CC1,,,,1.0020000000000002,
2147442865,c1ccc(-c2ccccn2)nc1,,,,1.1920000000000002,
2147442867,NC(=O)c1cccc(NC(=O)c2ccccc2)c1,,,,1.282,
2147442877,CCC(C)(Cl)C(=O)OCC(C)C,,,,1.102,
2147442880,COCCCCCCOC(=O)CCCCCCCCC(C)=O,,,,0.932,
2147442881,CCCCCCCCCCC(C)(CC)CCCCCC,,,,0.752,
2147442884,CC(=O)OCCCCCCOC(=O)c1ccc(C)cc1,,,,1.092,
2147442885,CCCCCCCOC,,,,0.832,
2147442888,CNCCCCCCCNC(=O)CCCCCC(C)=O,,,,0.932,
2147442890,CCC(C)C(=O)OCC1CO1,,,,0.962,
2147442891,CCC(C)C(=O)OCc1ccco1,,,,1.152,
2147442894,O=COCCOC(=O)c1ccccc1,,,,1.242,
2147442898,COCCOC(=O)CCC(C)=O,,,,1.1920000000000002,
2147442899,COCCOC(=O)CCCCCCCCC(C)=O,,,,0.992,
2147442901,CCCOc1ccc(C(=O)OC)cc1,,,,1.142,
2147442902,COCCOC(=O)c1ccc2cc(C(C)=O)ccc2c1,,,,1.2120000000000002,
2147442905,CCCCCCCCC(=O)OCCOC(C)=O,,,,1.012,
2147442906,CCCCC(=O)OCCOC=O,,,,1.102,
2147442912,O=Cc1ccc(Oc2ccccc2)cc1,,,,1.102,
2147442913,CCC(OCCC(O)(C(F)(F)F)C(F)(F)F)(C(F)(F)F)C(F)(F)F,,,,1.432,
2147442914,COCC(C)CCl,,,,1.2320000000000002,
2147442917,CCCOC(=O)C(C)C(C)C(=O)OCCC,,,,1.032,
2147442918,COC(=O)C(C)C(C)C(=O)OC,,,,1.1920000000000002,
2147442920,CCOC(=O)C(C)C(C)C(=O)OCC,,,,1.102,
2147442921,CC(=O)OCCCCCCCCCCOC(=O)c1ccc(C)cc1,,,,1.0020000000000002,
2147442922,CCCCCCCCCC(=O)OCCCCCCCCCCOC(C)=O,,,,0.892,
2147442923,CNCCCCCCCCCNC(=O)CCCCCCCCC(C)=O,,,,0.892,
2147442924,CNCCCCCCCCCCNC(=O)CCCCCCCC(C)=O,,,,0.892,
2147442926,CCC(C)(C)C(=O)OCC1CCCCCCC1,,,,0.882,
2147442927,CC(C)C(C)C(=O)OC1CCCCCCC1,,,,0.892,
2147442933,CCC(C)C(=O)OCC#N,,,,1.262,
2147442935,CCCCCOC(=O)CCCCCOC=O,,,,0.992,
2147442937,COCCCCOC(=O)CCCCCCCCC(C)=O,,,,0.952,
2147442954,CNCCCCCCCCC(C)=O,,,,0.892,
2147442961,CC=CCCC(C)CC,,,,0.782,
2147442963,CCC(C)C(=O)OCCOCCC#N,,,,1.132,
2147442964,CCCOC1=C(C(C)CC)CC(Br)C=C1,,,,1.092,
2147442965,CCCCCOC1=C(C(C)CC)CC(Br)C=C1,,,,1.0419999999999998,
2147442966,CCC(C)C1=C(OC)C=CC(Br)C1,,,,1.1720000000000002,
2147442967,CCC(C)C1=C(OC(C)C)C=CC(Br)C1,,,,1.092,
2147442968,CCC(C)C1=C(OCCC(C)C)C=CC(Br)C1,,,,1.0419999999999998,
2147442969,CCOC1=C(C(C)CC)CC(Br)C=C1,,,,1.132,
2147442970,CCCCOC1=C(C(C)CC)CC(Br)C=C1,,,,1.0619999999999998,
2147442971,COC(=O)Oc1ccc(Sc2ccc(C)cc2)cc1,,,,1.2120000000000002,
2147442972,COC(=O)c1ccc(Oc2ccc(OCCCCC(C)=O)cc2)cc1,,,,1.092,
2147442982,CC=CCC(C)CC,,,,0.792,
2147442990,CCC(C)c1ccc(CO)cc1,,,,0.992,
2147442992,CCCCCOCc1ccc(C(C)CC)cc1,,,,0.872,
2147443009,CCC(C)C(=O)OCCSC#N,,,,1.342,
2147443012,CCC(C)COOc1cccc(Cl)c1,,,,0.982,
2147443016,CCC(C)c1ccc(C(=O)O)cc1,,,,1.132,
2147443039,CC=CC(C)c1ccccc1,,,,0.952,
2147443040,CCC(C)Oc1ccc(OC)cc1,,,,0.992,
2147443045,CC=CC(C)CC,,,,0.802,
2147443046,CCCCC(C)CCC,,,,0.752,
2147443047,CCC(C)OCOC,,,,0.972,
2147443051,CCC(C)c1cccc(CO)c1,,,,0.992,
2147443065,CCC(C)c1ccc(F)cc1F,,,,0.922,
2147443069,CNCC(C)(C)CC(C)CCNC(=O)c1ccc(C(C)=O)cc1,,,,1.012,
2147443072,CCC=C(CC)C(C)(C)C,,,,0.782,
2147443077,CCC(C)C(=O)Oc1ccc2ccccc2c1,,,,1.0619999999999998,
2147443088,CCC(C)c1ccccc1CO,,,,0.992,
2147443096,CCC(CC)COC(=O)C(C)(C)CC,,,,0.892,
2147443103,CCC(C)C(=O)OCC(C)(C)C#N,,,,1.092,
2147443104,C=C(OCC(C#N)CCCC)C(C)CC,,,,0.932,
2147443105,C=C(OCC(C#N)CCCCC)C(C)CC,,,,0.922,
2147443106,CCC(C)(C)C(=O)OCCCC#N,,,,1.092,
2147443109,COC(=O)Oc1ccc(C(C)(C)c2ccc(C)c(Cl)c2)cc1Cl,,,,1.222,
2147443110,CCC(C)COOc1ccccc1Cl,,,,0.982,
2147443112,CCc1ccc(CC)c(Cl)c1,,,,1.202,
2147443117,CNCCCCCCCCCC(C)=O,,,,0.882,
2147443119,CCC=CC(C)C,,,,0.802,
2147443120,CC(=O)OCC1CCC(COC(=O)c2ccc(C)cc2)CC1,,,,1.092,
2147443121,CCC=CCC,,,,0.812,
2147443124,CC=CCCCCCCCCCCCCCCCCC,,,,0.762,
2147443125,CC=CCCCCC,,,,0.792,
2147443127,CCCC=C(C)CC,,,,0.792,
2147443128,FCC(F)F,,,,1.862,
2147443129,COC(COCC(F)(F)F)C(F)(F)F,,,,1.322,
2147443130,c1ccc2oc(-c3ccc4ncoc4c3)nc2c1,,,,1.3119999999999998,
2147443131,CCC=C(C)CC,,,,0.802,
2147443134,COCCOCCOCCOCCOC(=O)NCCCCCCNC(C)=O,,,,1.052,
2147443135,COCCOCCOC(=O)NCCCCCCNC(C)=O,,,,1.082,
2147443136,CNCCCCCCNC(=O)c1ccc(C(C)=O)cc1,,,,1.072,
2147443141,CNCCCCCC(C)=O,,,,0.962,
2147443144,Nc1ccc(Nc2ccccc2)cc1,,,,1.102,
2147443145,Nc1ccc(Nc2cccs2)cc1,,,,1.382,
2147443146,Cc1ccc(-c2ccc(N)cc2)cc1,,,,1.052,
2147443147,Nc1ccc(-c2ccc(-c3ccccc3)cc2)cc1,,,,1.072,
2147443148,Nc1ccc(-c2ccc(-c3cccs3)cc2)cc1,,,,1.2520000000000002,
2147443149,Nc1ccc(-c2ccc(-c3ccccc3)s2)cc1,,,,1.2520000000000002,
2147443150,Nc1ccc(-c2ccc(-c3cccs3)s2)cc1,,,,1.452,
2147443151,Nc1ccc(Nc2cccs2)s1,,,,1.642,
2147443152,Nc1ccc(-c2ccc(-c3cccs3)cc2)s1,,,,1.4420000000000002,
2147443153,Cc1ccc(-c2ccc(N)s2)s1,,,,1.492,
2147443154,Nc1ccc(-c2ccc(-c3cccs3)s2)s1,,,,1.5619999999999998,
2147443158,CCC(O)COc1ccc(C(C)(C)c2ccc(OCC(O)CNCCCCCCCCNC)cc2)cc1,,,,0.952,
2147443159,CCC(O)COc1ccc(C(C)(C)c2ccc(OCC(O)CNCCCCCCNC)cc2)cc1,,,,0.972,
2147443161,CNCN,,,,1.0219999999999998,
2147443162,CNCc1ccccc1,,,,0.982,
2147443163,CNCc1cccs1,,,,1.2520000000000002,
2147443164,CNc1ccc(N)cc1,,,,1.102,
2147443165,CNc1ccc(-c2cccs2)cc1,,,,1.2719999999999998,
2147443166,CNc1ccc(N)s1,,,,1.5020000000000002,
2147443167,CNc1ccc(-c2ccccc2)s1,,,,1.2719999999999998,
2147443168,CCNc1ccccc1,,,,1.012,
2147443169,CCNc1cccs1,,,,1.322,
2147443170,CCCN,,,,0.872,
2147443172,CCCc1cccs1,,,,1.112,
2147443173,CCc1ccc(-c2ccccc2)cc1,,,,0.962,
2147443174,CCc1ccc(-c2cccs2)cc1,,,,1.132,
2147443175,CCc1ccc(-c2cccs2)s1,,,,1.322,
2147443176,Cc1ccc(Nc2ccccc2)cc1,,,,1.052,
2147443177,Cc1ccc(Nc2cccs2)cc1,,,,1.2919999999999998,
2147443178,Cc1ccc(Cc2ccccc2)cc1,,,,0.962,
2147443179,Cc1ccc(Cc2cccs2)cc1,,,,1.132,
2147443180,Cc1ccc(-c2ccc(-c3ccccc3)cc2)cc1,,,,0.992,
2147443181,Cc1ccc(-c2ccc(-c3cccs3)cc2)cc1,,,,1.132,
2147443182,Cc1ccc(-c2ccc(-c3ccccc3)s2)cc1,,,,1.132,
2147443183,Cc1ccc(-c2ccc(-c3cccs3)s2)cc1,,,,1.282,
2147443184,Cc1ccc(NO)s1,,,,1.512,
2147443185,Cc1ccc(NC=S)s1,,,,1.532,
2147443186,Cc1ccc(Nc2cccs2)s1,,,,1.532,
2147443187,Cc1ccc(Cc2cccs2)s1,,,,1.322,
2147443188,Cc1ccc(-c2ccc(-c3cccs3)cc2)s1,,,,1.282,
2147443189,Cc1ccc(-c2ccc(-c3cccs3)s2)s1,,,,1.382,
2147443190,OCC1CC(O)C(O)C(O)O1,,,,1.3119999999999998,
2147443192,c1ccc(-c2ccc(-c3ccc(-c4cccs4)cc3)cc2)cc1,,,,1.122,
2147443193,c1ccc(-c2ccc(-c3ccc(-c4cccs4)s3)cc2)cc1,,,,1.2520000000000002,
2147443194,c1ccc(-c2ccc(-c3ccc(-c4cccs4)cc3)s2)cc1,,,,1.2520000000000002,
2147443195,c1ccc(-c2ccc(-c3ccc(-c4cccs4)s3)s2)cc1,,,,1.362,
2147443197,CC(Cl)(Cl)C(=O)C(Cl)Cl,,,,1.572,
2147443198,OC(Cl)(Cl)C(=S)C(Cl)Cl,,,,1.072,
2147443199,CC(Cl)(Cl)OC(Cl)Cl,,,,1.532,
2147443200,ClCC(Cl)Cl,,,,1.2320000000000002,
2147443202,Cc1cc(C)c2cc(C)ccc2c1,,,,0.992,
2147443203,COCCCCOC(=O)Nc1ccc(Cc2ccc(NC(C)=O)cc2)cc1,,,,1.152,
2147443205,COc1ccc(C(=O)c2ccc(Oc3ccc(C)cc3)cc2)cc1,,,,1.1720000000000002,
2147443206,COCCCCOC(=O)c1ccc(C(C)=O)cc1,,,,1.182,
2147443208,O=C(OCC1CCC2OC2C1)C1CCC2OC2C1,,,,1.052,
2147443209,C1=CC2CCC1C2.C=C,,,,0.902,
2147443210,CC(C)(COCC1CO1)COCC1CO1,,,,0.922,
2147443213,c1cc(N(CC2CO2)CC2CO2)ccc1Cc1ccc(N(CC2CO2)CC2CO2)cc1,,,,1.0419999999999998,
2147443214,Nc1c(CC2CO2)cc(O)c(CC2CO2)c1CC1CO1,,,,1.102,
2147443215,CC(c1ccc(OC#N)cc1)c1ccc(OC#N)cc1,,,,1.082,
2147443216,COCCCCOC(=O)CCCCC(C)=O.COCCCCOC(=O)c1ccc(C(C)=O)cc1,,,,0.982,
2147443217,CCC(C)C(=O)[O-]->[Na+],,,,1.102,
2147443218,C=CC=C.C=Cc1ccccc1,,,,0.807,
2147443219,C.CC/C=C/CC.CCC(C)C#N.CCCC(CC)C(=O)O,,,,0.862,
2147443222,CCC(CC(C)C(=O)OCC(C)O)C(=O)OC(C)CO,,,,1.1720000000000002,
2147443223,CNCCC(C)CC(C)(C)CNC(=O)c1ccc(C(C)=O)cc1,,,,1.0020000000000002,
2147443224,CCC(C)OC(C)=O.CCCC,,,,0.812,
2147443225,COc1ccc(-c2ccc(Oc3ccc(S(=O)(=O)c4ccc(C)cc4)cc3)cc2)cc1,,,,1.1720000000000002,
2147443226,CC(C)(c1ccc(Oc2ccc(C#N)c(C#N)c2)cc1)c1ccc(Oc2ccc(C#N)c(C#N)c2)cc1,,,,1.082,
2147443227,COCCCCOC(=O)CCC(C)=O,,,,1.142,
2147443228,CC(F)(F)C(C)(F)C(F)F.CCC(C)(F)F,,,,1.662,
2147443229,CC(F)(F)C(C)(F)Cl.CC(F)C(C)(F)F.CCC(C)(F)F,,,,1.682,
2147443230,CC(F)(F)C(C)(F)Cl.CCC(C)(F)F,,,,1.702,
2147443231,CCC(C)CC.CCC(C)c1ccccc1.CCC(C)c1ccccc1.CCCC,,,,0.792,
2147443232,CCC(C)(C)C(=O)OC.CCC(C)(C)C(=O)OC.CCCCOC(=O)C(C)CC,,,,0.992,
2147443233,CCC(C)(C)C(=O)OC.CCCCOC(=O)C(C)CC,,,,0.97,
2147443234,CCC(C)(C)C(=O)OC.CCC(C)C(=O)OC(C)(C)C,,,,0.983,
2147443235,CCC(C)C#N.CCC(C)c1ccccc1,,,,0.962,
2147443236,C/C=C1/CC2CC1C(C)C2C.CCC(C)C.CCCC,,,,1.382,
2147443238,C=C(C)C(=O)OCC(O)COc1cc(C)ccc1CC,,,,0.972,
2147443239,CC(F)C(C)(F)F.CCC(C)(F)F,,,,1.761,
2147443240,COCCC(=O)/C=C/C(=O)OCCOC(=O)c1ccccc1C(=O)OC,,,,1.052,
2147443244,CCCOC.OCC1OC2OC3C(CO)OC(OC4C(CO)OC(OC5C(CO)OC(OC6C(CO)OC(OC7C(CO)OC(OC1C(O)C2O)C(O)C7O)C(O)C6O)C(O)C5O)C(O)C4O)C(O)C3O,,,,1.182,
2147443245,COCC1CC(O)C(O)C(OC2C(CO)OC(OC3C(CO)OC(OC)C(O)C3O)C(O)C2O)O1,,,,1.382,
2147443248,CC(=O)c1ccc(C(=O)c2ccc(Oc3ccc(C)cc3)cc2)cc1,,,,1.162,
2147443249,CCC(C)C#N.CCC(C)c1ccccc1.CCC=CCC,,,,0.952,
2147443250,C(CCOCC1CO1)COCC1CO1,,,,0.982,
2147443251,Cc1ccc(-c2nc3cc4nc(C)oc4cc3o2)cc1,,,,1.247908509,70.702021
2147443254,Cc1ccc(-c2ccc(-n3c(=O)c4cc5c(=O)n(C)c(=O)c5cc4c3=O)cc2)cc1,,,,1.18724436,71.98797005
