id,SMILES,Tg,FFV,Tc,Density,Rg
87817,CCC(C)c1ccccc1C(=O)OCCCCCC,,0.37464529,0.2056666666666666,,
106919,CNc1ccc([C@H](CCC)c2ccc(C3(c4ccc([C@@H](CCC)c5ccc(NC)cc5)cc4)CCC(CCCCC)CC3)cc2)cc1,,0.3704102,,,
388772,COc1ccc(S(=O)(=O)c2ccc(Oc3ccc(C4(c5ccc(Oc6ccc(S(=O)(=O)c7ccc(Oc8ccc(C=C9CCCC(=Cc%10ccc(C)cc%10)C9=O)cc8)cc7)cc6)cc5)CCCCC4)cc3)cc2)cc1,,0.37885964,,,
519416,CNc1ccc(-c2c(-c3ccc(C)cc3)c(-c3ccc(C)cc3)c(NC)c(-c3ccc(C)cc3)c2-c2ccc(C)cc2)cc1,,0.3873239,,,
539187,COc1ccc(OC(=O)c2cc(OCCCCCCCCCOCC3CCCN3c3ccc([N+](=O)[O-])cc3)c(C(C)=O)cc2OCCCCCCCCCOCC2CCCN2c2ccc([N+](=O)[O-])cc2)cc1,,0.35547017,,,
950661,COC(=O)CCCCCCCCC(=O)OC1COC2C(C)COC12,,0.33909279,,,
1012066,CNc1ccc([C@H]2[C@@H]3C[C@H]4C[C@@H](C3)C[C@@H]2C4)cc1NC,,0.3476159,,,
1022104,CC(=O)Nc1ccc(Oc2ccc(Oc3ccc(NC(=O)c4ccc5c(c4)C(=O)N(c4ccc(Oc6ccc(C7(c8ccc(Oc9ccc(N%10C(=O)c%11ccc(C)cc%11C%10=O)cc9)cc8)CC8CC7C7CCCC87)cc6)cc4)C5=O)cc3)c(C(C)(C)C)c2)cc1,,0.37754464,,,
1722264,CCC(C)(C)C(=O)OCCCCCCCCCOc1ccc2cc(C(=O)Oc3ccccc3)ccc2c1,,0.35917558,,,
2265305,CNc1ccc(-c2ccc(-c3ccc(NC)cc3)cc2)cc1,,0.341878125,,,
2986007,Cc1ccc(-c2ccc3c(c2)C(CCCCCCC#N)(CCCCCCC#N)c2cc(C)ccc2-3)cc1,,0.40239665,0.487,0.901122805,28.6824407
3013292,CCC(C)c1ccc(C(=O)O)c(C(=O)O)c1,,,0.171,1.184354013,13.53424751
3053950,Cc1cccc(N2C(=O)c3ccc(Oc4ccc5ccc(Oc6ccc7c(c6)C(=O)N(C)C7=O)cc5c4)cc3C2=O)c1,,0.36481552,,,
3128201,CC(=O)c1ccc2c(c1)C(=O)N(c1ccc(C(=O)c3ccc(Cc4ccc(C(=O)c5ccc(N6C(=O)c7ccc(C)cc7C6=O)cc5)cc4)cc3)cc1)C2=O,,0.36956078,,,
3139746,CCCOCCOC(=O)c1ccc(C(=O)OC)cc1,,0.3314918,,,
3254580,CNc1ccc(CCc2ccc(NC)c(C)c2)c(C)c1,,0.34991627,,,
4600132,CNc1ccc(-c2ccc(NC)cc2)cc1,,0.33687015,,,
4658296,CNc1ccc(C(c2ccc(NC(=O)c3ccc(C(C)=O)cc3)cc2)(P2(=O)Oc3ccccc3-c3ccccc32)P2(=O)Oc3ccccc3-c3ccccc32)cc1,,0.36326495,,,
4834929,CNc1ccc2c(c1)[C@H]1CC[C@@H]2c2cc(NC)ccc21,,0.36594162,,,
5118841,CC(=O)c1ccc(N(C)CCCCCCCC)cc1,,0.40101187,,,
5350166,CCC(C)(COC(=O)NCCCCCCNC(=O)OC)C(=O)O,,0.31898697,,,
5650517,COc1ccc(CC(NC(=O)CCc2ccc(OC(=O)CCCC(C)=O)cc2)C(=O)OCC)cc1,,0.33573247,,,
5661484,Cc1ccc(Oc2ccc(S(=O)(=O)c3ccc(Oc4ccc(-c5nc(-c6ccccn6)nnc5C)cc4)cc3)cc2)cc1,,0.38715626,,,
5709902,CNc1ccc(NC(=O)CCCCCCC(C)=O)cc1,,0.33579028,,,
5724071,CNC(=O)Nc1ccc(Cc2ccc(NC(=O)Nc3cccc(C)n3)cc2)cc1,,0.33930299,,,
5857263,Cc1ccc(Oc2ccc(Oc3ccc(Oc4ccc(N5C(=O)c6ccc(-c7ccc8c(c7)C(=O)N(C)C8=O)cc6C5=O)cc4)cc3)cc2)cc1,,0.36614256,,,
5905810,CCc1c(C)c(C)c(CNC(=O)CCCCCC(C)CC(=O)NC)c(C)c1C,,0.34722767,,,
5966923,Cc1cc(CCOC(=O)NCCCC)c(C)s1,,0.36941899,,,
6019988,CCCC(C)C(C)CCNC(=O)c1cccc(C(=O)NC)c1,,0.3407009,,,
6102563,CC(=O)OCCOCCOC(=O)c1ccc(N2C(=O)c3ccc(C)cc3C2=O)cc1,,0.32926001,,,
6259923,CNC1=C(c2ccc(O)cc2OC)[C@@H](NC)c2c(N)ccc(N)c21,,0.32877014,,,
6645418,CCCCCCNC(=O)CCCCC(=O)NC,,0.3327408,0.327,,
6665789,CNc1cccc(C=Cc2ccc(NC(=O)c3cccc(C(C)=O)c3)cc2)c1,,0.35017075,,,
7586800,CC(=O)Nc1ccc(Oc2ccc(C(C)(C)c3ccc(Oc4ccc(NC(=O)c5ccc6c(c5)C(=O)N(c5ccc(-c7sc(-c8ccc(N9C(=O)c%10ccc(C)cc%10C9=O)cc8)c(-c8ccccc8)c7-c7ccccc7)cc5)C6=O)cc4)cc3)cc2)cc1,,0.38518992,,,
7687820,CCCCCCCCCCCCCCCCCCCNC(=O)NCCCCCCNC(=O)NC,,,0.383,,
8689461,CCC(C)CCCCCCCCCCCCCCCC,,0.40787312,0.375,,
8973725,CCC(C)CC(C)(C)CC,,,0.1863333333333333,,
9231170,CCC(C)CC,,,0.2253333333333333,,13.87291346
9284896,CO[Si](C)(C)CCCNC(=O)C(=O)NCCC[Si](C)(C)C,,0.38708542,,,
10061985,CCCCCCCCCCCN1C(=O)c2ccc(-c3ccc(-c4ccc5c(c4)C(=O)N(C)C5=O)cc3)cc2C1=O,,0.3487648,,,
10142210,CNC(C)C(=O)NCC(=O)NCC(C)=O,208.6397491,,,,
10557152,CC(C)=C(C)[Ge](C)(C)C,,0.39996108,,,
11301237,Cc1ccc(Oc2ccc(-c3nc4ccc(Oc5ccc(N6C(=O)c7ccc(C(c8ccc9c(c8)C(=O)N(c8ccc(Oc%10ccc%11nc(C)c(-c%12ccccc%12)nc%11c%10)cc8)C9=O)(C(F)(F)F)C(F)(F)F)cc7C6=O)cc5)cc4nc3-c3ccccc3)cc2)cc1,,0.40256926,,,
11664621,COC(COC(C)=O)COC(C)C,,0.35338284,,,
11667291,CC(=O)c1ccc2c(c1)C(=O)N(c1ccc(Cc3ccc(C(=O)c4ccc(N5C(=O)c6ccc(C)cc6C5=O)cc4)cc3)cc1)C2=O,,0.38083463,,,
11796436,CNc1cc2c(c(-c3ccccc3)c1NC)[C@@H](c1ccccc1)c1ccccc1-2,,0.37078536,,,
11894206,CCC(C)C(=O)Oc1ccccc1C,,0.35783052,0.1735,1.061864136,12.7374634
11955349,CC(=Nc1ccccc1)c1ccc(-c2ccc(C)cc2)cc1,,0.39901234,,,
12008966,CCC(C)c1ccc(C(C)(C)C)cc1,,,0.184,,
12265790,CCC(C)C(=O)OC(C)C,,0.36594213,,,
12381586,CCC(C)C(=O)OCCCCCCOc1ccc(-c2ccc(C#N)cc2)cc1,,0.35839221,,,
12395811,CC(=Cc1cc(OC)c(C=C(c2ccc(C)cc2)c2ccc(OC)cc2)cc1OC)c1ccc(OC)cc1,,0.37715059,,,
12627006,Cc1ccc(OCCN(CC)c2ccc(C(C#N)=C(C#N)C#N)cc2)c(-c2cc(-c3ccccc3)c3cc(Oc4ccc5nc(C)cc(-c6ccccc6)c5c4)ccc3n2)c1,,0.39541698,,,
12724819,CC=Cc1ccc2c(c1)Sc1cc(-c3ccc4c(c3)Sc3cc(C)ccc3N4c3ccc(OCCCCCCCCCCCC)cc3)ccc1N2c1ccc(OCCCCCCCCCCCC)cc1,,0.400601,,,
13021733,CO[Si](C)(CCCOCCOCCOCCOCCOC)CCCOCCOCCOCCOCCOC,,0.36551909,,,
13364814,CCCCP(C)(=O)CCCNC(=O)CCCCC(=O)NC,,0.33815952,,,
13630833,Cc1ccc2c(c1)C(=O)N(c1c(C)cc(Cc3cc(C)c(N4C(=O)c5ccc(C(C)(C(F)(F)F)C(F)(F)F)cc5C4=O)c(C(C)C)c3)cc1C(C)C)C2=O,,0.42131241,,,
13838538,CCCCCCCSSCCCCSSC,-41.26672381,,0.192,,
13850404,COC(=O)OCC(O)C(O)COC(=O)OC1COC2C(C)COC12,,0.29768641,,,
13874722,CCCCCCOCOC,,0.36424093,,,
15891916,Cc1ccc(Oc2ccc(C(=O)c3cccc(C(=O)c4ccc(Oc5ccc(-c6nc(-c7cccc(-c8nc(C)c(-c9ccccc9)[nH]8)c7)[nH]c6-c6ccccc6)cc5)cc4)c3)cc2)cc1,,0.39177495,,,
15979280,COc1ccc(NC(=O)c2cc(NC(=O)CCCCCN3C(=O)c4ccccc4C3=O)cc(C(=O)Nc3ccc(C)cc3)c2)cc1,,0.33547772,,,
16364869,Cc1ccc2c(c1)C(=O)N(c1cc(N3C(=O)c4ccc(C(C)(C(F)(F)F)C(F)(F)F)cc4C3=O)cc(C(F)(F)F)c1)C2=O,,0.39841654,,,
16498242,CC=CCCCCCCCCC,-17.2820223,,,,
16855553,CCC(C)C(=O)Oc1ccccc1,,0.3539411,0.196,1.109388621,13.43533854
17114758,COc1ccc(Cc2ccc(OC(=O)c3ccc(C(C)(C)c4ccc(C(C)=O)cc4)cc3)cc2)cc1,,0.36534872,,,
17899555,CC=C(C)c1ccc(-n2c(=O)c3cc4c(=O)n(-c5ccc(C#C)cc5)c(=O)c4cc3c2=O)cc1,,0.37446752,,,
17943713,Cc1ccc(-c2ccc(N3C(=O)c4ccc(Oc5ccc6c(c5)C(=O)N(C)C6=O)cc4C3=O)c(OCCCCCCOc3ccc(/C=C/c4ccc(F)cc4)cc3)c2)cc1OCCCCCCOc1ccc(/C=C/c2ccc(F)cc2)cc1,,0.36214283,,,
18227797,COc1ccc(CC(NC(=O)CCc2ccc(OC(=O)CCCCCCCCC(C)=O)cc2)C(=O)OCCCCCC)cc1,,0.35827772,,,
18308835,CO[Si](C)(C)c1ccc2ccc([Si](C)(C)C)cc2c1,,0.41603966,,,
18339242,CCC(C)C(=O)OC([2H])([2H])[2H],,0.32713966,,,
18520951,CCC(C)(C)C1C(=O)N(c2c(C)cccc2C)C(=O)C1C,,0.36567807,,,
18696710,CCC(O)COc1c(C)cc(S(=O)(=O)c2cc(C)c(OC)c(C)c2)cc1C,,0.36816578,,,
19277692,Cc1ccc(Oc2ccc(-c3cnc4ccc(Oc5ccc6nc(C)cnc6c5)cc4n3)cc2)cc1,,0.39336683,,,
19303052,CCC(C)(C)C(=O)OCc1cc(Cl)ccc1Cl,,0.36119278,,,
19522327,CCC(C)OC(=O)c1cccc(Br)c1,,0.37722551,,,
20039468,COc1ccc(-c2ccc(-c3ccc(Oc4ccc(C(=O)c5cccc(C(=O)c6ccc(C)cc6)c5)cc4)cc3)cc2)cc1,,0.36836692,,,
20273521,CCC(CN1C(=O)C2C3C=CC(C3)C2C1=O)OC,,0.34392035,,,
20627281,CNc1cc2ccccc2c(-c2cccc3ccccc23)c1NC,,0.35509262,,,
20883601,CCc1cc(C)c(CNC(=O)c2ccc(C(=O)NC)cc2)cc1C,,0.33875515,,,
21279513,COc1ccc(C2(c3ccc(OC4(F)C(C)(F)C(F)(F)C4(F)F)cc3)c3ccccc3-c3ccccc32)cc1,,0.38927007,,,
21520341,CC(=O)Nc1ccc(C2(c3ccc(N4C(=O)c5ccc(C)cc5C4=O)cc3)CCC(C)CC2)cc1,,0.37589597,,,
22184710,CCC(C)c1ccc(C(=O)OCCC)cc1,,0.37674615,,,
22597605,Cc1ccc(Oc2ccc(-c3nc4cc(-c5ccc6nc(-c7ccccc7)c(C)nc6c5)ccc4nc3-c3ccccc3)cc2)cc1,,0.41714937,,,
22905078,CCC(C)C(=O)OCC(F)(F)C(F)(F)C(F)(F)C(F)(F)C(F)(F)F,,0.32506583,,,
22928574,CO[Sn](CCCC)(CCCC)OC(=O)/C=C/C(C)=O,,0.35027613,,,
22953969,COc1ccc(-c2ccc(OC(=O)CCCCCCCCCCCCC(C)=O)cc2)cc1,,0.35595348,,,
23036398,Cc1ccc(S(=O)(=O)c2ccc(N3C(=O)C(C)C(SCCOCCSC4C(=O)N(c5ccc(S(=O)(=O)c6ccc(N7C(=O)CC(C)(SCCOCCSC8(C)CC(=O)N(C)C8=O)C7=O)cc6)cc5)C(=O)C4C)C3=O)cc2)cc1,,0.34421859,,,
23192453,CCC(C)S(C)(=O)=O,,,,1.293314518,20.99132259
23694396,CN=P(C)(Cl)Cl,,0.34644364,,,
23713841,CC(=O)Nc1ccc(Oc2ccc(C3(c4ccc(Oc5ccc(NC(=O)c6ccc7c(c6)C(=O)N(c6ccc(Oc8ccc(Oc9ccc(N%10C(=O)c%11ccc(C)cc%11C%10=O)cc9)cc8)cc6)C7=O)cc5)cc4)NC(=O)c4ccccc43)cc2)cc1,,0.36615689,,,
24351648,CNc1ccc(C2(c3ccc(NC)cc3)C=CCCC2)cc1,,0.34884686,,,
24969052,CCCCCCOC(=O)c1cccc(C(=O)OC)c1,,0.34539931,,,
24982830,Cc1ccc(NC(=O)CN2C(=O)c3ccc(C(c4ccc5c(c4)C(=O)N(CC(=O)Nc4ccc(-c6nnc(C)o6)cc4)C5=O)(C(F)(F)F)C(F)(F)F)cc3C2=O)cc1,,0.35544781,,,
25581268,Cc1ccc(S(=O)(=O)c2ccc(N3C(=O)c4ccc(Oc5ccc(C(C)(C)c6ccc(Oc7ccc8c(c7)C(=O)N(C)C8=O)cc6)cc5)cc4C3=O)cc2)cc1,,0.37886829,,,
25596707,Cc1ccc(Oc2ccc(N3C(=O)c4cc(-c5ccc([Si](C)(C)C)cc5)c(-c5cc6c(cc5-c5ccc([Si](C)(C)C)cc5)C(=O)N(C)C6=O)cc4C3=O)cc2)cc1,,0.42813779,,,
25599707,Cc1ccc(Oc2ccc(S(=O)(=O)c3ccc(Oc4ccc(-c5nc(-c6cccc(-c7nc(C)c(-c8ccccc8)[nH]7)c6)[nH]c5-c5ccccc5)cc4)cc3)cc2)cc1,,0.40187067,,,
25748429,Cc1ccc(Cc2ccc(N3C(=O)C4CCC5C(=O)N(C)C(=O)C5C4C3=O)c(C)c2)cc1C,,0.38793304,,,
26299008,CCC(C)c1cc(C(C)C)ccc1C(C)C,,,0.1616666666666666,0.830463672,11.48207818
26367456,CNc1ccc(C[C@](CC)(CCC)c2ccc(N)c(C[C@](C=C)(CC)c3ccc(NC)cc3)c2)cc1,,0.35808156,,,
26995134,CNc1ccc(/C=C/c2ccc(NC)cc2)cc1,,0.34415534,,,
28121925,Cc1ccc(C(c2ccc(N3C(=O)c4ccc(-c5ccc6c(c5)C(=O)N(C)C6=O)cc4C3=O)cc2)(C(F)(F)F)C(F)(F)F)cc1,,0.39361972,,,
28200504,CCCOC(=O)NCCCCCCNC(=O)OC,,0.32916214,,,
28479659,Cc1ccc(Oc2cccc(Oc3ccc(N4C(=O)c5ccc(Oc6ccc(-c7ccc(Oc8ccc9c(c8)C(=O)N(C)C9=O)cc7)cc6)cc5C4=O)cc3)c2)cc1,,0.36156161,,,
29482987,CC(=C(C)c1ccc(Oc2ccccc2)cc1)c1ccccc1,,0.40046864,,,
29766304,CCC(C)(C)C(=O)Oc1ccc(C(=O)c2ccccc2)cc1,,0.35600022,,,
29881762,CCCCCCCN1C(=O)C(=O)N(C)C1=O,,0.31655437,,,
29928066,CCC(C)(C)C(=O)OCCn1c2ccccc2c2ccccc21,,0.35181885,,,
30582999,CCCCCCCCCCCOC(=O)c1ccc(C(=O)NCCNC(=O)c2ccc(C(=O)OC)cc2)cc1,4.250402609,,,,
30682090,Cc1ccc(C(C)(C)c2ccc(N3C(=O)c4ccc(Oc5ccc6cc(Oc7ccc8c(c7)C(=O)N(C)C8=O)ccc6c5)cc4C3=O)cc2)cc1,,0.38208553,,,
31430153,COC(COC(=O)Nc1ccc(Cc2ccc(NC(C)=O)cc2)cc1)c1ccco1,,0.34289328,,,
31529134,CC(=O)Nc1cccc(NC(=O)c2ccc(N3C(=O)c4ccc(C)cc4C3=O)cc2)c1,,0.33798245,,,
31841016,CCC(C)(C)C(=O)OCCOC(=O)c1cc([N+](=O)[O-])cc([N+](=O)[O-])c1,,0.41138901,,,
32316139,CCCN(C)C(=O)c1cc(F)cc(F)c1F,,0.33952456,,,
32586958,CNC(NC)=C(N)/C(N)=N/C,,0.29714034,,,
34026248,CNc1ccc(Cc2ccc(NC(=O)c3ccc(P(=O)(c4ccccc4)c4ccc(C(C)=O)cc4)cc3)cc2)cc1,,0.36719294,,,
34042817,CCCCCCCOC(=O)c1cccc(C(=O)OC)c1,,0.34938247,,,
34234994,Cc1ccc2c(c1)C(=O)N(c1cccc(C(=O)Nc3ccc(Oc4ccc(C(c5ccc(Oc6ccc(NC(=O)c7cccc(N8C(=O)c9ccc(C(C)(C(F)(F)F)C(F)(F)F)cc9C8=O)c7)cc6)cc5)(C(F)(F)F)C(F)(F)F)cc4)cc3)c1)C2=O,,0.36162895,,,
34546505,COc1cccc(Oc2ccc(C(=O)c3ccc(P(=O)(c4ccccc4)c4ccc(C(=O)c5ccc(C)cc5)cc4)cc3)cc2)c1,,0.37794539,,,
35288312,Cc1ccc(C=Nc2ccc(C(c3ccccc3)c3ccc(N=Cc4ccc(-c5ccc(C)s5)cc4)cc3)cc2)cc1,,0.40126347,,,
35380876,Cc1ccc(Oc2ccc(-n3c(=O)c4cc5c(=O)n(-c6ccc(Oc7ccc(-c8nc9cc%10sc(C)nc%10cc9s8)cc7)cc6)c(=O)c5cc4c3=O)cc2)cc1,,0.422749,,,
35399593,CN=P(C)(Oc1ccc(C)cc1)Oc1ccc(C)cc1,,0.39264145,,,
35822036,CCC1(C)CC(N2C(=O)c3ccc(Oc4ccc5c(c4)C(=O)N(C)C5=O)cc3C2=O)CC(C)(C)C1,,0.36993749,,,
36217683,Cc1nc2cc3sc(-c4cc(OCCCCCC)c(C)cc4OCCCCCC)nc3cc2s1,168.5263131,,,,
36780446,COc1cc(CCCC)cc(OC(=O)c2cccc(C(C)=O)c2)c1,,0.36080704,,,
37511814,CNc1ccc2c(c1)c1ccccc1c1c(-c3ccc(CCCCC)cc3)c(NC)c(-c3ccc(CCCCC)cc3)cc21,,0.36461838,,,
37571918,CNc1cc2ccc3ccc4c(NC)cc5ccc6ccc1c1c6c5c4c3c21,,0.33562005,,,
37623475,CNc1ccc(-c2ccc(NC)c(-c3cccc(C)c3)c2-c2cccc(C)c2)cc1,,0.37320004,,,
37727451,CC(=O)Nc1ccc(C)cc1N1C(=O)CC(N2C(=O)c3ccc(C)cc3C2=O)C1=O,,0.34915334,,,
38112797,CNc1cc(C2CCCCC2)c2ccc3c(NC)c(-c4ccccc4)c(C4CCCCC4)c4c(-c5ccccc5)cc1c2c34,,0.39389056,,,
38228922,CC(=O)Nc1cccc(NC(=O)c2ccc3[nH]c(-c4cc(-c5nc6cc(C)ccc6[nH]5)cc(N5C(=O)c6ccccc6C5=O)c4)nc3c2)n1,,0.36599842,,,
38242048,C/C(F)=C(\F)C(F)(C(C)(F)F)C(F)(F)F,,,0.102,,
39109326,CCCN(CCOC(=O)NCC1(C)CC(NC(=O)OC)CC(C)(C)C1)c1ccc(N=Nc2ccc(P(=O)(c3ccccc3)c3ccccc3)cc2)cc1,,0.36633956,,,
40088405,Cc1ccc(C(c2ccccc2)c2ccc(N3C(=O)c4ccc(S(=O)(=O)c5ccc6c(c5)C(=O)N(C)C6=O)cc4C3=O)cc2)cc1,,0.39645555,,,
40146140,CC(=O)Nc1cc(NC(=O)c2ccc3c(c2)C(=O)N(c2cc(-c4nc5ccccc5o4)cc(N4C(=O)c5ccc(C)cc5C4=O)c2)C3=O)cc(-c2nc3ccccc3[nH]2)c1,,0.37477933,,,
40417262,CNc1ccc(Oc2cccc(NC)c2)cc1,,0.33227609,,,
40655089,CC(=O)Nc1ccc(Oc2ccc(-c3ccc(Oc4ccc(NC(=O)c5ccc6c(c5)C(=O)N(c5ccc(Oc7ccc(S(=O)(=O)c8ccc(Oc9ccc(N%10C(=O)c%11ccc(C)cc%11C%10=O)cc9)cc8)cc7)cc5)C6=O)cc4)cc3)cc2)cc1,,0.36114325,,,
40953121,CC(=O)Nc1ccc(Oc2ccc(C3(c4ccc(Oc5ccc(NC(=O)c6ccc7c(c6)C(=O)N(c6ccc(C)c(N8C(=O)c9ccc(C)cc9C8=O)c6)C7=O)cc5)cc4)NC(=O)c4ccccc43)cc2)cc1,,0.37070669,,,
41386383,CCCCCCC(C)CCCCCC,,0.40628619,,0.797183169,16.82724961
41421570,Cc1ccc2c(c1)C(=O)N(c1ccc(Oc3ccc(C(=O)c4cccc(C(=O)c5ccc(Oc6ccc(N7C(=O)c8ccc(C(C)(C(F)(F)F)C(F)(F)F)cc8C7=O)cc6)cc5)n4)cc3)cc1)C2=O,,0.36563224,,,
41644742,COc1ccc(OC(=O)c2cc(OCCCCOCC3CCCN3c3ccc([N+](=O)[O-])cc3)c(C(C)=O)cc2OCCCCOCC2CCCN2c2ccc([N+](=O)[O-])cc2)cc1,,0.34909461,,,
41684723,COc1ccc(-c2cc(OCCCCCC)c(-c3ccc(OC(=O)c4ccc(C(C)=O)cc4)cc3)cc2OCCCCCC)cc1,81.55306128,,,,
41977066,CCC(C)(C)C(=O)NC(=O)Oc1c(Br)cc(S(=O)(=O)c2cc(Br)c(O)c(Br)c2)cc1Br,,0.37549639,0.109,,
42779237,Cc1cccc(OCCCCCCCCCCCOC(=O)CCCCC(=O)OCCCCCCCCCCCOc2cccc(-c3nnc(C)s3)c2)c1,35.51374296,,,,
43489811,CCCCNC(=O)c1ccc(C(=O)NCCCOC)cc1,,0.32981777,,,
43517583,CCC(C)c1ccc(C)c(C)c1,,,0.1905,,
44130721,COc1ccc(OC(=O)c2cccc(Sc3ccc(OC(=O)c4ccc(C(=O)Oc5ccc(Sc6cccc(C(C)=O)c6)cc5)cc4)cc3)c2)cc1C,,0.35931108,,,
44332410,CCC(C)CCCCCCC,,0.40501273,0.2669999999999999,0.7966448,10.79657738
45108843,CO[Si](C)(CCC(F)(F)F)CCC(F)(F)C(F)(F)C(F)(F)C(F)(F)C(F)(F)C(F)(F)C(F)(F)C(F)(F)C(F)(F)C(F)(F)CC[Si](C)(C)CCC(F)(F)F,,0.36246435,,,
45704443,COc1ccc(C(C)(C)c2ccc(Oc3ccc(C(=O)c4ccc(C(c5ccc(C(=O)c6ccc(C)cc6)cc5)(C(F)(F)F)C(F)(F)F)cc4)cc3)cc2)cc1,,0.3798743,,,
45818224,COC(F)(F)C(F)(F)C(C)(F)F,,0.2987695,,,
45908417,CC(=O)c1cccc(C(=O)N(C)c2ccccc2)c1,,0.38456711,,,
46067784,CCC(C)(C)C(=O)OCc1ccc2c(c1)c1ccccc1n2CCCC,,0.3630391,,,
46369100,CNc1ccccc1C(C)(c1ccccc1N)c1ccccc1NC,,0.35719832,,,
46473006,CC=CC1CC(C)C(C#N)(CCC)C1,,0.39981874,,,
46656995,CCC(C)CCCN(CC(C)C)CC(C)C,,,0.201,0.817146131,9.7283551
47046176,Cc1ccc(Oc2ccc(C(=O)c3ccc(Oc4ccc(N5C(=O)c6ccc(Oc7cccc(Oc8ccc9c(c8)C(=O)N(C)C9=O)c7)cc6C5=O)cc4)cc3)cc2)cc1,,0.36207286,,,
48005195,CC=Nc1cccc(N=Cc2ccc(Sc3ccc(C)o3)o2)c1,122.5813993,,,,
48202315,Cc1ccc(Oc2ccc(Oc3ccc(P(=O)(c4ccccc4)c4ccc(Oc5ccc(Oc6ccc(-c7nc8cc9sc(C)nc9cc8s7)cc6)cc5)cc4)cc3)cc2)cc1,,0.40182864,,,
48308812,CCCCCCCNC(=O)C(=O)NC,,0.3220757,,,
48554956,Cc1ccc(NC=Nc2ccc(S(C)(=O)=O)cc2)cc1,,0.39082082,,,
48717962,CNc1ccc([C@](C)(c2ccccc2)c2cccc(NC)c2)cc1,,0.35081859,,,
49062920,CCCOCCOCCOC(=O)c1cc(N=Nc2ccc(OCC)cc2)ccc1-c1ccc(N=Nc2ccc(OCC)cc2)cc1C(=O)OC,,0.36389929,,,
49325830,CC(=O)c1ccc2c(c1)C(=O)N(c1ccc3c(c1)Cc1cc(N4C(=O)c5ccc(C)cc5C4=O)ccc1-3)C2=O,,0.38603498,,,
49367014,COc1cccc(C(=O)c2ccc(C)cc2)c1,,0.36502137,,,
49737348,Cc1ccc2c(c1)c1cc(C)ccc1n2CC,206.6525359,,,,
49886836,COc1ccc(C2(c3ccc(Oc4c(F)c(F)c(C(=O)c5c(F)c(F)c(C)c(F)c5F)c(F)c4F)cc3)c3ccccc3-c3ccccc32)cc1,,0.39033829,,,
50053709,CC(=O)c1ccc2c(c1)C(=O)N(c1cccc(C(=O)c3ccc(Oc4ccc(N5C(=O)c6ccc(C)cc6C5=O)cc4C(F)(F)F)cc3)c1)C2=O,,0.37058659,,,
50438012,CCCCCCCCCCOC(=O)c1ccc(C(=O)NCCCCCNC(=O)c2ccc(C(=O)OC)cc2)cc1,,,0.315,,
51223278,CC(=O)Oc1ccc(C(C)(C)c2ccc(OC(=O)c3ccc4c(c3)C(=O)N(c3cccc(N5C(=O)c6ccc(C)cc6C5=O)c3)C4=O)cc2)cc1,,0.3563254,,,
51367162,CC(=O)c1ccc2c(c1)C(=O)N(C1CCC(CC3CCC(N4C(=O)c5ccc(C)cc5C4=O)C(C)C3)CC1C)C2=O,,0.38365388,,,
51939851,Cc1ccc(Oc2ccc(C(c3ccc(Oc4ccc(-c5nnc(C)n5-c5ccccc5)cc4)cc3)(C(F)(F)F)C(F)(F)F)cc2)cc1,,0.38673273,,,
51976096,COc1ccc(CC(NC(=O)Cc2ccc(OC(=O)CC(C)CCC(C)=O)cc2)C(=O)OCCCCCCCC)cc1,,0.35062977,,,
52181246,C=C=C=C(COS(=O)(=O)c1ccc(OC)cc1)C(=C)COS(=O)(=O)c1ccc(OC)cc1,55.30555285,,,,
52357313,Cc1ccc(-c2ccc(C(C)(c3ccccc3)C(F)(F)F)cc2)cc1,,,0.233,1.06572076,19.28801766
52649125,COc1ccc(N=CCCCC=Nc2ccc(OC(=O)NC3CC(C)(C)CC(C)(CNC(C)=O)C3)cc2)cc1,,0.35087282,,,
52868719,CCC(C)C(=O)OCCSCCCC#N,,0.38452978,0.18,1.085387972,12.35091595
53248904,CCCCCCCCCCCn1c(=O)c2cc3c(=O)n(C)c(=O)c3c(Br)c2c1=O,137.1087261,,,,
53311142,CCCOC(=O)CC(C)OC,,0.33475958,,,
53548350,CNc1ccc(-c2ccc(NC)c3c2CCCC3)cc1,,0.35475566,,,
53844809,CCC(C)(C)C(=O)OCCCCCCCC[n+]1ccc(N(C)C)cc1,,0.36783355,,,
53951865,CNc1c(O)c(N)c(N)c(O)c1NC,,0.31749993,,,
54084083,CCC(C)CCCCC,,,0.2583999999999999,0.771934125,12.37609961
54206705,CC=C(C)C(CCCCCCC)[Si](C)(C)C,,0.41060554,,,
54625460,Cc1cccc(NC(=O)c2ccc(OCCOc3ccc(C(=O)Nc4ccc5[nH]c(C)nc5c4)cc3)cc2)c1,,0.35047536,,,
55326263,CC(=O)Nc1cccc(S(=O)(=O)c2cccc(NC(=O)c3ccc4c(c3)C(=O)N(c3ccc(-c5sc(-c6ccc(N7C(=O)c8ccc(C)cc8C7=O)cc6)c(-c6ccccc6)c5-c5ccccc5)cc3)C4=O)c2)c1,,0.38854979,,,
55400154,Cc1ccc(Cc2ccc(N3C(=O)c4ccc(Oc5ccc6c(c5)C(=O)N(C)C6=O)cc4C3=O)c(C(C)(C)C)c2)cc1C(C)(C)C,,0.40159385,,,
55701750,CCC(C)SCC,,0.43094205,,,
55715472,CNc1ccc(Cc2ccc(NC(=O)c3cc(NC(=O)c4ccncc4)cc(C(C)=O)c3)cc2)cc1,,0.34502809,,,
55938751,CN=P(C)(Oc1ccc(Cl)cc1)Oc1ccc(Cl)cc1,,0.39730375,,,
56235690,COc1ccc(C2(c3ccc(Oc4ccc5c(=O)n6c7cc(-c8ccc9c(c8)nc8c%10ccc(C)c%11cccc(c(=O)n98)c%11%10)ccc7nc6c6cccc4c56)cc3)c3ccccc3C(=O)c3ccccc32)cc1,,0.39530481,,,
56319655,COc1cccc2ccc(Oc3ccc(NC(=O)c4cc(C(=O)Nc5ccc(C)cc5)cc(C(C)(C)C)c4)cc3)cc12,,0.36260258,,,
56734204,CCC(C)(C)C(=O)OC1CCCCC1,,,0.2239999999999999,0.91386168,10.8595327
56881469,Cc1ccc2c(c1)C(=O)N(c1ccc(Oc3ccc(C(=O)c4ccc(Oc5ccc(N6C(=O)c7ccc(C(C)(C(F)(F)F)C(F)(F)F)cc7C6=O)cc5)cc4)cc3)cc1)C2=O,,0.38067611,,,
57070808,CC(=O)Nc1ccc(Oc2ccc(NC(=O)c3ccc4c(c3)C(=O)N(c3ccc(-c5sc(-c6ccc(N7C(=O)c8ccc(C)cc8C7=O)cc6)c(-c6ccccc6)c5-c5ccccc5)cc3)C4=O)cc2)cc1,,0.38843318,,,
57222914,CNc1ccc(C2(c3ccc(NC)cc3)C3=CCC=CC3=Cc3ccccc32)cc1,,0.36488932,,,
57727191,CCCCCCCNC(=O)CC/C=C/CCC(=O)NC,,,0.278,,
57989832,COC(COC(C)=O)COc1ccccc1,,0.33796381,,,
58312031,CC(=O)c1ccc(C(=O)N(C)c2ccccc2)c(Sc2ccccc2)c1,,0.3849002,,,
58492814,CC(=O)c1ccc2c(c1)C(=O)N(c1ccc(Cc3cccc(N4C(=O)c5ccc(C)cc5C4=O)c3)cc1)C2=O,,0.37263667,,,
59233337,Cc1cc(N2C(=O)c3ccc(Oc4cc5ccccc5cc4Oc4ccc5c(c4)C(=O)N(C)C5=O)cc3C2=O)cc(C(F)(F)F)c1,,0.37041296,,,
59411967,Cc1ccc(Oc2cc(C(C)(C)C)ccc2Oc2ccc(N3C(=O)c4ccc(-c5ccc6c(c5)C(=O)N(C)C6=O)cc4C3=O)cc2)cc1,,0.37867118,,,
59671897,CC(=O)c1ccc2c(c1)C(=O)N(c1ccc(Oc3ccc(C(C)(C)c4ccc(Oc5ccc(N6C(=O)c7ccc(C)cc7C6=O)cc5)cc4)cc3)cc1)C2=O,,0.37897847,,,
59967073,CNc1cccc(NC(=O)CCCCC(C)=O)c1,,0.32263599,,,
60015302,CCCCCOC(=O)OCC1CCC(COC(=O)OC)CC1,,0.33756711,,,
60029399,COc1ccc(Oc2ccc(C(=O)c3ccccc3)c(-c3cc(C)ccc3C(=O)c3ccccc3)c2)cc1,,0.37726196,,,
60738401,CCCC[Si](C)(C)O[Si](C)(C)CCCOc1ccc(C(=O)Oc2ccc(C#N)cc2)cc1,,0.38354504,,,
60763059,Cc1ccc(-c2cnc3ccc(S(=O)(=O)c4ccc5ncc(C)nc5c4)cc3n2)cc1,,0.4054389,,,
60840755,CCC(C)c1ccc(OC(C)=O)c(OC)c1,,0.349142,,,
61414691,COC(CCC)COC(C)=O,,0.35170263,,,
61470142,COc1ccc(Sc2ccc(Oc3ccc(-c4ccc(-c5ccc(-c6ccc(C)c(C(F)(F)F)c6)cc5)cc4)cc3C(F)(F)F)cc2)cc1,,0.37984577,,,
61636599,CNc1ccc(-c2ccc(NC)c(-c3ccc(C)cc3)c2-c2ccc(C)cc2)cc1,,0.37033233,,,
61782925,CCC(C)C(=O)OC(OCC)C(F)(F)F,,0.35306137,,,
61915107,Cc1ccc2c(c1)C(=O)N(c1cc(C)c(-c3c(C)cc(N4C(=O)c5ccc(C(C)(C(F)(F)F)C(F)(F)F)cc5C4=O)cc3C)c(C)c1)C2=O,,0.43074666,,,
62163979,CC(=O)OCCN(CCOC(=O)c1ccc2c(c1)C(=O)N(c1ccc(N=Nc3ccc(C(C#N)=C(C#N)C#N)cc3)c(N3C(=O)c4ccc(C)cc4C3=O)c1)C2=O)c1ccc(N=Nc2ccc(C(C#N)=C(C#N)C#N)cc2)cc1,,0.37162023,,,
62269402,COc1ccc(S(=O)(=O)c2ccc(Oc3c(C)cc(Cc4cc(C)c(C)c(C)c4)cc3C)cc2)cc1,,0.3923948,,1.073138282,20.42938322
62619308,CCC(C)(C)C(=O)OC(C)(C)C,,,0.1525,0.826660163,12.18535631
62619449,COc1ccc(C(=O)Nc2ccc(C(c3ccc(NC(=O)c4ccc(OC(=O)c5cccc(C(C)=O)c5)cc4)cc3)(C(F)(F)F)C(F)(F)F)cc2)cc1,,0.347323,,,
63090033,CCC(C)OC(=O)c1ccc(Cl)cc1,,0.36499516,,,
63333676,CCCCN(Cc1ccccc1)C(=O)SC,,0.36838082,,,
63397318,COc1ccc(Oc2ccc(C(=O)c3ccc(C)cc3)cc2)cc1S(=O)(=O)O,,0.36684049,,,
63969847,CCCCCCc1nc2cc3sc(C)nc3cc2s1,87.36313445,,,,
64606581,CCC1CCC(C)C1,42.35931484,,0.3353333333333333,0.892956655,21.77794424
64725995,CNc1c([C@H](C)CC)cc(C2(c3cc([C@H](C)CC)c(NC)c([C@H](C)CC)c3)c3ccccc3-c3ccccc32)cc1[C@H](C)CC,,0.41165064,,,
65098291,Cc1ccc(Oc2ccc(Oc3ccc(N4C(=O)c5ccc(Oc6ccccc6Oc6ccc7c(c6)C(=O)N(C)C7=O)cc5C4=O)cc3C(F)(F)F)cc2)c(C(F)(F)F)c1,,0.36614027,,,
66059501,COc1cccc2ccc(Oc3ccc(NC(=O)c4ccc(Oc5ccccc5Oc5ccc(C(=O)Nc6ccc(C)cc6)cc5)cc4)cc3)cc12,,0.35799579,,,
66287866,COc1ccc(C(c2ccccc2)c2ccc(OC(C)=S)cc2)cc1,,0.36796394,,,
66714118,Cc1ccc(Oc2ccc(Oc3ccc(N4C(=O)c5ccc(Oc6cccc7c6C(=O)N(C)C7=O)cc5C4=O)cc3)cc2)cc1,,0.36875438,,,
66764672,CC=CC1CC(C)C(C#N)(C[Si](C)(C)O[Si](C)(C)C)C1,,0.43283262,,,
66797597,CNc1ccc(-c2ccc(C(=Cc3ccccc3)c3ccc(-c4ccc(NC)cc4)cc3)cc2)cc1,,0.36634183,,,
67251636,COC(=O)C(C)NC(=O)CCCCCCCCCCC(=O)NC(C)C(=O)OC1COC2C(C)COC12,,0.34210323,,,
67510171,CC=C(C)c1c(F)c(F)c(CCCC)c(F)c1F,,0.41251953,,,
67637672,CC=CC1CC(C)C2C(=O)N(c3ccccc3Cl)C(=O)C12,,0.39149217,,,
67701587,COc1ccc(C(CC)(c2ccccc2)c2ccc(OC(=O)CCCCCCCCC(C)=O)cc2)cc1,,0.36176424,,,
67919894,COc1ccc(S(=O)(=O)c2ccc(Oc3ccc(C(C)(c4ccccc4)c4ccc(C)cc4)cc3)cc2)cc1,,0.37844588,,1.144330703,21.53470493
68067670,CNc1ccc(C2(c3ccc(NC(=O)c4ccc(-c5ccc(C(C)=O)c(C)c5)cc4C)cc3)c3ccccc3-c3ccccc32)cc1,,0.38008517,,,
68287641,CNc1ccc(-c2ccc(NC)c(-c3ccccc3-c3cccc4ccccc34)c2-c2ccccc2-c2cccc3ccccc23)cc1,,0.36814299,,,
68342514,CCC(C)(C)C(=O)OCCN(C)c1ccc(C=Cc2ccc([N+](=O)[O-])cc2)cc1,,0.35608042,,,
68581387,CCCCCc1nc(-c2ccc(-c3csc(C)n3)cc2)cs1,110.5188915,,,,
68792546,CCCCCCCCCCCC(=O)NCCCCCCNC(=O)CCCCOC,,,0.3565,0.939635943,24.65708372
68905066,CNc1ccc(CC(C)(C)NC(=O)c2ccc(C(C)=O)cc2)cc1,,0.34949792,,,
69087168,CNc1ccc(-c2cccc(C[C@@H](C)c3ccc(NC)cc3)c2)cc1,,0.35001333,,,
69121777,CCC(O)COc1ccc(C(C)(C)c2ccc(OCC(O)COc3ccc(C(=O)Nc4ccc(OC)cc4)cc3)cc2)cc1,,0.34123375,,,
69694252,CCCOC(=O)CCCCCC(=O)OC,,0.3344037,,,
70273581,COc1ccc(OC(=O)c2ccc(C(C)=O)cc2)cc1-c1ccccc1,65.88587862,,,,
70329705,CCC(COC(F)(C(F)(F)F)C(F)(F)F)OC,,0.33503076,,,
70414190,COc1ccc(CC(NC(=O)CCc2ccc(OC(=O)CCCCC(C)=O)cc2)C(=O)OC(C)CC)cc1,,0.34508223,,,
71102106,C/C=C/c1ccc(C)cc1,43.3930774,,,1.006135387,25.25187791
71135797,CCCCCCCN1C(=O)c2ccc(C(=O)Oc3ccc(-c4ccc(OC(=O)c5ccc6c(c5)C(=O)N(C)C6=O)cc4)cc3)cc2C1=O,,0.34204989,,,
71203158,COc1ccc(C2(c3ccc(OC(=O)CCCCCCCC(C)=O)cc3)c3ccccc3-c3ccccc32)cc1,,0.3625688,,,
71861682,CC(=O)c1ccc2c(c1)C(=O)N(c1ccc(Cc3ccc(C(=O)c4cccc(N5C(=O)c6ccc(C)cc6C5=O)c4)cc3)cc1)C2=O,,0.36767673,,,
72083210,COc1ccc(CC(NC(=O)CCc2ccc(OC(=O)COCC(C)=O)cc2)C(=O)OC(C)CC)cc1,,0.341417,,,
72192148,CC(=O)c1ccc2c(c1)C(=O)N(c1ccc(Cl)c(N3C(=O)c4ccc(C)cc4C3=O)c1)C2=O,,0.38538463,,,
72343609,Cc1ccc(C(=O)NCCCCCCNC(=O)c2ccc(-c3nc4ccccc4nc3C)cc2)cc1,,0.36004959,,,
72459734,COC1C(COCO)OC(C)C(O)C1O,,0.29530816,,,
72780876,COc1ccc(NC(=O)c2ccc(C(=O)Nc3ccc(Oc4ccc(C5(c6ccc(C)cc6)CC6CCC5C6)cc4)cc3)cc2)cc1,,0.36666266,,,
73164224,CNc1cc(NC)c(O)cc1O,,0.30277596,,,
73437424,Cc1ccc(Sc2ccc(S(C)(=O)=O)cc2)cc1,,0.38393848,,,
73489735,CCCN(C)C(=O)c1c(F)c(F)c(F)c(F)c1F,,0.33673412,,,
74066581,COc1ccc2ccc(OC(=O)c3ccc(Oc4ccc(C(C)=O)cc4)cc3)cc2c1,,0.34864845,,,
74313131,COC(COC(=O)c1cccc(-c2ccc(C(C)=O)cc2)c1)COc1ccc(N=Nc2ccc(C#N)cc2)cc1,,0.35765237,,,
74688893,CCC(C)(CC(=O)OCCCCC)C(=O)OCCCCC,,0.38050025,0.215,0.955743343,10.24635518
74865291,COC(=O)OCCOCCOC(=O)OC1COC2C(C)COC12,,0.31603172,,,
75135470,CCC(C)(C)C(=O)OCCCCCCOc1ccc(C(=O)Oc2ccc(N=Nc3ccc(C#N)cc3)c3ccccc23)cc1,,0.35826873,,,
75252869,CO[Si](C)(C)CCCCCCn1c2ccccc2c2ccccc21,,0.37569363,,,
75381552,Cc1ccc(Oc2ccc(N3C(=O)c4cc(-c5ccc(C(C)(C)C)cc5)c(-c5cc6c(cc5-c5ccc(C(C)(C)C)cc5)C(=O)N(C)C6=O)cc4C3=O)cc2)cc1,,0.40978294,,,
75443529,CCCCCCCCOc1ccc(C=C(C)c2ccc(OC)cc2)cc1,36.76976951,,,,
75466481,CNc1c(NC)c2cccc3ccc4cccc1c4c32,,0.34202194,,,
75536580,COc1ccc(NC(=O)c2ccc(S(=O)(=O)c3ccc(C(=O)Nc4ccc(Oc5ccc(C6(c7ccc(C)cc7)C7CC8CC(C7)CC6C8)cc5)cc4)cc3)cc2)cc1,,0.36857397,,,
75538162,CNc1ccc([C@H]2SC=C(c3ccccc3)[C@@]2(c2ccccc2)c2ccc(NC)cc2)cc1,,0.36360706,,,
75851204,CC[Si](C)(CCCCCC)CCCCCC,,0.40662633,,,
76090504,CCC(C)OC(=O)C(Cl)(Cl)Cl,,0.35515201,,,
76415472,COc1ccc2cc(Oc3ccc(C(=O)c4ccc(C)cc4)cc3)ccc2c1,,0.37630261,,,
76724169,CCCCC=C(C)c1ccc(OC)cc1,,0.37755684,,,
76990549,COc1ccc(CC(NC(=O)CCc2ccc(OC(=O)CCCCCCCCC(C)=O)cc2)C(=O)OCCOCCOCC)cc1,,0.35064415,,,
77456502,Cc1ccc(-c2nc3cc(S(=O)(=O)c4ccc5nc(-c6ccccc6)c(-c6ccc(N7C(=O)C8OC9C(=O)N(C)C(=O)C9C8C7=O)cc6)nc5c4)ccc3nc2-c2ccccc2)cc1,373.476202,,,,
79415769,CCCOC(=O)N(C)c1ccc(C)c(N(C)C(=O)OC)c1,42.46691504,,,,
79940149,CNCCCCCCNc1nc(C)nc(-c2ccccc2)n1,,0.39025113,,,
80116442,CCCOC(=O)CCCCCCCCC(=O)OCCOC(=O)c1ccc(C(=O)OC)cc1,,0.34043284,,,
80376161,COc1ccc(Oc2ccc(C(=O)c3ccc(C(=O)c4ccc(C)cc4)cc3)cc2)cc1-c1ccc(S(=O)(=O)O)cc1,,0.37247097,,,
80487296,CC=Cc1c(OC(=O)c2ccc(C(=O)Oc3cccc4ccc(C)nc34)cc2)ccc2ccccc12,,0.36132487,,,
80883741,CNC(C#N)=C(C#N)NC(=O)c1ccc(C(C)=O)cc1,,0.34231811,,,
80922127,CNc1ccc(C2(c3ccc(NC)cc3)[C@H]3C[C@@H](C)C[C@@H]2C[C@@H](C)C3)cc1,,0.37552155,,,
80929895,CCC(O)COc1ccc(C(C)(C)c2ccc(OCC(O)CN3CCN(C)CC3)cc2)cc1,,0.35130308,,,
81065395,CNc1ccc(C2(c3ccc(NC)cc3)CCCCCCC2)cc1,,0.35406496,,,
81137216,CCCCCCCCCNC(=O)CCCCCCCCCCCCCCCCCCCCC(=O)NC,,0.37913267,0.425,0.889143617,23.85283439
81531670,CCCCC1CCN(SC(=O)OCCCCOC(=O)SN2CCC(C)CC2)CC1,-6.032415023,,,,
81725470,C/C=C/c1cc(OCC(CC)CCCC)c(C)cc1-c1ccc(N(c2ccc(OC)cc2)c2ccc(OC)cc2)cc1,,,0.242,0.969832402,13.49779574
82529518,CNC1=CC[C@@H](C(c2ccc(N)cc2)(c2ccc(NC)cc2)c2ccc(N)cc2C)C=C1,,0.37144246,,,
82633177,CC1Cc2ccccc2C1C,,0.42698874,0.13,0.889251685,12.77290213
82784880,CCC(C)C(=O)Oc1ccc(C(=O)OC)cc1,,0.3308451,,,
82911538,CNc1ccc(-c2ccc3c(c2-c2ccc(NC)cc2)Cc2ccccc2-3)cc1,,0.35793265,,,
82950702,CCCCCOC(=O)c1ccc2cc(C(=O)OC)ccc2c1,,0.34443591,,,
82977315,CCCCCCCCCCCCCCCCCCCCCOC(=O)CCCCCCCC(=O)OC,,,0.507,0.89522718,20.57750836
83711501,CNCCCCCCNC,,0.328363025,,,
83752896,CCC(C)c1cccc(Br)c1,,0.42093042,,,
83890516,CCC(C)c1ccc(COCC(F)(F)C(F)(F)C(F)(F)C(F)(F)F)cc1,,0.35853406,,,
84000426,Cc1ccc(C(c2ccc(-c3nc4ccc(-c5ccc6nc(C)[nH]c6c5)cc4[nH]3)cc2)(C(F)(F)F)C(F)(F)F)cc1,,0.42292902,,,
84183521,CNc1ccc([C@H](CCC)c2ccc(C(CCCC)c3ccc([C@@H](CCC)c4ccc(NC)cc4)cc3)cc2)cc1,,0.36924197,,,
84553861,CCC(C)[Si](C)(C)C,,0.41330473,,,
84753546,Cc1ccc(Oc2cccc(Oc3ccc(N4C(=O)c5ccc(Oc6ccc(Sc7ccc(Oc8ccc9c(c8)C(=O)N(C)C9=O)cc7)cc6)cc5C4=O)cc3)c2)cc1,,0.36216048,,,
85350789,CO[Si](C)(CCCOCCOC)CCCOCCOC,,0.37513853,,,
85512320,Cc1ccc(Oc2cccc(N3C(=O)c4ccc(Oc5cc6ccccc6cc5Oc5ccc6c(c5)C(=O)N(C)C6=O)cc4C3=O)c2)cc1,,0.365223,,,
86043004,Cc1ccc2c(c1)Sc1cc(-c3ccc(-c4ccc(C)s4)s3)ccc1N2CCCCCC,,0.48499786,,,
86169021,CNc1ccc(Cc2ccc(C3(c4ccc(Cc5ccc(NC)cc5)cc4)CCC(CC[C@H]4CC[C@H](CCCC)CC4)CC3)cc2)cc1,,0.36481591,,,
86465615,CC1C(=O)OC(=O)C1C1C2CC(C(=O)OCCOCC)C(C2)C1C,,0.32509916,,,
86721128,Cc1ccc(C(C#N)(C(=O)OCCCC)C(C)(C#N)C(=O)OCCCC)cc1,,0.39356228,,,
86909617,CNc1ccc2c(c1)C1(c3ccccc3-2)c2ccccc2-c2ccc(NC)cc21,,0.37643744,,,
86993682,COc1cccc2c(OC3(F)C(C)(F)C(F)(F)C3(F)F)cccc12,,0.3436634,,,
87338341,CCCCCCCCCOc1cccc(NC(=O)c2cccc(C(=O)Nc3cccc(OC)c3)c2)c1,,0.35145128,,,
87721068,CCC#CCOC(=O)NCCCCCCNC(=O)OC,,0.34308994,,,
88136935,CC=CC1CC(C)C2C(=O)N(c3ccccc3C)C(=O)C12,,0.36253604,,,
88832421,CCCCC(Cl)C(C)Cl,,0.38583905,,,
89077090,CCc1ccc(CN(CC)C(=O)CCCCCCCCCCCCCCCCC(=O)N(C)CC)cc1,4.279694171,,,,
89099554,CCC(C)(CC(=O)OCCc1ccccc1)C(=O)OCCc1ccccc1,,0.35265054,0.199,1.092735648,10.74609762
89164117,Cc1ccc(Oc2cccc(Oc3ccc(N4C(=O)c5cccc(Oc6ccc(Sc7ccc(Oc8cccc9c8C(=O)N(C)C9=O)cc7)cc6)c5C4=O)cc3)c2)cc1,,0.36405508,,,
89377326,CNc1ccc(-c2ccc(NC)c(-c3ccccc3)c2-c2cccc3ccccc23)cc1,,0.3649896,,,
89692209,Cc1ccc(Oc2ccc(-c3ccc(Oc4ccc(N5C(=O)c6ccc(Oc7cccc(Oc8ccc9c(c8)C(=O)N(C)C9=O)c7)cc6C5=O)cc4)cc3)cc2)cc1,,0.36204045,,,
90074942,COc1ccc(OC(=O)c2ccc(OCCCCCCOc3ccc(C(C)=O)cc3)cc2)cc1S(=O)(=O)c1ccccc1,,0.35188537,,,
90183382,CCC(C)C(=O)OC12CC3CC(CC(C3)C1)C2,,0.38043932,,,
90208491,COc1ccc(NC(=O)c2cc(C(=O)Nc3ccc(C)cc3)cc(C(F)(F)C(F)(F)C(F)(F)C(F)(F)C(F)(F)C(F)(F)C(F)(F)C(F)(F)F)c2)cc1,,0.33785141,,,
90217162,CCC(OC(=O)C(Cc1ccccc1)NC(=O)OC(C)(C)C)C(COC(=O)OC)OC(=O)C(Cc1ccccc1)NC(=O)OC(C)(C)C,,0.35315661,,,
90460674,Cc1cccc(OCCCCCOc2cccc(N3C(=O)c4ccc(-c5ccc6c(c5)C(=O)N(C)C6=O)cc4C3=O)c2)c1,,0.34628726,,,
90954727,CON(C(F)(F)F)C(F)(Cl)C(C)(F)F,,0.31968065,,,
91029862,Cc1ccc(Oc2ccc(-c3cc(-c4cccc(-c5cc(C)c6ccccc6n5)c4)nc4ccccc34)cc2)cc1,,0.40199506,,,
91669068,COc1ccc(Nc2ccc(S(=O)(=O)c3ccc(Nc4ccc(Oc5ccc(C(C)(C)c6ccc(C)cc6)cc5)cc4)cc3)cc2)cc1,,0.38534918,,,
91718962,COC(CCC)CCC(C(C)=O)C1OCCCO1,,0.36177328,,,
91927958,CCC(C)(C)C(=O)OCCCN(C)c1ccc(N(C)C)cc1,,0.36463818,,,
92209780,CCC(CCCCCCCCCCCCCCCC)C1C(=O)N(CCCCNC(=O)C(F)(F)C(F)(F)C(F)(F)C(F)(F)C(F)(F)C(F)(F)C(F)(F)F)C(=O)C1C,,0.35619083,,,
92330874,COc1ccc(Cc2ccc(OC(=O)c3cc(OCCCCC)cc(C(C)=O)c3)cc2)cc1,,0.3613898,,,
92595615,CCC(C)C(=O)OCCCCCCOC(=O)c1ccc(OC(=O)c2ccc(C#N)cc2)cc1,,0.35001678,,,
92619090,CCC(C)C(=O)Oc1ccc(C)cc1,,0.3609429,0.193,1.051609028,13.5752804
92814383,CCCCCCCCCCCCCCCCCCCCCCC(=O)NC,,,0.4325,0.866351429,21.86411406
92922401,Cc1ccc2c(c1)C(=O)N(c1ccc(C(=O)Nc3ccc(C(c4ccc(NC(=O)c5ccc(N6C(=O)c7ccc(C(C)(C(F)(F)F)C(F)(F)F)cc7C6=O)c(C)c5)cc4)(C(F)(F)F)C(F)(F)F)cc3)cc1C)C2=O,,0.36870251,,,
92946122,CC(=O)Nc1ccc(Oc2ccc(NC(=O)c3ccc4c(c3)C(=O)N(c3ccc(Oc5ccc(N6C(=O)c7ccc(C)cc7C6=O)cc5-c5ccccc5)c(-c5ccccc5)c3)C4=O)cc2)cc1,,0.36600725,,,
93073928,CNc1ccc(-c2c(-c3ccc(NC)c(-c4ccc(N)cc4)c3-c3ccc(N)cc3)ccc(N)c2-c2ccc(N)cc2)cc1,,0.35447107,,,
93319116,CCOCOc1ccc(C(=O)OC(=O)c2ccc(OC)cc2)cc1,,0.32347655,,,
93467042,CNc1ccc(/C=C/c2ccccc2)c(/C=C/c2ccccc2)c1NC,,0.35176694,,,
94248723,CCC(C)C(=O)OCCCOC,,0.34969049,,,
94344742,Cc1ccc(Oc2ccc(C(=O)c3ccc(Oc4ccc(-c5nnc(C)c6c(-c7ccccc7)c(-c7ccc8ccccc8c7)c(-c7ccc8ccccc8c7)c(-c7ccccc7)c56)cc4)cc3)cc2)cc1,,0.39742985,,,
94543909,CCC(CCCCCCOc1ccc(N=Nc2ccc(Br)cc2)cc1)COC(=O)CCCCC(=O)OC,,0.37066043,,,
95310452,CCC(C)c1ccccc1C(=O)OCC,,0.36304161,0.1816666666666666,,
95396471,Cc1ccc2c(c1)C(CCCCCC)(CCCCCC)c1cc(C)ccc1-2,,0.42664647,,,
95579704,CNc1cc(C(c2ccccc2)([C@@H]2C[C@@H](C)CC[C@H]2C(C)C)[C@@H]2C[C@@H](C)CC[C@H]2C(C)C)c(CC)c(CC)c1NC,,0.3914683,,,
95950675,Cc1ccc(Oc2ccc(-c3ccc(Oc4ccc(N5C(=O)c6ccc(Oc7c(C)cc(C(C)(C)c8cc(C)c(Oc9ccc%10c(c9)C(=O)N(C)C%10=O)c(C)c8)cc7C)cc6C5=O)cc4)cc3C)c(C)c2)cc1,,0.3950498,,,
96953852,CNc1cc2ccccc2c(NC)c1-c1ccc2ccccc2c1,,0.3505442,,,
97597340,CCCCCCCCCCCCCCCCCOC(=O)NCCCCCCNC(=O)OC,,0.37330351,0.348,,
97633900,CC=Cc1ccc(N=Nc2ccc(N(C)CCOC(=O)Nc3ccc(C)c(NC(=O)OCCN(C)c4ccc(N=Nc5ccc(C=CC6=CC(=C(C#N)C#N)C=C(C)O6)cc5)cc4)c3)cc2)cc1,,0.37425307,,,
98585154,Cc1ccc(-c2cnc3cc(S(=O)(=O)c4ccc5nc(C)cnc5c4)ccc3n2)cc1,,0.43056013,,,
98641557,COc1ccc(Oc2ccc(C(=O)c3ccc(C(=O)c4ccc(C)cc4)cc3)cc2)cc1-c1ccc(S(=O)(=O)O)c(C)c1,,0.36929236,,,
98940224,COc1ccc(S(=O)(=O)c2ccc(Oc3ccc(NC(=O)c4ccc(-c5ccc(C(=O)Nc6ccc(C)cc6)c(C)c5)cc4C)cc3)cc2)cc1,,0.36387145,,,
99321215,COc1ccc(C(C)(C)c2ccc(OC(=O)OCCN(CCOC(C)=O)c3ccc4[nH]c5ccccc5c4c3)cc2)cc1,,0.3473227,,,
99440116,CCC(C)(C)C(=O)OCCCCCCCCCCOc1ccc(N=Nc2ccc(F)cc2)cc1,,0.37077177,,,
99885429,COc1ccc(C(=O)Nc2ccc(Br)cc2-c2ccc(NC(=O)c3ccc(C)cc3)cc2)cc1,,0.36393423,,,
99908460,CCC(C)(C)C(=O)Oc1ccc(C(=O)Oc2ccc(Oc3ccccc3)cc2)cc1,,0.34257003,,,
100028701,CNc1nnc(-c2nnc(NC)n2N)n1N,,0.3228214,,,
100174621,CCC(C)(C)C(=O)OC1CCC(C(C)(C)C)CC1,,0.38851796,0.153,0.856410503,10.86090269
100767985,CCCCCCCCCCOC(=O)Nc1ccc(C)c(NC(=O)OC)c1,,0.35104794,,,
101151007,CC=Cc1cccc(OC(=O)CCCCCCCCC(=O)Oc2cccc(-c3nnc(C)s3)c2)c1,,0.35908585,,,
101268497,CCC(c1ccccc1)C1C(=O)N(C(C)(C)C)C(=O)C1C,,0.37467147,,,
101351388,CCCc1ccc(CCNC(=O)CCCCCCCCCC(=O)NC)cc1,,0.35500792,,,
101355121,CNc1ccc2c(c1)[C@@H]1c3ccc(N)cc3[C@H]2c2cc(NC)ccc21,,0.38382631,,,
101541565,Cc1ccc2c(c1)C(CCCCCCCC)(CCCCCCCC)c1cc(-c3ccc(C)c4nsnc34)ccc1-2,,0.4103927,,,
101762204,Cc1ccc(Oc2ccc(C(=O)c3ccc(Oc4ccc(N5C(=O)c6ccc(-c7ccc8c(c7)C(=O)N(C)C8=O)cc6C5=O)cc4)cc3)cc2)cc1,,0.36946761,,,
102315862,COP(=O)(Oc1ccc(S(=O)(=O)c2ccc(C)cc2)cc1)OC1CCCCC1,,0.36199402,,,
102324503,COc1ccc(C(C)(C)c2ccc(OC(=O)c3ccc(C(C)(CC)c4ccc(C(C)=O)cc4)cc3)cc2)cc1,,0.37130166,,,
102434627,COc1ccc(Oc2ccc(NC(=O)c3ccc(Oc4ccc(C(C)(C)c5ccc(C(C)(C)c6ccc(Oc7ccc(C(=O)Nc8ccc(C)cc8)cc7)cc6)cc5)cc4)cc3)cc2)cc1,,0.36683276,,,
102464376,CNc1ccc(/C=C/c2c3ccccc3c(-c3c4ccccc4c(CCc4ccc(NC)cc4)c4ccccc34)c3ccccc23)cc1,,0.36999333,,,
102545459,CCc1ccc(CNC(=O)CCCCCCCCCC(=O)NC)cc1,,0.35148366,,,
102606896,CCCCCCCCCCCC(=O)NC,,0.36981309,,,
102779162,Cc1cc(CCCCCCCCCCCCCCCCCCCCCC)c(C)s1,,,0.39725,0.883511374,15.35786351
103257739,Cc1ccc2c(c1)C(=O)N(c1cccc(C(c3ccccc3)(c3cccc(N4C(=O)c5ccc(C(C)(C(F)(F)F)C(F)(F)F)cc5C4=O)c3)C(F)(F)F)c1)C2=O,,0.38996211,,,
103265366,CCCN(C)C(=O)c1ccc(F)c(F)c1F,,0.34115264,,,
103451865,CO[Si](C)(C)C#C[Si](C)(C)C#C[Si](C)(C)C#C[Si](C)(C)C#C[Si](C)(C)C,,0.49824253,,,
103929649,COc1ccc(C(C)(C)c2ccc(Oc3ccc4c(c3)C(=O)N(N3C(=O)c5ccc(C)cc5C3=O)C4=O)cc2)cc1,,0.37987007,,,
104251154,CNc1ccc(-c2ccc(NC(=O)c3cccc(C(C)=O)c3)cc2)cc1,,0.34734825,,,
104578958,Cc1cccc(N2C(=O)c3cccc(Oc4c(C)cc(Cc5cc(C)c(Oc6cccc7c6C(=O)N(C)C7=O)c(C)c5)cc4C)c3C2=O)c1,,0.38564585,,,
104743895,CC1CCCCC1S(C)(=O)=O,,0.35327947,,1.174206042,15.15828898
104905382,COc1ccc(S(=O)(=O)c2ccc3cc(S(=O)(=O)c4ccc(Oc5c(C)cc(-c6cc(C)c(C)c(C)c6C)c(C)c5C)cc4)ccc3c2)cc1,,0.39776859,,,
104973461,CCCN(CCOC(=O)NCCCCCCNC(=O)OC)c1ccc(/N=N/c2ccc([N+](=O)[O-])cc2)c(C)c1,,,,1.1275851,
105391120,Cc1ccc(Oc2ccc(N3C(=O)c4ccc(Oc5ccccc5Oc5ccc6c(c5)C(=O)N(C)C6=O)cc4C3=O)cc2)cc1,,0.36153949,,,
105613036,Cc1ccc2c(c1)C(=O)N(c1ccc(OCCN(CCOc3ccc(N4C(=O)c5ccc(C(C)(C(F)(F)F)C(F)(F)F)cc5C4=O)cc3)c3ccc(C(C#N)=C(C#N)C#N)cc3)cc1)C2=O,,0.35967534,,,
105789643,Cc1ccc(Oc2cccc(Oc3ccc(N4C(=O)c5ccc(Oc6cc7ccccc7cc6Oc6ccc7c(c6)C(=O)N(C)C7=O)cc5C4=O)cc3)c2)cc1,,0.36484641,,,
106050783,Cc1ccc(Oc2cc(C(C)(C)C)c(Oc3ccc(N4C(=O)c5ccc(Oc6ccc7c(c6)C(=O)N(C)C7=O)cc5C4=O)cc3)cc2C(C)(C)C)cc1,,0.40376048,,,
106083096,CNc1c(/C=N/O)cc(/C=N/O)c(NC)c1N,,0.3106329,,,
106612314,Cc1ccc(Oc2ccc(S(=O)(=O)c3ccc(Oc4ccc(-c5c6c(c(C)c7ccccc57)C(=O)N(c5ccc(Cl)cc5)C6=O)cc4)cc3)cc2)cc1,,0.38149457,,,
106732867,CC(=O)Nc1ccc(Oc2ccc(C(c3ccc(Oc4ccc(NC(=O)c5ccc6c(c5)C(=O)N(c5ccc(Oc7ccc(C8(c9ccc(Oc%10ccc(N%11C(=O)c%12ccc(C)cc%12C%11=O)cc%10)cc9)CC9CC8C8CCCC98)cc7)cc5)C6=O)cc4)cc3)(C(F)(F)F)C(F)(F)F)cc2)cc1,,0.37100735,,,
106795224,CCCCCCCCCCCCC(=O)Oc1ccc(C2(c3ccc(OC(=O)c4ccc5c(c4)C(=O)N(C)C5=O)cc3)CCCCC2)cc1,,0.35744625,,,
106825904,CCC(C)C(=O)OCCCCCCOc1ccc(C=Nc2ccc(OCCCCC)cc2)c(O)c1,,0.36508444,,,
106963136,Cc1ccc2c(c1)C(=O)N(c1cccc(C(F)(F)C(F)(F)C(F)(F)c3cccc(N4C(=O)c5ccc(C(F)(F)C(F)(F)C(C)(F)F)cc5C4=O)c3)c1)C2=O,,0.35278394,,,
107158685,COc1ccc(-c2ccc(Oc3ccc(C(=O)c4c(C(=O)c5ccc(C)cc5)c(-c5ccc(F)cc5)c(-c5ccc(F)cc5)c(-c5ccc(F)cc5)c4-c4ccc(F)cc4)cc3)cc2)cc1,,0.40390264,,,
107530968,CCCCCCCCCCCCCOc1ccc(CCc2ccc(OC)cc2C)cc1,,0.37988049,,,
107562247,COc1ccc(C(=O)Nc2cc(C(c3ccc(C)c(NC(=O)c4ccc(OC(=O)c5cccc(C(C)=O)c5)cc4)c3)(C(F)(F)F)C(F)(F)F)ccc2C)cc1,,0.34711182,,,
108528555,CNc1c(CCCCC)c2ccc3cccc4ccc(c1NC)c2c34,,0.34744506,,,
108998578,Cc1ccc(Sc2cccc(Sc3ccc(S(C)=O)cc3)c2)cc1,,0.37723883,,,
109027922,Cc1cc(C=Nc2ccc3c(c2)c2cc(N=Cc4cc(C)c(O)c(C)c4)ccc2n3CCCCCC)ccc1O,,0.37196889,,,
109081671,CCCN(C)C(=O)C(C)C,,0.3630483,,,
109313016,Cc1cc(N2C(=O)c3ccc(Oc4ccc5c(c4)C(=O)N(C)C5=O)cc3C2=O)c(O)cc1O,,0.36149499,,,
109395625,CCC(C)(C)C(=O)Oc1c(Cl)c(Cl)c(Cl)c(Cl)c1Cl,,0.36603626,0.0829999999999999,1.354866985,14.15089535
109705207,CNc1c(N)c(N)c2c(c1NC)C(C=C)(C=C)OC2=O,,0.32341384,,,
110596247,CNc1ccc(NC(=O)c2ccc(NC(=O)CCCCCCCCC(=O)Nc3ccc(C(C)=O)cc3)cc2)cc1C(=O)OCCCCCCCCCCCC,,0.35205318,,,
110986650,CCCCCCCCCNC(=O)c1ccc(C(=O)NC)c(Sc2ccccc2)c1,,0.3581334,,,
111009795,COc1ccc(NC(=O)CCCCCCC(=O)Nc2ccc(C)cc2)cc1,,0.34325805,,,
111108341,CO[Si](C)(C)O[Si](C)(C)O[Si](C)(C)O[Si](C)(C)O[Si](C)(C)O[Si](C)(C)OC1=C(C)c2cccc3cccc1c23,,0.42229227,,,
111650158,Cc1cccc(Oc2ccc(Oc3cccc(N4C(=O)c5ccc(Oc6ccc7c(c6)C(=O)N(C)C7=O)cc5C4=O)c3)cc2)c1,,0.35930853,,,
111668732,COc1cccc(OC(=O)Oc2ccc(C(C)(C)c3ccc(OC(C)=O)cc3)cc2)c1,,0.34341642,,,
111707044,CNc1ccc(C2(c3ccc(NC)cc3)CCC[C@@H](CC=C)C2)cc1,,0.3496808,,,
111708400,CCCC(C)(C)CC(C)COC(=O)CCCCC(=O)OC,,0.34655026,,,
112017015,COc1ccc(NC(=O)c2cc(C(=O)Nc3ccc(C)cc3)c(C(=O)OCC)cc2C(=O)OCC)cc1,,0.34702207,,,
112351140,CCCC(F)(F)C(C)(F)Cl,-41.84388225,,,,
112553722,CNc1ccc(CC(C)=O)cc1,63.68828699,,,,
112989596,CCCOCCOC(=O)CC(=O)OC,,0.31955507,,,
113181684,CC/C=C\C[Si](C)(C)C,,0.41205158,,,
113263690,CNc1ccc(C(c2ccccc2)(c2ccccc2)c2ccc(NC)cc2)cc1,,0.36641724,,,
113817075,CCC(C)c1ccc(C(Cc2ccccc2)=NO)cc1,,0.35451524,,,
113985401,CNc1ccc(Sc2ccc(NC)cc2)cc1,,0.34614089,,,
114257024,COc1ccc(S(=O)(=O)c2ccc(Oc3ccc(C=Nc4ccc(Oc5ccc(N=Cc6ccc(C)cc6)cc5)cc4)cc3)cc2)cc1,,0.37338058,,,
114287113,CC=Cc1cc(OCC2CC3CC2C2CCCC32)c(C)cc1OC,,0.36979921,,,
114988183,Cc1c(C)cc(Cc2cc(C)c(N3C(=O)c4ccc(Oc5c(C)cc(Cc6cc(C)c(Oc7ccc8c(c7)C(=O)N(C)C8=O)c(C)c6)cc5C)cc4C3=O)c(C)c2)cc1C,,0.40345337,,,
115242060,CCCOC(=O)Nc1ccc(Cc2ccc(NC(=O)OCCOc3ccc(C(C)(C)c4ccc(OC)cc4)cc3)cc2)cc1,,0.3438323,,,
115627985,CNc1ccc(C2(c3ccc(NC)cc3)CCC[C@@H](CCCCCCCCCCCCCCC)C2)cc1,,0.36007197,,,
116018739,CC(C)=C(C)CCCCC,,0.40782502,,,
116082085,CNc1ccc(-c2ccc(NC)c(CC=C)c2CC=C)cc1,,0.3502113,,,
116488904,CCCCCCCCCCCCCOC(=O)CCCCCCCCCCCCC(=O)OC,,,0.294,0.910678639,20.53765653
116842973,CNc1ccc(-c2cccc(NC)c2-c2ccccc2)cc1,,0.35759716,,,
116907306,CCC(C)(C)C(=O)OCCOCCOc1ccc(N=Nc2ccc(C#N)cc2)cc1,,0.356451,,,
117726673,COc1ccc(OC(=O)c2ccc(C(C)=O)cc2Oc2ccc(C(C)(C)c3ccccc3)cc2)cc1,,0.35725227,,,
118056137,CCC(C)OC(=O)C(F)(F)C(F)(F)C(F)(F)F,,0.33120706,,,
118556246,COc1c(C)cc(-c2cc(CBr)c(Oc3ccc(C(=O)c4ccc(C)cc4)cc3)c(CBr)c2)cc1CBr,,0.4178534,,,
118829848,CCC1CC2CC1C1CCC(CN3C(=O)c4ccc(-c5ccc6c(c5)C(=O)N(C)C6=O)cc4C3=O)C21,,0.3636249,,,
118919299,CC(=C(C)c1ccc(C(C)(C)C)cc1)c1ccccc1,,0.47395904,,,
118991284,CCCOCCOC(=O)C(C)C(=O)OC,,0.33298601,,,
119301714,CCCNC(=O)CCCCCCCC(=O)NCCNC(=O)C(=O)NC,112.5256843,,,,
119392727,CNc1ccc(C(c2ccc(NC(=O)c3ccc(C(C)=O)cc3)cc2)(C(F)(F)F)C(F)(F)F)cc1,,0.35699838,,,
120060047,COc1ccc(C2(c3ccc(OC(C)=O)cc3)c3cc(N(C)C)ccc3-c3ccc([N+](=O)[O-])cc32)cc1,,0.38701526,,,
120425171,CCCCCCCCCC(c1ccc(O)cc1)C(C)c1ccc(O)cc1C,,0.37294076,,,
120794322,Cc1ccc(-c2nc3ccc(-c4ccc5nc(C)c(-c6ccccc6)c(-c6ccccc6)c5c4)cc3c(-c3ccccc3)c2-c2ccccc2)cc1,,0.43936443,,,
121214961,COc1ccc(S(=O)(=O)c2ccc(Oc3ccc(C(c4ccc(C)cc4)(C(F)(F)F)C(F)(F)F)cc3)cc2C(O)(C(F)(F)F)C(F)(F)F)c(C(O)(C(F)(F)F)C(F)(F)F)c1,,0.35851232,,,
122170493,Cc1ccc([Si](C)(C)[Si](C)(C)C)s1,,0.46355784,,,
122752033,CCCCCCCCNC(=O)C(OC)C(OC)C(=O)NC,,0.34313577,,,
122815777,COc1ccc(S(=O)(=O)c2ccc(-c3ccc(-c4ccc(S(=O)(=O)c5ccc(Oc6ccc(-c7ccc(C)cc7)cc6)cc5)cc4)cc3)cc2)cc1,,0.3713436,,,
123479038,CCC(C)(CF)C(=O)OC,,,0.1365,1.048000594,18.18607796
123524661,COc1c(F)c(F)c(COC(c2cccc(C(OCc3c(F)c(F)c(Oc4ccc(Cc5ccc(C)cc5)cc4)c(F)c3F)(C(F)(F)F)C(F)(F)F)c2)(C(F)(F)F)C(F)(F)F)c(F)c1F,,0.34625699,,,
123705047,CC=CC1CC(C)C2C(=O)N(CCCCCCCCCC)C(=O)C12,,0.37406215,,,
124053674,CNc1c(Cl)cc(C)cc1Cl,-0.214281278,,,,
124111614,Cc1ccc(Oc2ccc(-c3ccc4nc(Oc5cc(-c6ccccc6)c6cc(C)ccc6n5)cc(-c5ccccc5)c4c3)cc2)cc1,,0.38805343,,,
124665758,CCC(C)CCCC,,,0.2306666666666666,0.776895965,12.02548488
124836094,CCC(=O)Nc1ccc(Oc2ccc(S(=O)(=O)c3ccc(Oc4ccc(NC(=O)CN5C(=O)c6ccc(C(c7ccc8c(c7)C(=O)N(C)C8=O)(C(F)(F)F)C(F)(F)F)cc6C5=O)cc4)cc3)cc2)cc1,,0.34942241,,,
125425163,Cc1ccc(-c2c(-c3ccccc3)nc3ccc(Oc4ccc5nc(-c6ccccc6)c(C)c(-c6ccccc6)c5c4)cc3c2-c2ccccc2)cc1,,0.40668067,,,
125472122,CCCCNC(=O)OC,,0.31360037,,,
125514208,Cc1ccc(-c2ccc(N3C(=O)c4ccc(Oc5c(C)cc(C(C)(C)c6cc(C)c(Oc7ccc8c(c7)C(=O)N(C)C8=O)c(C)c6)cc5C)cc4C3=O)cc2C(F)(F)F)c(C(F)(F)F)c1,,0.40081529,,,
125846951,CCC(C)c1cc(C(=O)Oc2ccc(OCCCCCCCCCCCCCC)cc2)ccc1C(=O)Oc1ccc(OCCCCCCCCCCCCCC)cc1,,0.38047103,,,
125969488,CCC(OC(C)=O)C(COC(=O)OC)OC(C)=O,,0.3184913,,,
126334280,Cc1ccc(OC(=O)c2cccc(C(=O)Oc3ccc(-c4nc5ccccc5nc4C)cc3)c2)cc1,,0.3678366,,,
126444620,COP(=O)(Oc1ccccc1)Oc1cccc2c(C)cccc12,,0.34871423,,,
126841859,CCC(=O)NCCCCCCNC(=O)COc1ccc(OC)cc1,,0.3285221,,,
127626732,CCC(C)(Cl)C(=O)OC,,0.32998468,,,
127834200,CCC(C)c1c(F)c(F)c(P(=O)(O)O)c(F)c1F,,0.32683261,,,
127883611,CNc1cc2c(cc1NC)C(CC)(CC)CC2(C)C,,0.36408964,,,
127891371,COc1ccc(C(=O)c2cccc(C)c2)cc1,,0.36659274,,,
128067074,Cc1ccc2c(c1)C(=O)N(c1ccc(C3(c4ccc(N5C(=O)c6ccc(C(C)(C(F)(F)F)C(F)(F)F)cc6C5=O)c(C(C)C)c4)c4ccccc4-c4ccccc43)cc1C(C)C)C2=O,,0.43454903,,,
128211105,COc1ccc(C2(c3ccc(OC(=O)C45CC6CC(CC(C(C)=O)(C6)C4)C5)cc3)c3ccccc3-c3ccccc32)cc1,,0.38474727,,,
129058504,CCCOC(=O)Nc1cc(NC(=O)OC)ccc1C,,0.32591099,,,
129677973,COc1c(Cl)cc(C(=C(Cl)Cl)c2cc(Cl)c(OC(C)=O)c(Cl)c2)cc1Cl,,0.40362445,,,
130236950,Cc1ccc(Oc2ccc(N3C(=O)c4ccc(Oc5cccc6c(Oc7ccc8c(c7)C(=O)N(C)C8=O)cccc56)cc4C3=O)cc2)cc1,,0.37077884,,,
130348754,CCCC(C)CCC(=O)SC,,0.38621425,,,
130603875,CNc1ccc(-c2ccc(NC)c3cc4ccccc4cc23)c2cc3ccccc3cc12,,0.3627942,,,
131030961,COc1ccc(C(C)(C)c2ccc(OC(=O)c3ccc([Si](c4ccccc4)(c4ccccc4)c4ccc(C(C)=O)cc4)cc3)cc2)cc1,,0.38062557,,,
131086449,Cc1ccc(Oc2ccc(N3C(=O)c4ccc(Oc5c(C)cc(-c6cc(C)c(Oc7ccc8c(c7)C(=O)N(C)C8=O)c(C)c6)cc5C)cc4C3=O)cc2)cc1,,0.39388382,,,
131094319,CC=C[Ge](C)(c1ccccc1)c1ccccc1,,0.39302909,,,
131123838,CCCCCCCCCCCNC(=O)c1ccc(C(=O)NC)c(Oc2ccccc2)c1,,0.36034333,,,
131275030,CCC(C)C(=O)OCC(CC)CC,,,0.2095,0.91413913,12.27591848
131448132,CNC1=C(NC)C(=Nc2c(C)cccc2C)C(N)=C(N)C1=O,,0.33122927,,,
131486630,COc1ccc(CC(NC(=O)CCc2ccc(OC(=O)CCCCCCC(C)=O)cc2)C(=O)OCC(C)C)cc1,,0.34979846,,,
131992742,Cc1cc(-c2ccccc2)c(C)[nH]1,120.4503456,,,,
132133665,COC(COC(=O)C1CCC(C(C)=O)CC1)COc1ccc(N=Nc2ccc(C#N)cc2)cc1,,0.36227874,,,
132181866,CC(=O)c1ccc2c(c1)C(=O)N(c1cccc(Nc3ncnc(Nc4cccc(N5C(=O)c6ccc(C)cc6C5=O)c4)n3)c1)C2=O,,0.36454415,,,
132706466,Cc1ccc(-c2ccc(-c3ccc(-c4ccc(-c5cc(-c6ccccc6)c6cc(Oc7ccc8nc(C)cc(-c9ccccc9)c8c7)ccc6n5)cc4)cc3)cc2)cc1,,0.40016775,,,
132725176,CC(=O)c1cc2c(cc1Cl)C(=O)N(c1cc(N3C(=O)c4cc(C)c(Cl)cc4C3=O)cc(C(C)(C)C)c1)C2=O,,0.41625991,,,
133123853,CCCNC(=O)c1ccc(OC)cc1,,0.3294033,,,
133124835,CC(=O)Oc1ccc(OC(=O)c2ccc3c(c2)C(=O)N(c2ccc(Oc4ccc(N5C(=O)c6ccc(C)cc6C5=O)cc4)cc2)C3=O)c(C(C)(C)C)c1,,0.36528492,,,
133986624,CC#Cc1ccc(C)c(SCCCCCCCCCCCC)c1,53.41644401,,,,
134240821,Cc1ccc(-c2ccc3c(c2)C(CCCCCCCC)(CCCCCCCC)c2cc(-c4ccc(N(C)c5ccc(N(c6ccc(C(C)(C)c7ccccc7)cc6)c6ccc(C(C)(C)c7ccccc7)cc6)cc5)cc4)ccc2-3)cc1,,0.42294334,,,
134957671,COC(=O)C(CC(C)C)NC(=O)CCCCC(=O)NC(CC(C)C)C(=O)OC1COC2C(C)COC12,,0.34245153,,,
135202428,Cc1ccc(Oc2ccc(C(=O)c3ccc(Oc4ccc(C(=O)c5ccc(Oc6ccc(-c7nc(-c8ccccc8)[nH]c7C)cc6)cc5)cc4)cc3)cc2)cc1,,0.38523355,,,
135272498,CNC(CCC(=O)OCCCCCCCC)C(C)=O,,0.36388977,,,
135399849,COc1ccc(C(c2ccccc2)(c2ccccc2)c2ccc(Oc3ccc(C(=O)Nc4ccc(NC(=O)c5ccc(C)cc5)cc4)cc3)cc2)cc1,,0.37438756,,,
135571738,CNc1ccc(C2(c3ccc(NC)cc3)[C@@H]3C[C@H]4C[C@@H](C3)C[C@]2([C@]23C[C@H]5C[C@H](C[C@H](C5)C2)C3)C4)cc1,,0.36595891,,,
136037972,CNc1ccc(-c2ccc(Nc3ccc4c(c3)c3cc(C)ccc3n4CC(CC)CCCC)cc2)cc1,,0.39144941,,,
136482029,Cc1ccc(Cc2ccc(N3C(=O)c4ccc(OCCN(CCOc5ccc6c(c5)C(=O)N(C)C6=O)c5ccc(C=Cc6ccc([N+](=O)[O-])cc6)cc5)cc4C3=O)cc2)cc1,,0.35258622,,,
136535007,CNc1ccc2c(c1NC)[C@H]1c3ccccc3[C@@H]2c2ccccc21,,0.37638503,,,
136564910,CCCN(CCOC(=O)Nc1ccc(C)c(NC(=O)OC)c1)c1ccc(C=C2NC(=O)NC2=O)cc1,,0.32170639,,,
136668087,CCCCCCCCOC(=O)c1ccc(C(=O)OC)cc1,,0.35168899,,,
136676580,CNc1cc(Oc2cccc(OCC)c2)c(NC)c2c1C(=O)c1c(N)c(Oc3cccc(OCC)c3)cc(N)c1C2=O,,0.33487592,,,
137060513,CCC1CCC(COP(=O)(N=Nc2ccc(-c3ccc(N=NP(=O)(OC)OC)cc3)cc2)OC)CC1,,0.3611032,,,
137117611,CNc1cc2c(cc1NC)C(C)(C)C(C)(C)C2(C)C,,0.35975635,,,
137415290,CCC(=O)NCCCCCCNC(=O)COC(=O)CCC(=O)OC,,0.31440807,,,
138808143,CCCOCCOC(=O)CCCC(=O)OC,,0.32465489,,,
138809640,CCC(C)OC(=O)c1ccccc1Cl,,0.35127788,,,
139085360,CCCCC(C)(C)C(=O)O,,0.31720928,0.1985,0.996128545,14.52607342
139188730,COc1ccc(NC(=O)c2ccc([Si](c3ccccc3)(c3ccccc3)c3ccc(C(C)=O)cc3)cc2)cc1,,0.3724538,,,
139200098,COC(C)COC(C)=O,,0.32644555,,,
139585639,COc1ccc(S(=O)(=O)c2ccc(Oc3ccc(C=C4CCC(=Cc5ccc(C)cc5)C4=O)cc3)cc2)cc1,,0.3884516,,,
139914608,CNc1ccc(-c2nc(-c3ccc(N)cc3)nc(-c3ccc(NC)cc3)n2)cc1,,0.388028525,,,
139977598,COc1c(C)cc(C2(c3cc(C)c(OC(=O)c4ccc(C(C)=O)cc4)c(C)c3)CCC3CCCCC3C2)cc1C,,0.40878882,,,
140168832,COc1ccc(CC(NC(=O)Cc2ccc(OC(=O)CCC(C)=O)cc2)C(=O)OCCCCCC)cc1,,0.34533311,,,
140415340,CC=CCCCC,,0.41369555,,,
141066783,Cc1ccc(NC(=O)Nc2ccc(NC(=O)Nc3ccc(-c4nc(C#N)c(C#N)nc4C)cc3)cc2)cc1,,0.3670318,,1.154810331,19.52705482
141135744,Cc1cc2cccccc-2c1C,,,0.163,0.814226421,15.84965404
141962685,Cc1ccc(Oc2ccc(Oc3ccc(N4C(=O)c5ccc(Oc6ccc(C7(c8ccc(Oc9ccc%10c(c9)C(=O)N(C)C%10=O)cc8)CCCCCCCCCCC7)cc6)cc5C4=O)cc3)c(C(C)(C)C)c2)cc1,,0.38366054,,,
142147775,CCCCCCCOC(=O)OCCCCOC(=O)OCCCCCCOc1ccc(C(=O)c2ccc(OC)cc2)cc1,,0.3498749,,,
142186672,CCC(C)(C)C,,,0.2125,,
142224028,Cc1ccc(C(c2ccc(N3C(=O)c4cc(-c5ccc(C(C)(C)C)cc5)c(-c5cc6c(cc5-c5ccc(C(C)(C)C)cc5)C(=O)N(C)C6=O)cc4C3=O)cc2)(C(F)(F)F)C(F)(F)F)cc1,,0.41914206,,,
142367496,CC=C(C)C(CCC)[Si](C)(C)c1ccccc1,,0.39420659,,,
142490647,CC(=O)c1ccc2c(c1)C(=O)N(c1ccc(Cc3ccc(Cc4ccc(Cc5ccc(N6C(=O)c7ccc(C)cc7C6=O)cc5)cc4)cc3)cc1)C2=O,,0.3726534,,,
142802262,CN(CCC)[Si](C)(C)C[Si](C)(C)C,,0.36931239,,,
143774509,CNc1cc(CCc2ccccc2)cc(-c2c(Cc3ccccc3)cccc2NC)c1,,0.34620954,,,
143809812,CNc1cccc(C2=C(c3ccccc3)C(c3ccccc3)=C[C@@H](c3ccccc3)[C@@]2(c2ccccc2)c2cccc(NC)c2)c1,,0.38536846,,,
143899690,CCCN(CCN1C(=O)c2ccc(C(c3ccc4c(c3)C(=O)N(C)C4=O)(C(F)(F)F)C(F)(F)F)cc2C1=O)c1ccc(N=Nc2ccc([N+](=O)[O-])cc2C)cc1,,0.36754794,,,
143924095,CCCCCCCCCCCCCNC(=O)c1ccc(C(=O)NC)c(Oc2ccccc2)c1,,0.36294756,,,
144238786,CCC(C)C(=O)OCCCCCCCCCOC(=O)c1ccc(OC(=O)c2ccc(C#N)cc2)cc1,,0.35420513,,,
144472572,CNc1ccc(-c2c(-c3ccccc3)c(-c3ccccc3)c(NC)c(-c3cccc(C)c3)c2-c2cccc(C)c2)cc1,,0.3833667,,,
144839830,COc1ccc(OC(=O)c2ccc(-c3ccc(C(C)=O)cc3)cc2-c2ccccc2)cc1-c1ccccc1,,0.36302483,,,
145920765,CNc1ccc(-c2ccccc2)cc1-c1cc(-c2ccccc2)ccc1NC,,0.34380582,,,
146156380,COc1ccc(C(=O)c2ccc(Oc3ccc(C(=O)c4ccc(Oc5ccc(Cc6ccc(C)cc6)cc5)cc4)cc3)cc2)cc1,,0.37347921,,,
146165767,CCC(C)C(=O)Oc1ccccc1C(=O)OCC,,0.34193667,,,
146221251,Cc1ccc2c(c1)C(=O)N(c1ccc(Oc3ccc(N4C(=O)c5ccc(C(C)O[Si](C)(C)C)cc5C4=O)cc3)cc1)C2=O,,0.41117013,,,
146716935,CNc1ccc([C@@H](Cc2ccccc2)c2cccc(NC)c2)cc1,,0.348692,,,
147030895,CC(=O)c1cccc(C(=O)c2ccc3c(c2)C(=O)N(c2ccc(C(c4ccc(N5C(=O)c6ccc(C)cc6C5=O)cc4)(C(F)(F)F)C(F)(F)F)cc2)C3=O)c1,,0.37036169,,,
147633092,COC(C)COC(=O)c1ccccc1C(C)=O,,0.33635489,,,
147677118,CCC(C)(C)C(=O)OCCOCC,,,0.212,1.013471369,12.39029756
148111753,CCCOCCC(=O)OC,,0.3272277,,,
148248890,CCC(C)(C)C(=O)OCCN(CC)CC,,0.3615965,0.2375,0.960101927,11.45757736
148252767,CCC(C)OC(=O)c1ccc([N+](=O)[O-])cc1,,0.38294962,,,
148616974,CCCCOC(=O)C(C)OC,,0.34983248,,,
149053950,Cc1ccc2c(c1)C(=O)N(c1ccc(Sc3ccc(Sc4ccc(Sc5ccc(Sc6ccc(N7C(=O)c8ccc(C(C)(C(F)(F)F)C(F)(F)F)cc8C7=O)cc6)cc5)cc4)cc3)cc1)C2=O,,0.38371723,,,
149101883,Cc1ccc(Oc2ccc(C(=O)c3cccc(C(=O)c4ccc(Oc5ccc(-c6nc7ccccc7n6-c6ccc(-n7c(C)nc8ccccc87)cc6)cc5)cc4)c3)cc2)cc1,,0.37557123,,,
149152941,CC(=O)c1ccc(Oc2ccc(Oc3ccc(C(=O)c4ccc5c(c4)C(=O)N(c4ccc(Cc6ccc(N7C(=O)c8ccc(C)cc8C7=O)cc6)cc4)C5=O)cc3)cc2)cc1,,0.37562904,,,
150274872,COc1ccc(C(C)(C)c2ccc(Oc3cccc(C)n3)cc2)cc1,,0.3589821,,,
150383443,CCCOCCOCCOC(=O)CCC(=O)OC,14.21396213,,,,
150398974,CCC(c1ccccc1)C1C(=O)N(CCCN(CC)c2ccc(N=Nc3ccc([N+](=O)[O-])cc3Cl)c(C)c2)C(=O)C1C,,0.37423891,,,
150541495,CC=C(C)c1cccc(N2C(=O)c3ccc(C(=O)c4ccc5c(c4)C(=O)N(c4cccc(Oc6cccc(Oc7cccc(N8C(=O)c9ccc(C(=O)c%10ccc%11c(c%10)C(=O)N(c%10cccc(C(C)=C)c%10)C%11=O)cc9C8=O)c7)c6)c4)C5=O)cc3C2=O)c1,,0.36553114,,,
151009154,COc1cc(Oc2cccc(NC(=O)c3cc(Oc4ccc(C(=O)O)c(C(=O)Nc5cccc(C)c5)c4)ccc3C(=O)O)c2)ccc1C#N,,0.33806241,,,
151282337,Cc1ccc(C(C)(C)c2ccc(C(C)(C)c3ccc(N4C(=O)c5ccc(Oc6ccc7cc(Oc8ccc9c(c8)C(=O)N(C)C9=O)ccc7c6)cc5C4=O)cc3)cc2)cc1,,0.38326204,,,
151355449,CCCOCCOC(=O)CCSCCC(=O)OC,,0.34050222,,,
151560379,CCC(CCCCCCOc1ccc(N=Nc2ccc(OC)cc2)cc1)COC(=O)CCCCC(=O)OC,,0.35673043,,,
151874358,CCCCCC(=O)Oc1ccc(OC(=O)c2ccc3c(c2)C(=O)N(C)C3=O)c(C)c1,,0.34027795,,,
151905187,CCCOCCOCCOCCOCCOCCOC(=O)NCCCCCCNC(=O)OC,,0.33926085,,,
152255453,COc1ccc(Oc2ccc(OC(=O)c3cccc(C(C)=O)c3)cc2)cc1,,0.34811185,,,
152289390,Cc1ccc(Oc2cccc(N3C(=O)c4ccc(Oc5ccc6ccc(Oc7ccc8c(c7)C(=O)N(C)C8=O)cc6c5)cc4C3=O)c2)cc1,,0.36602103,,,
152393943,CNc1ccc(C(CCC)(c2ccc(N)cc2)c2ccc(NC)cc2)cc1,,0.36407339,,,
152467749,Cc1cccc(Oc2ccc(S(=O)(=O)c3ccc(Oc4cccc(N5C(=O)c6ccc(Oc7ccc8c(c7)C(=O)N(C)C8=O)cc6C5=O)c4)cc3)cc2)c1,199.6619548,,,,
152612020,CCC(C)(C)C(=O)OCCCCCCCCCCCOc1ccc(C=Nc2ccc(C#N)cc2)cc1,,0.36948879,,,
152623829,COc1ccc(C(C)(C)c2ccc(OC(=O)c3ccc(Oc4ccc(C(C)=O)cc4)cc3)cc2)cc1,,0.36060711,,,
153052486,Cc1ccc(Oc2ccc(-c3ccc(Oc4ccc(-c5nc(C)nc(-c6ccccc6)n5)cc4)cc3)cc2)cc1,,0.40426914,,,
153647431,CCc1cc2cc(C(=O)Nc3ccc(C(c4ccc(NC(=O)c5cc6cc(C)c(OC(=O)COc7ccc8ccc(=O)oc8c7)cc6oc5=O)cc4)(C(F)(F)F)C(F)(F)F)cc3)c(=O)oc2cc1OC(=O)COc1ccc2ccc(=O)oc2c1,,0.32655452,,,
153735651,CNc1cccc2c(NC(=O)c3cc(NC(=O)C(CCSC)N4C(=O)c5ccccc5C4=O)cc(C(C)=O)c3)cccc12,,0.34651154,,,
153736542,COc1ccc(CC(NC(=O)CCc2ccc(OC(=O)CCCCCCC(C)=O)cc2)C(=O)OCc2ccccc2)cc1,,0.34429229,,,
153783159,CCC(C)c1ccc(C(=O)OCCN(C)C)cc1,,0.37142885,0.2314999999999999,1.0222365,11.6806072
153852064,CNc1ccccc1-c1ccc2c(c1)C(CCCCCC)(CCCCCC)c1cc(-c3ccccc3NC)ccc1-2,,0.36887719,,,
154178646,CNc1ccc(-c2ccc([C@@H](C)c3ccc(NC)cc3)cc2)cc1,,0.34963968,,,
154318869,CCC(C)(C)C(=O)NC(=O)OCCOc1c(Br)cc(S(=O)(=O)c2cc(Br)c(OCCO)c(Br)c2)cc1Br,,0.36467521,,,
154607078,COS(=O)(=O)c1cccc(C(=O)Oc2ccc(C(C)(C)c3ccc(C)cc3)cc2)c1,,0.36064897,,,
154881704,Cc1cc(C(=O)O)cc(N2C(=O)CC(C3CC4C(=O)N(C)C(=O)C4c4ccccc43)C2=O)c1,,0.3520042,,,
154956060,CNc1ccc2c(c1)-c1ccc(NC)c3cccc-2c13,,0.33585092,,,
155701787,CC=CC(C(=O)OCC)C(C)C(=O)OCC,,0.36320884,,,
155951033,CCCOC(=O)c1ccc(CCc2ccc(C(=O)OC)cc2)cc1,53.2795594,,,,
156397667,Cc1cc(C)cc(-c2nc3ccccc3o2)c1,,0.39004417,,,
156526173,CCC(C)(C)C(=O)OCCCCCCCCCCn1c2ccccc2c2cc(C=CC3=C(C#N)C(=C(C#N)C#N)OC3(C)C)ccc21,,0.37456116,,,
157448813,CC=C(C#N)C(=O)OCCCCCCOC(=O)C(C#N)=Cc1ccc2c(c1)c1cc(C)ccc1n2CCCCCCCCCCCn1c2ccccc2c2ccccc21,,0.36772669,,,
157842166,CCC(C)c1cccc(C)n1,,0.39815003,,,
157943579,CC=CC1CC(C)C(C#N)([Si](C)(C)C)C1,,0.40700493,,,
158153643,Cc1ccc(Oc2ccc(S(=O)(=O)c3ccc(Oc4ccc(-c5c6c(c(C)c7ccccc57)C(=O)N(c5ccccc5C(F)(F)F)C6=O)cc4)cc3)cc2)cc1,,0.39560548,,,
159062110,Cc1ccc(Oc2ccc(C(=O)c3ccc(C(=O)c4ccc(Oc5ccc(-c6nc(-c7cccc(-c8nc(C)c(-c9ccccc9)[nH]8)c7)[nH]c6-c6ccccc6)cc5)cc4)cc3)cc2)cc1,,0.40285522,,,
159202130,CNCc1c2ccccc2c(CNC)c2c(N)cccc12,,0.33082098,,,
159242278,CCCCCCCOc1ccc(C=C2CCC(=Cc3ccc(OCCCCCCOP(=O)(OC)OC)c(OC)c3)C2=O)cc1OC,,0.35402154,,,
159632571,CNc1ccc(C2=Cc3ccccc3C3(c4ccccc42)c2cc(C(C)(C)C)ccc2-c2ccc(C(C)(C)C)cc23)cc1,,0.38649399,,,
159895291,CCC(=O)Nc1ccc(Oc2ccc(C(C)(C)c3ccc(Oc4ccc(NC(=O)CN5C(=O)c6ccc(C(c7ccc8c(c7)C(=O)N(C)C8=O)(C(F)(F)F)C(F)(F)F)cc6C5=O)cc4)cc3)cc2)cc1,,0.35255561,,,
160086436,COc1ccc(C(CC)(c2ccccc2)c2ccc(OC(C)=S)cc2)cc1,,0.36657618,,,
160203629,CCC(C)C(=O)OCc1ccc(C#N)cc1,,0.35524043,0.182,1.094513754,11.86407254
160829220,Cc1cc(/C=N/c2cccc(C)c2)cc(C)c1O,,,0.192,0.99179579,13.46142519
161010769,CCCC(C)(C)c1ccccc1,,0.38823069,,,
161201125,CCC(C)C(=O)OC1CC(C)CC(C)(C)C1,,0.38012306,0.2205,0.909612952,11.78379961
161607336,COc1ccc(Oc2ccc(Oc3ccc(NC(=O)c4ccc(-c5ccc(C(=O)Nc6ccc(C)cc6)c(C)c5)cc4C)cc3)cc2)cc1,,0.36165997,,,
161723503,Cc1cccc(Oc2cccc(Oc3cccc(Oc4cccc(Oc5cccc(N6C(=O)c7ccc(Oc8ccc9c(c8)C(=O)N(C)C9=O)cc7C6=O)c5)c4C#N)c3)c2C#N)c1,,0.36435311,,,
162025525,COc1ccc(C(C)(C)c2ccc(Oc3ccc(C)nn3)cc2)cc1,,0.36876206,,,
162133188,CNc1ccc(CC(CC)(CC)c2ccc(N)c(CC(C)(C)c3ccc(NC)cc3)c2)cc1,,0.35644292,,,
163611533,CNc1ccc([C@@H](C2=CCC(N)(NC)C=C2)c2ccccc2)cc1,,0.3443427,,,
163724879,Cc1cccc(N2C(=O)c3cccc(Oc4ccc(C(=O)c5ccc(Oc6cccc7c6C(=O)N(C)C7=O)cc5)cc4)c3C2=O)c1,,0.36803803,,,
163827064,COc1ccc(Oc2ccc(P(=O)(c3ccccc3)c3ccc(Oc4ccc(Oc5cccc(C)n5)cc4)cc3)cc2)cc1,,0.36767472,,,
164182648,CCC(C)OC(=O)c1cccnc1,,0.34320724,,,
164916720,CCCCCCCOC(=O)C(CCCCCCCCCCBr)C(=O)OCCCCCCOc1ccc(-n2on2-c2ccc(OC)cc2)cc1,,0.37107899,,,
164960718,Cc1ccc2c(c1)C(=O)N(c1ccc(Sc3ccc(N4C(=O)c5ccc(C(C)(C(F)(F)F)C(F)(F)F)cc5C4=O)cc3)cc1)C2=O,,0.3879693,,,
165064963,CNc1c(CC)cc(Cc2cc(CC)c(NC)c3ccccc23)c2ccccc12,,0.36700436,,,
165170378,CCC(C)Cc1ccc(C)cc1,,0.3852781,,,
165675920,CCC(C)(CC(=O)OC1CCCCCC1)C(=O)OC1CCCCCC1,,0.36822035,,,
165704886,CNc1cc(Cl)c(-c2cc(Cl)c(NC)cc2Cl)cc1Cl,,0.36444978,,,
165718490,COc1ccc(OC(=O)c2cccc(C(C)=O)c2)cc1,,0.34002777,,,
166073456,CCC(C)(C)CS(=O)(=O)CC(C)(C)COC(=O)OC,,0.35691907,0.186,1.089194614,17.59804845
166405771,CCCCCCCNC(=O)C(CCCCCCCCCCCCCC)C(=O)NC,,,0.319,,
166484126,CNc1ccc(-c2ccccc2)c(-c2ccccc2CC)c1NC,,0.35913139,,,
166538508,CCC(O)CN(C)c1cc(C)c(N=Nc2ccc([N+](=O)[O-])cc2C)c(C)c1,,0.37035052,,,
166991206,CCCCCCCCCCCCCCCCCCCCCOC(=O)CCCCC(=O)OC,,,0.3545,0.899322314,23.96801429
167315243,CCCc1ccc(C)c2ccccc12,,0.37967697,,1.050887217,20.17560548
167636925,CSc1ccc2c(c1)Sc1ccc(C)cc1S2,,0.40790715,,,
168537867,Cc1ccc(C=Nc2cccc(N=Cc3ccc(-c4ccc(C)s4)cc3)c2)cc1,,0.39327219,,,
169123787,CNc1c(C)cc(C2(c3cc(C(C)C)c(NC)c(C(C)C)c3)c3ccccc3-c3ccccc32)cc1C,,0.40404304,,,
169172468,Cc1ccc(Cc2ccc(N3C(=O)c4ccc(-c5ccc(-c6ccc(-c7ccc(-c8ccc(-c9ccc%10c(c9)C(=O)N(C)C%10=O)cc8)cc7)cc6)cc5)cc4C3=O)cc2)cc1,,0.37649698,,,
169292990,CCC(C)(C)C(=O)OCCCCCCCCCCOc1ccc(N=Nc2ccc(Cl)cc2)cc1,,0.37292398,,,
169412293,CCCCCCCCCCCOCCCCCCCCCCOCCCCCCOC,,,0.269,,
169491723,Cc1ccc(Oc2cccc3c(Oc4ccc(N5C(=O)c6ccc(-c7ccc8c(c7)C(=O)N(C)C8=O)cc6C5=O)cc4)cccc23)cc1,,0.37148684,,,
169582663,CCC(C)(C)C(=O)OCCN(C)c1ccc(N=Nc2ccc([N+](=O)[O-])cc2)cc1,,0.36754584,,,
169699943,CNNC(=O)c1cc(NC(=O)c2ccc3c(c2)C(=O)N(c2ccc(C)cn2)C3=O)cc(C(=O)NNC(=O)CCCC(C)=O)c1,,0.33325517,,,
169832897,CCC(C)C(=O)c1ccc(Br)c(OC)c1,,0.37684712,,,
170092813,COc1ccc2cc(Oc3ccc(S(=O)(=O)c4ccc(C)cc4)cc3)ccc2c1,,0.36801316,,,
170253465,COc1cccc(Oc2cccc(C)n2)c1,,0.35077616,,,
170762410,CNc1ccc([C@H](CC)c2ccc(C3(c4ccc([C@@H](CC)c5ccc(NC)cc5)cc4)CCC(CCCCC)CC3)cc2)cc1,,0.3695966,,,
171128702,COc1ccc(C(=O)OCCCCCCCOC(=O)c2ccc(OC(=O)c3ccc(C(C)=O)cc3)cc2)cc1,,0.34460962,,,
171195170,CCC(C)CCCC1CCCCC1,,,0.2463333333333333,,
172004497,Cc1c(C)cc(Cc2cc(C)c(N3C(=O)c4ccc(Oc5ccc6ccc(Oc7ccc8c(c7)C(=O)N(C)C8=O)cc6c5)cc4C3=O)c(C)c2)cc1C,,0.39303801,,,
172704550,CO[Si](C)(C)Oc1ccc(C)cc1,,0.41626444,,,
173018796,COc1ccc(C(=O)c2ccccc2)c(-c2cc(Oc3ccc(C(c4ccc(C)cc4)(C(F)(F)F)C(F)(F)F)cc3)ccc2C(=O)c2ccccc2)c1,,0.37955991,,,
173214636,CNc1ccc(C(c2ccc(NC(=O)c3ccc(C(c4ccc(C(C)=O)cc4)(C(F)(F)F)C(F)(F)F)cc3)cc2)(P2(=O)Oc3ccccc3-c3ccccc32)P2(=O)Oc3ccccc3-c3ccccc32)cc1,,0.36717844,,,
173616711,Cc1ccc2c(c1)C(=O)N(c1cccc3c(N4C(=O)c5ccc(C(C)(C(F)(F)F)C(F)(F)F)cc5C4=O)cccc13)C2=O,,0.40266196,,,
174572139,CCC(C)OC(=O)C(C)(C)CC(C)(C)C,,0.37520737,,,
174718000,CNc1c(C)cc(-c2cc(C)c(NC)c3ccccc23)c2ccccc12,,0.3715986,,,
175197734,COc1ccc(CC(NC(=O)Cc2ccc(OC(=O)CC(C)CCC(C)=O)cc2)C(=O)OCCCCCC)cc1,,0.34861668,,,
175226564,CCN1C(=O)c2ccc(C(c3ccc4c(c3)C(=O)N(Cc3nc5cc(-c6ccc7oc(C)nc7c6)ccc5o3)C4=O)(C(F)(F)F)C(F)(F)F)cc2C1=O,,0.36313657,,,
175456331,CC(=O)CCN1CCN(CCC(=O)N2CCN(C)CC2)CC1,40.58060093,,,,
175513548,CCCCCCCCCCCOC(=O)CCC(=O)OC,1.783806133,,0.285,,
175985223,CCC(C)C(=O)OCCCCCCSCC#N,,0.39181191,0.2175,1.039476536,13.18158821
176911109,CC1C(=O)OC(=O)C1C,,,0.1425,1.365901109,17.04190977
177156003,CCC(C)(C)C(=O)OCCCCCCOc1ccc(OC(=O)c2ccc(OC)cc2)cc1,,0.34368741,,,
177272960,Cc1ccc(C)[nH]1,,0.56389708,,,
177304158,CCC(C)(C)C(=O)OC(C(F)(F)F)(C(F)(F)F)C(F)(F)F,,,0.0465,1.240147043,13.23674474
177634653,CNc1cc(Oc2cc(C)cc(C)c2)c(N)c2c1C(=O)c1c(ccc(Oc3cc(C)cc(C)c3)c1NC)C2=O,,0.35668305,,,
177677392,CCC(CC)(COC)COC(=O)C(=C)C,,0.35959663,,,
177977769,COc1ccc2nc3c(nc2c1)Sc1cc(-c2ccc4c(c2)Sc2nc5cc(C)ccc5nc2N4)ccc1N3,383.4,,,,
177999649,CO[Si](C)(C)O[Si](C)(C)O[Si](C)(C)O[Si](C)(c1ccccc1)c1cccc([Si](C)(C)c2ccccc2)c1,,0.41493555,,,
178586120,CC1C(=O)N(CCCCOc2ccc(-c3ccc(C#N)cc3)cc2)C(=O)C1C,,0.34432797,,,
179710096,COc1ccc(CC(NC(=O)CCc2ccc(OC(=O)COCCOCC(C)=O)cc2)C(=O)OC)cc1,,0.33270357,,,
179732838,COc1ccc(NC(=O)C=CC(=O)NNC(=O)C=CC(=O)Nc2ccc(OC(=O)c3ccccc3C(=O)NNC(=O)c3ccccc3C(C)=O)cc2)cc1,,0.32132816,,,
179923409,CCCCCCCCOC(=O)Nc1ccc(C)c(NC(=O)OC)c1,,0.34462277,,,
179976364,COc1ccc(NC(=O)c2ccc(C(=O)Nc3ccc(Oc4ccc(C(=O)c5ccc(C)cc5)cc4)cc3)cc2)cc1,,0.35575698,,,
180279074,CC(=O)Nc1ccc(Oc2cccc(Oc3ccc(NC(=O)c4ccc5c(c4)C(=O)N(c4ccc(Oc6cccc(Oc7ccc(N8C(=O)c9ccc(C)cc9C8=O)cc7)c6C#N)cc4)C5=O)cc3)c2C#N)cc1,,0.35942779,,,
180321996,CCCCCCCCCCC[N+](C)(C)C,,0.76931541,,,
180324539,CC1OC(C(F)(F)F)(C(F)(F)F)OC1(C)F,,0.36688477,,,
180355416,COc1ccc(C(C)(C)c2ccc(Oc3ccc(C(=O)c4ccc5cc(C(=O)c6ccc(C)cc6)ccc5c4)cc3)cc2)cc1,,0.3816141,,,
180651708,CCCCCCCSC(=O)CCCCCCCCC(=O)SC,-39.13613776,,,,
180714059,CCCCCCCNC(=O)CCP(=O)(CCC(=O)NC)c1ccccc1,,0.34647823,,,
180949734,CN=P(C)(OCCc1ccccc1)OCCc1ccccc1,,0.36125209,,,
181297795,COc1ccc(NC(=O)c2ccc(Oc3ccc(C(C)(C)c4cccc(C(C)(C)c5ccc(Oc6ccc(C(=O)Nc7ccc(C)cc7)cc6)cc5)c4)cc3)cc2)cc1,,0.36487066,,,
181346795,CCCN(CCOC(=O)NCCCCCCNC(=O)OC)c1ccc(N=Nc2ccc([N+](=O)[O-])cc2)c(C)c1,,0.35275364,,,
181691220,CCC(F)(F)C(F)(F)COC(=O)NCC(F)(F)C(F)(F)C(F)(F)C(F)(F)CNC(=O)OC,,0.30107699,,,
182042962,CC=CC(C)(C)c1ccccc1,,0.37130723,,,
182803961,CNc1ccc(-c2ccc(NC)c(-c3ccccc3)c2-c2cccc3ccccc23)c(-c2cccc3ccccc23)c1-c1ccccc1,,0.37664419,,,
182838821,CC[Si](C)(CCCCC)CCCCC,,0.41744785,,,
182963487,COc1ccc(-c2ccc(Oc3ccc(C(=O)c4cccc5cccc(C(=O)c6ccc(C)cc6)c45)cc3)cc2)cc1,,0.37806189,,,
183287787,Cc1ccc(Oc2ccc(C(C)(C)c3ccc(Oc4ccc(-c5nnc(C)o5)cc4)cc3)cc2)cc1,,0.38996204,,,
183910750,CCC(OC(=O)C(=O)OCC)C(COC(=O)OC)OC(=O)C(=O)OCC,,0.31291135,,,
184043122,C[Si](C)(CCCCCC)CCCCCC,-11.37918107,,,,
184129336,CNc1cc(-c2ccccc2)c(NC)c(-c2ccccc2)c1-c1ccccc1,,0.36779908,,,
184214887,CC(=O)c1ccc2c(c1)C(=O)N(c1ccc(Cc3ccc(Cc4ccc(N5C(=O)c6ccc(C)cc6C5=O)cc4)cc3)cc1)C2=O,,0.37908759,,,
184273461,COc1ccc(OC(=O)CCCCC(C)=O)cc1,,0.3300236,,,
184399060,CCc1ccc(CSSSC)cc1,,0.41886249,,,
184854748,CC1C(=O)N(c2ccccc2C(=O)OC)C(=O)C1C,,0.36145459,0.143,1.070408699,12.24675377
184918589,CCC#CCOC(=O)CCCCCCCCC(=O)OC,,0.35810319,,,
185502634,CNc1ccc(CCCC(c2ccc(N)cc2)c2ccc(NC)cc2)cc1,,0.34680666,,,
185789282,CCC(C)c1cc(Br)ccc1OCCCCC,,0.41131014,0.1545,,
185974329,CCC(C)c1cc(C)ccc1F,,,0.171,0.955409279,13.40669452
186514002,COc1ccc(C(=O)OCCCCOC(=O)c2ccc(C)cc2)cc1,,0.34336471,,,
187577688,CCCCC(CC)CCNC(=O)c1ccc(C(=O)NC)cc1,,0.34121483,,,
187968183,CCCCN(C)C(=O)C(F)(F)C(F)(F)C(F)(F)C(F)(F)C(F)(F)C(F)(F)C(F)(F)F,,0.3285942,,,
188178084,CC(=O)c1ccc2c(c1)C(=O)N(c1ccc(Cc3ccc(Cc4cccc(N5C(=O)c6ccc(C)cc6C5=O)c4)cc3)cc1)C2=O,,0.36659408,,,
188574710,COc1cccc(NC(=O)CCCCCCCC(=O)Nc2ccc(C)cc2)c1,,0.3432777,,,
188691845,CNc1c(C)cc(-c2cc(C)c(NC)c(C)c2)cc1C,,0.36477351,,,
189225250,CC1CCC(N2C(=O)c3ccc(-c4ccc5c(c4)C(=O)N(C)C5=O)cc3C2=O)CC1,,0.36716787,,,
189385552,CCC(C)(F)C(=O)OCCC(F)(F)C(F)(F)C(F)(F)C(F)(F)F,,0.32470853,,,
189585434,COc1ccc(Oc2ccc(C(=O)Nc3ccc(Cc4ccc(NC(=O)c5ccc(C)cc5)cc4)cc3)cc2)cc1,,0.35716326,,,
189637201,CCC(C)c1ccc(COC(C)CC)cc1,,0.38400866,,,
189875275,CC#CC(COS(=O)(=O)c1ccc(C)cc1)=C(C)COS(=O)(=O)c1ccc(C)cc1,,0.37237347,,,
189877162,CNc1ccc(C2(c3ccc(NC)cc3)c3cc([C@]45C[C@H]6C[C@H](C[C@H](C6)C4)C5)ccc3-c3ccc([C@]45C[C@H]6C[C@H](C[C@H](C6)C4)C5)cc32)cc1,,0.39779257,,,
190124790,CCCN(C)C(=O)c1ccc2ccccc2c1,,0.35477943,,,
190194752,CCCCCCCCCc1nnc(C)n1N,-41.92176029,,,,
190344544,CNc1ccc(NC(=O)c2cc(C(C)=O)c(C(=O)O)cc2C(=O)O)cc1,,0.29592785,,,
190407869,CCC(C)O,,,0.424,1.081206735,22.51988264
190689808,CCC(C)c1ccccc1COC(C)C,,0.38497632,0.171,0.933317386,12.10539551
190870051,CCC(C)c1ccc(Cn2c3ccccc3c3ccccc32)cc1,,0.36892883,,,
191380298,CCC(C)(C)C(=O)OCCCCCc1ccc(N=Nc2ccc(OC(F)(F)F)cc2)cc1,,0.35838591,,,
191414295,CNc1ccc(-c2cc(NC)c3ccccc3c2/N=N/c2cccc3ccccc23)cc1,,0.35297912,,,
191656364,CCCc1ccc(-c2ccc(C)cc2)cc1,,,,1.042562737,30.03662597
191836476,CCCCC(=O)NNC(=O)c1ccc(C(=O)NNC(=O)CCCOc2ccc(OC)c(C)c2)cc1,,0.33330839,,,
192948428,CCCOCCOCCOC(=O)C1CCC(C(=O)OC)CC1,,0.33745828,,,
192960125,CNc1ccc2c(NC)c3ccccc3cc2c1,,0.34619216,,,
193203313,CCCCCOC(=O)c1ccc(C(=O)OC)cc1,,0.34023648,,,
193475796,Cc1ccc(Oc2cccc(Oc3ccc(N4C(=O)c5ccc(-c6cccc7c6C(=O)N(C)C7=O)cc5C4=O)cc3)c2)cc1,,0.36194506,,,
193587045,CCC(O)COC,,0.31201093,,,
194134308,CCCOCCOC(=O)CCCCCCC(=O)OC,,0.34329076,,,
195032699,CNc1ccc(-c2ccc(NC)c(Cc3ccccc3)c2)cc1Cc1ccccc1,,0.3464418,,,
195040498,COc1ccc(C2(c3ccc(Oc4ccc(C(=O)c5ccc(C)cc5)cc4)cc3)CCC3CCCCC3C2)cc1,,0.387972,,,
195313590,CCC(C)(C)C(=O)OCCOc1ccc(N=Nc2ccc(OC)cc2)cc1,,0.36003088,,,
195349220,CCOc1ccc(C(=C(Cl)Cl)c2ccc(OC)cc2)cc1,,0.3737643,,,
195585477,CC(=O)c1ccc(N(C)CCC)cc1,,0.39207045,,,
196134048,CCC(C)c1cc(Br)ccc1OCCC(C)C,,0.40859696,0.1674999999999999,,
196264517,CCCCCCCNC(=O)CCP(CCC(=O)NC)c1ccccc1,9.575432391,,,,
197075441,COc1ccc(S(=O)(=O)c2ccc(Oc3ccc(C45CC6CC(CC(c7ccc(C)cc7)(C6)C4)C5)cc3)cc2)cc1,,0.37269141,,,
197916751,COc1ccc(OC(=O)c2cc(OCCCCCOCC3CCCN3c3ccc([N+](=O)[O-])cc3)c(C(C)=O)cc2OCCCCCOCC2CCCN2c2ccc([N+](=O)[O-])cc2)cc1,,0.35296749,,,
197924325,CCC(C)(C)C(=O)OC1CCCC1,,0.36428861,,,
198466108,COc1ccc(OC(=O)c2ccc(C(C)=O)cc2Oc2ccc(-c3ccccc3)cc2)cc1,,0.35036936,,,
199188552,CNc1ccc(C2(NC)C=CC(c3ccc(N)cc3)(c3ccc(N)cc3)C=C2)cc1,,0.36932897,,,
199261804,Cc1ccc(Oc2ccc3ccccc3c2-c2c(Oc3ccc(N4C(=O)c5ccc(NC(=O)Nc6ccc(Oc7ccc(NC(=O)Nc8ccc9c(c8)C(=O)N(C)C9=O)cc7)cc6)cc5C4=O)cc3)ccc3ccccc23)cc1,,0.36179389,,,
199401973,COc1ccc(OC(=O)c2ccc(OCCCCCCCCCCOc3ccc(C(C)=O)cc3)cc2)cc1S(=O)(=O)c1ccccc1,,0.35673875,,,
199573915,CCC(C)c1c(F)c(F)c(OCC(F)(F)C(F)(F)F)c(F)c1F,,0.35026517,,,
199989730,Cc1ccc(Oc2ccc(Oc3ccc(-c4ccc(Oc5ccc(Oc6ccc(C7(C)OC(=O)c8ccccc87)cc6)cc5)c5ccccc45)c4ccccc34)cc2)cc1,,0.38367366,,,
200483739,Cc1cccc(OCCCCCCCCCCOc2cccc(N3C(=O)c4ccc(-c5ccc6c(c5)C(=O)N(C)C6=O)cc4C3=O)c2)c1,,0.35053912,,,
200513526,CCC#CC#CCOC(=O)c1ccc(C(=O)OC)cc1,,0.37145321,,,
200916875,Cc1cccc(-c2nc3ccc(-c4ccc5nc(C)[nH]c5c4)cc3[nH]2)c1,,0.42946115,,,
200989241,CN=P(C)(Oc1ccccc1)Oc1ccccc1,,0.40515813,,,
201251785,CC(=O)N1C(=O)N(C(=O)c2ccc3c(c2)C(=O)N(c2ccc(Oc4ccc(N5C(=O)c6ccc(C)cc6C5=O)cc4)cc2)C3=O)C2(CCCCC2)C1=O,277.0792131,,,,
201564281,COc1cccc(Oc2ccc(Oc3cccc(OC(=O)c4ccc(C(C)=O)cc4)c3)cc2)c1,,0.35180531,,,
201596108,CCCCCCCNC(=O)C(CCCCCCCCCCCCC)C(=O)NC,,,0.2925,0.899716416,13.5860206
201709435,Cc1ccc(Oc2ccc(C(=O)c3cccc(C(=O)c4ccc(Oc5ccc(N6C(=O)c7ccc(Oc8ccc(Sc9ccc(Oc%10ccc%11c(c%10)C(=O)N(C)C%11=O)cc9)cc8)cc7C6=O)cc5)cc4)c3)cc2)cc1,,0.36404303,,,
201838282,CCC(CCCCCCCCCC)OC,,0.40374823,,,
202074426,COc1ccc(Oc2ccc(S(=O)c3ccc(Oc4ccc(Oc5cccc(C)n5)cc4)cc3)cc2)cc1,,0.35458448,,,
202457389,CC(=O)Nc1ccc(-c2ccc(NC(=O)c3ccc4c(c3)C(=O)N(c3c(C)cc(C)c(N5C(=O)c6ccc(C)cc6C5=O)c3C)C4=O)cc2C)c(C)c1,,0.3862015,,,
203166993,CCC(C)(C)C(=O)Oc1ccc(C(=O)Oc2ccc(OC)cc2)cc1,,0.34147075,,,
203328995,CCCCCCCCCCCOCCCCCCCCCCOCCCCCOC,,,0.38525,,
203569820,Cc1cc(C)c(O)c(N=Cc2ccc(F)cc2)c1,,0.37230953,,,
204188551,CCC(C)c1ccc(Cl)c(Cl)c1,,,0.114,,
204433294,CC(=O)OC1CC(C)N(C(=O)OCc2ccccc2)C1,,0.33476928,,,
204583818,CCC(OC)C1(C)C(=O)OC(=O)C1(C)C,,0.31336206,,,
204710529,Cc1ccc(Oc2ccc(P(=O)(c3ccccc3)c3ccc(Oc4ccc(-c5cc(C)[nH]n5)cc4)cc3)cc2)cc1,,0.39032537,,,
204753687,CCCCCCCOC(=O)OCCOC(=O)OCCCCCCOc1ccc(Oc2ccc(OC)cc2)cc1,,0.35004228,,,
204849258,CCC(C)(C)C(=O)OCCCCCCCCCCOc1ccc(OC(=O)c2ccc(OCCCC)cc2)cc1,,0.36120255,,,
205078323,CO[Si](C)(C)CCCCCCCCCCC(=O)Oc1ccc(-c2ccc(OC(=O)c3ccc(OCC)cc3)cc2)cc1,,0.36210675,,,
205238044,CCC(C)(C)C(=O)OCC1(CC)COC1,,0.36219625,,,
205810542,CNc1ccc(Cc2ccc(NC)c3ccccc23)c2ccccc12,,0.34615054,,,
206145001,Cc1ccc(Oc2ccc(N3C(=O)c4ccc(Oc5ccc(C(=O)c6ccc(Oc7ccc8c(c7)C(=O)N(C)C8=O)cc6)cc5)cc4C3=O)cc2)cc1,,0.37060642,,,
206778782,Cc1c(C)cc(C(c2cccc(C(F)(F)F)c2)c2cc(C)c(N3C(=O)c4ccc(-c5ccc6c(c5)C(=O)N(C)C6=O)cc4C3=O)c(C)c2)cc1C,,0.42612429,,,
207198573,CC(C)C(=O)OC(C)(C)CC,136.5678336,,,,
207258565,Cc1ccc(-c2ccc3c(c2)C(CCCCCC)(CCCCCC)c2cc(C)ccc2-3)cc1,,0.41767157,0.376,0.786503256,27.96449264
207627808,CCN1C(=O)c2ccc(C(c3ccc4c(c3)C(=O)N(Cc3nc5cc(C(c6ccc7oc(C)nc7c6)(C(F)(F)F)C(F)(F)F)ccc5o3)C4=O)(C(F)(F)F)C(F)(F)F)cc2C1=O,,0.36859748,,,
207945160,Cc1cccc(P(=O)(c2ccccc2)c2cccc(N3C(=O)c4ccc(Oc5ccc(C(C)(C)c6ccc(Oc7ccc8c(c7)C(=O)N(C)C8=O)cc6)cc5)cc4C3=O)c2)c1,,0.37508167,,,
208376671,Cc1ccc(Oc2ccc(C(c3ccc(Oc4ccc(-c5nnc(C)c6c(-c7ccc(F)cc7)c(-c7ccc(F)cc7)c(-c7ccc(F)cc7)c(-c7ccc(F)cc7)c56)cc4)cc3)(C(F)(F)F)C(F)(F)F)cc2)cc1,,0.40028133,,,
208448147,CCC(C)(C)C(=O)OCc1ccco1,,0.3375562,0.172,1.081813241,12.32614241
208451383,COC(COc1ccccc1)CC(C)=O,,0.3399788,,,
209437861,CCC(CCCCCCCCCCCC)COC(=O)NC(=O)c1ccc(C(=O)NC(=O)OC)cc1,,0.34646463,,,
210091509,CCCCCCCCCOc1c(OC)cc(/C=C/c2ccc(/C=C/c3ccc(/C=C/c4cc(OC)c(OC)c(OC)c4)cc3)cc2)cc1OC,,0.36466644,,,
210562725,COc1ccc(-c2ccc(OC(=O)c3ccc(C(C)=O)cc3)cc2)cc1,,0.34119605,,,
210731746,CNc1nc(N)c(N)c(NC)n1,,0.31899407,,,
210803302,CNC(C(C)=O)C(C)C,153.0278775,,,,
210909359,CCCOCCOP(=O)(N=Nc1ccc(C(=O)c2ccc(N=NP(=O)(OC)OC)cc2)cc1)OC,,0.35159394,,,
210914084,CCCCCCCCCCCOC(=O)Nc1ccc(C)c(NC(=O)OC)c1,,0.35319666,,,
210989195,Cc1ccc(C(C)(C)c2ccc(C(C)(C)c3ccc(N4C(=O)c5ccc(Oc6ccc7ccc(Oc8ccc9c(c8)C(=O)N(C)C9=O)cc7c6)cc5C4=O)cc3)cc2)cc1,,0.37859256,,,
211760119,CC#Cc1cc(C(C)(C)C)cc2c3cc(C(C)(C)C)cc(C)c3n(CCCCCCCCCCCCCCCC)c12,,0.40884949,,,
211825763,COC(C)C,,0.3634429,,,
212654540,CCC(C)c1ccccc1C(=O)OCCCC,,0.37028116,0.1953333333333333,,
212760661,CCCCCCC(=O)Nc1ccc(Oc2cccc(NC(=O)CCCCCN3C(=O)c4ccc(C(=O)c5ccc6c(c5)C(=O)N(C)C6=O)cc4C3=O)c2)cc1,,0.33649448,,,
213054047,CO[Si](O[Si](O[Si](O[Si](CC[Si](C)(C)O[Si](C)(C)O[Si](C)(C)O[Si](C)(C)CC[Si](C)(c1ccccc1)c1ccccc1)(c1ccccc1)c1ccccc1)(c1ccccc1)c1ccccc1)(c1ccccc1)c1ccccc1)(c1ccccc1)c1ccccc1,,0.4006666,,,
213771383,COc1ccc(Oc2ccc(C(=O)c3cccc(NC(=O)CCCCCCCCC(=O)Nc4cccc(C(=O)c5ccc(C)cc5)c4)c3)cc2)cc1,,0.35474585,,,
213984999,Cc1ccc2c(c1)C(=O)N(c1cc(OCCCCCCCCCCCCCCCC)cc(N3C(=O)c4ccc(C(C)(C(F)(F)F)C(F)(F)F)cc4C3=O)c1)C2=O,,0.37483877,,,
214162824,CCC/C=C(/C)CCC,,,0.2233333333333333,,
214279994,CCCCCCCCCCCC(=O)NCCc1ccc(CCNC(=O)CCCCCCCCCCSC)cc1,,0.38077316,0.296,0.962511767,22.76143272
214573613,CCCC(=O)NCc1c(C)c(C)c(CNC(=O)CCOC)c(C)c1C,,0.336425,,,
214883571,Cc1ccc2c(c1)C(=O)N(c1cccc(Oc3ccc(C(c4ccc(Oc5cccc(N6C(=O)c7ccc(C(C)(C(F)(F)F)C(F)(F)F)cc7C6=O)c5)cc4)(C(F)(F)F)C(F)(F)F)cc3)c1)C2=O,,0.37434007,,,
215105340,Cc1c(C)cc(C)c(N2C(=O)c3ccc(S(=O)(=O)c4ccc5c(c4)C(=O)N(C)C5=O)cc3C2=O)c1C,,0.40691826,,,
215128069,CCCCCCCCCCCNC(=O)CC/C=C/CCC(=O)NC,,,0.3125,0.952363037,18.83632464
215274198,CC#CC#Cc1ccc(C)s1,49.13696662,,,,
215595067,COC(COC(=O)c1ccc(C(C)=O)c2ccccc12)COc1ccc(N=Nc2ccc(C#N)cc2)cc1,,0.353962,,,
215880524,CNc1ccc2[nH]c3ccc(NC)cc3c2c1,,0.33036591,,,
215968936,Cc1ccc(-c2sc(-c3ccc(-c4cc(SCCCCCCCC)c(C)s4)cc3)cc2SCCCCCCCC)cc1,,0.46732994,,,
216165703,COc1ccc(S(=O)(=O)c2ccc(Oc3ccc(C(C)(C)c4ccc(C)c(N)c4)cc3N)cc2)c(N)c1,,0.37345371,,,
216288111,CC(=O)Nc1cccc(Oc2cccc(Oc3cccc(NC(=O)c4ccc5c(c4)C(=O)N(c4cccc(Oc6cccc(Oc7cccc(N8C(=O)c9ccc(C)cc9C8=O)c7)c6C#N)c4)C5=O)c3)c2C#N)c1,,0.35823538,,,
216414863,CNc1cccc([C@](N)(c2ccccc2)c2cccc3ccccc23)c1NC,,0.35839515,,,
216608930,CCCOC(=O)CCCCCCC(=O)OCCOC(=O)c1ccc(C(=O)OC)cc1,,0.33135087,,,
216626801,C/C=C/c1ccc(C)c2ccc(CCCCCC)cc12,,,0.339,0.946624284,20.81567785
216772383,CCC(C)c1ccccc1COCCCC,,0.38677194,0.2096666666666666,0.940569983,11.37399833
218059466,C/C(=C(/C)c1ccccc1)c1ccccc1,206.5698859,,,,
218216912,CCCCCOC(=O)OCCCCN1C(=O)c2ccc(-c3ccc4c(c3)C(=O)N(C)C4=O)cc2C1=O,,0.32834937,,,
218350404,CCCCCCCCCCOC(=O)CCCCCCCC(=O)OC,3.667443154,,0.294,0.941870155,20.56975581
219039564,Cc1ccc2c(c1)SC1=Nc3cc(-c4ccc5c(c4)N=C4Sc6cc(C)ccc6N=C4N5)ccc3NC1=N2,418.69,,0.506,1.086875784,27.5268485
219386483,CC(=O)OCCN(CCOC(=O)c1ccc2c(c1)C(=O)N(c1c(C)cc(Cc3cc(C)c(N4C(=O)c5ccc(C)cc5C4=O)c(C)c3)cc1C)C2=O)c1ccccc1,,0.37130199,,,
219718402,CNc1ccc(CCc2cc(CCc3ccc(N)cc3)cc(CCc3ccc(NC)cc3)c2)cc1,,0.35342866,,,
219873035,CO[Si](C)(C)O[Si](C)(C)CCCCOc1ccc(-c2ccc(C#N)cc2)cc1,,0.38755299,,,
220000766,CCC(C)C(=O)OCC(CC)CCCC,,0.3869788,0.2309999999999999,0.893389668,10.99379023
220223317,CC(=O)c1ccc2c(c1)C(=O)N(c1ccc(Oc3ccc(N4C(=O)c5ccc(C)cc5C4=O)cc3)cc1)C2=O,,0.37640128,,,
220286370,CCCCCOC(=O)c1ccc([Si](C)(C)c2ccc(C(=O)OC)cc2)cc1,,0.36459187,,,
221632888,CO[Si](C)(C)CCc1ccc(O)cc1,,0.35484533,,,
222144803,CNc1cc2ccc(NC)c3c4cccc5cccc(c(c1)c23)c54,,0.33646603,,,
222164121,CNc1cc(NC(=O)c2cccc(C(C)=O)c2)cc(C(=O)OCCOC(=O)C=Cc2ccc(N(C)C)cc2)c1,,0.34211001,,,
222724508,CCC(C)c1ccccc1C(=O)OCCC,,,0.1929999999999999,,
223538531,CNc1cc(NC(=O)c2ccc(-c3ccc(C(C)=O)cc3)cc2)cc(C(=O)OCCOc2ccc(C=CC(=O)c3ccccc3)cc2)c1,,0.34446761,,,
223648222,CNc1cc2cc3cc4cc5cc6ccccc6cc5cc4cc3cc2cc1NC,,0.34605853,,,
223739255,CCC(C)(C)C(=O)Nc1cccc(-c2nnc(-c3ccccc3)o2)c1,,0.38307246,,,
223791997,CC(C)C=CC(C)S(C)(=O)=O,33.82674704,,,,
224878400,CCC(C)(C)C(=O)OC1CCCCCCCCCCC1,,0.37197293,,,
225113015,CN=P(N=P(N=S(C)(=O)NC)(NC)NC)(NC)NC,,0.34459575,,,
225199973,CNC1=CC=C(c2ccc(NC)cc2)C(C)(C)[C@@H]1c1ccccc1,,0.35401521,,,
225304239,CC(=O)Nc1ccc(Oc2ccc(Oc3ccc(NC(=O)c4ccc5c(c4)C(=O)N(c4ccc(Oc6cccc7c(Oc8ccc(N9C(=O)c%10ccc(C)cc%10C9=O)cc8)cccc67)cc4)C5=O)cc3)cc2)cc1,,0.36000298,,,
225689380,CC(=O)c1ccc2c(c1)C(=O)N(c1cccc(C(=O)c3ccccc3N3C(=O)c4ccc(C)cc4C3=O)c1)C2=O,,0.37500133,,,
225811773,CNc1ccc(-c2ccc(NC)c(-c3ccccc3)c2)cc1,,0.34463445,,,
226076507,CC1C(=O)N(CCCCCCCOc2ccc(-c3ccc(C#N)cc3)cc2)C(=O)C1C,,0.35053641,,,
226216876,CNc1cccc(C(=O)Oc2ccc(OC(=O)c3cccc(NC)c3)c3c2[C@H]2c4ccccc4[C@@H]3c3ccccc32)c1,,0.35943133,,,
226520604,CCC(C)(C)C(=O)Oc1ccc([N+](=O)[O-])c(C)c1,,0.37079204,,,
226546629,CNC(CCC(=O)OCCCCC)C(C)=O,,0.35413594,,,
226561298,COc1ccc2ccc(Oc3ccc(C(=Nc4ccc(Oc5ccc(N=C(c6ccccc6)c6ccc(C)cc6)cc5)cc4)c4ccccc4)cc3)cc2c1,,0.38273527,,,
226567495,CNc1ccc2c(c1NC)-c1ccccc1C2(CC)CC,,0.35949967,,,
226643768,CCC(C)CC(C)C(F)(F)F,,,0.148,1.093859396,13.31500903
226759816,CNc1c(-c2ccccc2)cc(/C=C/c2ccccc2)c(/C=C/c2ccccc2)c1NC,,0.36364076,,,
227298587,CCCOCCOC(=O)CCCCCCCC(=O)OC,,0.34727992,,,
227838325,COc1c(Cl)cc(C(c2cc(Cl)c(OC(C)=O)c(Cl)c2)C2CC3CCC2C3)cc1Cl,,0.4079258,,,
228251537,CNc1ccc(Cc2ccc(C(CC)c3ccc(Cc4ccc(NC)cc4)cc3)cc2)cc1,,0.35878998,,,
228252916,CC=Cc1sc(-c2ccc3c(c2)C(CCCCCC)(CCCCCC)c2cc(-c4sc(C=CC5=CC(=C(C#N)C#N)C=C(C)O5)c(CCCCCC)c4CCCCCC)ccc2-3)c(CCCCCC)c1CCCCCC,,0.42087423,,,
228347866,CCCCCCNC(=O)c1ccc(C(=O)NC)cc1,,0.32982991,,,
228476998,Cc1ccc(C(C#N)(C(=O)O)C(C)(C#N)C(=O)O)cc1,,0.35362996,,,
228510296,CCCN(CCOC(=O)NCC1(C)CC(NC(=O)OC)CC(C)(C)C1)c1ccc(N=Nc2ccc(B(c3c(C)cc(C)cc3C)c3c(C)cc(C)cc3C)cc2)cc1,,0.34069727,,,
228992973,Cc1ccc(N(c2ccc(OC)cc2)c2ccc(N3C(=O)c4ccc(S(=O)(=O)c5ccc6c(c5)C(=O)N(C)C6=O)cc4C3=O)cc2)cc1,,0.40284317,,,
229505065,COS(=O)(=O)c1ccc(Oc2ccc(S(=O)(=O)Oc3ccc(C(C)(C)c4ccc(C)cc4)cc3)cc2)cc1,,0.36351582,,,
229703472,CC(=O)c1ccc(Oc2ccc(-c3ccc(Oc4ccc(C(=O)c5ccc6nc(C)ccc6c5)cc4)cc3)cc2)cc1,,0.38017203,,,
229766352,Cc1ccc2c(c1)C(=O)N(c1ccc(N(C)CCN(C)c3ccc(N4C(=O)c5ccc(C(C)(C(F)(F)F)C(F)(F)F)cc5C4=O)cc3)cc1)C2=O,,0.37991556,,,
230018905,COc1ccc(C(C)(C)c2ccc(Oc3nc(C)nc(Cl)n3)cc2)cc1,,0.36279792,,,
230210475,COc1ccc(C=C2CCC(=Cc3ccc(OC(=O)c4ccc(N=Cc5ccc(C=Nc6ccc(C(C)=O)cc6)cc5)cc4)c(OC)c3)C2=O)cc1OC,,0.36413773,,,
230305493,CCCCCCCCCC(=O)NCCCCCOCCCCCNC(=O)CCCOC,,,0.289,0.958044519,16.89480393
230397925,CCCCCCCCC(C)C,,0.40146108,0.371,0.806729205,19.12833616
230432971,CCN1C(=O)c2ccc(C(c3ccc4c(c3)C(=O)N(Cc3nnc(-c5ccc(-c6nnc(C)o6)c(Oc6ccccc6)c5)o3)C4=O)(C(F)(F)F)C(F)(F)F)cc2C1=O,,0.36767095,,,
231066951,CNc1cc(C)c(C(c2ccccc2)c2cc(C)c(NC)cc2C)cc1C,,0.37754837,,,
231144775,CNc1ccc2c(c1)C1(c3ccc(C)cc3-2)c2cc(N)ccc2-c2ccc(NC)cc21,,0.38585396,,,
231347203,CNCCCN(C)CCCNC,,0.32591931,,,
231567628,CCC(C)(C)C(=O)OCc1cccs1,,0.35173384,,,
231654446,COc1ccc(S(=O)(=O)c2ccc3cc(S(=O)(=O)c4ccc(Oc5ccc(-c6ccc(C)cc6)cc5)cc4)ccc3c2)cc1,,0.37364004,,,
232089797,CNc1ccc([C@H](C)Cc2cccc(C[C@@H](C)c3ccc(NC)cc3)c2)cc1,,0.35754875,,,
232335054,Cc1ccc2c(c1)C(=O)N(c1ccc(Oc3ccc(C(c4ccc(Oc5ccc(N6C(=O)c7ccc(C(C)(C(F)(F)F)C(F)(F)F)cc7C6=O)cc5)cc4)(C(F)(F)F)C(F)(F)F)cc3)cc1)C2=O,,0.38115589,,,
232528549,CNc1cc(NC(=O)c2ccc(-c3ccc(C(C)=O)cc3)cc2)cc(-c2nnc(-c3ccccn3)o2)c1,,0.37471715,,,
232607063,CCCCCCCCCCCCOC(=O)Nc1ccc(NC(=O)OCCCCCCCCCCCOc2ccc(-c3ccc(OC)cc3)cc2)c(C)c1,,0.36758677,,,
232782325,COc1ccc(N[Se]Nc2ccc(C)cc2)cc1,,0.38958964,,,
232863145,CCCN(CCOC(=O)Nc1ccc(C)c(NC(=O)OC)c1)c1ccc([N+](=O)[O-])cc1C,,0.33326912,,,
233782359,CC(=O)c1ccc2c(c1)C(=O)N(c1ccc(N(c3ccc(C#N)cc3)c3ccc(N4C(=O)c5ccc(C)cc5C4=O)cc3)cc1)C2=O,,0.41938162,,,
233996434,CC(=O)N1C(=O)N(C(=O)c2ccc3c(c2)C(=O)N(c2ccc(S(=O)(=O)c4ccc(N5C(=O)c6ccc(C)cc6C5=O)cc4)cc2)C3=O)C(C)(CC)C1=O,242.6534046,,,,
234298821,CNc1ccc(-c2ccc(-c3cc(-c4ccc(NC)cc4)cc(-c4ccc(-c5ccc(C)cc5)cc4)c3)cc2)cc1,,0.35439862,,,
234298840,CCC(O)CN(C)c1cc(C)c(N=Nc2ccc(C#N)cc2)c(C)c1,,0.38210588,,,
234377391,CCCCCCCCCCCNC(=O)CCCCCCCCCCCCCCC(=O)NC,,0.37489895,0.368,0.906986266,23.47308455
234483624,CC1CC(C)OC(O)O1,136.0523749,,,,
234538951,C=Nc1cccc(Oc2cccc(Oc3cccc(N=C4OC(=O)c5cc6c(cc54)C(=C)OC6=O)c3)c2)c1,132.5253262,,,,
234724783,CNc1ccc2c(c1)-c1cc(NC)ccc1C21c2ccc(N)cc2-c2cc(N)ccc21,,0.38703609,,,
234741357,CCCCCCCOC(=O)NNC(=O)CCCCCCCCC(=O)NNC(=O)OC,,0.34015211,,,
234747929,CNc1ccc2c(c1)C(C1c3ccccc3-c3ccccc31)c1cc(NC)ccc1-2,,0.36346408,,,
235082589,COc1ccc(-c2ccc(Oc3ccc(C(=O)c4ccc(C)c(S(=O)(=O)O)c4)cc3S(=O)(=O)O)cc2)cc1,,0.36352019,,,
235587729,Cc1ccc(CC(=O)Nc2ccc(S(=O)(=O)c3ccc(NC(=O)Cc4ccc(-c5sc(C)c(-c6ccccc6)c5-c5ccccc5)cc4)cc3)cc2)cc1,,0.37882713,,,
235628108,Cc1ccc(-c2cc(C(C)(C)C)c(Oc3ccc(N4C(=O)c5ccc(Oc6ccc7c(c6)C(=O)N(C)C7=O)cc5C4=O)cc3)c(C(C)(C)C)c2)cc1,,0.40933062,,,
236163730,CC(=O)N1C(=O)N(C(=O)c2ccc3c(c2)C(=O)N(c2ccc(Oc4ccc(N5C(=O)c6ccc(C)cc6C5=O)cc4)cc2)C3=O)C(C)=C(C(=O)OCC)C1c1ccc(Cl)cc1,170.3261787,,,,
236477815,CNc1cccc(C(=C(c2ccccc2)c2ccccc2)c2cccc(NC)c2)c1,,0.37210124,,,
236843078,CC(=O)Nc1cc(C(c2cc(C)c(C)c(NC(=O)c3ccc4c(c3)C(=O)N(c3cccc5c(N6C(=O)c7ccc(C)cc7C6=O)cccc35)C4=O)c2)(C(F)(F)F)C(F)(F)F)cc(C)c1C,,0.3730141,,,
238179937,CNc1ccc(C)c2c(NC)ccc(C)c12,,0.33933851,,,
238223157,CC(=O)N(C)c1ccccc1,150.7130657,,,,
238571886,COc1ccc2cc(OC(=O)c3ccc(Oc4ccc(C(C)=O)cc4)cc3)ccc2c1,,0.34998488,,,
238619204,CC(=O)OCCCCOC(=O)c1ccc(N2C(=O)c3ccc(C)cc3C2=O)cc1,,0.33594994,,,
238841218,CNc1ccc(C2(c3ccc(NC)cc3[C@]34C[C@@H]5C[C@H](C[C@@H](C5)C3)C4)c3ccccc3-c3ccccc32)c([C@]23C[C@H]4C[C@H](C[C@H](C4)C2)C3)c1,,0.3538557,,,
238997456,COC(=O)Oc1ccc(S(=O)(=O)c2ccc(OC(=O)OC3CC4CC(C)CC(C3)O4)cc2)cc1,,0.3395961,,,
239786978,Cc1ccc(Oc2ccc(N3C(=O)c4ccc(Oc5cccc(Oc6ccc7c(c6)C(=O)N(C)C7=O)c5)cc4C3=O)cc2)cc1,,0.35739857,,,
240082161,CNCCCCCCCCCCCNC,,0.34603548,,,
240111092,CCC(C)c1ccc(C(C)(O)CCC)cc1,,0.37492289,,,
240232361,CN=Cc1ccc(-c2ccc(C=Nc3ccc4c(c3)c3cc(C)ccc3n4CCCCCC)s2)s1,95.07860424,,,,
240796718,CCC(C)(CF)C(=O)OCC,,0.33962658,0.1684999999999999,1.040351207,13.63736539
241359312,Cc1ccc2c(c1)C(=O)N(c1ccc(Oc3ccccc3Oc3ccc(N4C(=O)c5ccc(C(C)(C(F)(F)F)C(F)(F)F)cc5C4=O)cc3C(F)(F)F)c(C(F)(F)F)c1)C2=O,,0.38315859,,,
241371117,Cc1ccc2c(c1)Sc1cc(-c3ccc(-c4ccc(C)s4)s3)ccc1N2CCCCCCCCCC,,0.47689077,,,
241512397,CCCOC(=O)Nc1ccc(Cc2ccc(NC(=O)OCCOc3ccc(C4(c5ccc(OC)cc5)c5ccccc5-c5ccccc54)cc3)cc2)cc1,,0.35416456,,,
241814157,CCCCCCCCCCCOC(=O)CCCC(=O)OC,,,0.263,,
241915001,COc1ccc(CC(NC(=O)Cc2ccc(OC(=O)COCC(C)=O)cc2)C(=O)OCCCCCCCC)cc1,,0.34542529,,,
242653142,CCc1cc2cc(C(=O)Nc3ccc(NC(=O)c4cc5cc(C)c(OC(=O)COc6ccc7ccc(=O)oc7c6)cc5oc4=O)cc3)c(=O)oc2cc1OC(=O)COc1ccc2ccc(=O)oc2c1,,0.31935888,,,
242836460,CCC(C)C(=O)OCCOCC(F)(F)F,,0.33534513,,,
242840603,Cc1ccc2c3ccc(-c4ccc(-c5ccc(-c6ccc(C)s6)c6nccnc56)s4)cc3n(C(CCCCCCCC)CCCCCCCC)c2c1,,0.45544781,,,
242927288,CCC(C)C(=O)OCCCCOC(=O)c1ccc(OC(=O)c2ccc(C#N)cc2)cc1,,0.34363418,,,
243127357,CCc1ccccc1CN(CC)c1ccc(/C=C/c2ccc(/C=C(\C#N)C(=O)NC3CCCCC3NC(=O)/C(C#N)=C/c3ccc(/C=C/c4ccc(N(C)CC)cc4)cc3)cc2)cc1,,0.37544351,,,
243290882,CNc1ccc2c(c1)-c1ccccc1C21c2ccccc2-c2cc(NC)ccc21,,0.38182575,,,
243418714,CCC(C)(C)C(=O)OCCOc1ccc(C(=O)Oc2ccc(OCCCC)cc2)cc1,,0.34294351,,,
243622593,COc1ccc(CC(NC(=O)CCc2ccc(OC(=O)CCC(C)=O)cc2)C(=O)OC)cc1,,0.33521285,,,
243711331,COc1cc(CCCCCCCCC)cc(OC(=O)c2cccc(C(C)=O)c2)c1,,0.36723846,,,
243853291,Cc1ccc(C(=O)OCCCCCCOC(=O)c2ccc(N3C(=O)CC(SCCOCCSC4CC(=O)N(C)C4=O)C3=O)cc2)cc1,19.42674542,,,,
243952176,CCCCCCCOC(=O)NCC(F)(F)C(F)(F)C(F)(F)C(F)(F)CNC(=O)OC,,0.3240054,,,
244278527,CCCCCCCOC(=O)OCCCCCCCCCCCCOC(=O)OCCCCCCOc1ccc(Oc2ccc(OC)cc2)cc1,,0.36332291,,,
244304146,COc1ccc(C2(c3ccc(Oc4ccc(C(=O)c5cccc(C(=O)c6ccc(C)cc6)c5)cc4)c(C)c3)c3ccccc3-c3ccccc32)cc1C,,0.3968899,,,
244332189,CCC(C)(C)C(=O)OCCCCCCOc1ccc(C(=O)Oc2ccc(N=Nc3ccc(Br)cc3)c3ccccc23)cc1,,0.36678226,,,
244803582,COc1cc2ccccc2cc1OC(=O)c1ccc(Oc2ccc(C(C)=O)cc2)cc1,,0.35353153,,,
244913940,COc1ccc(C(=O)c2ccc(NC(=O)c3ccc(C(=O)Nc4ccc(C(=O)c5ccc(C)cc5)cc4)cc3)cc2)cc1,,0.35794829,,,
245591935,COc1cccc(Oc2cccc(NC(=O)c3cc(Oc4ccc(C(=O)O)c(C(=O)Nc5cccc(C)c5)c4)ccc3C(=O)O)c2)c1,,0.32944697,,,
245779778,CC(=O)C(C)(C)C,105.8292511,,,0.919975664,25.84971423
246955408,COc1ccc(NC(=O)c2ccc(Oc3ccc(C(C)(C)c4cccc(C(C)(C)c5ccc(Oc6ccc(C(=O)Nc7ccc(Oc8ccc(C(c9ccc(C)cc9)(C(F)(F)F)C(F)(F)F)cc8)cc7)cc6)cc5)c4)cc3)cc2)cc1,,0.3636083,,,
247237663,Cc1ccc(Oc2ccc(N3C(=O)c4cccc(Oc5cccc6c5C(=O)N(C)C6=O)c4C3=O)cc2)cc1,,0.3708276,,,
247440971,CNCc1cccc(-c2cccc(C/C=C(/c3ccccc3)c3cc4c(cc3NC)C(C)(C)c3ccccc3-4)c2)c1,,0.36399382,,,
247441113,COc1ccc(NC(=O)c2cc(C(=O)Nc3ccc(Oc4ccc(C5(c6ccc(C)cc6)CC6CCC5C6)cc4)cc3)cc(C(C)(C)C)c2)cc1,,0.37881264,,,
247473503,CCC(C)C(=O)OCCSCCC#N,,0.38180613,0.1875,1.111901096,13.24819081
247558689,CCC(C)c1ccc(OP2(OCCOCCOCCOC)=NP(OCCOCCOCCOC)(OCCOCCOCCOC)=NP(OCCOCCOCCOC)(OCCOCCOCCOC)=N2)cc1,,0.35241412,,,
247866107,CC(=O)Nc1ccc(Oc2ccc(N3C(=O)CC(N4C(=O)c5ccc(C)cc5C4=O)C3=O)cc2)cc1,,0.35047717,,,
247996319,CCC(COc1ccc(C(C)(C)c2ccc(OC)cc2)cc1)OC(=O)c1ccccc1,,0.35589429,,,
248016214,CCC(C)(C)C(=O)OCCc1ccccc1,,0.35596729,0.168,1.048543977,11.43837267
248038345,CCC(C)(C)C(=O)Oc1c(OC)cc(C=Cc2ccccc2)cc1OC,,0.36033906,,,
248424742,CNc1ccc(-c2ccc(NC)c(-c3ccc4ccccc4c3)c2-c2ccccc2)c(-c2ccccc2)c1-c1ccc2ccccc2c1,,0.37176001,,,
248434754,CCCCC(C)CN1C(=O)c2ccc(C(=O)Oc3ccc(-c4ccc(OC(=O)c5ccc6c(c5)C(=O)N(C)C6=O)cc4)cc3)cc2C1=O,,0.34161456,,,
248544464,CC(=O)Nc1ccc(Cc2ccc(NC(=O)c3ccc4c(c3)C(=O)N(c3cccc(P(=O)(c5ccccc5)c5cccc(N6C(=O)c7ccc(C)cc7C6=O)c5)c3)C4=O)cc2)cc1,,0.36643788,,,
249614010,CNc1ccc(C(c2ccc(NC(=O)c3ccc(-c4ccc(C(C)=O)cc4)cc3)cc2)(P2(=O)Oc3ccccc3-c3ccccc32)P2(=O)Oc3ccccc3-c3ccccc32)cc1,,0.36288949,,,
250010482,CC(=O)Nc1ccc(Oc2ccc(C3(c4ccc(Oc5ccc(NC(=O)c6ccc7c(c6)C(=O)N(c6ccc(Oc8cccc(Oc9ccc(N%10C(=O)c%11ccc(C)cc%11C%10=O)cc9)c8)cc6)C7=O)cc5)cc4)NC(=O)c4ccccc43)cc2)cc1,,0.35957001,,,
250039671,CC(=O)Nc1ccc(Oc2ccc(C3(c4ccc(Oc5ccc(NC(=O)c6ccc7c(c6)C(=O)N(c6ccc(Oc8ccc(S(=O)(=O)c9ccc(Oc%10ccc(N%11C(=O)c%12ccc(C)cc%12C%11=O)cc%10)cc9)cc8)cc6)C7=O)cc5)cc4)NC(=O)c4ccccc43)cc2)cc1,,0.36225862,,,
250587037,Cc1ccc(Oc2ccc(Oc3ccc(N4C(=O)c5ccc(Oc6ccc(C(c7ccccc7)(c7ccccc7)c7ccc(Oc8ccc9c(c8)C(=O)N(C)C9=O)cc7)cc6)cc5C4=O)cc3)c(C(C)(C)C)c2)cc1,,0.39689903,,,
251202338,COc1ccc(CC(NC(=O)Cc2ccc(OC(=O)CCC(C)=O)cc2)C(=O)OCCCCCCCC)cc1,,0.34943466,,,
251297590,CC(=O)c1ccc2c(c1)C(=O)N(c1cccc(C(c3ccccc3)(c3cccc(N4C(=O)c5ccc(C)cc5C4=O)c3)C(F)(F)F)c1)C2=O,,0.38575647,,,
252276774,COC(=O)OCCCCCCCCCCOC(=O)OC1COC2C(C)COC12,,0.34183349,,,
252299281,CCC(C)C(=O)NC(C)CC,,,0.2259999999999999,0.92947228,12.6370902
252836035,Cc1ccc(Oc2cccc3c(NC(=O)c4ccc(C(c5ccc(C(=O)Nc6cccc7c(Oc8ccc(-c9nnc(C)o9)cc8)cccc67)cc5)(C(F)(F)F)C(F)(F)F)cc4)cccc23)cc1,,0.37104971,,,
253276168,CCC(C)(C)C(=O)OCC(O)CO,,0.28803561,,,
253355524,CNc1cnc(C)s1,,0.41199988,,,
253518655,CCCC=C(C)CCCCCCC,,0.41315553,,,
253610686,Cc1ccc(-c2ccc3nc(C)cc(-c4ccccc4)c3c2)cc1,,0.41535856,,,
253726027,Cc1ccc(-c2ccc(NC(=O)c3cccc(C(=O)Nc4ccc(-c5ccc(N6C(=O)c7ccc(-c8ccc9c(c8)C(=O)N(C)C9=O)cc7C6=O)cc5)cc4)c3)cc2)cc1,,0.35611323,,,
254267891,CCCCCSSCCCCOC,,0.41742983,0.199,,
254408923,Cc1cccc(OCCCCCCCCCCOc2cccc(N3C(=O)c4ccc(-c5cccc6c5C(=O)N(C)C6=O)cc4C3=O)c2)c1,,0.35408719,,,
254419051,CNc1ccc(NC)c(-c2ccc3ccccc3c2)c1-c1ccc2ccccc2c1,,0.35818164,,,
254630145,Cc1ccc2c(c1)C(=O)N(c1ccc(OC(CCCCCC)COc3ccc(N4C(=O)c5ccc(C(C)(C(F)(F)F)C(F)(F)F)cc5C4=O)cc3)cc1)C2=O,,0.36437379,,,
254694603,COC(=O)c1cccc(C(=O)OC2CC3CC(C)CC(C2)O3)c1,,0.34862273,,,
254845509,CCC(C)(C)C(=O)OCCN(CC)S(=O)(=O)C(F)(F)C(F)(F)C(F)(F)C(F)(F)C(F)(F)C(F)(F)C(F)(F)C(F)(F)F,,,0.1095,1.49945764,12.31638522
255108764,Cc1ccc2c(c1)C(=O)N(c1ccc(C(=O)Nc3ccc(Oc4ccc(-c5ccc(Oc6ccc(NC(=O)c7ccc(N8C(=O)c9ccc(C(C)(C(F)(F)F)C(F)(F)F)cc9C8=O)cc7)cc6)cc5)cc4)cc3)cc1)C2=O,,0.36084666,,,
255514575,CC(=O)Nc1cccc(C(=O)c2cccc(NC(=O)c3ccc4c(c3)C(=O)N(c3ccc(-c5sc(-c6ccc(N7C(=O)c8ccc(C)cc8C7=O)cc6)c(-c6ccccc6)c5-c5ccccc5)cc3)C4=O)c2)c1,,0.39087447,,,
255574677,Cc1ccc(Cc2ccc(NC(=O)c3ccc(Oc4ccc5c(c4)C(=O)N(C)C5=O)cc3)cc2)cc1,,0.36146511,,,
255628383,CCC(C)(C#N)C(=O)OCCCC,,0.37262971,0.179,0.98541293,13.85902924
255934897,COc1ccc(CC(NC(=O)CCc2ccc(OC(=O)COCCOCC(C)=O)cc2)C(=O)OCC)cc1,,0.33648171,,,
256392827,Cc1ccc(Oc2ccc(-c3nc4cc(Oc5ccc(NC(=O)c6cc(C(=O)Nc7ccc(Oc8ccc9nc(-c%10ccc([N+](=O)[O-])cc%10)c(C)nc9c8)cc7)cc(N7C(=O)c8ccccc8C7=O)c6)cc5)ccc4nc3-c3ccc([N+](=O)[O-])cc3)cc2)cc1,,0.37884475,,,
256452381,CNc1ccc(-c2ccc3ccccc3c2)c(-c2ccc3ccccc3c2)c1NC,,0.35367739,,,
256964530,CC(=O)NC1CCCC(C)O1,,0.32360402,,,
257055666,CC(=O)c1ccc2c(c1)C(=O)N(c1ccc(Oc3ccc(C(c4ccc(Oc5ccc(N6C(=O)c7ccc(C)cc7C6=O)cc5C(F)(F)F)cc4)(C(F)(F)F)C(F)(F)F)cc3)c(C(F)(F)F)c1)C2=O,,0.37771161,,,
257349913,CCC(C)c1cc(C(=O)OC)ccc1-c1ccc(OCCCCCCCC)cc1,,0.37587647,,,
257379568,Cc1ccc(N2C(=O)c3ccc(-c4cccc5c4C(=O)N(C)C5=O)cc3C2=O)cc1,,0.37822963,0.233,1.15692241,22.05257254
257538013,CCC[Si](C)(C)O[Si]1(C)O[Si](C)(C)O[Si](C)(C)O1,,0.44963517,,,
257696451,CCC(F)(F)C(F)(F)C(F)(F)COC(=O)c1cccc(C(=O)OC)c1,,0.32102943,,,
257850952,COc1ccc(C(C)=Cc2ccc(OC(=O)OCCCCCOC(C)=O)cc2)cc1,39.38257392,,,,
258103927,Cc1ccc(-c2ccc(N(C)c3ccc(C)cc3)cc2)cc1,,0.44281771,,,
258160847,Cc1cccc(C(=O)Nc2ccc(Oc3ccc(Oc4ccc(Oc5ccc(NC(=O)c6cccc(N7C(=O)c8ccc(-c9cccc%10c9C(=O)N(C)C%10=O)cc8C7=O)c6)cc5)cc4)cc3)cc2)c1,,0.36051806,,,
258763444,Cc1nc2cc3sc(-c4cc(OCCCCCCCCCCCC)c(C)cc4OCCCCCCCCCCCC)nc3cc2s1,,,0.3647499999999999,0.992488687,22.57173018
258775514,CCC(C)(C)C(=O)OCCCCCCCCCCCCCCCCCC,,0.39721388,0.317,0.861197166,12.32577198
258956403,CNc1ccc(-c2ccc(NC)c(-c3ccc(-c4ccccc4)cc3)c2)cc1,,0.34800933,,,
258994540,CCCN(CCN1C(=O)c2ccc(C(c3ccc4c(c3)C(=O)N(C)C4=O)(C(F)(F)F)C(F)(F)F)cc2C1=O)c1ccc(N=Nc2ccc(C=O)cc2)cc1,,0.35665131,,,
258997794,CCCCCCCc1ccc(-c2c(-c3ccccc3)cc(-c3cccc(-c4cc(-c5ccccc5)c(-c5ccc(C)cc5)c(-c5ccccc5)c4-c4ccccc4)c3)c(-c3ccccc3)c2-c2ccccc2)cc1,,0.40056446,,,
259074348,CNc1cc(NC(=O)c2cccc(C(C)=O)c2)cc(C(=O)OCCOc2ccc(C=CC(=O)c3ccccc3)cc2)c1,,0.34041504,,,
259180745,CCC(C)C(=O)c1ccc(Br)cc1,,0.39504944,,,
259297341,CSc1ccc(Sc2ccc(Sc3ccc4c(c3)C(=O)N(N3C(=O)c5cccc(C)c5C3=O)C4=O)cc2)cc1,,0.38796769,,,
259345713,CNc1ccc(C(c2ccc(NC)cc2)(C2CCCCC2)C2CCCCC2)cc1,,0.3823599,,,
259345728,COc1ccc(NC(=O)c2cc(C(c3ccc(C(=O)O)c(C(=O)Nc4ccc(Oc5ccc(C(c6ccc(C)cc6)(C(F)(F)F)C(F)(F)F)cc5)cc4)c3)(C(F)(F)F)C(F)(F)F)ccc2C(=O)O)cc1,,0.34130286,,,
259439423,CNc1ccccc1-c1c(NC)cccc1-c1ccccc1-c1ccccc1-c1ccccc1,,0.3650485,,,
259788945,CCCC1C(=O)N(CCCC)C(=O)C1C,,0.3477642,,,
259984370,Cc1ccc2c(c1)C(CCCCCC)(CCCCCC)c1cc(-c3ccc4c(c3)C3(CCC(C5=NC(Cc6ccccc6)CO5)(C5=NC(Cc6ccccc6)CO5)CC3)c3cc(C)ccc3-4)ccc1-2,,0.3966168,,,
260073812,COc1cc(CCC)cc(OC(=O)c2cccc(C(C)=O)c2)c1,,0.35907903,0.234,1.125159714,19.71902254
260077968,CCc1ccc(COC)cc1,,0.35484206,,,
260201518,COC(F)(F)COC(=O)c1cc(OCCCCC)cc(C(=O)OCC(C)(F)F)c1,,0.33975909,,,
260366998,CCCCCCCCCCOC(=O)c1ccc(C(=O)OC)cc1,,0.35659382,,,
260773607,Cc1ccc2c(c1)C(=O)N(c1ccc(Oc3ccc(-c4ccc(Oc5ccc(N6C(=O)c7ccc(C(C)(C(F)(F)F)C(F)(F)F)cc7C6=O)cc5)cc4)cc3)cc1)C2=O,,0.37808348,,,
260812845,CCC(C)c1ccccc1COCCCCCCCC,,0.38758383,,,
261071879,CCC(C)c1ccc(C)cc1C,,,0.1856666666666666,0.894079517,12.1318108
261334701,CNc1ccc(-c2ccc(-c3c(-c4ccc5ccccc5c4)c(-c4ccc5ccccc5c4)c(NC)c(-c4ccc5ccccc5c4)c3-c3ccc4ccccc4c3)cc2)cc1,,0.37406348,,,
262074826,COc1ccc(C(C)(C)c2ccc(OC(=O)c3ccc(S(=O)(=O)c4ccc(C(C)=O)cc4)cc3)cc2)cc1,,0.36927526,,,
262353559,CNc1ccc(C2(c3ccc(NC)c([C@]45C[C@H]6C[C@H](C[C@H](C6)C4)C5)c3)c3ccccc3-c3ccccc32)cc1[C@]12C[C@H]3C[C@H](C[C@H](C3)C1)C2,,0.39273082,,,
262479772,CC(=O)OCC(C)(C)CS(=O)(=O)CC(C)(C)COC(=O)N1CC(C)N(C)CC1C,,0.35492706,,,
262850499,COc1ccc(S(=O)(=O)c2ccc(Oc3c(C)cc(C(C)(C)c4cc(C)c(C)c(C)c4Br)c(Br)c3C)cc2)cc1,,0.41845298,,,
263068772,CC=CCCCCCCCCCC(CCCCCCCCCC)COCCOCCOCCOCCOCc1ccc2ccc3cccc4ccc1c2c34,,0.37379395,,,
263087206,CCC(C)(C)C(=O)OCCCCCCOc1ccc(OC(=O)c2ccc(OC)c(Br)c2)cc1,,0.35326079,,,
263236795,CNCCOCCOCCOCCOCCNC,,0.3235597,,,
263279017,Cc1ccc(OC(=O)c2cccc(C(=O)Oc3ccc(C4(C)C(=O)Nc5ccccc54)cc3)c2)cc1,,0.35442058,,,
263293393,COc1ccc2ccc(Oc3ccc(C(=Nc4ccc(N=C(c5ccccc5)c5ccc(C)cc5)cc4)c4ccccc4)cc3)cc2c1,,0.38174047,,,
264131865,CC(=O)c1ccc(C(=O)c2ccc(Oc3ccc(C(C)(C)c4ccc(Oc5ccc(C)s5)cc4)cc3)s2)cc1,,0.37349224,,,
264402592,COc1ccc(NC(=O)c2cc(C(=O)Nc3ccc(C)cc3)c(C(=O)O)cc2C(=O)O)cc1,,0.31854458,,,
264552260,CNc1cc(NC)c2cc1N(C)c1cc(C(=O)OC)cc(c1)N(C)c1cc(c(N)cc1N)N(C)c1cc(C(=O)OC)cc(c1)N2C,,0.37551441,,,
264939963,CCC(C)(CC(=O)Oc1ccc(OCC)cc1)C(=O)Oc1ccc(OCC)cc1,,0.35102684,,,
265038627,CCCCCCCOCCCCCCOCCCCCOC,-72.01996519,,,,
265862660,COc1ccc(S(=O)(=O)c2ccc(C)cc2)cc1,,0.36689919,0.268,,
265889946,COc1ccc(Oc2ccc(C(=O)c3ccc(Oc4ccc(Oc5cccc(C)n5)cc4)cc3)cc2)cc1,,0.35865674,,,
265939765,CCCCNC,,,0.354,0.92848585,19.40336561
266241866,CCC(C)(C)C(=O)OCCCCCCCCCCCC[n+]1ccc(N(C)C)cc1,,0.37084263,,,
266415058,CCC(C)OC(=O)C(F)(F)C(F)(F)C(F)(F)C(F)(F)F,,0.32424675,,,
266479070,CCCC[Sn](C)(C)CCCOC(=O)C(CCCCCCOc1ccc(-c2ccc(OCc3ccc([N+](=O)[O-])cc3)cc2)cc1)C(=O)OC,,0.35896412,,,
266620737,COc1ccc(-c2ccc(OC(=O)Nc3cccc(P(=O)(c4ccccc4)c4cccc(NC(C)=O)c4)c3)cc2)cc1,,0.35820494,,,
266988735,CCCCCCCOC(=O)OCCCCCCOC(=O)OCCCCCCOc1ccc(C(=O)c2ccc(OC)cc2)cc1,,0.35359242,,,
267049794,CCC(F)(F)C(F)(F)C(F)(F)C(F)(F)COC(=O)CCCC(=O)OC,-64.11657159,,,,
267912832,CCCCCCCCCCCCCn1c(=O)c2cc3c(=O)n(C)c(=O)c3cc2c1=O,73.37639604,,,,
268323392,CNc1cc(C)c(Cc2ccc(CCCc3ccc(Cc4c(C)cc(NC)cc4C)cc3)cc2)c(C)c1,,0.35627685,,,
268434909,CNc1cc(Br)c(NC)c(Br)c1,,0.37180837,,,
268436916,CCC(CC)S(C)(=O)=O,,0.3604463,,,
268533943,CO[Si](C)(C)c1c(F)c(F)c(F)c(F)c1F,,0.35719446,,,
268805413,Cc1nc(C)nc(N(CCCCCCN(C)c2ccccc2)c2ccccc2)n1,,0.3854823,0.21,1.056565871,14.20899208
269136469,CNc1cccc2cc3cccc(NC)c3c(N)c12,,0.33466725,,,
269301575,CNc1cccc(CCc2ccc(NC(=O)c3cccc(C(C)=O)c3)cc2)c1,,0.3513212,,,
269388015,COc1ccc(C(c2ccc(OP3(Oc4ccc(C(=O)OCCC)cc4)=NP(Oc4ccc(C(=O)OCCC)cc4)(Oc4ccc(C(=O)OCCC)cc4)=NP(C)(Oc4ccc(C(=O)OCCC)cc4)=N3)cc2)(C(F)(F)F)C(F)(F)F)cc1,,0.35657352,,,
269527017,CCCN(CCOC(=O)c1cccc(C(=O)OC)c1)c1ccc(N=Nc2ccc(-c3nc4ccc([N+](=O)[O-])cc4n3CC)cc2)cc1,,0.36042586,,,
270193915,CC=CC(CC)COCC(=O)OCCCCCCCCOc1ccc(C=Cc2ccc([N+](=O)[O-])cc2)cc1,,0.35801119,,,
270468068,Cc1ccc(Oc2ccc(S(=O)(=O)c3ccc(Oc4ccc(N5C(=O)c6ccc(S(=O)(=O)c7ccc8c(c7)C(=O)N(C)C8=O)cc6C5=O)cc4)cc3)cc2)cc1,,0.36832614,,,
270662526,Cc1ccc(Sc2ccc(-c3nc(-c4cccc(-c5nnc(-c6ccccc6)c(C)n5)n4)nnc3-c3ccccc3)cc2)cc1,419.5781202,,,,
270794936,CNc1ccc(-c2ccc(NC)c3ccccc23)c2ccccc12,,0.35345588,,,
271080458,CCC(O)CN(C)S(=O)(=O)c1cccc(S(=O)(=O)N(C)CC(O)COc2ccc(Sc3ccc(OC)cc3)cc2)c1,,0.3444038,,,
271082869,CCC(C)C(=O)OCCOC,,0.33856563,,,
271540328,Cc1ccc2c(c1)C(=O)N(c1ccc(Oc3ccc(N4C(=O)c5ccc(C(C)(C)CCCCCCCCC(C)(C)C)cc5C4=O)cc3)cc1)C2=O,,0.36399911,,,
271698010,COc1ccc(S(=O)(=O)c2ccc(Oc3ccc(C(C)(C)c4ccc(C)cc4)cc3[N+](=O)[O-])cc2)cc1,,0.37040317,,,
271737793,Cc1ccc(Oc2ccc(N3C(=O)CC4C(CC5C(=O)N(C)C(=O)C54)C3=O)cc2)cc1,,0.38077271,,,
272150874,CCC(C)c1ccc(CCCCCCCCCCCCCCCC)cc1,,0.40149462,0.3409999999999999,0.848617516,12.88977254
272832139,CCC(C)(C)C(=O)OCCCCOc1ccc2cc(C(=O)Oc3ccccc3)ccc2c1,,0.34243851,,,
273139332,Cc1sc(C)c(OCCCCCCCCCCCCCCCCCCCC)c1C,,,0.3747499999999999,0.90435478,14.34826035
273204422,CCC(C)c1ccccc1CC,,,0.1843333333333333,0.918485757,13.27096728
273571217,CN/N=C(\NC)c1c(N)nc2[nH]ncc2c1N,,0.32001736,,,
273593115,Cc1ccc(-c2ccc(N3C(=O)c4ccc(-c5cccc6c5C(=O)N(C)C6=O)cc4C3=O)cc2C)c(C)c1,,0.39155142,,,
273667291,CCC(O)COC(=O)C1CCC(C(=O)OCC(O)COc2ccc(C3(c4ccc(OC)cc4)c4ccccc4-c4ccccc43)cc2)CC1,,0.34780473,,,
274064100,CNc1cccc2cc3ccccc3c(NC)c12,,0.34139872,,,
274098381,COc1ccc(Oc2ccc(C(=O)c3ccc(C)cc3)cc2)cc1-c1cc(C(F)(F)F)cc(C(F)(F)F)c1,,0.37731962,,,
274614510,COC(CC(C)=O)C(C)C,-24.82439314,,,,
275666084,CCC(C)(C)C(=O)OCCCCCCCCOc1ccc(N=Nc2ccc(C3OCC4(CO3)CC3C=CC4C3)cc2)cc1,,0.36026363,,,
276378650,CCC(C)C(=O)OCCCCCCCCCCCOc1ccc(C(=O)Oc2ccc(-c3ccc(OC(C)CCCCCC)cc3)cc2)cc1,,0.37426308,,,
277002638,CCCCCCCCNC(=O)c1ccc(C(=O)NC)cc1,,0.34342057,,,
277986602,COc1ccc(Oc2ccc(C=NCCCCCCCCCCN=Cc3ccc(C)cc3)cc2)cc1,,0.37760079,,,
278061089,COc1ccc(C2(c3ccc(Oc4ccc(C(=O)c5cccc6cccc(C(=O)c7ccc(C)cc7)c56)cc4)cc3)c3ccccc3-c3ccccc32)cc1,,0.38951494,,,
278123349,CCC(C)C(=O)C1CCCCC1,,,0.204,0.931405406,11.28939719
278169291,CCCCCCCNC(=O)c1ccc(C(=O)NC)c(Oc2ccccc2)c1,,0.34618661,,,
278692232,COc1ccc(NC(=O)c2ccc3cc(C(=O)Nc4ccc(Oc5ccc(C6(c7ccc(C)cc7)C7CC8CC(C7)CC6C8)cc5)cc4)ccc3c2)cc1,,0.36862142,,,
278844630,CCCOCCOC(=O)c1cccc(C(=O)OC)c1,,0.33032067,,,
278926278,COc1ccc(C2(c3ccc(OC(=O)c4ccc(C(C)=O)cc4)cc3)CCC3CCCCC3C2)cc1,,0.37490919,,,
279552323,CC(=O)Nc1ccc(Oc2ccc(C(C)(C)c3ccc(Oc4ccc(NC(=O)c5ccc6c(c5)C(=O)N(c5ccc(Oc7cccc8c(Oc9ccc(N%10C(=O)c%11ccc(C)cc%11C%10=O)cc9)cccc78)cc5)C6=O)cc4)cc3)cc2)cc1,,0.36505048,,,
279624532,CO[Si](C)(C)CCCOc1ccc(C(=O)Oc2ccc(-c3ccc(OC(=O)c4cc(OCCCCCCCCCCCC)c(OCCCCCCCCCCCC)c(OCCCCCCCCCCCC)c4)cc3)cc2)cc1,,0.38445052,,,
279990409,CCCNC(=O)CCCCCCCCCCCCCCC(=O)NC,,,0.412,,
280111011,CNc1ccc([C@H](C)c2ccc(C(C)c3ccc([C@@H](C)c4ccc(NC)cc4)cc3)cc2)cc1,,0.36122133,,,
280819340,CNc1ccc(C(c2ccccc2)(c2ccccc2)c2ccc(C(c3ccccc3)(c3ccccc3)c3ccc(NC)cc3)cc2)cc1,,0.39075711,,,
280901586,Cc1ccc(Oc2ccc(C(=O)c3ccc(-c4ccc(C(=O)c5ccc(Oc6ccc(-c7nc(-c8ccccc8)[nH]c7C)cc6)cc5)cc4)cc3)cc2)cc1,,0.38363841,,,
281000054,CC(=O)OCCN(CCOC(=O)c1ccc2c(c1)C(=O)N(c1c(C)cc(Cc3cc(C)c(N4C(=O)c5ccc(C)cc5C4=O)c(C)c3)cc1C)C2=O)c1ccc(N=Nc2ccc([N+](=O)[O-])cc2[N+](=O)[O-])cc1,,0.37040323,,,
281136178,CCNC(=O)OCc1ccc(COC(=O)NCc2ccc(C(C)(C)c3ccc(C)o3)o2)o1,,0.33949603,,,
281150361,CO[Si](C)(C)CC[Si](C)(C)Oc1c(C)cc(-c2cc(C)c(C)c(C)c2)cc1C,,0.40021921,,,
281517661,C=C=C=C(Cn1c2ccccc2c2ccccc21)C(=C)Cn1c2ccccc2c2ccccc21,,,,1.114657106,12.21503123
281814625,CC(=O)c1ccc2c(c1)C(=O)N(c1cccc(C(=O)Nc3ccc(N4C(=O)c5ccc(C)cc5C4=O)cc3)c1)C2=O,,0.35895487,,,
281920156,CCC(C)C(=O)OCCCCCC(=O)Oc1ccc(-c2ccc(C#N)cc2)cc1,,0.34688893,0.2299999999999999,1.092668338,12.97526971
281967969,CNc1ccc(C[C@@H](C)c2ccc([C@H](C)Cc3ccc(NC)cc3)cc2)cc1,,0.36054021,,,
282298315,CO[Si](C)(C=C)O[Si](C)(C=C)O[Si](C)(C)c1ccc([Si](C)(C)C)cc1,,0.43139276,,,
282747611,CC=CC1CC(C)C2C(=O)N(c3cccc(C)c3)C(=O)C12,,0.39070984,,,
283523819,CC(C#N)=Cc1cc(OCCCCCCCC)c(C=C(C#N)c2cc(OCCCCCCCC)c(C)cc2OC)cc1OC,,0.39126569,,,
283582804,CN=P(C)(OCCCC)OCCCC,,0.40534797,,,
284421147,CC(=O)Nc1ccc(C(c2ccc(NC(=O)c3ccc4c(c3)C(=O)N(c3c(C)cc(-c5cc(C)c(N6C(=O)c7ccc(C)cc7C6=O)c6ccccc56)c5ccccc35)C4=O)cc2)(C(F)(F)F)C(F)(F)F)cc1,,0.37733686,,,
284595179,CCCOC(=O)NCCSCCCCSCCNC(=O)OC,26.25521298,,,,
285133703,CNc1ccc2c(c1)[C@H]1c3cc(NC)ccc3[C@@H]2c2c(N)cccc21,,0.38618396,,,
285241910,CCC(C)(C)C(=O)OCCN(C)c1ccc(N=Nc2ccc(N=Nc3ccc(C#N)cc3)cc2C)cc1,,0.38137962,,,
285299858,CN[C@@H](O)N[C@@]1(NC)[C@@H](O)N=CNC1(N)N,,0.30799614,,,
285419416,CCCCCOCC(O)CN(CC(O)COC)c1ccc(N(C)C)cc1,,0.35989821,,,
285781116,CNc1ccccc1C1(c2cc(CC)ccc2NC)CCCCC1,,0.36032585,,,
286143083,CNc1cc(-c2c(C)cccc2C)cc(-c2c(C)cccc2C)c1NC,,0.36856174,,,
286285970,CCC(C)(F)C(=O)OCCC(F)(F)C(F)(F)C(F)(F)C(F)(F)C(F)(F)C(F)(F)C(F)(F)C(F)(F)F,,0.32305957,,,
286520814,CCC1CC1COC,-28.98581149,,,,
286659449,CCC(C)(C)C(=O)OC(C)Oc1ccccc1,31.196908,,,,
286702486,CNc1ccc(CC(C)(Cc2ccc(N)cc2)Cc2ccc(NC)cc2)cc1,,0.34821769,,,
286760389,Cc1ccc(Oc2ccc(C(C)(C)c3ccc(Oc4ccc(-c5nnc(C)n5-c5ccc(C)cc5)cc4)cc3)cc2)cc1,,0.39161329,,,
286863590,Cc1ccc(Oc2ccc(C(=O)c3ccc(Oc4ccc(-c5nc(-c6ccccn6)nnc5C)cc4)cc3)cc2)cc1,,0.38856425,,,
286904793,CNc1ccc(-c2ccc(NC)cc2/C=C/c2ccccc2)cc1,,0.35172909,,,
286907970,Cc1ccc([Si](C)(OCC)OCC)cc1,7.02246836,,,,
286918876,CCCCCCCCNC(=O)C(CCCCCCCCCCCC)C(=O)NC,,,0.3455,0.900783398,13.84301628
287377564,Cc1ccc(Oc2ccc(N3C(=O)c4ccc(S(=O)(=O)c5ccc6c(c5)C(=O)N(C)C6=O)cc4C3=O)cc2Br)c(Br)c1,,0.40143862,,,
287416791,Cc1ccc(S(=O)(=O)NCCNS(C)(=O)=O)cc1,7.54081281,,,,
287463310,CCC(C)C1=NC(C)(C)C(=O)O1,,0.35364772,,,
287576128,CCCN(CCOC(=O)Nc1ccc(C)c(NC(=O)OC)c1)c1ccc(N=Nc2ccc(N=Nc3cc(OC)c(N=Nc4ccc([N+](=O)[O-])cc4)cc3OC)c(C)c2)cc1,,0.36102011,,,
287781923,C/C=C/c1sc(C)c(OCCCCCCCCCCCC)c1OCCCCCCCCCCCC,,,0.365,0.900179408,11.69721179
288191338,Cc1cccc(P(C)(=O)c2cccc(N3C(=O)c4ccc(NC(=O)OCCOc5ccc(C(C)(C)c6ccc(OCCOC(=O)Nc7ccc8c(c7)C(=O)N(C)C8=O)cc6)cc5)cc4C3=O)c2)c1,,0.34522255,,,
288320875,Cc1ccc(Oc2ccc(C3(c4ccc(Oc5ccc(-c6cccc(C)n6)cc5C(F)(F)F)cc4)c4ccccc4-c4ccccc43)cc2)c(C(F)(F)F)c1,,0.41115337,,,
288350972,COS(=O)(=O)c1cccc(C(=O)c2cccc(S(=O)(=O)Oc3ccc(C(C)(C)c4ccc(C)cc4)cc3)c2)c1,,0.36729276,,1.237872849,16.18613012
288433754,CCC(C)C(=O)Oc1cccc2ccccc12,,0.35105406,0.1644999999999999,1.120527982,12.47317176
288686571,CNc1ccc(C(c2ccc(NC(=O)c3cc(C(C)=O)cc(C(C)(C)C)c3)cc2)(C(F)(F)F)C(F)(F)F)cc1,,0.3682145,,,
288758624,CCCN(C)Cc1ccccc1,,0.36209961,,,
288986880,CCC(COC(=O)CCCCCCCCCCN1C(=O)C2C3C=CC(C3)C2C1=O)OC,,0.34865046,,,
289030100,CNc1ccc2c(c1)-c1ccccc1[C@]21c2ccccc2-c2ccc(NC)cc21,,0.38578532,,,
289287510,CNc1cc2cc3cc4ccccc4cc3cc2cc1NC,,0.3410204,,,
289478370,COc1cccc(C(=O)Nc2ccc(Oc3ccc(NC(=O)c4cccc(Oc5nc(C)nc(Sc6ccccc6)n5)c4)cc3)cc2)c1,184.9515774,,,,
289637508,CCC(C)(CC(=O)OCC1CCCCC1)C(=O)OCC1CCCCC1,,0.3794888,0.19,,
289857593,CCCCCCCCCCCCCCCCCCCCCOC(=O)CCCCS(=O)(=O)CCCCC(=O)OC,,,0.322,,
289881295,CCCCCCCCCCCCCCCSC,,,0.34125,0.881232316,22.79770371
289972048,C=Cc1ccc(C=C2SC(=S)N(c3ccc(N4C(=O)C(=C)SC4=S)cc3)C2=O)cc1,187.1036635,,,,
290244345,CNc1cc(S(=O)(=O)c2ccc(O)c(NC)c2)ccc1O,,0.32138495,,,
290253227,COc1ccc(Oc2ccc(C(=O)c3ccc(-c4ccc(C(=O)c5ccc(C)cc5)cc4)cc3)cc2)cc1-c1cccc(C)c1,,0.38116077,,,
290300802,CCC(F)(F)C(F)(F)C(F)(F)COC(=O)NCC(F)(F)C(F)(F)C(F)(F)C(F)(F)CNC(=O)OC,,0.29982078,,,
290418374,CC(=O)c1ccc2c(c1)C(=O)N(c1cccc(C(=O)Nc3cccc(N4C(=O)c5ccc(C)cc5C4=O)c3)c1)C2=O,,0.35769875,,,
291057839,CCC(C)(C)C(=O)OCCCCCCN1CCN(c2ccc(N=Nc3ccc(C=C(C#N)C#N)cc3)cc2)CC1,,0.37590326,,,
291499422,CCC(CCCC)COC(=O)NC(=O)c1cccc(C(=O)NC(=O)OC)c1,,0.32018631,,,
291719291,Cc1ccc(C=Cc2cc(OCC(CC)CCCC)c(C=Cc3ccc(N(C)c4ccccc4)cc3)cc2OC)cc1,,0.39827635,,,
291812607,CCCN(CCOC(=O)Nc1ccc(Cc2ccc(NC(=O)OC)cc2)cc1)c1ccc(N=Nc2ccc([N+](=O)[O-])cc2)c(C)c1,,0.35280461,,,
292223018,CCCN(C)C(=O)c1c(F)cc(F)cc1F,,0.34607139,,,
292271271,COc1ccc(S(=O)(=O)c2ccc(Oc3cccc(NC(=O)c4ccc(-c5ccc(C(=O)Nc6cccc(C)c6)c(C)c5)cc4C)c3)cc2)cc1,,0.35676805,,,
292300264,CNc1ccc(Nc2ccc(C(=O)c3ccc(C(=O)c4ccc(C)cc4)cc3)cc2)cc1,,0.3913528,,,
292368159,COC(=O)C=CC(=O)OC1COC2C(C)COC12,,0.31212102,,,
292543407,CC1C(=O)N(c2c(CC)cccc2CC)C(=O)C1C,,0.41528164,,,
293023790,CC=Cc1cc(OCCCCCCOc2ccc(C3CCC(CCCCC)CC3)cc2)c(C)cc1OCCCCCCOc1ccc(C2CCC(CCCCC)CC2)cc1,36.67582945,,,,
293350949,Cc1ccc2c(c1)C(=O)N(c1cc(Br)c(Oc3c(Br)cc(N4C(=O)c5ccc(C(C)(C(F)(F)F)C(F)(F)F)cc5C4=O)cc3Br)c(Br)c1)C2=O,,0.43086202,,,
293363115,C/C=C/C(CC)C(C)CC,,,0.203,0.82398912,14.35476002
293508970,CNc1ccc(-c2ccc(NC)cc2-c2ccccc2-c2cccc3ccccc23)cc1,,0.35954171,,,
293562405,CCC(C)(C)C(=O)Oc1cccc(C)c1,,,0.151,1.017456329,12.06665155
293886642,Cc1ccc(C)s1,,0.49681739,,,
294224638,CCC(C)C(=O)C(C)C,,,0.203,0.886596201,12.63604574
294498348,CCCOCCOc1ccc(C=C(C)c2ccc(OC)cc2)cc1,,0.36557344,,,
294894075,Cc1ccc(C2(c3ccc(-c4cc(-c5ccccc5)c5cc(C6(c7ccc8nc(C)cc(-c9ccccc9)c8c7)c7ccccc7C(=O)c7ccccc76)ccc5n4)cc3)c3ccccc3-c3ccccc32)cc1,,0.47578212,,,
295260492,CC[Si](C)(C)CCCOCCOCCOC,,0.36062899,,,
295275980,CCC(C)(C)C(=O)OCCCCCCCCCCCCOc1ccc(C(=O)Oc2ccc(-c3cccc(OC(=O)c4ccc(OC(=O)c5ccc(OCCCCCCCCCCCC)cc5)cc4)c3)cc2)cc1,,0.36392032,,,
295305734,CCC(C)(CC(=O)Oc1ccc(C)cc1)C(=O)Oc1ccc(C)cc1,,,0.182,1.062096371,11.04114403
295343824,CC(=O)c1ccc(C(=O)N(CCC)c2ccc(Cc3ccc(N(C)CCC)c(C)c3)cc2C)cc1,179.9023847,,,,
295492872,Cc1c(C)cc(Cc2cc(C)c(N3C(=O)c4cccc(Oc5ccc(C(C)(C)c6ccc(Oc7cccc8c7C(=O)N(C)C8=O)cc6)cc5)c4C3=O)c(C)c2)cc1C,,0.38770631,,,
295884244,COc1ccc(C(=Nc2ccc(N=C(c3ccccc3)c3ccc(Oc4ccc(C(c5ccccc5)(c5ccccc5)c5ccc(C)cc5)cc4)cc3)cc2)c2ccccc2)cc1,,0.39566509,,,
296205481,CCCCCCCCCCCOC(=O)CCCCCCC(=O)OC,,0.36776724,0.3445,0.938959785,22.70955044
296253043,CNc1ccc(CCCCCc2ccc(NC)cc2)cc1,,0.34584996,,,
296446712,CCC(C)C(C)=O,,0.34334548,0.179,0.955845655,17.46864859
296474292,CC(F)(F)C(C)(F)OC(F)(F)C(F)(F)F,,0.3417127,,,
296559312,COc1ccc2ccc(Oc3ccc(C(=O)Nc4ccc(Oc5ccc(C(c6ccc(Oc7ccc(NC(=O)c8ccc(C)cc8)cc7)cc6)(C(F)(F)F)C(F)(F)F)cc5)cc4)cc3)cc2c1,,0.3598661,,,
296620653,CNc1ccc(Cc2ccc(-c3ccc(NC)cc3)cc2)cc1,,0.34759302,,,
296709911,CNc1ccc(C(c2ccc(N)cc2)(c2ccc(N)cc2)[C@H]2CC[C@H](NC)CC2)cc1,,0.37489694,,,
296780712,CCCCOCCOCCOC(=O)Nc1ccc(C)c(NC(=O)OC)c1,-26.75831261,,,,
296827731,CCCN(CCOC(=O)NC(C)(C)c1cccc(C(C)(C)NC(=O)OC)c1)c1ccc(N=Nc2ccc([N+](=O)[O-])cc2)cc1,,0.34971424,,,
296831504,COc1c(C)cc(-c2cc(C)c(OC(=O)CCCCCCCCC(C)=O)c(C)c2)cc1C,,0.36469857,,,
297020286,C/C=C/c1ccc(C)c(-c2cc(-c3ccccc3)c(OCC(CC)CCCC)cc2OCC(CC)CCCC)c1,,,0.256,0.919376466,12.57676107
297297701,CC1CCC(N2C(=O)c3ccc(S(=O)(=O)c4ccc5c(c4)C(=O)N(C)C5=O)cc3C2=O)CC1,,0.37391211,,,
297474668,CC(=O)Nc1cc(C(F)(F)F)cc(NC(=O)c2ccc3c(c2)C(=O)N(c2cc(C(F)(F)F)cc(N4C(=O)c5ccc(C)cc5C4=O)c2Oc2ccc(C(F)(F)F)cc2)C3=O)c1Oc1ccc(C(F)(F)F)cc1,,0.3682254,,,
297502549,CNCC1CCCC(CNC)C1,,0.33163789,,,
297731512,Cc1ccc(C(=O)Nc2ccc(Oc3ccc(S(=O)(=O)c4ccc(Oc5ccc(NC(=O)c6ccc(N7C(=O)c8ccc(-c9ccc%10c(c9)C(=O)N(C)C%10=O)cc8C7=O)cc6)cc5)cc4)cc3)cc2)cc1,,0.35562062,,,
298003696,CNc1c(C)c(C)c(C(=O)c2ccc(NC(=O)c3ccc(C(C)=O)cc3)cc2)c(C)c1C,,0.37168327,,,
298173145,CNC(=O)NCCCCCCNC(=O)Nc1cccc(C)n1,,0.32647685,,,
298248052,Cc1cccc(Oc2cccc(Oc3cccc(N4C(=O)c5c(c(-c6ccccc6)c(-c6ccc(Oc7ccc(Oc8ccc(-c9c(-c%10ccccc%10)c%10c(c(-c%11ccccc%11)c9-c9ccccc9)C(=O)N(C)C%10=O)cc8)cc7)cc6)c(-c6ccccc6)c5-c5ccccc5)C4=O)c3)c2)c1,,0.38817266,,,
298750870,Cc1c(-c2ccccc2)c(-c2ccccc2)c(C)c2cc(C(c3ccc(C#Cc4ccccc4)c(C#Cc4ccccc4)c3)(C(F)(F)F)C(F)(F)F)ccc12,,,0.103,1.001212493,12.31035991
299097300,CC(C)C(=O)OC,,0.33876364,,,
299152684,CCCCCCCCCCNC(=O)CCCCCCCCC(=O)NC,,,0.3485,0.93702543,20.75684225
299349220,CNC(C)C(=O)NCC(C)=O,19.96697332,,,,
299618473,CC(=O)Nc1ccc(C(=O)Nc2ccc(NC(=O)c3ccc4[nH]c(-c5cccc(-c6nc7cc(C)ccc7[nH]6)c5)nc4c3)cc2)cc1,,0.3655908,,,
299922696,Cc1ccc(Oc2ccc(C(=O)c3ccc(C(=O)c4ccc(Oc5ccc(-c6nc(-c7ccccc7)[nH]c6C)cc5)cc4)cc3)cc2)cc1,,0.38697246,,,
300005769,CCC1CC2CC1C1CCC(CN3C(=O)c4ccc(Oc5ccc6c(c5)C(=O)N(C)C6=O)cc4C3=O)C21,,0.36282504,,,
300892142,CCCSCCOC(=O)CCC(=O)OC,,0.34112021,,,
300941372,CCC(=O)Nc1ccc(Oc2ccc(Oc3ccc(NC(=O)c4ccc5c(c4)C(=O)N(C)C5=O)cc3)cc2)cc1,,0.34047754,,,
301268217,CCCCCCCCCCCOC,,,0.353,,
301459957,Cc1cccc(N2C(=O)c3cccc(Oc4c(C)cc(-c5cc(C)c(Oc6cccc7c6C(=O)N(C)C7=O)c(C)c5)cc4C)c3C2=O)c1,,0.38569497,,,
301935252,CC(=O)OCCCCCCCCCCCCOC(=O)c1ccc(N2C(=O)c3ccc(C)cc3C2=O)cc1,,0.35218285,,,
302206099,CNc1ccc([C@H](CC)C[C@H](C[C@@H](C[C@@H](C)c2ccc(NC)cc2)c2ccc(N)cc2)c2ccc(N)cc2)cc1,,0.36066913,,,
302309984,Cc1ccc(Oc2ccc(N3C(=O)c4ccc(Oc5ccc(Oc6ccc(Oc7ccc8c(c7)C(=O)N(C)C8=O)cc6)cc5)cc4C3=O)cc2)cc1,,0.36551009,,,
302979803,COc1ccc(CC(NC(=O)CCc2ccc(OC(=O)COCC(C)=O)cc2)C(=O)OCCCCCC)cc1,,0.34376894,,,
303176560,CNc1ccc(C2(c3ccccc3NC)CCCCC2)cc1,,0.35257654,,,
303191070,CN=P(C)(Oc1ccc(-c2ccccc2)cc1)Oc1ccc(-c2ccccc2)cc1,,0.36538573,,,
303219921,CNc1ccc(-c2ccc(NC)cc2CCCCc2cc(N)ccc2-c2ccc(N)cc2)cc1,,0.35208407,,,
303267980,CCCCCCCN(C)C(=O)CCC(=O)N(C)C,,0.34567408,,,
303343344,CC#Cc1cccc(C#C[SiH2]C)c1,,0.47028838,,,
303682893,COc1ccc(C2(c3ccc(OC(=O)c4cccc(C(C)=O)c4)c(C)c3)CCC3CCCCC3C2)cc1C,,0.38690449,,,
303795473,CCCCC(C)(C)CCCNC(=O)c1ccc(C(=O)NC)cc1,,0.34132981,,,
304139587,Cc1ccc(C(C#N)(C(=O)OCC)C(C)(C#N)C(=O)OCC)cc1,,0.38803882,,,
305079648,COc1ccc(SC(=O)Oc2ccc(C(C)(C)c3ccc(OC(=O)Sc4ccc(C)cc4)cc3)cc2)cc1,,0.34795585,,,
305318799,Cc1ccc2c(c1)C(CCCCCC)(CCCCCC)c1cc(-c3cc(CCCCCC)c(C)cc3CCCCCC)ccc1-2,,0.42097491,0.46,0.85144236,20.23991085
305819221,CC(=O)c1cc2c(cc1Cl)C(=O)N(c1cc(Cl)cc(N3C(=O)c4cc(C)c(Cl)cc4C3=O)c1)C2=O,,0.39611043,,,
307030577,CNc1ccc2c(c1)[C@@H](c1ccccc1)c1c-2ccc(NC)c1-c1ccccc1,,0.36614228,,,
307396008,CCC(C)OC(=O)CC1CCCC1,,0.3604384,,,
307817942,Cc1ccc(Oc2ccc(Oc3ccc(NC(=O)c4ccc(Oc5cccc6c5C(=O)N(C)C6=O)cc4)cc3)cc2)cc1,,0.35768777,,,
308504449,CCCCCCCCCCCSCCCCCCSC,,,0.3305,0.931588685,28.27457475
308535213,CCC=CN(C=CCC1CC(=O)N(c2ccc(Cc3ccc(N4C(=O)CC(C)C4=O)cc3)cc2)C1=O)c1ccc(N=Nc2ccc([N+](=O)[O-])cc2)cc1,,0.36429958,,,
308745808,CCC1CCC(COC(=O)NCCSCCCCCSCCNC(=O)OC)CC1,77.84678315,,,,
308992648,CCC(C)C(=O)OCC(F)(F)C(F)(F)C(F)(F)C(F)F,,0.32276362,,,
309072874,COc1ccc(C2(c3ccc(OC(C)=O)c(C)c3)CC3CC2C2CCCC32)cc1C,,0.40611726,,,
309419979,CC(=O)c1ccc2nc(-c3ccc(-c4cnc5cc(C)ccc5n4)cc3)cnc2c1,,0.42198142,,,
309733373,COC(=O)c1ccc(CCCCCCc2ccc(C(C)=O)cc2)cc1,,0.36077317,,,
310196546,COc1cccc(NC(=O)CCCCCCCCCC(=O)Nc2ccc(C)cc2)c1,,0.34944602,,,
310395295,Cc1ccc(Oc2ccc(C(=O)c3ccc(Oc4ccc(-c5nc(-c6ccc(-c7nc(C)c(-c8ccccc8)[nH]7)cc6)[nH]c5-c5ccccc5)cc4)cc3)cc2)cc1,,0.40672617,,,
310494439,CCC(C)n1ccnc1,,0.35410749,,,
310611274,CCC(C)COC(=O)c1ccc(C(=O)OC)cc1,,0.3435142,,,
310843241,CCC(C)C(=O)OCC1(COCC2(COC(=O)C(C)(C)CC)COC(CP(=O)(OCC)OCC)OC2)COC(CP(=O)(OCC)OCC)OC1,,0.34782459,,,
310898724,CNc1ccc2ccc3c(NC)c(-c4ccc(C5(c6ccccc6)c6ccccc6-c6ccccc65)cc4)c(-c4ccc(C5(c6ccccc6)c6ccccc6-c6ccccc65)cc4)c4ccc1c2c34,,0.38241769,,,
311037297,CCC(C)(C)C(=O)OCCC(F)(F)C(F)(F)C(F)(F)C(F)(F)C(F)(F)C(F)(F)C(F)(F)C(F)(F)F,,0.32611657,,,
311737289,COc1ccc(-c2ccc(Oc3ccc(Oc4cc(Oc5ccc(C)cc5)ccc4CCCCCC)cc3)c3ccccc23)c2ccccc12,,0.37973562,,,
311750318,CCC(=O)Nc1ccc(Cc2ccc(NC(=O)COc3ccc4ccccc4c3Sc3c(OC)ccc4ccccc34)cc2)cc1,,0.34521945,,,
312401249,COC(=O)Oc1ccc2c(c1)Oc1cc(C)ccc1C21c2ccccc2-c2ccccc21,,0.39255677,,,
312938401,CNc1ccc(N[Se]C)cc1,,0.39082082,,,
313210022,C/C=C/CCCCCC,,,0.3143333333333333,0.823772683,18.69881957
313256095,CNc1ccc(-c2c(-c3ccccc3)c(-c3ccccc3)c(NC)c(-c3ccc4ccccc4c3)c2-c2ccc3ccccc3c2)cc1,,0.3722511,,,
313737003,COc1ccc(N=Nc2ccc(Cc3ccc(N=Nc4ccc(OC(=O)c5ccc(N=Nc6ccc(C(C)=O)cc6)cc5)cc4)cc3[N+](=O)[O-])c([N+](=O)[O-])c2)cc1,,0.36942122,,,
313765532,CC=CC1CC(C)C(F)(F)C1(F)OC(F)(F)C(F)(F)C(F)(F)F,,0.35218928,,,
313831314,CCC(C)C1CCCCC1,,,0.1906666666666666,,
313842947,Cc1ccc(C2(c3ccc(-c4cc(-c5ccccc5)c5cc(-c6ccc7nc(C)cc(-c8ccccc8)c7c6)ccc5n4)cc3)c3ccccc3-c3ccccc32)cc1,,0.42784564,,,
313907766,CCCCCCCCCc1nc2cc(-c3ccc4oc(C)nc4c3)ccc2o1,61.93714913,,,,
313933456,Cc1ccc(Oc2cccc(Oc3ccc(N4C(=O)c5cccc(Oc6ccc(S(=O)(=O)c7ccc(Oc8cccc9c8C(=O)N(C)C9=O)cc7)cc6)c5C4=O)cc3)c2)cc1,,0.36100204,,,
314234289,CNc1cccc(NC(=O)c2ccc(C(=O)Nc3cccc(NC(=S)NC(=O)c4cccc(C(=O)NC(C)=S)c4)c3)cc2)c1,,0.34075834,,,
314354319,CCCN(CCOC(=O)NCCCCCCNC(=O)OC)c1ccc(N=Nc2ccc(P(=O)(c3ccccc3)c3ccccc3)cc2)cc1,,0.36051644,,,
314797178,CCC(=O)Nc1ccc(Oc2ccc(-c3ccc(Oc4ccc(NC(=O)CN5C(=O)c6ccc(C(c7ccc8c(c7)C(=O)N(C)C8=O)(C(F)(F)F)C(F)(F)F)cc6C5=O)cc4)cc3)cc2)cc1,,0.34625008,,,
314863833,CC=C(C)C(C)(C)C,,0.39086188,,,
314916411,CNc1ccc(NC(=O)c2cc(C(=O)O)c(C(C)=O)cc2C(=O)O)cc1,240.3936293,,,,
315380987,Cc1ccc(C(c2ccc(-c3nc4ccc(-c5ccc6nc(C)oc6c5)cc4o3)cc2)(C(F)(F)F)C(F)(F)F)cc1,,0.41473896,,,
315519001,CCCN(C)C(=O)c1ccc(SC(F)(F)F)cc1,,0.36079153,,,
315538569,Cc1ccc(Oc2ccc(-c3c(-c4ccccc4)c4c(c(-c5ccccc5)c3-c3ccccc3)C(=O)N(c3cccc(N5C(=O)c6c(c(-c7ccccc7)c(-c7ccccc7)c(C)c6-c6ccccc6)C5=O)c3)C4=O)cc2)cc1,,0.40245453,,,
315696598,CCCOCCOC(=O)C(CCC)C(=O)OC,,0.3478015,,,
316809152,Cc1ccc(-c2ccc(-c3cc(-c4ccccc4)c4cc5c(-c6ccccc6)cc(C)nc5cc4n3)cc2)cc1,,0.42319171,,,
317007708,CCCCCCCCCCCCC(=O)Oc1ccc(-c2ccc(OC(=O)c3ccc4c(c3)C(=O)N(C)C4=O)cc2)cc1,,0.35069342,,,
317020980,CCC(C)(C)C(=O)OCC[N+](C)(C)CCCCCCC,,0.48837644,,,
317112247,C/C=C/c1ccc(C)c(-c2cc(OCC(CC)CCCC)c(OCC(CC)CCCC)cc2-c2ccccc2)c1,,,0.196,0.892538398,13.24845393
317286954,CCC(CC)(CC)CSC,,0.39177135,,,
317794773,COc1ccc(CC(NC(=O)CCc2ccc(OC(=O)CCC(C)=O)cc2)C(=O)OCC(C)C)cc1,,0.34144884,,,
317893081,CNc1c(NC)c2c3ccccc3ccc2c2ccccc12,,0.33765399,,,
318193611,Cc1ccc(Oc2ccc(S(=O)(=O)c3ccc(Oc4ccc(N5C(=O)c6ccc([Si](C)(C)c7ccc8c(c7)C(=O)N(C)C8=O)cc6C5=O)cc4)cc3)cc2)cc1,,0.37988388,,,
318514421,CCC(COCC=C)OC,,0.37390145,,,
318909763,CC(=O)c1ccc2c(c1)C(=O)N(c1ccc(C(=O)c3cccc(C(=O)c4ccc(N5C(=O)c6ccc(C)cc6C5=O)cc4)c3)cc1)C2=O,,0.35870758,,,
318923469,CCC(O)COC(=O)CCCCC(=O)OCC(O)COc1ccc(OC)cc1,,0.3223982,,,
318933021,Cc1ccc(C(=O)OCCCCCCCCCCOc2ccc(C=C3CCCCC(=Cc4ccc(OCCCCCCCCCCOC(=O)c5ccc(-c6nnc(C)o6)cc5)cc4)C3=O)cc2)cc1,,0.36697686,,,
319236312,CC=CC1CC(C)C2C(=O)N(c3cccc(Cl)c3)C(=O)C12,,0.38072604,,,
319319228,CCCCCCCCCNC(=O)Cc1ccc(CC(=O)NC)cc1,,0.34606066,,,
320070845,CNc1ccc(-c2ccc(NC)c(-c3ccc(C(C)(C)C)cc3)c2)cc1,,0.35848188,,,
321187243,Cc1cccc(OCCCCCCCCCOc2cccc(N3C(=O)c4ccc(-c5cccc6c5C(=O)N(C)C6=O)cc4C3=O)c2)c1,,0.35149035,,,
321215899,COc1ccc(N=CCCCC=Nc2ccc(OC(=O)Nc3cc(NC(C)=O)ccc3C)cc2)cc1,,0.34931445,,,
321268777,CNc1ccc(CC(C)(C)NC(=O)CCCCCCCCC(C)=O)cc1,,0.35281212,,,
321308254,CC1=C(c2ccc(-c3ccc4c(c3)C(CCCCCC)(CCCCCC)c3cc(-c5ccc(C)cc5)ccc3-4)cc2)C(=O)N(CCCCCCCCCCCC)C1=O,,0.40747116,,,
321519190,CCCCCCNC(=O)CCCCCCCCOCCCCCCCCC(=O)NCCCCCOC,,,0.267,0.932721325,20.89267331
321552204,C/C=C/CCCCCCCCCC(CCCCCCCCCC)COCCOCCOCCOCCOCCCCCCCCCCCCCC,,,0.332,,
321955140,CNC(CC(C)=O)C(=O)OCCCCCC,0.713924343,,,,
322065979,Cc1ccc(Oc2c(C)cc(C(c3cccnc3)c3cc(C)c(Oc4ccc(N5C(=O)CC(Nc6ccc(NC7CC(=O)N(C)C7=O)cc6)C5=O)cc4)c(C)c3)cc2C)cc1,,0.37995335,,,
322351570,COCCOC(=O)CCCCC(=O)OCCOc1nc(-c2ccc(OC)cc2)nc(C)c1-c1ccc(OC)cc1,,0.34860734,,,
322605911,COc1ccc(CC(NC(=O)Cc2ccc(OC(=O)COCCOCC(C)=O)cc2)C(=O)OCCCCCCCC)cc1,,0.34897667,,,
323040540,CNc1ccc2c(c1)C(CCCCCC)(CCCCCC)c1cc(NC)ccc1-2,,0.36646307,,,
323411656,CCc1cc(CNC(=O)CCCCC(=O)NC)cc(C(C)(C)C)c1,,0.34360475,,,
323702728,CNc1ccc(Cc2ccccc2C(C)(CCCCCCCCC)c2ccccc2Cc2ccc(NC)cc2)cc1,,0.36176304,,,
324341393,COc1ccc(-c2ccc(Oc3ccc(C(=O)c4ccc5cc(C(=O)c6ccc(C)cc6)ccc5c4)cc3)cc2)cc1,,0.38062816,,,
324348126,CCC(C)c1ccc(C([Si](C)(C)C)[Si](C)(C)C)cc1,,0.43765265,,,
324392817,CCCN(C)C(=O)CCCCCCCCCCC,,0.38506928,,,
324827592,COc1cccc(Oc2ccc(N=Cc3ccc(N(c4ccccc4)c4ccc(C=Nc5ccc(C)cc5)cc4)cc3)cc2)c1,,0.38883651,,,
324904007,COc1ccc(C(c2ccc(OC(C)=O)cc2)C2CC3CCC2C3)cc1,,0.37329335,,,
324919224,CCCCS(=O)(=O)CCCCS(=O)(=O)CCCOC(=O)OC,,0.3533756,,,
325038822,CNc1ccc(C(=O)c2ccc(C(=O)c3ccc(Nc4ccc5c(c4)c4cc(C)ccc4n5CC(CC)CCCC)cc3)cc2)cc1,,0.38731405,,,
325850735,CNc1ccc(-c2ccc(NC)cc2Cc2ccccc2)c(Cc2ccccc2)c1,,0.34802156,,,
325853121,COc1c(Br)cc(C)cc1Br,,0.44645964,,,
326740697,CCC(C)(C)C(=O)OCc1cc(F)ccc1F,,0.34376939,,,
327326654,COc1ccc(S(=O)(=O)c2ccc(Oc3ccc(C(c4ccc(C)cc4)C(C)C)cc3)cc2)cc1,,0.38318487,,,
327432808,COc1ccc(S(=O)(=O)c2ccc(C)cc2)c2ccccc12,,0.36846516,,,
327552819,CCC(C)(C)C(=O)OCCCCCCCCCCOc1ccc(N2C(=O)C(=Cc3c(C)c4ccccc4n3C)C(=C(C)C)C2=O)cc1,-17.96880959,,,,
327962548,CN=P(C)(OCC(F)(F)F)OCC(F)(F)F,,0.35273936,,,
328019914,CCC(C)(C)C(=O)OCCCCOc1ccc(OC(=O)c2ccc(OC)c(Br)c2)cc1,,0.35295173,,,
328180933,COc1ccc2c(c1)C(C)(c1ccc(OC(=O)c3cccc(C(C)=O)c3)cc1)CC2(C)C,,0.37445789,,,
328387168,CNc1ccccc1C(CC)(c1ccccc1N)c1ccccc1NC,,0.3617022,,,
328610666,CNc1ccc(-c2ccc(NC)cc2S(=O)(=O)O)c(S(=O)(=O)O)c1,,0.32787588,,,
328753275,CCCCCNC(=O)CC/C=C/CCC(=O)NC,,,0.258,,
328792977,COc1ccc(C(C)(C)C)cc1Oc1ccc(S(=O)(=O)c2ccc(C)cc2)cc1,,0.38170267,,,
329116469,Cc1nnc(-c2ccc(Oc3ccc(C=Cc4ccc(Oc5ccc(C)c6ccccc56)cc4)cc3)c3ccccc23)o1,,0.38851942,,,
329479579,CNc1ccc(C(=C(c2ccccc2)c2ccccc2)c2ccc(NC)cc2)cc1,,0.37080803,,,
329844440,CC(=O)c1ccc2c(c1)C(=O)N(c1ccc(C)c(N3C(=O)c4ccc(C)cc4C3=O)c1)C2=O,,0.38825862,,,
330131370,Cc1nnc(-c2cc(CCCCCCCCCC)c(-c3sc(-c4nnc(-c5cc(OCCCCCCCC)c(C)cc5OCCCCCCCC)o4)cc3CCCCCCCCCC)s2)o1,,0.40215236,,,
330131913,CCCCCOC(=O)SSC(=O)OC,-58.94578339,,,,
330440675,CNc1ccc(-c2ccc(NC)c(-c3cc(-c4ccc(N)c(-c5ccccc5)c4)ccc3N)c2)cc1-c1ccccc1,,0.35788637,,,
330874137,CNc1ccc(C(=O)c2c(C)c(C)c(C(=O)c3ccc(NC(=O)c4ccc(C(C)=O)cc4)cc3)c(C)c2C)cc1,,0.37667535,,,
330921769,CCCCCCCCCCCCCCCCCCCCCC(C)COCCOCCOCCOCCOCCCCCCCCCCCCCC,,,0.38425,0.882777598,18.64436035
331019668,CCCCOC(=O)CCCCC(=O)OC,,0.33351251,,,
331170381,CCC(C)(F)C(=O)OCCC(F)(F)C(F)(F)C(F)(F)C(F)(F)C(F)(F)C(F)(F)F,,0.32650351,,,
331790904,Cc1ccc2c(c1)C(=O)N(c1cc(N3C(=O)c4ccc(C(C)(C(F)(F)F)C(F)(F)F)cc4C3=O)ccc1OCCCCCCOc1ccc(N=Nc3ccc(OCC)cc3)cc1)C2=O,,0.36774153,,,
333349586,CCCCCNC(=O)CCCCCCCCCC(=O)NC,,,0.3229999999999999,0.965368624,22.50813311
333365529,CNc1ccc(-c2c3ccccc3c(-c3ccc(NC)c4ccccc34)c3ccccc23)c2ccccc12,,0.37137106,,,
333446735,Cc1ccc(Oc2ccc(N3C(=O)c4cccc(Oc5cccc(Oc6cccc7c6C(=O)N(C)C7=O)c5)c4C3=O)cc2)cc1,,0.35735202,,,
333695147,CNc1ccc(-c2ccc(NC)c(CC)c2)cc1CC,,0.3583446,,,
334420972,Cc1ccc(Oc2ccccc2N2C(=O)c3ccc(Oc4ccc5c(c4)C(=O)N(C)C5=O)cc3C2=O)cc1,,0.37092475,,,
334571792,CCCN(CCN1C(=O)c2ccc(C(c3ccc4c(c3)C(=O)N(C)C4=O)(C(F)(F)F)C(F)(F)F)cc2C1=O)c1ccc(N=Nc2ccc(C#N)cc2)cc1,,0.36816596,,,
334621145,CCCCCOC(=O)CCSCCCCCCSCCC(=O)OC,,0.37393849,,,
334995050,CNc1cccc(-c2cc(NC)ccc2-c2ccccc2-c2ccccc2-c2ccccc2)c1,,0.35857012,,,
335146594,Cc1ccc(Cc2ccc(N3C(=O)C(C)C(SCCOCCSC4C(=O)N(c5ccc(Cc6ccc(N7C(=O)CC(C)(SCCOCCSC8(C)CC(=O)N(C)C8=O)C7=O)cc6)cc5)C(=O)C4C)C3=O)cc2)cc1,,0.34652308,,,
335695120,CCC(=O)Nc1ccc(S(=O)(=O)c2ccc(NC(=O)c3ccc4c(c3)C(=O)N(C)C4=O)cc2)cc1,,0.33962097,,,
335867964,Cc1ccc(-c2sc(-c3cc(SCCCCCCCC)c(C)s3)cc2SCCCCCCCC)cc1,,0.46090001,,,
336148935,COc1ccc(CC(C#N)(C#N)Cc2ccc(C)cc2)cc1,,0.38321738,,,
336321161,Cc1ccc(CC(=O)Nc2ccc(Cc3ccc(NC(=O)Cc4ccc(-c5sc(C)c(-c6ccccc6)c5-c5ccccc5)cc4)cc3)cc2)cc1,,0.38110654,,,
336593955,CCC(F)(F)C(F)(F)C(F)(F)C(F)(F)COC(=O)NCCCCCCNC(=O)OC,,0.31989921,,,
336780982,CC=Cc1ccc(-c2nnc(-c3ccc(C=Cc4ccc5c(c4)c4cc(C)ccc4n5CCCCCCCC)cc3)n2-c2ccccc2)cc1,,0.39201873,,,
337489231,Cc1ccc2c(c1)C(=O)N(c1ccc(-c3ccc(N4C(=O)c5ccc(C(C)(C(F)(F)F)C(F)(F)F)cc5C4=O)c(C)c3)cc1C)C2=O,,0.40122658,,,
337825369,CC1CCOC1C,,0.35254503,,,
338101273,CC(=O)Nc1cccc(S(=O)(=O)c2cccc(NC(=O)c3ccc4c(c3)C(=O)N(c3cc(-c5nnc(-c6ccccn6)o5)cc(N5C(=O)c6ccc(C)cc6C5=O)c3)C4=O)c2)c1,,0.37898693,,,
338143659,Cc1ccc2c(c1)C(=O)N(c1ccc(C(=O)Nc3ccc(Oc4ccc(Oc5ccc(NC(=O)c6ccc(N7C(=O)c8ccc(C(C)(C(F)(F)F)C(F)(F)F)cc8C7=O)cc6)cc5)cc4)cc3)cc1)C2=O,,0.35983591,,,
338510207,CCC(C)(CC(=O)OC(C)C)C(=O)OC12CC3CC(C)(CC(C)(C3)C1)C2,,0.39295654,,,
339460948,Cc1ccc(Oc2ccc(Oc3ccc(N4C(=O)c5cccc(Oc6cccc7c6C(=O)N(C)C7=O)c5C4=O)cc3)cc2)cc1,,0.37064472,,,
339625856,CCC(C)C(=O)c1ccc(C(C)(C)C)cc1,,0.39538031,0.1915,0.936469283,10.58961551
340997850,CNc1cc(NC(=O)c2ccccc2C(C)=O)cc(-c2nnc(-c3ccccn3)o2)c1,,0.37065155,,,
341123684,CCC(C)N,,0.38223216,,,
341439882,COc1cccc(NC(=O)CCCCCC(=O)Nc2ccc(C)cc2)c1,,0.33827626,,,
341816925,CCC(=O)Nc1ccc(Oc2cccc(Oc3ccc(NC(=O)c4ccc5c(c4)C(=O)N(C)C5=O)cc3)c2)cc1,,0.34068841,,,
341876947,Cc1ccc(-c2ccc(N3C(=O)c4ccc(Oc5ccc6c(c5)C(=O)N(C)C6=O)cc4C3=O)cc2C(F)(F)F)c(C(F)(F)F)c1,,0.39839006,,,
342399286,CCCCCCOc1ccc(NC(=O)c2cccc(C(=O)Nc3ccc(OC)cc3)c2)cc1,,0.34643018,,,
342537511,COc1ccccc1C(=O)OC(=O)c1ccccc1OC(=O)C(CC)C(CC)C(C)=O,,0.33445863,,,
343006911,CN=P(C)(OCCC)OCCCCC,,0.4014852,,,
343110199,CCCOC(=O)c1ccc(-c2ccc(C(=O)OC)cc2)cc1,,0.3359349,,,
343123949,CCCC(C)CCC(=O)OC,,,0.253,0.980916925,20.5666232
343155685,Cc1ccc(C=Cc2cc(OCCCCCCCC)c(C=Cc3ccc(N(C)c4ccccc4)cc3)cc2OCCCCCCCC)cc1,,0.3949659,,,
343326237,CC(=O)c1ccc(Oc2c(C)cc(-c3cc(C)c(Oc4ccc(C(=O)c5ccc6nc(C)ccc6c5)cc4)c(C)c3)cc2C)cc1,,0.39852455,,,
343355330,CCCCCCCCCCCCCCCc1ccc(-c2c(-c3ccccc3)cc(-c3cccc(-c4cc(-c5ccccc5)c(-c5ccc(C)cc5)c(-c5ccccc5)c4-c4ccccc4)c3)c(-c3ccccc3)c2-c2ccccc2)cc1,,0.40045418,,,
343928203,Cc1ccc([Si](c2ccccc2)(c2ccccc2)c2ccc(-c3nnc(C)o3)cc2)cc1,,0.44572292,,,
344065840,Cc1ccc(C(c2ccc(N3C(=O)c4ccc(Oc5cc6ccccc6cc5Oc5ccc6c(c5)C(=O)N(C)C6=O)cc4C3=O)cc2)(C(F)(F)F)C(F)(F)F)cc1,,0.37439693,,,
344567495,C/C=C/c1cc(CCCCCCCCCCCC)c(C)s1,,,0.368,,
344756877,CCC(C)c1cc[n+](CCCCCCCC)cc1,,0.39455232,,,
344924762,CNc1cc2cc3ccc4cccc5ccc(c2cc1NC)c3c45,,0.33084477,,,
345530183,CCC(C)(C)C1C(=O)N(CCCC)C(=O)C1C,,0.35157211,,,
346660576,Cc1ccc(-c2ccc(C3(C)CCCCC3)cc2)cc1,,0.39773705,0.252,0.96749891,16.14335044
346744541,CCC(=O)Nc1ccc(Cc2ccc(NC(=O)CN3C(=O)c4ccc(C(=O)c5ccc6c(c5)C(=O)N(C)C6=O)cc4C3=O)cc2)cc1,,0.33703091,,,
346973737,CCC(C)(F)C(=O)OCCC(F)(F)C(F)(F)C(F)(F)C(F)(F)C(F)(F)C(F)(F)C(F)(F)C(F)(F)C(F)(F)C(F)(F)F,,0.34227403,0.121,1.608016391,12.86015216
347210288,CCC(C)(CCC)C(=O)OC,,0.37329926,,,
347336274,COc1cc(Cl)cc(Cl)c1C,,0.39826398,,,
347361170,Cc1ccc(Oc2ccc(C(=O)c3cccc(-c4cccc(C(=O)c5ccc(Oc6ccc(-c7nc(-c8cccc(-c9nc(C)c(-c%10ccccc%10)[nH]9)c8)[nH]c7-c7ccccc7)cc6)cc5)c4)c3)cc2)cc1,,0.39209457,,,
347389709,CCCOC(=O)C=CC(=O)NCCCCCCNC(=O)C=CC(=O)OC,,0.31787399,,,
348198056,Cc1cccc(N2C(=O)c3ccc(Oc4ccc(-c5ccc(Oc6ccc7c(c6)C(=O)N(C)C7=O)cc5)cc4)cc3C2=O)c1,,0.36818227,,,
348809308,CCCCCCCCCCCCCCCCCCCNC(=O)NCCCCCCCCCCNC(=O)NC,,,0.39,,
348992789,COc1ccc(Cc2ccc(OC(=O)c3cccc(C(C)=O)c3)cc2)cc1,,0.35373472,,,
349443030,Cc1ccc(Oc2ccc(C=Cc3ccc(Oc4ccc(-c5nnc(C)o5)cc4)cc3)cc2)cc1,,0.38304714,,,
349759369,COc1cc(C(C)(C)C)c(Oc2ccc(C(=O)Nc3ccc(C(C)(C)c4ccc(NC(=O)c5ccc(C)cc5)cc4)cc3)cc2)cc1C(C)(C)C,,0.3776416,,,
350457801,CNc1ccc(-c2ccc(NC)c(-c3ccccc3)c2)cc1-c1ccccc1,,0.35335103,,,
350689430,CCOC(=O)NCCCCCCNC(=O)OCc1ccc(C)o1,,0.33438968,,,
350799877,CC1C(=O)N(c2ccccc2C)C(=O)C1C,,0.37508855,,,
351260510,CCC(O)COc1ccc(C(C)(C)c2ccc(OCC(O)COc3ccc(NC(=O)CCCCC(=O)Nc4ccc(OC)cc4)cc3)cc2)cc1,,0.3386598,,,
351343100,COc1ccc(C2(c3ccc(OC(=O)CCCCC(C)=O)cc3)c3cc(N(C)C)ccc3-c3ccc([N+](=O)[O-])cc32)cc1,,0.37034086,,,
351687879,CCC(C)(C)C(=O)OCCCCCCOc1ccc(C=Nc2ccc(CCCC)cc2)cc1,12.41121342,,,,
351780192,CCCOCCOC(=O)CCCCCC(=O)OC,,0.33523458,,,
351892249,COP(=O)(Oc1ccccc1)Oc1ccc(C)cc1,,0.34040236,,,
351941026,Cc1ccc2c(c1)C(=O)N(c1cccc(C(F)(F)C(F)(F)C(F)(F)c3cccc(N4C(=O)c5ccc(C(F)(F)C(F)(F)C(F)(F)C(F)(F)C(F)(F)C(F)(F)C(C)(F)F)cc5C4=O)c3)c1)C2=O,,0.34489828,,,
351987442,Cc1ccc(C(=O)Nc2cccc(S(=O)(=O)c3cccc(NC(=O)c4ccc(N5C(=O)c6ccc(-c7ccc8c(c7)C(=O)N(C)C8=O)cc6C5=O)cc4)c3)c2)cc1,,0.35305375,,,
352084468,Cc1ccc(Cc2ccc(-c3nc(-c4cccc(-c5nnc(-c6ccccc6)c(C)n5)n4)nnc3-c3ccccc3)cc2)cc1,,0.42632673,,,
352515684,CNc1ccc(C2(c3ccc(NC(=O)c4cc(C(C)=O)cc(C(C)(C)C)c4)cc3)c3ccccc3-c3ccccc32)cc1,,0.38327124,,,
353134698,COc1ccc(S(=O)(=O)c2ccc(Oc3ccc(C4CCCC(C(C)c5ccc(C)cc5)C4)cc3)cc2)cc1,,0.37685467,,,
353348926,CCC(C)C(=O)OCCC(F)(F)C(F)(F)C(F)(F)C(F)(F)C(F)(F)C(F)(F)C(F)(F)C(F)(F)F,,0.32579382,,,
354177724,CC(=O)Oc1ccc(OC(=O)c2ccc3c(c2)C(=O)N(C2CCC(N4C(=O)c5ccc(C)cc5C4=O)CC2)C3=O)cc1,,0.34499607,,,
354467864,CC1C(=O)N(c2cc(Br)c(O[Si](C)(C)C)c(Br)c2)C(=O)C1C,,0.45389033,,,
354485735,CCCCCOC(=O)c1ccc(-c2ccc(-c3ccc(C(=O)OC)cc3)cc2)cc1,,0.34817572,,,
354498686,COc1ccc(OC(=O)c2ccc(C(C)=O)cc2Oc2ccc(Cl)cc2)cc1,,0.35330585,,,
354785060,CNc1ccc(C(C)(C)c2ccc(C(C)(c3ccc(N)cc3)c3ccc(NC)cc3)cc2)cc1,,0.36875033,,,
354906741,CC(=O)c1ccc2c(c1)C(=O)N(c1ccc(Oc3ccc(C(=O)c4cccc(C(=O)c5ccc(Oc6ccc(N7C(=O)c8ccc(C)cc8C7=O)cc6)cc5)c4)cc3)cc1)C2=O,,,0.328,1.206756714,23.97728876
355069751,CCC(C)(CCC)COC(=O)c1ccc(-c2ccc(C(=O)OC)cc2)cc1,,0.35957248,,,
355158617,CCC(C)(CC(=O)Oc1ccc(OCCCCCCC)cc1)C(=O)Oc1ccc(OCCCCCCC)cc1,,0.37071795,,,
355564083,COc1ccc(C(=Nc2ccc(N=C(c3ccccc3)c3ccc(Oc4ccc(C(C)(C)c5ccc(C)cc5)cc4)cc3)cc2)c2ccccc2)cc1,,0.38832422,,,
355968898,CC=CC1CC(C)C(C(=O)OC(C)(C)C)C1C(=O)OC(C)(C)C,,0.38329687,,,
356782883,COc1ccc(Oc2ccc(C(=O)Nc3ccc(Oc4ccc(S(=O)(=O)c5ccc(Oc6ccc(NC(=O)c7ccc(C)cc7)cc6)cc5)cc4)cc3)cc2)cc1,,0.35742127,,,
356916100,CCC(C)(C)c1ccccc1,,,0.164,0.833452729,14.83591616
356993441,COc1ccc(C(c2ccc(OC(=O)c3ccc(C(c4ccc(C(C)=O)cc4)(C(F)(F)F)C(F)(F)F)cc3)cc2)(C(F)(F)F)C(F)(F)F)cc1,,0.35824759,,,
357011061,CNc1cc(NC(=O)c2ccc(C(C)=O)cc2)cc(C(=O)Oc2ccc(-c3ccccc3)cc2)c1,,0.34236864,,,
357282616,Cc1ccc(Oc2ccc(Oc3ccc(N4C(=O)c5ccc(-c6ccc7c(c6)C(=O)N(C)C7=O)cc5C4=O)cc3)cc2)cc1,,0.36712892,,,
357513605,CCCCCCNC(=O)CCCCCCCC(=O)NC,,,0.301,,
357543937,Cc1ccc(N2C(=O)c3ccc(Oc4ccc(Oc5ccc(P(=O)(c6ccccc6)c6ccc(Oc7ccc(Oc8ccc9c(c8)C(=O)N(C)C9=O)cc7)cc6)cc5)cc4)cc3C2=O)cc1,,0.37803621,,,
358009894,CNc1cc(NC(=O)Nc2ccc(Cc3ccc(NC(C)=O)cc3)cc2)cc(C(=O)Nc2cccc3c2C(=O)c2ccccc2C3=O)c1,,0.33952674,,,
358172536,CC=C(C)CCCOc1ccc(OC(=O)c2ccc(OCCCC)cc2)cc1,,0.35841923,,,
358272082,CNc1c(N)c(O)c2c(c1NC)CN(O)N=C2,,0.30616083,,,
359188290,Cc1ccc(Oc2ccc(C(=O)c3ccc(Oc4ccc(C(=O)c5ccc(Oc6ccc(-c7nc(-c8ccc(-c9nc(C)c(-c%10ccccc%10)[nH]9)cc8)[nH]c7-c7ccccc7)cc6)cc5)cc4)cc3)cc2)cc1,,0.40281752,,,
359434805,CNc1cc2c(cc1NC)[C@@](C)(c1ccccc1)CC2(C)C,,0.36320235,,,
359677253,COc1cccc(NC(=O)c2ccc(C(=O)Nc3ccc(C)cc3)cc2)c1,,0.34535991,,,
359720037,CNc1ccc(-c2ccc(NC(=O)Cc3cc(C)c(CC(C)=O)cc3C)cc2)cc1,,0.34598025,,,
359727146,COc1cccc2ccc(Oc3ccc(NC(=O)c4ccc(Oc5ccc(C(C)(c6ccccc6)c6ccc(Oc7ccc(C(=O)Nc8ccc(C)cc8)cc7)cc6)cc5)cc4)cc3)cc12,,0.36713277,,,
359769379,CCCCCCCCCCCOC(=O)c1ccccc1C(=O)OC,,0.35843646,,,
360768817,CCC(C)(C)C(=O)OCCc1ccc(N=Nc2ccccc2)cc1,,0.3677443,,,
360823125,CCC(C)(C)C(=O)OCc1ccc(Cl)cc1Cl,,0.3570137,,,
360959263,CCCNC(=O)c1ccc(-c2ccc(OC)cc2)cc1,,0.33621674,,,
361088502,CCC(C)(C)C(=O)OCCCOc1ccc(-c2ccc(C#N)cc2)cc1,,0.34900517,,,
361254383,CNc1cc(-c2ccccc2)c(-c2ccccc2)c(-c2cccc3ccccc23)c1NC,,0.36562173,,,
361271652,CN[C@@H]1C=c2c([nH]c(=O)n2NC)=C1N,,0.31105409,,,
361586466,CCCSSSSCCOC,,0.45802948,,,
362892396,CNc1ccc(CCCCc2ccc(NC)cc2)cc1,,0.34199263,,,
363282083,Cc1ccc(Oc2ccc(Oc3ccc(Oc4ccc(N5C(=O)c6ccc(Oc7ccc(Oc8ccc9c(c8)C(=O)N(C)C9=O)cc7)cc6C5=O)cc4)cc3)cc2)cc1,,0.363459,,,
363316865,COc1c(-c2ccccc2)cc(C)cc1-c1cccc(C)c1,,0.40463316,,,
363884489,CCC(C)OC(=O)c1ccc(C)cc1,,0.36495332,,,
363982437,Cc1cc(CCCCCCCCCCCCCCCCCCC)c(C)s1,,,0.34,,
364021169,C=C=C=C(COS(=O)(=O)c1ccc(C)cc1)C(=C)COS(=O)(=O)c1ccc(C)cc1,76.80290526,,,,
364113470,Cc1ccc(-c2ccc(-c3nc4ccccc4c(-c4ccc(Oc5ccc(-c6c(-c7ccccc7)c(C)nc7ccccc67)cc5)cc4)c3-c3ccccc3)cc2)cc1,,0.40290946,,,
364555377,CCC(C)OC(=O)c1ccc(OC(C)=O)cc1,,0.3315989,,,
364982310,CCC(C)c1ccc(C(=O)OC)cc1,,,0.2033333333333333,1.032355465,13.1037956
365169812,COc1ccc(NC(=C(C#N)C#N)c2cccc(C(Nc3ccc(Oc4ccc(NC(=O)c5ccc(C(=O)Nc6ccc(C)cc6)cc5)cc4)cc3)=C(C#N)C#N)c2)cc1,,0.37385099,,,
366601299,COc1cc(CC)cc(OC(=O)c2cccc(C(C)=O)c2)c1,,0.35709462,,,
366883952,CCCCCOCCCCOCCCCOC(=O)c1ccc(N=Cc2ccc(C=Nc3ccc(C(=O)OC)cc3)cc2)cc1,,0.36331077,,,
366967975,CNc1ccc(Cc2ccccc2-c2ccccc2Cc2ccc(NC)cc2)cc1,,0.35066059,,,
367099874,CCC(C)(C)C(=O)OCCOc1ccc(N=Nc2ccc([N+](=O)[O-])cc2)cc1,,0.35958926,,,
367205774,Cc1ccc(CCc2ccccc2N2C(=O)C(=O)N(c3ccc(Cc4ccc(N5C(=O)C(=O)N(C)C5=O)cc4)cc3)C2=O)cc1,,0.36251555,,,
367282123,COC(C)COC(C)COC(=O)c1ccc(C(C)=O)cc1,,0.3488532,,,
367646881,Cc1ccc(Oc2ccc(-c3cnc4cc(Oc5ccc6nc(C)cnc6c5)ccc4n3)cc2)cc1,,0.40222325,,,
367702294,COc1ccc(C(C)(C)c2ccc(Oc3ccc(C(O)C(O)c4ccc(C)cc4)cc3)cc2)cc1,,0.36610689,,,
367735151,CC(=O)Oc1ccc(OC(=O)c2ccc3c(c2)C(=O)N(c2ccc(Oc4ccc(Oc5ccc(N6C(=O)c7ccc(C)cc7C6=O)cc5)cc4)cc2)C3=O)cc1,,0.35220439,,,
367931242,CCCCC(=O)Oc1ccc(OC(=O)c2ccc3c(c2)C(=O)N(C)C3=O)cc1,,0.33070211,,,
367944221,CCc1cc2cc(C(=O)Nc3ccc(Oc4ccc(NC(=O)c5cc6cc(C)c(OC(=O)COc7ccc8ccc(=O)oc8c7)cc6oc5=O)cc4)cc3)c(=O)oc2cc1OC(=O)COc1ccc2ccc(=O)oc2c1,,0.32641041,,,
368322688,Cc1ccc2c(c1)C(=O)N(c1ccc(Oc3ccc(N4C(=O)c5ccc(C(F)(F)C(F)(F)C(C)(F)F)cc5C4=O)cc3)cc1)C2=O,,0.35498117,,,
368356823,CCC(C)(C)C(=O)OCc1cccc([N+](=O)[O-])c1,,,0.158,1.162628481,11.3618897
368542881,CC/C=C\C[Si](C)(CCCOc1ccccc1)c1ccccc1,,0.36365457,,,
368592179,CNc1ccc(C(C)=O)cc1,92.05287264,,,,
368595823,CC(=O)NCCCCCCCCCCNC(=O)c1cncc(C)c1,85.60365033,,,,
368968267,CCCN(CCOC(=O)c1ccc(C(=O)OC)c(OCCC)c1)c1ccc(N=Nc2ccc(-c3nc4cc([N+](=O)[O-])ccc4[nH]3)cc2)cc1,,0.35758422,,,
369213312,CC(=O)OCCCCCCOC(=O)c1ccc(NC(=O)c2ccc(N3C(=O)c4ccc(C)cc4C3=O)cc2)cc1,,0.33915819,,,
369610662,CSCC(=O)NN=Cc1ccc(OCCCCOc2ccc(C=NNC(=O)CSc3nnc(C)s3)cc2)cc1,39.79677892,,,,
369639389,CCCCCCCN(CC(F)(F)C(F)(F)C(F)(F)C(F)(F)C(F)(F)C(F)(F)C(F)(F)F)C(=O)C(F)(F)C(F)(F)C(F)(F)C(=O)N(C)CC(F)(F)C(F)(F)C(F)(F)C(F)(F)C(F)(F)C(F)(F)C(F)(F)F,,0.32766144,,,
369676731,COc1ccc(C(=Cc2ccc(-c3ccc(C=C(c4ccccc4)c4ccc(OC(C)=O)cc4)cc3)cc2)c2ccccc2)cc1,,0.38025773,,,
369827633,Cc1cccc(OCCCOc2cccc(N3C(=O)c4ccc(-c5ccc6c(c5)C(=O)N(C)C6=O)cc4C3=O)c2)c1,,0.34661118,,,
370323439,COc1ccc2ccc(Oc3ccc(C(=O)Nc4ccc(Oc5ccc(C(C)(c6ccccc6)c6ccc(Oc7ccc(NC(=O)c8ccc(C)cc8)cc7)cc6)cc5)cc4)cc3)cc2c1,,0.36558414,,,
370727281,CNc1ccc([C@@H](CCCCCCCCCCC)c2ccc(C3(c4ccc([C@@H](CCCCCCCCCCC)c5ccc(NC)cc5)cc4)CCCCC3)cc2)cc1,,0.36981871,,,
370833911,CCCSSSSC,,0.52820271,,,
370860168,CCCCCOC(=O)NCCCCCCNC(=O)OC,,0.33574734,,,
370933065,Cc1ccc2c(c1)C(=O)N(c1c(C)cc(C(c3ccccc3)(c3cc(C)c(N4C(=O)c5ccc(C(C)(C(F)(F)F)C(F)(F)F)cc5C4=O)c(C(C)C)c3)C(F)(F)F)cc1C(C)C)C2=O,,0.43647003,,,
371139580,CNc1ccc(-c2c(-c3ccccc3)cc(NC)c(-c3ccccc3)c2-c2ccccc2)cc1,,0.36585327,,,
371520322,COc1ccc(C(C)=O)cc1CCCCC,,0.38126522,,,
371572748,CCCCC(C)(C)CNC(=O)c1cccc(C(=O)NC)c1,,0.34209913,,,
371620331,COc1ccc(Oc2ccc(C(=O)c3cccc(C(=O)c4ccc(C)cc4)c3)cc2)cc1,,0.36833963,,,
371754917,COc1ccc(NC(=O)c2cc(NC(=O)CCN3C(=O)c4ccccc4C3=O)cc(C(=O)Nc3ccc(C)cc3)c2)cc1,,0.33234463,,,
371907376,Cc1nc(C(F)(F)C(F)(F)C(F)(F)F)nc(C(F)(F)C(F)(F)C(F)(F)C(F)(F)C(F)(F)C(C)(F)F)n1,,0.34763212,,,
372375740,CC(=O)Nc1ccc(S(=O)(=O)c2ccc(NC(=O)c3ccc4c(c3)C(=O)N(c3cc(-c5nc6ccccc6s5)cc(N5C(=O)c6ccc(C)cc6C5=O)c3)C4=O)cc2)cc1,,0.37167468,,,
372416932,CNc1ccccc1C(c1ccccc1N)(c1ccccc1NC)C1CCCCC1,,0.37800543,,,
372715194,CCC(C)OC(=O)c1ccc(OC(=O)CCC)cc1,,0.34765241,0.223,1.086283422,12.25368206
372897734,CNC(C)CCC(C)(C)CCCNC(=O)c1ccc(C(C)=O)cc1,,0.34899433,,,
373230047,CNc1ccc(Cc2ccc(Cc3ccc(Cc4ccc(NC)cc4)c(C)c3)cc2C)cc1,,0.35373723,,,
373313460,CCC(C)OC(=O)CC,,,0.212,0.995365589,14.03059072
373751734,Cc1ccc(OCCOc2cccc(N3C(=O)c4ccc(Oc5ccc6c(c5)C(=O)N(C)C6=O)cc4C3=O)c2)cc1,,0.34666922,,,
373797398,CCC(OC)C1CC(F)(F)C1(F)F,,0.35714922,,,
373831673,CCCCC(=O)NC,,0.31089518,,,
373885914,COC(C)CCOC(=O)c1ccc(-c2ccc(C(C)=O)cc2)cc1,,0.34779893,,,
374709833,CCCCCCCCCCCCCCCOC(=O)CCCCCCC(=O)OC,,,0.3165,0.919731294,21.54233832
374925730,CCCC(Cl)C(C)Cl,,0.37989615,0.1795,1.273131418,21.78634698
375189153,Cc1ccc(Oc2cccc(NC(=O)c3cc(NC(=O)c4ccc(OC(C)=O)cc4)cc(C(=O)Nc4cccc(Oc5ccc(-c6nnc(C)o6)cc5)c4)c3)c2)cc1,,0.35615516,,,
375346790,CC(=O)N1C(=S)N(C(=O)c2ccc3c(c2)C(=O)N(c2ccc(Oc4ccc(N5C(=O)c6ccc(C)cc6C5=O)cc4)cc2)C3=O)C(C)=C(C(=O)OCC)C1c1ccc(OC)cc1OC,,0.37126454,,,
375374780,CCCCCCCCCCCNC(=O)NCCCCCCCCNC(=O)NC,,,0.366,0.969724413,20.6076312
375389813,COc1ccc(S(=O)c2ccc(Oc3ccc(C=NN=Cc4ccc(C)cc4)cc3)cc2)cc1,,0.37027564,,,
375630257,CCC=CC(C)S(C)(=O)=O,,0.38544075,,,
376977834,CCCCCCCCNC(=O)CCCCCCCCCC(=O)NC,,,0.4065,0.940664668,22.70774878
377086807,COc1ccc(Oc2ccc(NC(=O)c3ccc(Oc4ccc(Oc5ccc(C(=O)Nc6ccc(C)cc6)cc5)cc4-c4ccccc4)cc3)cc2)cc1,,0.36142293,,,
377154393,CCC(C)c1ccccc1COCc1ccccc1,,0.35933332,0.1913333333333333,,
377318088,CC(=O)c1ccc2c(c1OCc1ccccc1[N+](=O)[O-])C(=O)N(c1ccc(Oc3ccc(N4C(=O)c5ccc(C)c(OCc6ccccc6[N+](=O)[O-])c5C4=O)cc3)cc1)C2=O,,0.36920726,,,
377845835,Cc1ccc(-c2nc3cc(Oc4ccc(NC(=O)CN5C(=O)c6ccc(C(c7ccc8c(c7)C(=O)N(CC(=O)Nc7ccc(Oc9ccc%10nc(-c%11ccccc%11)c(C)nc%10c9)cc7)C8=O)(C(F)(F)F)C(F)(F)F)cc6C5=O)cc4)ccc3nc2-c2ccccc2)cc1,,0.37297342,,,
377905218,CCC(=O)NCCCCCCNC(=O)Cc1ccc(OC)cc1,,0.33550386,,,
378178373,Cc1cc(Br)c(OC(=O)c2ccc(C(=O)Oc3c(Br)cc(C4(C)OC(=O)c5ccccc54)cc3Br)cc2)c(Br)c1,,0.41948189,,,
378689716,Cc1cc(C(=O)OCCCC)cc(N2C(=O)CC(C3Cc4ccccc4C4C(=O)N(C)C(=O)C43)C2=O)c1,,0.36220805,,,
378754763,CCC1(C)CC(=O)N(c2ccccc2)C1=O,,0.34449463,,,
378853299,CCCCC(C)(C)CNC(=O)CCCCC(=O)NC,,0.33764161,,,
378871007,Cc1ccc(OC(=O)c2ccc(C(=O)Oc3ccc(C4(C)NC(=O)c5ccccc54)cc3)cc2)cc1,,0.36254131,,,
378915192,CCC(C)c1ccc(Cl)c(C)c1,,,0.154,,
379560437,CCCCCP(C)(=O)CCCNC(=O)CCCCC(=O)NC,,0.3443087,,,
379965710,CCc1c(C)c(C)c(CSC(=O)c2ccc(C(=O)SC)cc2)c(C)c1C,127.8963011,,,,
380076712,CNc1c(NC)c(-c2cccc(C)c2)c(-c2ccccc2)c(-c2ccccc2)c1-c1ccccc1,,0.37986013,,,
380209354,COC(F)(C(C)(F)F)C(F)(F)F,,0.30186398,,,
380408256,COc1ccc(C(C)(C)c2ccc(C(C)(C)c3ccc(Oc4ccc(C(=O)Nc5ccc(Cc6ccc(NC(=O)c7ccc(C)cc7)cc6)cc5)cc4)cc3)cc2)cc1,,0.36900902,,,
380596855,CCCCCCCCCCCOC(=O)CCCCSCCCCC(=O)OC,-22.30064955,,0.27,,
380971589,CCC(C)(C)C(=O)OCCN(CC)c1ccc(N=Nc2ccc(OC)cc2)c(C)c1,,0.36983634,,,
381746717,CCCOCCOCCOCCOCCOC(=O)CCSCCC(=O)OC,,0.34968925,,,
381822281,CCC(C)P(=O)(Oc1ccccc1)N(C)C,,0.35079311,,,
382336764,Cc1ccc(Oc2ccc(C(c3ccc(Oc4ccc(-c5cccc(C)n5)cc4C(F)(F)F)cc3)(C(F)(F)F)C(F)(F)F)cc2)c(C(F)(F)F)c1,,0.38991023,,,
382786072,CCCCCCCCCCCCCNC(=O)CCCCCCCCCCCCC(=O)NC,,0.37944839,0.3994999999999999,0.903805754,22.53219601
382859238,CC=CCCCCCCC,,0.40896445,,,
382866074,CCCCCCCCCCCCC(=O)Oc1ccc2ccc(OC(=O)c3ccc4c(c3)C(=O)N(C)C4=O)cc2c1,,0.35050831,,,
382983445,CCCCCCCCCCCOc1ccc(OC(=O)c2ccc(OCCCCCCOc3ccc(C(=O)Oc4ccc(OC)cc4)cc3)cc2)cc1,,,0.344,1.061577448,26.55570698
383068073,CCCCCCNC(=O)CCCCCCCCCCCCC(=O)NC,,,0.3415,0.933437007,18.89913865
383183030,Cc1cccc(C(F)(F)C(F)(F)C(F)(F)C(F)(F)C(F)(F)c2cccc(N3C(=O)c4ccc(Oc5ccc6c(c5)C(=O)N(C)C6=O)cc4C3=O)c2)c1,,0.35203295,,,
383211120,Cc1cc(CCCCCCCC)c(C)s1,,0.41466296,,,
383339614,COC(=O)c1ccccc1NC(=O)c1ccc(C(=O)Nc2ccccc2C(=O)OC(=O)c2cccc(C(C)=O)c2)cc1,185.0999075,,,,
383541557,COc1ccc(NC(=O)c2cc(NC(=O)c3ccc(OC(C)=O)cc3)cc(C(=O)Nc3ccc(Oc4ccc(C(C)(C)c5ccc(C)cc5)cc4)cc3)c2)cc1,,0.35350082,,,
384321860,CCCCCCCCCCCCCCCCCOC(=O)NCCCCCCCCCCNC(=O)OC,,0.3759777,0.275,,
384392762,CCC(C)c1ccc(Cl)cc1,,,,1.087290755,17.89940277
384493304,CCCCCCCCCCCCCOC(=O)NCCCCCCCCCCNC(=O)OC,,0.37009027,,,
384566125,CCC(C)(C)C(=O)OCC(=O)c1cc2cc(Br)ccc2o1,,0.37116728,,,
384803806,CC(=O)SSCCCCSSC(=O)N1CCN(C)CC1,-3.571974592,,,,
384892683,Cc1cccc(-c2nc3cc(-c4ccc5nc(C)c(-c6ccc7ccccc7c6)nc5c4)ccc3nc2-c2ccc3ccccc3c2)c1,,0.42231854,,,
386257654,CNc1ccc2c(c1)-c1cc(NC)ccc1C21C=CCCC1,,0.36307465,,,
386866912,COc1ccc(CC(NC(=O)CCc2ccc(OC(=O)CCC(C)CC(C)=O)cc2)C(=O)OCc2ccccc2)cc1,,0.34264843,,,
387403474,Cc1ccccc1CCc1ccc(N2C(=O)C(=O)N(c3ccc(C)c(N4C(=O)C(=O)N(C)C4=O)c3)C2=O)cc1,,0.35428927,,,
387542061,CCCCCCCNC(=O)C(CCCCCCCCCCCCCCC)C(=O)NC,,,0.3369999999999999,0.897093489,15.49662691
387982325,COc1ccc(C2(c3ccc(OC(C)=S)cc3)CCCCC2)cc1,,0.36130705,,,
388271536,CCC(C)C(=O)OC(C1COC(CP(=O)(OCC)OCC)O1)C(OC(=O)C(C)(C)CC)C1COC(CP(=O)(OCC)OCC)O1,,0.34820034,,,
388880540,CCC(C)c1cc(C(=O)OCCCCCCCC)ccc1-c1ccc(OCCCCCCCC)cc1,,0.38484165,,,
389198623,CC(=O)c1ccc(C(=O)N(C)c2ccccc2)cc1,,0.38571493,,,
389422500,CNc1ccc(-c2ccc(Cc3ccc(-c4ccc(NC)c(C)c4)cc3)cc2)cc1C,,0.35725789,,,
389523248,CCc1cccc(CNC(=O)C=C(C)C(=O)NC)c1,,0.32039136,,,
390128853,CNc1ccc(Cc2ccc(NC)c3c2CCCC3)c2c1CCCC2,,0.3574561,,,
390205045,CNc1cc2c(cc1NC)[C@]1(C)CC[C@@]2(C)C1,,0.36723278,,,
390452260,COc1cccc(NC(=O)c2ccc(Oc3ccc(C(C)(C)c4cccc(C(C)(C)c5ccc(Oc6ccc(C(=O)Nc7ccc(C)cc7)cc6)cc5)c4)cc3)cc2)c1,,0.3649328,,,
390786079,CC1C(C)C2CC1C(C(=O)OCCC13CC4CC(CC(C4)C1)C3)C2C(=O)OCCC12CC3CC(CC(C3)C1)C2,,0.37541018,,,
390859311,Cc1ccc(Oc2cccc(Oc3ccc(N4C(=O)CC(=O)N(C)C4=S)cc3)c2)cc1,,0.36549422,,,
391030269,Cc1cccc(P(=O)(c2ccccc2)c2cccc(N3C(=O)c4ccc(NC(=O)OCCOc5ccc(C(C)(C)c6ccc(OCCOC(=O)Nc7ccc8c(c7)C(=O)N(C)C8=O)cc6)cc5)cc4C3=O)c2)c1,,0.35076041,,,
391108347,COc1ccc(OC(=O)c2ccc(OC(=O)CCCCCCC(C)=O)cc2)cc1,72.32081554,,,,
391439612,CCCCCCCC(Cl)C(C)Cl,,0.39133632,,,
391755316,CC=CC1CC(C)C2C3CCC(C3)C12,,0.38257932,,,
391808404,CCCCCSSCCCCOCOC,,0.40349527,0.196,,
391913299,COc1ccc(C(c2ccccc2)(c2ccccc2)c2ccc(OC(C)=O)cc2)cc1,,0.38338026,,,
392174026,CCCOCCOC(=O)c1ccc(-n2on2-c2ccc(C(=O)OC)cc2)cc1,15.34426557,,,,
392422616,CCc1ccc(OCCOc2ccc(C)c3cccnc23)c2ncccc12,74.04018308,,,,
392652504,CC=CC1CC(C)C(C#N)(CCCC)C1,,0.40049659,,,
392657358,COc1ccc(NC(=O)c2ccc(OC3COC4C(Oc5ccc(C(=O)Nc6ccc(OC7COC8C(C)COC78)cc6)cc5)COC34)cc2)cc1,,0.34067358,,,
392908557,CCCCCCCOc1ccc(N(c2ccccc2)c2ccc(-c3ccc(N(c4ccccc4)c4ccc(OC)cc4)cc3)cc2)cc1,,0.39376633,,,
393047512,COc1ccc(-c2ccc(OC(=O)c3cc(C(=O)OCCCCCC)c(C(C)=O)cc3C(=O)OCCCCCC)cc2)cc1,77.13970172,,,,
393084491,CNc1ccc(C2(c3ccc(NC)cc3)c3ccccc3-c3ccc(-c4ccccc4)c(-c4ccccc4)c32)cc1,,0.3805448449999999,,,
393235817,C/C=C/C(CC)CCC,,,0.218,0.803760264,13.41293322
393266857,CC(=O)c1ccc2c(c1)C(=O)N(c1ccc(C=Cc3ccc(N4C(=O)c5ccc(C)cc5C4=O)cc3)cc1)C2=O,,0.37112637,,,
393468444,CCCOCCOC(=O)C(CCCCCCC)C(=O)OC,,0.36413222,,,
393692859,CC=C(C)CNS(=O)(=O)CC,44.748248,,,,
393870517,CCC(C)C(=O)c1ccc(CCC)cc1,,0.38559273,,,
394096295,CCC(C)OC(C)C,,,0.2115,0.839799693,13.44308483
394475074,CNc1ccc2c(c1)C1(CC2(C)C)CC(C)(C)c2ccc(NC)cc21,,0.37896533,,,
394508821,CCC(C)c1ccccc1C(=O)N(C)C,,0.36482534,0.165,,
394549340,Cc1ccc(Oc2ccc(Oc3ccc(N4C(=O)c5ccc(Oc6c(C)cc(C(C)(C)c7cc(C)c(Oc8ccc9c(c8)C(=O)N(C)C9=O)c(C)c7)cc6C)cc5C4=O)cc3)c(C(C)(C)C)c2)cc1,,0.39392877,,,
395181216,COc1ccc(C(C)(C)c2ccc(C(C)(C)c3ccc(Oc4ccc(C(=O)Nc5ccc(NC(=O)c6ccc(C)cc6)cc5)cc4)cc3)cc2)cc1,,0.37043305,,,
395216039,COc1ccc(S(=O)(=O)c2ccc(Oc3ccc(-c4ccc(-c5ccc(C)c(C(F)(F)F)c5)cc4)cc3C(F)(F)F)cc2)cc1,,0.37643427,,,
395903864,CNc1cc2c(cc1C)c1cc(NC)c(N)cc1c1cc(N)c(N)cc12,,0.33922457,,,
396309311,CC(=O)Nc1c(C)cc(Cc2cc(C)c(NC(=O)c3ccc4c(c3)C(=O)N(c3ccc(N=Nc5ccc([N+](=O)[O-])cc5)c(N5C(=O)c6ccc(C)cc6C5=O)c3)C4=O)c(C)c2)cc1C,,0.37558403,,,
396421326,COc1ccc(N=Nc2ccc(Cc3ccc(N=Nc4ccc(OC(=O)c5ccc(C(C)=O)cc5)cc4)cc3[N+](=O)[O-])c([N+](=O)[O-])c2)cc1,,0.36334689,,,
396650322,CNc1ccc(-c2cccc(-c3ccc(N)cc3)c2-c2ccc(NC)cc2)cc1,,0.35433877,,,
396757724,Cc1ccc(C2(c3ccc(-c4cc(-c5ccccc5)c5cc(C6(c7ccc8nc(C)cc(-c9ccccc9)c8c7)c7ccccc7-c7ccccc76)ccc5n4)cc3)c3ccccc3C(=O)c3ccccc32)cc1,,0.46689842,,,
397033633,CCC(C)c1ccc(O)cc1,,0.34302705,0.2073333333333333,1.026280901,13.91356146
397580304,CC(C)C(=O)OC1CCCCC1,,0.40121578,,,
398123321,COc1cccc(Oc2ccc3c(=O)n4c5cc(Oc6ccc7c(c6)nc6c8ccc(C)c9cccc(c(=O)n76)c98)ccc5nc4c4cccc2c34)c1,,0.36887196,,,
398381683,CC(=Cc1cc(OC)c(C=C(c2ccc(F)cc2)c2ccc(-c3ccc(C)cc3)cc2)cc1OC)c1ccc(F)cc1,,0.38687983,,,
398390180,CCC(C)(CC(=O)OCCCCCCCCC)C(=O)OCCCCCCCCC,,0.38527679,,,
398441562,CSc1ccc(Sc2ccc(Sc3ccc(P(=O)(c4ccccc4)c4ccc(C)cc4)cc3)cc2)cc1,,0.39970198,,,
398923440,CC(=O)Nc1ccc(-c2cc(-c3ccccc3)cc(-c3ccc(NC(=O)c4ccc5c(c4)C(=O)N(c4ccc(Oc6cccc7c(N8C(=O)c9ccc(C)cc9C8=O)cccc67)cc4)C5=O)cc3)n2)cc1,,0.37160155,,,
400083990,CCCN(C)C(=O)CC,,0.34536777,,,
400248641,CCC(C)c1ccc(C(=O)OCCN(CC)CC)cc1,,0.36818478,,,
400445600,Cc1ccc(Oc2ccc(-c3ccc(-c4ccc(Oc5ccc(-c6c7c(c(C)c8ccccc68)C(=O)N(c6ccccc6)C7=O)cc5)c(C(F)(F)F)c4)cc3)cc2C(F)(F)F)cc1,,0.38333751,,,
400718320,CCC(C)(C)C(=O)OCCCCCCCCCCOc1ccc(C#Cc2cc(OC)c(C=Cc3ccncc3)cc2OC)cc1,,0.37047455,,,
400901906,CNc1ccc(-c2ccc(NC(=O)c3ccc(NC(=O)c4ccc([Si](C)(C)c5ccc(C(=O)Nc6ccc(C(C)=O)cc6)cc5)cc4)cc3)cc2)cc1,,0.36036817,,,
400957282,Cc1ccc2oc(-c3ccc(Oc4ccc(C(c5ccc(Oc6ccc(-c7nc8cc(C(C)(C(F)(F)F)C(F)(F)F)ccc8o7)cc6)cc5)(C(F)(F)F)C(F)(F)F)cc4)cc3)nc2c1,,0.39360428,,,
401075968,CCCCCCCCCC(=O)NCCCCCCNC(=O)CCCCOC,,,0.3185,0.954015346,20.96547901
401205052,CCC(C)c1ccccc1COCCC,,0.37983884,0.217,0.94589921,12.52488555
401382872,CCC(C)(C)COC(=O)c1ccc(-c2ccc(-c3ccc(C(=O)OC)cc3)cc2)cc1,,0.35328142,,,
401549184,CN=P(C)(OCCOCCOCCOP1(OCCOCCOC)=NP(OCCOCCOC)(OCCOCCOC)=NP(OCCOCCOC)(OCCOCCOC)=N1)OCCOCCOCCOP1(OCCOCCOC)=NP(OCCOCCOC)(OCCOCCOC)=NP(OCCOCCOC)(OCCOCCOC)=N1,,0.3481788,,,
401691844,COP(=O)(Oc1ccccc1)Oc1c(Cl)c(Cl)c(C)c(Cl)c1Cl,,0.35206352,,,
401918606,CCCCCCNC(=O)CCCCCCCCCCCCCCCCCCC(=O)NC,,0.37324005,0.3495,0.90486422,20.51772176
402031428,CNc1cc2cccc3c4cccc5cccc(c(c1NC)c23)c54,,0.33482328,,,
402151358,CNc1ccc(C2(c3ccc(NC(=O)c4cc(NC(=O)C56CC7CC(CC(C7)C5)C6)cc(C(C)=O)c4)cc3)c3ccccc3-c3ccccc32)cc1,,0.37622142,,,
402476752,CCCCCCOC(=O)CCCCC(=O)OC,,0.34417644,,,
402492102,CCCCCCOc1ccc(CCCNC(=O)CCCCC(=O)NCCCc2ccc(OC)cc2)cc1,28.2211431,,,,
402626556,CNc1ccc2c(c1)C1(c3cc(C)ccc3-2)c2cc(C)ccc2-c2ccc(NC)cc21,,0.38936549,,,
403135402,CCC(C)(C)C(=O)OCCCCCCCCOC(=O)OC1CCC2(C)C(=CCC3C2CCC2(C)C(C(C)CCCC(C)C)CCC32)C1,47.48888608,,,,
403160938,CCC(C)(CC(=O)Oc1cccc(C)c1)C(=O)Oc1cccc(C)c1,,,0.165,1.042202692,10.97057697
404125467,CCCCCCOc1ccc(C=CC(=O)OCCN(CCOC(=O)C=Cc2ccc(OC)cc2)c2ccc(N=Nc3ccc([N+](=O)[O-])cc3)cc2)cc1,,0.35112235,,,
404307501,CCCCCCCCCC(=O)NC,,0.36229346,,,
404342250,COC(C)CCC,,0.41332049,,,
404367957,CCC(C)c1ccc(C(=O)CCC)cc1,,0.3914716,,,
404981014,CC/C=C/COC(=O)CCCCCCCCC(=O)OC,,0.35391939,,,
404993408,Cc1ccc(C(=O)Nc2ccc(Oc3ccc(Oc4ccc(NC(=O)c5ccc(N6C(=O)c7ccc(-c8cccc9c8C(=O)N(C)C9=O)cc7C6=O)cc5)cc4)cc3)cc2)cc1,178.6163373,,,,
405636435,CCC(O)COc1ccc(OC)cc1,,0.32994295,,,
406335515,CSc1ccc(C(=O)CNCCCCCCCCNCC(=O)c2ccc(C)cc2)cc1,,0.37618331,,,
406786412,COc1ccc(N=CC=Nc2ccc(OC(=O)NC3CC(C)(C)CC(C)(CNC(C)=O)C3)cc2)cc1,,0.35659879,,,
406938063,COc1cccc(Oc2ccc(NC(=O)c3cc(NC(=O)c4ccc(OC(C)=O)cc4)cc(C(=O)Nc4ccc(C)cc4)c3)cc2)c1,,0.3367398,,,
407026307,CCCN(CCOC(=O)Nc1ccc(C)c(NC(=O)OC)c1)c1ccc(N=Nc2cc(OC)c(N=Nc3ccc([N+](=O)[O-])cc3)cc2OC)cc1,,0.35078628,,,
407061099,CNc1cccc(C#Cc2cccc(NC(=O)c3ccc(C(C)=O)cc3C(=O)O)c2)c1,187.6187871,,,,
407729292,CCCCCCCOC(=O)Nc1ccc(C)c(NC(=O)OC)c1,,0.34323595,,,
407820973,C=C=C=C(CO)C(=C)CO,42.01413885,,,,
407930180,CCCNC(=O)c1ccc(C(=O)NCCOc2cc3ccccc3cc2OC)cc1,,0.32766581,,,
408163304,COc1ccc(-c2ccc(OC(=O)c3cc(CCCCC)cc(C(C)=O)c3)cc2)cc1,,0.3626875,,,
408357369,Cc1ccc(Oc2cccc(N3C(=O)c4ccc(-c5cccc6c5C(=O)N(C)C6=O)cc4C3=O)c2)cc1,,0.3737891,,,
408389877,CCNC(=O)OCc1ccc(COCc2ccc(COC(=O)NCc3ccc(C(C)(C)c4ccc(C)o4)o3)o2)o1,,0.34220533,,,
408594368,CC(=O)OCCCCCCCCCOC(=O)c1ccc(NC(=O)c2ccc(N3C(=O)c4ccc(C)cc4C3=O)cc2)cc1,,0.3463228,,,
409036126,COc1ccc(C2(c3ccc(OC(=O)CCCCCCCCCC(C)=O)cc3)c3ccccc3-c3ccccc32)cc1,,0.36438576,,,
409348345,CCC(C)C(=O)OCC(F)(F)F,,0.32327677,,,
410114761,CCCCC(C)(C)CC,,0.39226416,0.2339999999999999,,
410273784,CC(=O)Nc1ccc(Oc2ccc(-c3ccc(Oc4ccc(NC(=O)c5ccc6c(c5)C(=O)N(c5ccc(Oc7ccc(C(C)(C)c8ccc(Oc9ccc(N%10C(=O)c%11ccc(C)cc%11C%10=O)cc9)cc8)cc7)cc5)C6=O)cc4)cc3)cc2)cc1,,0.36250129,,,
410419753,CN=P(C)(OCC(F)(F)C(F)(F)C(F)(F)C(F)(F)C(F)(F)C(F)(F)C(F)(F)F)OCC(F)(F)C(F)(F)C(F)(F)C(F)(F)C(F)(F)C(F)(F)C(F)(F)F,,0.32778117,,,
410618641,CC(=Cc1cc(OC)c(C=C(c2ccccc2)c2ccc3cc(C)ccc3c2)cc1OC)c1ccccc1,,0.39179983,,,
410876568,Cc1ccc(Oc2ccc(S(=O)(=O)c3ccc(Oc4ccc(-c5cc(C)[nH]n5)cc4)cc3)cc2)cc1,,0.3751119,,,
410915024,CNc1ccc(C2(c3ccc(NC)cc3)C3=CC[C@@H](C)C=C3c3ccccc32)cc1,,0.37733962,,,
410978773,CNc1cc(CCc2ccc(C)c(NC)c2)cc(CCc2cc(N)ccc2C)c1,,0.35220879,,,
411320818,Cc1ccc(C(=O)OCCCCCCCCCOC(=O)c2ccc(-c3nnc(C)s3)cc2)cc1,,0.36418344,,,
411535293,COc1cccc2c(OC(=O)c3ccc(Oc4ccc(C(C)=O)cc4)cc3)cccc12,,0.35298988,,,
411815101,Cc1ccc(Oc2ccc(-c3cnc4ccc(-c5ccc6ncc(C)nc6c5)cc4n3)cc2)cc1,,0.40181263,,,
411845496,CCC(C)(C)C(=O)OCCCCCCCCCCOc1ccc(N=Nc2ccc(OC)cc2)cc1,,0.36656596,,,
412332648,Cc1nnc(-c2cc(CCCCCCCC)c(-c3ccc(-c4sc(-c5nnc(-c6cc(OCCCCCCCC)c(C)cc6OCCCCCCCC)o5)cc4CCCCCCCC)s3)s2)o1,,0.41155198,,,
413205726,CNc1ccc(C(C)(C)c2cccc(C(C)(C)c3ccc(NC)cc3)c2)cc1,,0.35755493,,,
413548295,CNc1ccc(CCc2ccc(NC)cc2C)c(C)c1,,0.348463,,,
414071257,Cc1ccc(Oc2ccc(Sc3ccc(Oc4ccc(N5C(=O)c6ccc(Oc7ccc(-c8ccc(Oc9ccc%10c(c9)C(=O)N(C)C%10=O)cc8)cc7)cc6C5=O)cc4)cc3)cc2)cc1,,0.3661288,,,
414579766,Cc1ccc(Cc2ccc(N3C(=O)c4ccc([Si](C)(C)O[Si](C)(C)c5ccc6c(c5)C(=O)N(C)C6=O)cc4C3=O)cc2)cc1,,0.38469453,,,
414690406,CNc1ccc2ccc3c(NC)ccc4ccc1c2c43,,0.3362207299999999,,,
414711304,CNc1ccc(-c2ccccc2)c(-c2c(C(C)C)cccc2C(C)C)c1NC,,0.37421435,,,
414802450,CCCCCCCOC(=O)C(CCCCCBr)C(=O)OCCCCCCOc1ccc(-n2on2-c2ccc(OC)cc2)cc1,,0.37141754,,,
414910324,CCCCCCC(C)CCCCCCCCCC,,0.40749823,0.406,0.801722522,15.17699114
415110926,CC(=O)Nc1ccc(Oc2ccc(C(c3ccc(Oc4ccc(NC(=O)c5ccc6c(c5)C(=O)N(c5ccc(Oc7cccc8c(Oc9ccc(N%10C(=O)c%11ccc(C)cc%11C%10=O)cc9)cccc78)cc5)C6=O)cc4)cc3)(C(F)(F)F)C(F)(F)F)cc2)cc1,,0.36565404,,,
415720254,CNc1ccccc1-c1cccc2c1[C@@H](c1ccccc1NC)c1ccccc1-2,,0.3648408,,,
416197163,CNc1ccc(C2(c3ccc(NC)cc3)CCC([C@H]3CC[C@H](CCCCCCC)CC3)CC2)cc1,,0.36335204,,,
416481975,Cc1ccc(Oc2ccc(S(=O)(=O)c3ccc(Oc4ccc(N5C(=O)c6ccc(Oc7cccc8c(Oc9ccc%10c(c9)C(=O)N(C)C%10=O)cccc78)cc6C5=O)cc4)cc3)cc2)cc1,,0.36755908,,,
416508716,CCCCS(C)(=O)=O,,,,1.344229366,19.8097907
416714038,CCC(C)C(=O)Oc1cccc(C(=O)OCC)c1,,0.33862141,,,
416985872,CO[Si](c1ccccc1)(c1ccccc1)c1ccc([Si](C)(c2ccccc2)c2ccccc2)cc1,,0.41259945,,,
417097500,CCC(C)OC(=O)c1ccc(C(C)(C)C)cc1,,0.37755899,,,
417759199,Cc1ccc2c(c1)C(=O)N(c1ccc(Oc3ccc(C(=O)c4cccc(C(=O)c5ccc(Oc6ccc(N7C(=O)c8ccc(C(C)(C(F)(F)F)C(F)(F)F)cc8C7=O)cc6C(F)(F)F)cc5)n4)cc3)c(C(F)(F)F)c1)C2=O,,0.36582624,,,
417837947,Cc1ccc(Oc2ccc(C(=O)c3ccc(Oc4ccc(C(=O)c5ccc(Oc6ccc(-c7nc8ccccc8n7-c7ccc(-n8c(C)nc9ccccc98)cc7)cc6)cc5)cc4)cc3)cc2)cc1,,0.38408582,,,
418211347,CC(F)(F)C(C)(F)OC(F)(F)C(F)(F)C(F)(F)C(F)(F)F,,0.34587055,,,
418914987,Cc1ccc(Sc2ccc(Sc3ccc(Sc4ccc(Sc5ccc(N6C(=O)c7ccc(Oc8ccc9c(c8)C(=O)N(C)C9=O)cc7C6=O)cc5)s4)s3)s2)cc1,,0.37866254,,,
418998358,CC(=O)c1ccc2c(c1)C(=Nc1ccc(Oc3cccc(N=C4OC(=O)c5ccc(C)cc54)c3)cc1)OC2=O,,0.35475052,,,
419242334,CC(=O)OCCOC(=O)c1ccc(C(=O)OCCOC(=O)N2CCN(C)CC2)cc1,,0.32328072,,,
419308262,CCC(OC(C)=O)C(CCC(C)(O)C=C)C(C)(C)C,,0.34814459,,,
419514472,COP(=O)(Oc1ccc(OC)cc1)Oc1c(C)cc(S(=O)(=O)c2cc(C)c(C)c(C)c2)cc1C,,0.35811043,,,
419730462,CCCCCCNC(=S)NC,,0.36013805,,,
420554258,COc1cc(OC(=O)c2ccc(C(C)=O)cc2)cc(C(=O)OCCN(CC)c2ccc(N=Nc3ccc([N+](=O)[O-])cc3)cc2)c1,,0.35790237,,,
420766140,CCC(C)(C)C(=O)Nc1ccc(C(=O)C=Cc2ccc(OC)cc2)cc1,,0.34238812,,,
421125375,COc1ccc(CC(NC(=O)Cc2ccc(OC(=O)COCC(C)=O)cc2)C(=O)OCC)cc1,,0.33180261,,,
421588558,CC(=O)c1ccc2c(c1)C(=O)N(c1ccc(Oc3ccc(Oc4ccc(N5C(=O)c6ccc(C)cc6C5=O)cc4C(F)(F)F)cc3)cc1)C2=O,,0.37676658,,,
421601596,CNc1ccc2cc1C(C)(C)c1cc(ccc1NC)-c1ccc-2cc1,,0.34941834,,,
422376704,COc1ccc(P(=O)(c2ccccc2)c2ccc(Oc3ccc(C(c4ccc(C)cc4)(C(F)(F)F)C(F)(F)F)cc3)cc2)cc1,,0.38335836,,,
423361710,CCc1ccccc1C[Si](C)(C)C,,0.38237917,,,
423638166,CNc1ccc(C2(c3ccc(NC(=O)c4cccc(C(C)=O)c4)cc3)c3ccccc3-c3ccccc32)cc1,,0.37583155,,,
424246919,CNc1ccc(-c2c(-c3cccc4ccccc34)c(-c3cccc4ccccc34)c(NC)c(-c3cccc4ccccc34)c2-c2cccc3ccccc23)cc1,,0.37854395,,,
424737952,Cc1ccc(Oc2ccc(N3C(=O)c4ccc(C(=O)c5ccc6c(c5)C(=O)N(c5ncc(C)s5)C6=O)cc4C3=O)cc2)cc1,,0.39210701,,,
425753328,CCC(C)CNc1ccc([N+](=O)[O-])cc1C,,0.38329483,,,
425876006,Cc1ccc(Oc2ccc(P(=O)(c3ccccc3)c3ccc(Oc4ccc(-c5nc(-c6ccccc6)[nH]c5C)cc4)cc3)cc2)cc1,,0.39143285,,,
426452864,Cc1ccc2c(c1)c1cc(-c3ccc(-c4ccc(-c5ccc(C)s5)c5nsnc45)s3)ccc1n2C(CCCCCCCC)CCCCCCCC,,0.42372696,,,
426568984,CCCCCCCCCCNC(=S)NC,,0.38298006,,,
426591461,Cc1ccc(Oc2cccc(-c3cc(-c4ccccc4)cc(-c4cccc(Oc5ccc(N6C(=O)c7ccc(Oc8ccc9c(c8)C(=O)N(C)C9=O)cc7C6=O)cc5)c4)n3)c2)cc1,,0.37263298,,,
427022128,Cc1ccc2c(c1)C(CCCCCCCC)(CCCCCCCC)c1cc(-c3c(F)c(F)c(C)c(F)c3F)ccc1-2,,0.40575377,,,
427272579,CCC(C)C(=O)OC1CCCCCCCCCCC1,,0.37215946,,,
427458054,CC=C(C)C,4.023221393,,,,
427930827,COc1cccc(NC(=O)c2ccc([Si](c3ccccc3)(c3ccccc3)c3ccc(C(C)=O)cc3)cc2)c1,,0.37364181,,,
428473296,COc1ccc2cc(OC(=O)c3ccc(-c4ccc(C(C)=O)cc4)cc3-c3ccccc3)ccc2c1,,0.35771091,,,
428642513,CCC(C)(C)C(=O)Oc1ccc(C(=O)C=Cc2ccc(OC)c(OC)c2)cc1,,0.34006811,,,
428683484,CC(=O)Nc1ccc(Oc2ccc(C3(c4ccc(Oc5ccc(NC(=O)c6ccc7c(c6)C(=O)N(c6ccc(Oc8ccc(Oc9ccc(N%10C(=O)c%11ccc(C)cc%11C%10=O)cc9)c(C)c8)cc6)C7=O)cc5)cc4)NC(=O)c4ccccc43)cc2)cc1,,0.36727934,,,
428785387,CC(=O)c1ccc2c(c1)C(=O)N(c1ccc(C(=O)c3cccc(N4C(=O)c5ccc(C)cc5C4=O)c3)cc1)C2=O,,0.36571693,,,
428829541,Cc1ccc(S(=O)(=O)c2ccc(-n3nc(C)c4ccccc4c3=O)cc2)cc1,,0.39580433,,,
428976415,CCC(C)(C)COC(=O)c1ccc(-c2ccc(C(=O)OC)cc2)cc1,,0.3537359,,,
429074783,CCC(C)C(=O)OCCOC(F)(C(F)(F)F)C(F)(F)F,-51.63721715,,,,
429504710,CCC(C)C(=O)OCC(C)O,,0.32197696,,,
429609044,COc1ccc(C2(c3ccc(Oc4ccc5c(=O)n6c7cc(-c8ccc9c(c8)nc8c%10ccc(C)c%11cccc(c(=O)n98)c%11%10)ccc7nc6c6cccc4c56)cc3)c3ccccc3-c3ccccc32)cc1,,0.39512322,,,
429737042,Cc1ccc2oc(-c3ccc(C(c4ccccc4)(c4ccc(-c5nc6cc(C(C)(C(F)(F)F)C(F)(F)F)ccc6o5)cc4)C(F)(F)F)cc3)nc2c1,,0.43912224,,,
429776664,CCC(C)(C)C(=O)OCCCCOc1ccc(OC(=O)c2ccc(OCCCC)cc2)cc1,,0.34886491,,,
429914397,CCCN(C)C(=O)C12CC3CC(CC(C3)C1)C2,,0.37217616,,,
430188200,CNc1ccc(Cc2ccc(NC(=O)c3ccc(C(C)=O)cc3)cc2)cc1,,0.34965429,,,
430475615,CC(=O)Nc1ccc(-c2ccc(NC(=O)c3ccc4c(c3)C(=O)N(c3ccc(Oc5ccc(N6C(=O)c7ccc(C)cc7C6=O)cc5-c5ccccc5)c(-c5ccccc5)c3)C4=O)cc2)cc1,,0.36622548,,,
430498669,Cc1cc(CCCCCCCCCCCCC)c(C)s1,,,0.40475,0.919023879,16.27456982
431067883,CCC1CCC(CNC(=O)CCCCCCCCCCC(=O)NC)CC1,,0.35779902,,,
431258453,Cc1cccc(NC(=O)CCCCC(=O)Nc2cccc(S(C)(=O)=O)c2)c1,,0.33687844,,,
431336110,C/C=C/CCCCCCC,,,0.33,0.820824647,19.38675152
431834567,CCC(C)(C)C(=O)OCCCCCCc1ccc(N=Nc2ccc(OC(F)(F)F)cc2)cc1,,0.36108556,,,
431972606,CNc1nc(-c2csc(NC)n2)cs1,,0.3526676199999999,,,
432187357,CCCOC(=O)NCCCCCCCCCCNC(=O)OC,,0.34759464,,,
432686237,Cc1ccc2c(c1)C(=O)N(c1ccc(C(=O)Nc3ccc(Oc4ccc(C(C)(C)c5ccc(Oc6ccc(NC(=O)c7ccc(N8C(=O)c9ccc(C(C)(C(F)(F)F)C(F)(F)F)cc9C8=O)cc7)cc6)cc5)cc4)cc3)cc1)C2=O,,0.36335093,,,
432789142,CCC(CO)OC,,0.30841537,,,
432947505,CC(=O)Nc1ccc(Sc2ccc(NC(=O)c3ccc4c(c3)C(=O)N(c3ccc(Oc5cccc6c(Oc7ccc(N8C(=O)c9ccc(C)cc9C8=O)cc7)cccc56)cc3)C4=O)cc2)cc1,,0.36055336,,,
433053026,CC1C(=O)N(CCCCCOc2ccc(-c3ccc(C#N)cc3)cc2)C(=O)C1C,,0.34752504,,,
433063842,Cc1ccc2c(c1)C(=O)N(c1ccc(Oc3ccc(C(=O)c4cccc(N5C(=O)c6ccc(C(C)(C(F)(F)F)C(F)(F)F)cc6C5=O)c4)cc3)c(C(F)(F)F)c1)C2=O,,0.37864052,,,
433310037,COc1ccc(S(=O)(=O)c2ccc(Oc3ccc(C(c4ccccc4)(c4ccccc4)c4ccc(C)cc4)cc3)cc2)cc1,,0.39496147,,,
433650150,Cc1ccc(Oc2ccc(C(C)(C)c3ccc(Oc4ccc(-c5nc(-c6ccccn6)nnc5C)cc4)cc3)cc2)cc1,,0.39013945,,,
433804845,CO[Si](C)(C)C#Cc1ccc(C#C[Si](C)(C)C)cc1,,0.48218278,,,
433899559,Cc1ccc(C)cc1,,0.37523864,,,
434366510,CCCCCOC(=O)C1CCC(C(=O)OC)CC1,,0.34010105,,,
434463983,CCNC(=O)CCCCCCCCC(=O)NC,66.76854223,,,,
434558166,CCOC(=O)OCC1OC(OCC)(OCC)OC1C,,0.34101825,,,
434569704,COc1ccc(C2(c3ccc(OC(C)=O)cc3)CC3CC2C2CCCC32)cc1,,0.37807285,,,
434774652,CCC(C)C(=O)Oc1ccc(C#N)cc1,,0.360284,0.1845,1.134726614,13.89490111
435176754,CC(=O)Nc1ccc(Oc2ccc(N3C(=O)c4ccc(C)cc4C3=O)cc2)cc1,,0.3555696,0.297,,
435414001,CNc1ccc(C(CCCC)(c2ccc(N)cc2)c2ccc(NC)cc2)cc1,,0.36433979,,,
436053156,CC=Cc1cccc(OC(=O)CCCCCCCCC(=O)Oc2ccc(-c3nnc(C)s3)cc2)c1,,0.35968354,,,
436095263,CCC(C)(C)C(=O)OCCN(CCCC)c1ccc(N=Nc2ccc(S(=O)(=O)Nc3nccs3)cc2)cc1,,0.36999432,,,
436303110,COc1ccc(C2(c3ccc(OC(=O)c4cccc(C(C)=O)c4)cc3)CCC3CCCCC3C2)cc1,,0.37550202,,,
436672073,CNc1cc(-c2cc(NC)c(N)c3ccccc23)c2ccccc2c1N,,0.35081452,,,
438056577,CCCOC(=O)C1CCC(C(=O)OCCOc2ccc(C(C)(C)c3ccc(OC)cc3)cc2)CC1,,0.34686046,,,
438250982,COc1ccc(C2(c3ccc(Oc4ccc(C=CC(=O)c5ccc(C)cc5)cc4)cc3)c3ccccc3-c3ccccc32)cc1,,0.38901721,,,
439011698,CC(=O)c1cc(C(=O)c2ccc3c(c2)C(=O)N(c2ccc(Oc4ccc(N5C(=O)c6ccc(C)cc6C5=O)cc4)cc2)C3=O)cc(-c2ccccc2)c1,,0.36655911,,,
439136445,CO[Si](C)(C)O[Si](C)(C)O[Si](C)(c1c(F)c(F)c(F)c(F)c1F)c1c(F)c(F)c(F)c(F)c1F,,0.38120028,,,
439339917,CNCC1C2CCC(C2)C1CNC,,0.32950873,,,
439415309,Cc1ccc(Oc2ccc(C3(c4ccc(Oc5ccc(N6C(=O)c7ccc(Oc8c(C)cc(C(C)(C)c9cc(C)c(Oc%10ccc%11c(c%10)C(=O)N(C)C%11=O)c(C)c9)cc8C)cc7C6=O)cc5)cc4)CC4CCC3C4)cc2)cc1,,0.38992646,,,
439660621,Cc1ccc(Oc2ccc(C(c3ccc(Oc4ccc(N5C(=O)c6ccc(Oc7ccc(C8(c9ccc(Oc%10ccc%11c(c%10)C(=O)N(C)C%11=O)cc9)CCC(C(C)(C)C)CC8)cc7)cc6C5=O)cc4)cc3)(C(F)(F)F)C(F)(F)F)cc2)cc1,,0.37744754,,,
440187772,Cc1ccc(Oc2ccc(C3(c4ccc(Oc5ccc(N6C(=O)c7ccc(Oc8ccc(C9(c%10ccc(Oc%11ccc%12c(c%11)C(=O)N(C)C%12=O)cc%10)CCC(C(C)(C)C)CC9)cc8)cc7C6=O)cc5)cc4)C4CC5CC(C4)CC3C5)cc2)cc1,,0.38310066,,,
440221059,Cc1cc(COCCCCCCOc2ccc(-c3ccc(C#N)cc3)cc2)c(C)s1,59.88076613,,,,
440284269,CCCCCCC(=O)NCCc1ccc(CCNC(=O)CCCCCSC)cc1,-18.01175462,,,,
440459365,CCC(C)(C)C(=O)OCCn1c2ccccc2c2cc(N=Nc3ccc([N+](=O)[O-])cc3[N+](=O)[O-])ccc21,,0.37693372,,,
440694575,COC1CCC(OC(C)=O)CC1,,0.34419974,,,
440852775,CNc1ccc(-c2c(-c3ccccc3)cc(NC)c(-c3ccccc3N)c2N)cc1,,0.35040297,,,
440867054,Cc1ccc(Oc2ccc(-c3csc(N=Cc4ccc(OCCCCCCOc5ccc(C=Nc6nc(C)cs6)cc5)cc4)n3)cc2)cc1,,0.37846605,,,
440998252,COc1ccc(CC(NC(=O)CCc2ccc(OC(=O)CCC(C)=O)cc2)C(=O)OC(C)C)cc1,,0.34012388,,,
441045416,CNNC(=O)CCCCCCCCC(=O)NNC(=S)c1cccc(C(C)=S)c1,32.4414411,,,,
441295392,COc1ccc(N(c2ccccc2)c2ccc(-c3ccc(N(c4ccccc4)c4ccc(C)cc4)cc3)cc2)cc1,,0.42813403,,,
441800426,CCCCCCC(=O)Oc1ccc2cc(OC(=O)CCCCCn3c(=O)c4cc5c(=O)n(C)c(=O)c5cc4c3=O)ccc2c1,-10.30414379,,,,
441855685,CCCCNC(=O)C(Cc1ccccc1)NC(=O)CCCCCCCCC(=O)NC(Cc1ccccc1)C(=O)NCCCOCCOCCOC,,0.35141201,,,
441924430,CCCCCCCCCCC#CC#CCCCCCCCCCOC(=O)CCCCCCCCC(=O)OC,,,0.307,,
442093631,CCCCCCCCCCCCC(=O)Oc1ccc(C(C)(C)c2ccc(C(C)(C)c3ccc(OC(=O)c4ccc5c(c4)C(=O)N(C)C5=O)cc3)cc2)cc1,,0.36467261,,,
442452634,CCC(C)(C)C(=O)OCCBr,,0.37763347,0.128,1.475127343,15.26731429
442573599,Cc1ccc(-c2sc(-c3cc(SCCCCCCCCCCCC)c(C)s3)cc2SCCCCCCCCCCCC)cc1,,0.43658652,0.349,,
442588281,Cc1ccc(NC(=O)CCCCCCCCCCC(=O)Nc2ccc(S(C)(=O)=O)cc2)cc1,,0.35570555,,,
442933041,C/C=C/c1ccc(C)c(-c2cc(OCCC(C)C)c(OCCC(C)C)cc2-c2ccc(C(F)(F)F)cc2)c1,,,0.184,0.956021414,17.81147708
443073633,Cc1ccc(-c2ccc(-c3cc(-c4ccccc4)c4cc5nc(C)cc(-c6ccccc6)c5cc4n3)cc2)cc1,,0.44606667,,,
443095393,Cc1cc(CCOc2ccc(N=Nc3ccc(C#N)cc3)cc2)c(C)s1,,0.38587992,,,
443473345,COc1ccc(S(=O)(=O)c2ccc(Oc3c(C)cc(C(c4cc(C)c(C)c(C)c4)(C(F)(F)F)C(F)(F)F)cc3C)cc2C(O)(C(F)(F)F)C(F)(F)F)c(C(O)(C(F)(F)F)C(F)(F)F)c1,,0.37988372,,,
444454370,CNC(CCC(=O)OCc1ccc(F)cc1)C(C)=O,,0.32718673,,,
444535836,CCCOC(=O)C1CCC(C(=O)OCCOc2ccc(C3(c4ccc(OC)cc4)c4ccccc4-c4ccccc43)cc2)CC1,,0.35566835,,,
445398297,CCC(C)c1ccccc1C(=O)Oc1ccccc1,,0.3593053,0.1693333333333333,,
445451403,CNc1ccc(-c2ccccc2-c2ccc(NC)cc2)cc1,,0.35240294,,,
445559767,Cc1cc(OCCCCCCCCCCCC)c(C)cc1O,,,0.309,0.933849439,17.49332984
445698643,COc1ccc(N=Nc2ccc(Oc3ccc(C(C)(C)c4ccc(C)cc4)cc3)cc2)cc1,,0.3780172,,,
445846164,COc1ccc(C2(c3ccc(OC(=O)c4ccc(C(C)=O)cc4)cc3)CCc3ccccc32)cc1,,0.36800149,,,
445938720,Cc1ccc(Oc2cccc(N3C(=O)c4ccc5c6c(ccc(c46)C3=O)C(=O)N(c3cccc(Oc4ccc(-c6nnc(C)o6)cc4)c3)C5=O)c2)cc1,,0.37441485,,,
446207313,CNc1ccc(-c2c(-c3ccccc3)c(-c3ccccc3)c(NC)c(-c3ccccc3)c2-c2ccccc2)cc1,,0.37411616,,,
446600296,CO[Si](C)(C)CCCOc1ccc(C(=O)Oc2ccc(OC)cc2)cc1,,0.35092558,,,
447303285,CCC(C)OC(=O)CCCC(=O)c1ccc(C)cc1,,0.34755673,,,
447418869,COc1cc(C(C)(C)c2ccccc2)c(OC(=O)c2ccc(C(C)=O)cc2)cc1C(C)(C)c1ccccc1,,0.38707826,,,
447438744,CC1CCC(CC2CCC(N3C(=O)C4C5C=CC(C6C(=O)N(C)C(=O)C56)C4C3=O)C(C)C2)CC1C,,0.38852364,,,
447444897,CCCCCCCNC(=O)c1ccc(C(=O)NC)c(Oc2ccc(Cl)cc2)c1,,0.35121745,,,
447477268,CC(=O)c1ccc2c(c1)C(=O)N(c1ccc(C(=O)c3ccc(N4C(=O)c5ccc(C)cc5C4=O)cc3)cc1)C2=O,,0.37436742,,,
447614903,CC=Cc1cc(OCCCCCCCC)c(C)cc1OC,,0.38882132,,,
447641645,Cc1ccc(-c2nnc(-c3cccc(-c4nnc(C)n4-c4ccccc4)c3)n2-c2ccccc2)cc1,,,0.389,1.089021523,24.31804369
447643667,COc1ccc(CC(NC(=O)CCc2ccc(OC(=O)CCCCC(C)=O)cc2)C(=O)OCCCCCCCC)cc1,,0.3511763,,,
447646076,COc1c(Br)cc(C(C)(CCC(=O)O)c2cc(Br)c(OC(=O)c3cccc(C(C)=O)c3)c(Br)c2)cc1Br,175.2273279,,,,
447692460,CC=Cc1cc(C=Cc2ccc(OCCC(C)CCCC(C)C)cc2)c(C)cc1C=Cc1ccc(OCCC(C)CCCC(C)C)cc1,2.868925186,,,,
447769500,CCCCCCCCCCCCCNC(=O)NCCCCCCNC(=O)NC,,0.35917869,0.3545,0.973061223,17.68935554
448340777,CCCCCCCCCCCCCC(=O)NC,,0.37800644,0.33,,
449447335,CNc1ccc(C(c2ccc(C)cc2)c2ccc(NC)cc2)cc1,,0.35885814,,,
450028530,CC1C2CC(=CC)C(C2)C1C,,0.42130953,,,
450668833,CCCCCCCOc1c(OC)cc(/C=C/c2ccc(/C=C/c3cc(OC)c(OC)c(OC)c3)cc2)cc1OC,,0.36288885,,,
450754739,CCCCCCCCCCCCOC(=O)c1cc(OCCCCCCCCOc2ccc(N=Nc3ccc(OC)cc3)cc2)cc(C(=O)OCCCCCCCCCCCOc2ccc(-c3ccc(OC)cc3)cc2)c1,,0.36775362,,,
450878191,Cc1ccc2c(c1)C(=O)N(c1ccc(Oc3ccc(N4C(=O)c5ccc(-c6c(-c7ccccc7)c(-c7ccccc7)c(-c7ccc(Oc8ccc(-c9c(-c%10ccccc%10)c(-c%10ccccc%10)c(C)c(-c%10ccccc%10)c9-c9ccccc9)cc8)cc7)c(-c7ccccc7)c6-c6ccccc6)cc5C4=O)cc3)cc1)C2=O,,0.4007298999999999,,,
453918545,CC(=O)c1ccc2c(c1)C(=O)N(c1ccc(-c3cc(-c4ccc(OC)cc4)cc(-c4ccc(N5C(=O)c6ccc(C)cc6C5=O)cc4)n3)cc1)C2=O,,0.38734029,,,
454048621,CNc1ccc(/C=C/c2ccc3cc(/C=C/c4ccc(NC)cc4)ccc3c2)cc1,,0.35285493,,,
454723677,COc1ccc(C(=O)Oc2ccc(Cc3ccc(OC(=O)c4ccc(OC(=O)c5ccc(C(C)=O)cc5)cc4)cc3)cc2)cc1,88.16409459,,,,
454925520,COc1ccc(-c2ccc(OC(=O)c3ccc(OC(=O)c4ccc(C(=O)Oc5ccc(C(C)=O)cc5)cc4)cc3)cc2)cc1,213.4133554,,,,
454931454,CNc1cccc(-c2cc(-c3cccc(C)c3)c(-c3cccc(C)c3)c(-c3cccc(C)c3)c2-c2cccc(C)c2)c1NC,,0.37902645,,,
455272434,CCCN(CCOC(=O)Nc1ccc(C)c(NC(=O)OC)c1)c1ccc(N=Nc2ccc(C=Cc3nc4ccc([N+](=O)[O-])cc4n3CC)cc2)cc1,,0.35619794,,,
455575558,CNc1ccc(-c2ccc(-c3ccc(NC)c(-c4ccccc4)c3-c3ccccc3)cc2)cc1,,0.3636002,,,
455581331,Cc1cc(OCCCCCCCCCC)c(C)cc1OCCCCCCCCCC,5.423112055,,0.256,,
455634892,CC(C)C(=O)OCC,,0.36012778,,,
455687362,CCC(C)C(=O)OCc1ccccc1,,0.34659314,0.1985,1.072100095,13.15993394
455760856,Cc1ccc(OCCCCCCCCCOc2ccc(N3C(=O)c4ccc(-c5cccc6c5C(=O)N(C)C6=O)cc4C3=O)cc2)cc1,47.98864595,,,,
455774790,Cc1cccc(Oc2ccc(C#N)c(Oc3cccc(N4C(=O)c5ccc(Oc6ccc7c(c6)C(=O)N(C)C7=O)cc5C4=O)c3)c2)c1,,0.36294968,,,
455931063,CCC(C)Cc1cccc(C)c1,,0.38592652,,,
456072913,Cc1ccc(Oc2cccc(N3C(=O)c4ccc(Oc5ccc6c(c5)C(=O)N(C)C6=O)cc4C3=O)c2)cc1,,0.37265926,,,
456108334,CCC(C)OC(=O)CCCCCCCCCCCCCCCCCCCCC,,,0.371,0.858583325,13.69025537
456414718,Cc1ccc2c(c1)C(CCCCCC)(CCCCCC)c1cc(-c3ccc4c(c3)C3(CCC(C5=NC(c6ccccc6)CO5)(C5=NC(c6ccccc6)CO5)CC3)c3cc(C)ccc3-4)ccc1-2,,0.40565042,,,
457126750,COc1ccc(S(=O)(=O)N(C)CCCCN(C)S(=O)(=O)c2ccc(Oc3ccc(C(C)(C)c4ccc(C)cc4)cc3)cc2)cc1,,0.35574227,,,
457390290,CCC(OCCCC)C1C(=O)OC(=O)C1C,,0.32628739,,,
457518738,CCCN(CCCC(=O)Nc1ccc(N=Nc2ccccc2)cc1)CCOC(=O)Nc1ccc(Cc2ccc(NC(=O)OC)cc2)cc1,-32.25789051,,,,
457660714,COc1ccc(Oc2ccc(C(=O)Nc3ccc(Cc4ccc(NC(=O)c5ccc(C)cc5)cc4)cc3)cc2)cc1-c1ccccc1,,0.36405434,,,
458141446,CCC(C)C(=O)OCCCCCCCCOC(=O)c1ccc(OC(=O)c2ccc(C#N)cc2)cc1,,0.34948224,,,
458250694,CCCCC(=O)Nc1ccc(Oc2cccc(NC(=O)CCCN3C(=O)c4ccc(C(=O)c5ccc6c(c5)C(=O)N(C)C6=O)cc4C3=O)c2)cc1,,0.33380775,,,
458811601,CCCCCCCNC(=O)CCCCCCCCCCC(=O)NC,,0.36402987,,,
459396662,CC(=O)Nc1ccc(Cc2ccc(NC(=O)c3ccc(N4C(=O)c5ccc(C)cc5C4=O)cc3)cc2)cc1,,0.35031608,,,
459959706,Cc1cccc(C(=O)c2c(C)cc(C)c(N3C(=O)c4ccc(Oc5ccc6c(c5)C(=O)N(C)C6=O)cc4C3=O)c2C)c1,,0.39121654,,,
459974276,CCC(C)C(=O)OC(C)CCC(CC)CCCC,,,0.212,0.861701744,10.36326711
460632304,CNc1cccc(NC(=O)c2ccc(C(=O)Nc3cccc(NC(=S)NC(=O)CCCCC(=O)NC(C)=S)c3)cc2)c1,,0.33577195,,,
461284204,Cc1cc(CCCCBr)c(C)s1,,0.44837181,,,
461293601,CCCC1C(=O)N(c2ccc(N(C)C)cc2)C(=O)C1C,,0.36050178,,,
461562711,CCC(C)c1ccccc1COCCc1ccccc1,,0.36290546,0.1883333333333333,,
461922685,COc1ccc(S(=O)(=O)c2ccc(Oc3c(C)cc(C(c4cc(C)c(C)c(C)c4)(C(F)(F)F)C(F)(F)F)cc3C)cc2C(OC)(C(F)(F)F)C(F)(F)F)c(C(OC)(C(F)(F)F)C(F)(F)F)c1,,0.37962717,,,
462593659,CCCN(C)CC,,0.38450677,,,
462771322,CNc1ccc(Cc2ccc(NC(=O)c3cc(NC(=O)C(CC(C)C)N4C(=O)c5ccccc5C4=O)cc(C(C)=O)c3)cc2)cc1,36.87047274,,,,
462814038,CCCOCC(=O)OC,,0.31811694,,,
462826166,Cc1ccc(C(=O)OCCCCCCCCCCCCOC(=O)c2ccc(-c3nnc(C)s3)cc2)cc1,,0.36737797,,,
462869039,CCC(C)(C)C(=O)OCCOC,,,0.1815,1.033359022,13.61871523
463127063,CC(=O)OCCCCCOC(=O)c1ccc(NC(=O)c2ccc(N3C(=O)c4ccc(C)cc4C3=O)cc2)cc1,,0.3374244,,,
463296831,CCCOc1ccc(S(=O)(=O)c2ccc(OCCOP(=O)(OC)Oc3ccc(OC)cc3)cc2)cc1,,0.3433683,,,
463338969,Cc1sc(C)c2c1OCC(CCCCCCCCCCCCCCCC)O2,,,0.44475,0.968871976,15.08786185
463490376,COC(c1ccco1)C(OC(=O)Nc1ccc(Cc2ccc(NC(C)=O)cc2)cc1)c1ccco1,,0.35498307,,,
463727468,CCC(C)C(=O)OCC(F)(F)C(F)(F)OC(F)(F)F,,0.31340132,,,
463770035,CC(C)=C(C)[Si](C)(C)CCCCCC,,0.38363595,,,
464374325,CCCCCCCC(=O)OC,,0.35774831,,,
465735962,CCCC1CCCC1C,,,0.2863333333333333,,
466297996,CC(=O)c1cc2c(cc1Cl)C(=O)N(c1cc(N3C(=O)c4cc(C)c(Cl)cc4C3=O)cc(C(F)(F)F)c1)C2=O,,0.39475422,,,
466352320,COc1ccc(CC(NC(=O)CCc2ccc(OC(=O)CCCCC(C)=O)cc2)C(=O)OCCOCCOCC)cc1,,0.34219261,,,
466488035,Cc1ccc(Oc2c(C)cc(C(c3cccnc3)c3cc(C)c(Oc4ccc(N5C(=O)CC(Nc6cccc(NC7CC(=O)N(C)C7=O)c6)C5=O)cc4)c(C)c3)cc2C)cc1,,0.3838921,,,
466577746,CO[Si](C)(C)c1cc(OCCOCc2ccccc2)c([Si](C)(C)C)cc1OCCOCc1ccccc1,,0.37480731,,,
467415058,CNNc1ccc2ccccc2c1-c1c(NNC)ccc2ccccc12,,0.36169901,,,
467619338,CCC(C)C=C(C)C,,0.40607353,,,
467841477,Cc1ccc2c(c1)C(=O)N(c1ccc(-c3ccc(N4C(=O)c5ccc(C(C)(C(F)(F)F)C(F)(F)F)cc5C4=O)c(OCCCCCCOc4ccc(/C=C/c5ccc(F)cc5)cc4)c3)cc1OCCCCCCOc1ccc(/C=C/c3ccc(F)cc3)cc1)C2=O,,0.36418165,,,
467957331,CC(=O)Nc1ccc(C(c2ccc(NC(=O)c3ccc4c(c3)C(=O)N(c3ccc(Oc5cccc6c(Oc7ccc(N8C(=O)c9ccc(C)cc9C8=O)cc7)cccc56)cc3)C4=O)cc2)(C(F)(F)F)C(F)(F)F)cc1,,0.36021287,,,
468123146,CCOc1ccc(C(c2ccc(OCC3(C)COC3)cc2)(C(F)(F)F)C(F)(F)F)cc1,,0.34907081,,,
468202587,Cc1cccc(NC(=O)c2ccc(OCCOCCOCCOCCOCCOc3ccc(C(=O)Nc4ccc5[nH]c(C)nc5c4)cc3)cc2)c1,,0.34535507,,,
468435322,CC=Cc1sc(-c2ccc(-c3ccc(-c4ccc(-c5sc(C=CC6=CC(=C(C#N)C#N)C=C(C)O6)c(CCCCCC)c5CCCCCC)s4)s3)s2)c(CCCCCC)c1CCCCCC,,0.42429336,,,
468647784,CNc1ccc(NC(=O)c2ccc(NC(=O)CCCCCCCCC(=O)Nc3ccc(C(C)=O)cc3)cc2)cc1C(=O)OCCCCCCCCCCCCCC,,0.35650224,,,
469117883,CCCCCCCOC(=O)OCCCCCCOC(=O)OCCCCCCOc1ccc(-c2ccc(OC)cc2)cc1,,0.35478647,0.329,,
469170848,CCOC(=O)OCC1OC(OCC)OC1C,,0.32726581,,,
469302506,Cc1cccc(C(=O)Nc2ccc(Oc3cccc(Oc4ccc(NC(=O)c5cccc(N6C(=O)c7ccc(-c8cccc9c8C(=O)N(C)C9=O)cc7C6=O)c5)cc4)c3)cc2)c1,,0.34972728,,,
469358545,CNc1ccc(NC)c2c3ccc(cc3)c12,,0.33588692,,,
469373885,CC=CC1CC(C)C(C(=O)OCCNC(C)(C)C)C1,,0.37778417,,,
469522235,CNc1cccc(-c2cc(-c3cccc(N)c3)cc(-c3cccc(NC)c3)c2)c1,,0.34659743,,,
469762118,CCC(C)CCCCCCCCCC,,0.40334594,0.33575,0.799124975,11.10583978
470248513,CCC(C)C(=O)OCCSCC,,0.38932692,0.2175,1.065268296,14.51100233
470644305,CCC(C)C,,,0.2445,0.77629912,15.63619856
470882237,CCC(C)(C)C(=O)OCC,,,0.1699999999999999,0.90836326,13.61883804
471167389,CC(=O)Oc1c(C)cc(C(c2cc(C)c(OC(=O)c3ccc4c(c3)C(=O)N(c3c(C)cc(-c5cc(C)c(N6C(=O)c7ccc(C)cc7C6=O)c(C)c5)cc3C)C4=O)c(C)c2)(C(F)(F)F)C(F)(F)F)cc1C,,0.39965257,,,
471229336,CCCCCCCCCCCCOC(=O)c1ccc(-c2ccc(C(=O)OC)cc2)cc1,,0.35885044,,,
471232533,Cc1ccc(C(C#N)(C(=O)OCC(C)C)C(C)(C#N)C(=O)OCC(C)C)cc1,,0.40104325,,,
471408495,COc1ccc(S(=O)(=O)c2ccc(Oc3ccc(C(C)(C)c4ccc(C)c(C(O)(C(F)(F)F)C(F)(F)F)c4)cc3C(O)(C(F)(F)F)C(F)(F)F)cc2)cc1,,0.3757357,,,
471856670,CC=C(C)c1cc(C(F)(F)F)sc1C(F)(F)F,54.57900551,,,,
471964961,Cc1ccc(Cc2ccc(-n3c(=O)c4cc5c(=O)n(C)c(=O)c5cc4c3=O)cc2)cc1,,,,1.232934348,29.70086573
472043812,CC(=O)Nc1ccc(Oc2ccc(C(c3ccc(Oc4ccc(NC(=O)c5ccc6c(c5)C(=O)N(c5ccc(Oc7ccc8ccc(Oc9ccc(N%10C(=O)c%11ccc(C)cc%11C%10=O)cc9)cc8c7)cc5)C6=O)cc4)cc3)(C(F)(F)F)C(F)(F)F)cc2)cc1,,0.36278753,,,
472240930,CCC1CC2CC1C1CCC(CN3C(=O)c4ccc(C(=O)c5ccc6c(c5)C(=O)N(C)C6=O)cc4C3=O)C21,,0.36457594,,,
472323951,CCC(CC)(CC)COC(=O)Nc1ccc(C)c(NC(=O)OC)c1,,0.3477811,,,
472677846,CCC(C)(C)CS(C)(=O)=O,,0.36380251,,1.140781369,16.55092442
472726378,Cc1ccc2c(c1)C(CCCCCC)(CCCCCC)c1cc(-c3cc(CCCCCCCCCC)c(C)cc3CCCCCCCCCC)ccc1-2,,,0.216,0.807377101,18.38442171
472812489,COC1C(COC(C)=O)OC(C)C(OC(C)=O)C1OC(C)=O,,0.33034582,,,
473402909,Cc1ccc(Oc2ccc(C3(c4ccc(Oc5ccc(N6C(=O)c7ccc(Oc8ccc(C9(c%10ccc(Oc%11ccc%12c(c%11)C(=O)N(C)C%12=O)cc%10)CCC(C(C)(C)C)CC9)cc8)cc7C6=O)cc5)cc4)CC4CC3C3CCCC43)cc2)cc1,,0.37929885,,,
473547925,COc1ccc(NC(=O)C=CC(=O)NNC(=O)C=CC(=O)Nc2ccc(OC(=O)C=CC(=O)NNC(=O)C=CC(C)=O)cc2)cc1,,0.3061006,,,
473567594,COc1ccc(C(C)(C)c2ccc(OP3(Oc4ccc(C(=O)OC)cc4)=NP(Oc4ccc(C(=O)OC)cc4)(Oc4ccc(C(=O)OC)cc4)=NP(C)(Oc4ccc(C(=O)OC)cc4)=N3)cc2)cc1,,0.34690701,,,
473657934,CNc1ccc([C@@H]2C=C[C@@](NC)(c3ccccc3-c3ccc4ccccc4c3)C=C2c2ccc3ccccc3c2)c(-c2ccc3ccccc3c2)c1-c1ccc2ccccc2c1,,0.37203518,,,
474558626,CNCCCc1c2ccccc2c(NC)c2ccccc12,,0.33990323,,,
475124319,CCC(C)(C)C(=O)Oc1ccc(C#N)cc1,,0.36105716,0.1345,1.058985756,12.9825722
475611696,CNc1ccc(C(CCC(CCC(c2ccc(N)cc2)c2ccc(N)cc2)(c2ccc(N)cc2)c2ccc(NC)cc2)c2ccc(N)cc2)cc1,,0.35622218,,,
475921569,CCC(C)c1c([2H])c([2H])c([2H])c([2H])c1[2H],,0.39369072,,0.923679332,14.83081456
476061574,CCC(C)(CC(=O)OCCCC)C(=O)OCCCC,,0.37326705,0.2249999999999999,0.96210565,10.50145976
476584063,Cc1ccc(Oc2ccc(NC(=O)c3ccc4c(c3)C(=O)N(c3ccc(Cc5ccc(N6C(=O)c7ccc(C(=O)Nc8ccc(Oc9ccc(C%10(C)NC(=O)c%11ccccc%11%10)cc9)cc8)cc7C6=O)cc5)cc3)C4=O)cc2)cc1,,0.36522559,,,
476711294,CCC(C)(C)C(=O)Oc1ccc2c(c1)CCC2,,0.36609405,,,
476733840,CCCCCCCOC(=O)C1CC(=O)C(C(=O)OC)CC1=O,-36.66445232,,,,
477018729,CCCOc1ccc(S(=O)(=O)c2ccc(OCCOP(=O)(OC)Oc3ccccc3)cc2)cc1,,0.34320859,,,
477055088,Cc1cc(SCCCCCCCCCCCC)c(C)s1,,0.41856492,,,
477209068,CCCc1ccc(C)c(C#N)c1,,0.39093091,,,
477797468,CCC(C)(C)C(=O)OCC[N+](=O)[O-],,,0.1895,1.159740176,14.1297443
477893372,CCC(C)C1CCCCC1C,,0.40280956,,,
478096853,CCC(=O)OCCCCCCOC(=O)Cn1c(=O)c2cc3c(=O)n(C)c(=O)c3cc2c1=O,55.49864746,,,,
478367903,Cc1ccc(NC2CC(=O)N(c3ccc(-c4sc(-c5ccc(N6C(=O)CC(Nc7ccc(-c8nc(-c9ccc(-c%10nc(-c%11ccc([N+](=O)[O-])cc%11)c(-c%11ccc([N+](=O)[O-])cc%11)[nH]%10)cc9)[nH]c8C)cc7)C6=O)cc5)c(-c5ccccc5)c4-c4ccccc4)cc3)C2=O)cc1,,0.41430705,,,
478448217,Cc1cccc(OCCCCCCCCCOc2cccc(N3C(=O)c4ccc(-c5ccc6c(c5)C(=O)N(C)C6=O)cc4C3=O)c2)c1,,0.34783375,,,
478818056,Cc1ccc(Oc2ccc(C(C)(C)c3ccc(Oc4ccc(-c5nnc(C)n5-c5ccc(S(C)(=O)=O)cc5)cc4)cc3)cc2)cc1,,0.38732371,,,
478981386,COc1ccc(Oc2ccc(C(=O)Nc3ccc(Oc4ccc(S(=O)(=O)c5ccc(Oc6ccc(NC(=O)c7ccc(C)cc7)cc6)cc5)cc4)cc3)cc2)cc1C,,0.36199389,,,
479722574,CC(=O)c1ccc2c(c1)C(=O)N(c1cc(-c3nc4ccccc4oc3=O)cc(N3C(=O)c4ccc(C)cc4C3=O)c1)C2=O,,0.37512848,,,
479745021,CC(=O)c1ccc(Oc2ccc(-c3ccc(Oc4ccc(C(=O)c5ccc6c(c5)C(=O)N(c5ccc(Oc7ccc(N8C(=O)c9ccc(C)cc9C8=O)cc7)cc5)C6=O)cc4)cc3)cc2)cc1,,0.36908001,,,
479794111,Cc1ccc(C(=O)NCCCCCCCCCCNC(=O)c2ccc(-c3nc4ccccc4nc3C)cc2)cc1,,0.36538567,,,
479814581,CO[Si](O[Si](O[Si](O[Si](CC[Si](C)(C)O[Si](C)(C)CC[Si](C)(c1ccccc1)c1ccccc1)(c1ccccc1)c1ccccc1)(c1ccccc1)c1ccccc1)(c1ccccc1)c1ccccc1)(c1ccccc1)c1ccccc1,,0.39773141,,,
479850250,CNc1ccc([C@@H](C)c2ccccc2CCc2ccccc2[C@H](C)c2ccc(NC)cc2)cc1,,0.35612182,,,
479918416,CCC(C)c1ccc(C(O)CCN2CCCCC2)cc1,,0.37433713,,,
480111697,CCC(C)(C)C(=O)NC(=O)OCCOc1ccc(S(=O)(=O)c2ccc(OCCO)cc2)cc1,,0.32112378,,,
480125029,CCCCCCCCCOC(=O)NNC(=O)CCCCCCCCC(=O)NNC(=O)OC,,0.34768618,,1.043832714,
480361178,CCCNC(=O)c1ccc(C(=O)NC)c(Oc2ccccc2)c1,,0.33491871,,,
480471385,Cc1ccc(-c2ccc(N3C(=O)c4ccc(S(=O)(=O)c5ccc6c(c5)C(=O)N(C)C6=O)cc4C3=O)cc2C(F)(F)F)c(C(F)(F)F)c1,,0.39039629,,,
480495862,CCC(C)CCC(C)(C)C,,,0.1929999999999999,,
481255154,COc1ccc(S(=O)(=O)c2ccc(Oc3ccc(C(=O)c4cc(C(=O)c5ccc(C)cc5)cc(C(C)(C)C)c4)cc3)cc2)cc1,,0.38222676,,,
481310813,CC=CC1CC(C)C(C(=O)OCCCCCCOc2ccc(-c3ccc(C#N)cc3)cc2)C1C(=O)OCCCCCCOc1ccc(-c2ccc(C#N)cc2)cc1,,0.3627633,,,
481600989,COc1ccc(C(C)(C)c2ccc(C(C)(C)c3ccc(Oc4ccc(C(=O)Nc5cccc(NC(=O)c6ccc(C)cc6)c5)cc4)cc3)cc2)cc1,,0.36677611,,,
482356088,COP(=O)(Oc1ccc(C(C)(C)c2ccc(C)cc2)cc1)Oc1c(Cl)cc(Cl)cc1Cl,,0.3676303,,,
482559838,CCC(COc1ccc(-c2ccc(OC)cc2)cc1)OC,,0.34505988,,,
482933364,CNc1ccc([C@@H](c2ccccc2)c2ccccc2NC)cc1,,0.34925827,,,
483443678,CNc1ccc(-c2ccc(NC)c(-c3ccc(C)cc3C)c2-c2ccc(C)cc2C)cc1,,0.37968656,,,
483503968,Cc1cccc(Oc2cccc(Oc3cccc(N4C(=O)c5c(c(-c6ccccc6)c(-c6ccc(-c7c(-c8ccccc8)c8c(c(-c9ccccc9)c7-c7ccccc7)C(=O)N(C)C8=O)cc6)c(-c6ccccc6)c5-c5ccccc5)C4=O)c3)c2)c1,,0.38403855,,,
483514243,C/C=C/CCCCCCCCCCC,,,0.4142,0.822074244,20.61494369
483787501,CC(=O)c1ccc(N=Nc2ccc(C(=O)N3C(=O)N(C)C(C)(C)C3=O)cc2)cc1,302.3547996,,,,
484741548,CCC(c1ccccc1)C1C(=O)N(c2ccc(Cl)cc2)C(=O)C1C,168.825845,,,,
484824618,Cc1ccc(C(=O)Nc2cccc(Oc3ccc(S(=O)(=O)c4ccc(Oc5cccc(NC(=O)c6ccc(N7C(=O)c8ccc(-c9cccc%10c9C(=O)N(C)C%10=O)cc8C7=O)cc6)c5)cc4)cc3)c2)cc1,,0.3546746,,,
484906065,COc1ccc(CC(NC(=O)CCc2ccc(OC(=O)CCCC(C)=O)cc2)C(=O)OC(C)CC)cc1,,0.3421229,,,
484910075,CC(=O)Nc1cccc(NC(=O)c2ccc3[nH]c(-c4ccc(-c5nc6cc(C)ccc6[nH]5)cc4)nc3c2)c1,,0.37664927,,,
484914577,Cc1ccc(Oc2ccc(C3(c4ccc(Oc5ccc(-c6ccc(C)s6)cc5C(F)(F)F)cc4)c4ccccc4-c4ccccc43)cc2)c(C(F)(F)F)c1,,0.43261591,,,
485094036,COCCCCOc1ncnc(C)n1,,0.35576743,,,
485407995,COc1ccccc1C(=O)OC(=O)c1ccccc1OC(=O)CCCCC(C)=O,,0.32762443,,,
485725497,CC(=O)c1ccc2c(c1)C(=O)N(c1ccc(C3(C)CC(C)(C)c4ccc(N5C(=O)c6ccc(C)cc6C5=O)cc43)cc1)C2=O,,0.40280655,,,
486162047,COc1ccc(C(C)(c2ccccc2)c2ccc(OC(C)=S)cc2)cc1,,0.36499297,,,
487578819,CCCCCNC(=O)c1ccc(C(=O)NC)c(Sc2ccccc2)c1,,0.34744921,,,
487601527,COc1ccc(S(=O)(=O)c2ccc(Oc3ccc(-c4ccc(Oc5ccc(C(=O)c6ccc(C)cc6)cc5)cc4)cc3)cc2)cc1,,0.37208574,,,
488191156,CCCCCCOc1cccc(NC(=O)c2ccc(C(=O)Nc3cccc(OC)c3)cc2)c1,,0.34353259,,,
488617798,Cc1ccc(NC(=O)c2ccc(C(=O)Nc3ccc(-c4nc5ccc(-c6ccc7nc(C)[nH]c7c6)cc5[nH]4)cc3)cc2)cc1,358.667269,,,,
489644096,CCCCNC(=O)C(NC(=O)C(Cc1ccccc1)NC(=O)CCCCCCCCC(=O)NC(Cc1ccccc1)C(=O)NC(C(=O)NCCCOCCOCCOC)C(C)C)C(C)C,,0.34899724,,,
489823970,Cc1cccc(N2C(=O)c3ccc(Oc4c(C)cc(Cc5cc(C)c(Oc6ccc7c(c6)C(=O)N(C)C7=O)c(C)c5)cc4C)cc3C2=O)c1,,0.39109264,,,
489861944,Cc1ccc(Oc2ccc(-c3ccc(-c4ccc(Oc5ccc(-c6c7c(c(C)c8ccccc68)C(=O)N(c6ccccc6)C7=O)cc5)c(C(F)(F)F)c4)s3)cc2C(F)(F)F)cc1,,0.4015453,,,
490110901,CCC(O)CN(C)c1ccc(N=Nc2ccc(C(=O)O)cc2)cc1,,0.3475583,,,
491061236,CC(=O)Nc1ccc(S(=O)(=O)c2ccc(NC(=O)c3ccc4[nH]c(-c5cc(-c6nc7cc(C)ccc7[nH]6)cc(N6C(=O)c7ccccc7C6=O)c5)nc4c3)cc2)cc1,,0.37434137,,,
491271299,COc1ccc(S(=O)(=O)c2ccc(Oc3c(C(C)C)cc(C(C)(C)c4cc(C(C)C)c(C)c(C(C)C)c4)cc3C(C)C)cc2)cc1,,0.41746736,,,
491291994,CCCCCCCCCCCCCNC(=O)CCCCCCCCCCCCCCC(=O)NC,,0.37814224,0.396,,
492004375,Cc1ccc(Oc2cccc(Oc3ccc(N4C(=O)c5ccc(-c6ccc7c(c6)C(=O)N(C)C7=O)cc5C4=O)cc3)c2)cc1,,0.35547349,,,
492439302,CNc1ccc2c(c1)C(c1ccc(C)c(C)c1)(c1ccc(C)c(C)c1)c1cc(NC)ccc1-2,,0.38916246,,,
492508713,CNc1ccccc1C(c1ccccc1N)(c1ccccc1N)c1ccccc1NC,,0.36419174,,,
492534708,CNc1ccc(-c2ccc(NC)cc2-c2cccc3ccccc23)cc1,,0.35766068,,,
492635161,CCC(C)(C)C(=O)OCCCCCCCCOc1ccc2cc(C(=O)Oc3ccccc3)ccc2c1,,0.35070234,,,
492640026,CC(=O)Nc1ccc2c(c1)Cc1cc(NC(=O)c3ccc4c(c3)C(=O)N(c3ccc(NC(=O)Nc5ccc(N6C(=O)c7ccc(C)cc7C6=O)cc5)cc3)C4=O)ccc1-2,,0.34865411,,,
493007317,CC(=O)c1ccc2c(c1)C(=O)N(c1ccc(C(=O)c3ccccc3N3C(=O)c4ccc(C)cc4C3=O)cc1)C2=O,,0.37514628,,,
493762918,CCC(COC(C)C)OC,,0.38129236,,,
494086930,CC(=O)c1ccc2c(c1)C(=O)N(c1cccc(P(=O)(c3ccc(C(F)(F)F)cc3)c3cccc(N4C(=O)c5ccc(C)cc5C4=O)c3)c1)C2=O,,0.38566004,,,
494165732,Cc1ccc2c(c1)C(=O)N(C1CCC(CC3CCC(N4C(=O)c5ccc(C(C)(C(F)(F)F)C(F)(F)F)cc5C4=O)C(C)C3)CC1C)C2=O,,0.39920256,,,
494602606,CCCCCCCCNC(=O)CCCCC(=O)NC,,0.3410138,0.323,,
494975376,Cc1cccc(C(c2ccccc2)(c2cccc(N3C(=O)c4ccc(Oc5ccc6c(c5)C(=O)N(C)C6=O)cc4C3=O)c2)C(F)(F)F)c1,,0.38438296,,,
495203055,Cc1ccc(Cc2ccc(N3C(=O)c4ccc([Si](C)(C)O[Si](C)(C)O[Si](C)(C)c5ccc6c(c5)C(=O)N(C)C6=O)cc4C3=O)cc2)cc1,,0.39061892,,,
495342241,CC1C(C)C2CC1C(COCCCc1ccccc1)C2COCCCc1ccccc1,,0.36101933,,,
495385866,Cc1ccc(Oc2cccc(Oc3ccc(N4C(=O)c5cccc(Oc6ccc(Oc7ccc(Oc8cccc9c8C(=O)N(C)C9=O)cc7)cc6)c5C4=O)cc3)c2)cc1,,0.36047551,,,
496258709,CCC(C)(C)c1ccc(C(O)C(F)(F)F)cc1,,0.35571661,,,
496344217,Cc1ccc(Oc2ccc(C(C)(C)c3ccc(Oc4ccc(N5C(=O)CC(=O)N(C)C5=S)cc4)cc3)cc2)cc1,,0.38334542,,,
496407382,CNc1c(F)c(F)c(-c2c(F)c(F)c(NC)c(F)c2F)c(F)c1F,,0.33298496,,,
496740168,Cc1ccc(-c2ccc(N3C(=O)c4ccc(-c5cccc6c5C(=O)N(C)C6=O)cc4C3=O)cc2C(F)(F)F)c(C(F)(F)F)c1,,0.39934746,,,
496873266,CC(=O)OCCN(CCOC(=O)c1ccc2c(c1)C(=O)N(c1ccc(N=Nc3ccccc3)c(N3C(=O)c4ccc(C)cc4C3=O)c1)C2=O)c1ccccc1,,0.35725453,,,
497236966,CCC(C)c1cccc(C)c1,,,0.1973333333333333,,
497317849,CCC#CC#CCOc1ccc(C(=O)OCCN(CCOC(=O)c2ccc(OC)cc2)c2ccc([N+](=O)[O-])cc2)cc1,,0.35625446,,,
497633362,COc1ccc(OC(=O)c2ccc(C(C)=O)cc2)cc1-c1cccc(C(F)(F)F)c1,,0.35258781,,,
498302991,Cc1ccc(Oc2ccc(C(=O)c3ccc(Oc4ccc(N5C(=O)c6ccc(S(=O)(=O)c7ccc8c(c7)C(=O)N(C)C8=O)cc6C5=O)cc4)cc3)cc2)cc1,,0.3773528,,,
498538377,Cc1ccc2c(c1)C(=O)N(c1ccc(N(c3ccc(C=Cc4ccc([N+](=O)[O-])cc4)cc3)c3ccc(N4C(=O)c5ccc(C(C)(C(F)(F)F)C(F)(F)F)cc5C4=O)cc3)cc1)C2=O,,0.41204926,,,
498645722,CCC(C)c1cc(-c2ccc(C(=O)OC(C)CC)cc2)ccc1-c1ccc(C(=O)OC(C)CC)cc1,,0.39103863,,,
499146119,CO[Sn](CCCC)(CCCC)OC(=O)c1ccc(C(C)=O)cc1,,0.36080704,,,
499802239,CC(=O)Nc1ccc(Oc2ccccc2-c2ccccc2Oc2ccc(NC(=O)c3ccc4c(c3)C(=O)N(c3ccc(C)c(N5C(=O)c6ccc(C)cc6C5=O)c3)C4=O)cc2)cc1,,0.36654157,,,
499947957,COc1ccc(C(c2ccc(Oc3ccc(C(=O)c4ccc(C)cc4)cc3)cc2)c2ccccc2C(=O)O)cc1,,0.37386948,,,
500257329,CC(=O)Nc1ccc(C2(c3ccc(NC(=O)c4ccc5c(c4)C(=O)N(c4ccc(Sc6ccc(Oc7ccc(Sc8ccc(N9C(=O)c%10ccc(C)cc%10C9=O)cc8)cc7)cc6)cc4)C5=O)cc3)c3ccccc3-c3ccccc32)cc1,,0.38040953,,,
500559499,CCCOCCOC(=O)CCC(=O)OC,,0.3219175,,,
501088576,CCC(C)(C)C(=O)OCCCCCCCCCCOc1ccc(OC(=O)c2ccc(OCCCCCCCC)cc2)cc1,,0.36549965,,,
501489325,CCCNC(=O)c1cccc(C(=O)NCCOc2ccc3c(OC)cccc3c2)c1,,0.33057891,,,
502239610,CNc1ccc2cccc3c2c1C=C(CC=C)[C@@H]3NC,,0.33480182,,,
502600207,CN[C@H]1CC[C@H](C[C@H]2CC[C@H](NC)CC2)CC1,,0.3557302,,,
503030513,CCCCCCCOc1ccc(C=Cc2ccc(OC)c3ccccc23)cc1,,0.36429456,,,
503126715,CCC(C)(C)C(=O)OCC(F)(F)C(F)(F)C(F)(F)C(F)(F)C(F)(F)C(F)(F)C(F)(F)F,,,0.0735,1.482039287,12.88558494
503535995,Cc1ccc(Oc2ccc(C3(c4ccc(Oc5ccc(N6C(=O)c7ccc(Oc8c(C)cc(C(C)(C)c9cc(C)c(Oc%10ccc%11c(c%10)C(=O)N(C)C%11=O)c(C)c9)cc8C)cc7C6=O)cc5)cc4)CC4CC3C3CCCC43)cc2)cc1,,0.39469659,,,
503739413,CO[Si](C)(C)O[Si](C)(C)O[Si](C)(C)O[Si](C)(C)O[Si](C)(C)c1ccc(Oc2ccc([Si](C)(C)C)cc2)cc1,,0.42386607,,,
503770614,CCC(C)c1ccc(COc2ccc(-c3ccc(C#N)cc3)cc2)cc1,,0.3628679,,1.065712208,12.90310493
503797851,COc1ccc(NC(=O)c2ccc(Oc3ccc(C(C)(C)c4ccc(C(C)(C)c5ccc(Oc6ccc(C(=O)Nc7ccc(Oc8ccc(C(c9ccc(C)cc9)(C(F)(F)F)C(F)(F)F)cc8)cc7)cc6)cc5)cc4)cc3)cc2)cc1,,0.36856171,,,
504470036,CCCN(CCOC(=O)CCC#CC#CCCC(=O)OC)c1ccc(N=Nc2c(C)cc(N=Nc3ccc(C#N)cc3)cc2C)cc1,,0.3810089,,,
504498894,CCCCCCCCCCCOC(=O)c1ccc(C(=O)OC)cc1,,0.36312778,,,
504683650,COc1c(C)cc(C)cc1-c1ccccc1,,0.40029131,0.1935,1.002505763,15.57570307
504741555,CCCC(=O)Nc1ccc(Oc2ccc(NC(=O)CCN3C(=O)c4ccc(C(=O)c5ccc6c(c5)C(=O)N(C)C6=O)cc4C3=O)cc2)cc1,,0.33487756,,,
505042674,CCC(OC(C)=O)C1C(=O)N(c2ccccc2)C(=O)C1C,157.3759721,,,,
505139445,CCC(CC)(CC)C(=O)OC,,0.3595269,,,
505192232,CCCC[Si](C)(C)O[Si](C)(C)CCCOc1ccc(-c2ccc(C#N)cc2)cc1,,0.39219302,,,
505306090,Cc1ccc2c(c1)C(=O)N(c1ccc(OCCN(CCOc3ccc(N4C(=O)c5ccc(C(C)(C(F)(F)F)C(F)(F)F)cc5C4=O)cc3)c3ccccc3)cc1)C2=O,,0.35771697,,,
505372159,CNc1ccc(C2(c3ccc(NC)cc3)C3=C(C=CCC3)c3ccccc32)cc1,,0.3719327,,,
505451918,Cc1ccc2c(c1)C(=O)N(c1ccc(Oc3c(C(C)(C)C)cc(-c4ccc(N5C(=O)c6ccc(C(C)(C(F)(F)F)C(F)(F)F)cc6C5=O)cc4)cc3C(C)(C)C)c(C(F)(F)F)c1)C2=O,,0.41829634,,,
505548035,COc1cccc2ccc(Oc3ccc(NC(=O)c4cccc(C(=O)Nc5ccc(C)cc5)c4)cc3)cc12,,0.35312849,,,
505708528,CCC(C)C(=O)OCC(F)(F)C(F)(F)C(F)(F)C(F)(F)C(F)(F)C(F)(F)C(F)(F)F,,0.32462009,,,
506323355,CCCCCCOC(=O)NNC(=O)CCCCCCCCC(=O)NNC(=O)OC,,0.33556239,,,
506576027,CCCCCCCN(C)C(=O)CCCCCCCCCCCCCCCCC(=O)N(C)C,49.34222836,,0.3525,0.898624404,19.92649972
506639284,Cc1ccc(Oc2ccc(C(=O)c3ccc(Oc4ccc(-c5c6c(c(C)c7ccccc57)C(=O)N(c5ccc(C(F)(F)F)cc5)C6=O)cc4)cc3)cc2)cc1,,0.38171979,,,
506748374,CCCCCC(=O)NCc1ccc(CNC(=O)CCCCOC)cc1,,0.3396223,,,
506781855,Cc1ccc2[nH]c(C)nc2c1,,0.47901269,,,
506857730,CC1C(=O)N(c2ccc(COC(C)(C)C)cc2)C(=O)C1C,122.5873684,,,,
506874673,Cc1ccc(CC(=O)Nc2ccc(-c3ccc(NC(=O)Cc4ccc(-c5sc(C)c(-c6ccccc6)c5-c5ccccc5)cc4)cc3)cc2)cc1,,0.37860211,,,
506900433,Cc1ccc2c(c1)C(=O)N(c1ccc(N(c3ccc(C#N)cc3)c3ccc(N4C(=O)c5ccc(C(C)(C(F)(F)F)C(F)(F)F)cc5C4=O)cc3)cc1)C2=O,,0.42132012,,,
507068449,CNc1ccc([C@H](C)c2ccc([C@H](C)c3ccc([C@@H](C)c4ccc([C@@H](C)c5ccc(NC)cc5)cc4)cc3)cc2)cc1,,0.36551543,,,
507545745,CC=C1CCCC(=Cc2ccc(-c3cc(OCCCCCC)c(-c4ccc(C)cc4)cc3OCCCCCC)cc2)C1=O,,0.3857122,,,
507783555,CCC(C)(C#N)C(=O)OC(C)C,,0.36628241,,,
507898117,CC(=O)c1ccc2c(c1)C(=O)N(c1cc(N3C(=O)c4ccc(C)cc4C3=O)cc(C(F)(F)F)c1)C2=O,,0.38109173,,,
508336740,CCC(C)c1ccc(C(=O)CCCC)cc1,,0.38199885,,,
508339615,CNc1ccc(C2(c3ccc(NC)cc3)CCCC[C@H]2C[C@H]2CC[C@H](CCCCC)CC2)cc1,,0.37129511,,,
508597876,COc1ccc(Oc2ccc(C(=O)c3ccccc3-c3ccccc3C(=O)c3ccc(C)cc3)cc2)cc1,,0.37522129,0.2205,1.125774179,17.8866103
509167762,CNc1ccc(Cc2ccc(NC(=O)c3cc(C(C)=O)cc(N4C(=O)C5CC=CCC5C4=O)c3)cc2)cc1,,0.34814745,,,
509179600,Cc1ccc2c(c1)C(=O)N(c1c(C(C)C)cc(C(c3ccccc3)(c3cc(C(C)C)c(N4C(=O)c5ccc(C(C)(C(F)(F)F)C(F)(F)F)cc5C4=O)c(C(C)C)c3)C(F)(F)F)cc1C(C)C)C2=O,,0.44811081,,,
509220897,COc1ccc(S(=O)(=O)c2ccc(Oc3ccc(C(C)(C)c4ccc(C)c(N)c4)cc3N)cc2)cc1,,0.37586152,,,
509241405,CCCCCCCN1C(=O)C(=Cc2ccc(C=C3SC(=S)N(C)C3=O)cc2)SC1=S,35.37444876,,,,
509577164,CCC(C)(C)C(=O)Oc1ccc(C)cc1,126.1154692,,0.1545,0.951958497,12.66351417
509659753,Cc1cccc(C(O)c2cccc(N3C(=O)c4ccc(Oc5ccc6c(c5)C(=O)N(C)C6=O)cc4C3=O)c2)c1,,0.36066207,,,
509959736,CCC(C)c1ccc(-c2cccc3nsnc23)cc1,,0.37001956,,,
509992676,CNc1ccc(/C=C/c2ccc(-c3ccc(/C=C/c4ccc(NC)cc4)cc3)cc2)cc1,,0.35190828,,,
510587206,CCCOCCOCCOC(=O)C=CC(=O)NCCCCCCNC(=O)C=CC(=O)OC,,0.32787972,,,
510665412,COC(=O)C(CCSC)NC(=O)CCCCCCCCC(=O)NC(CCSC)C(=O)OC1COC2C(C)COC12,,0.35394584,,,
510669742,Cc1ccc(CCc2ccc(N3C(=O)C(=O)N(C)C3=O)cc2)cc1,,0.36028471,,,
510815019,CCC(C)(C)COC(=O)NCCCCCCNC(=O)OC,47.60248847,,,,
510908370,CCC(C)c1cc(C(C)(C)C)ccc1C,,,0.1636666666666666,0.849065812,12.50033571
511605655,CNc1cccc(-c2ccc(-c3ccc(-c4cccc(NC)c4)cc3)cc2)c1,,0.34297147,,,
512074662,COP(=O)(Oc1ccc(Br)cc1)Oc1ccc(S(=O)(=O)c2ccc(C)cc2)cc1,,0.36041928,,,
512260776,CCC(C)c1ccc(C(O)C(F)(F)F)cc1,,0.35930976,,,
512380282,CCC(C)(C)C(=O)OC1CCCC(C)C1,,0.38017657,0.1545,0.881548744,10.34584016
512910152,COc1ccc(OC(=O)c2ccc(C(C)=O)cc2)cc1CCC(C)CC,,0.36764401,,,
513101692,Cc1ccc(-c2ccc(-c3ccc(C)n3C)n2C)cn1,256.5965094,,,,
513259550,Cc1ccc(Oc2ccc(Oc3ccc(Oc4ccc(-c5nc(C)nc(-c6ccccc6)n5)cc4)cc3)cc2)cc1,,0.39322876,,,
513674501,COc1ccc(C(=O)OCCOCCOC(=O)c2ccc(OC(C)=O)cc2)cc1,,0.32931388,,,
513989706,CNc1ccc(C(c2ccc(NC)cc2)=c2ccc(=C(c3ccc(N)cc3)c3ccc(N)cc3)cc2)cc1,,0.37954577,,,
514517104,CNc1ccc(C(C)(C)c2cccc(C(C)(C)c3cccc(NC)c3)c2)cc1,,0.35536977,,,
514560887,COc1ccc(S(=O)(=O)c2ccc(Oc3ccc(N=Cc4ccc(C)cc4)cc3)cc2)cc1,,0.37509009,,,
515010874,COc1ccc(CC(NC(=O)CCc2ccc(OC(=O)CCCCC(C)=O)cc2)C(=O)OC)cc1,,0.33673792,,,
515242470,CCC(C)Cc1ccccc1,,,0.1963333333333333,,
515253113,COc1ccc(C2(c3ccc(OC(=O)c4ccc(Oc5ccc(C6(c7ccc(Oc8ccc(C(C)=O)cc8)cc7)CCC(C(C)(C)C)CC6)cc5)cc4)cc3)C3CC4CC(C3)CC2C4)cc1,,0.38086878,,,
515420444,CCC(C)C(=O)OCCCCn1c2ccccc2c2ccccc21,,0.35334507,,,
515584536,CC(=O)Nc1ccc(Oc2ccc(C3(c4ccc(Oc5ccc(NC(=O)c6ccc7c(c6)C(=O)N(c6ccc(Oc8ccc(N9C(=O)c%10ccc(C)cc%10C9=O)cc8)cc6)C7=O)cc5)cc4)NC(=O)c4ccccc43)cc2)cc1,,0.36493909,,,
516007514,Cc1ccc(Oc2ccc(-c3nc4cc(Oc5ccc(NC(=O)CN6C(=O)c7ccc(C(c8ccc9c(c8)C(=O)N(CC(=O)Nc8ccc(Oc%10ccc%11nc(-c%12ccccc%12)c(C)nc%11c%10)cc8)C9=O)(C(F)(F)F)C(F)(F)F)cc7C6=O)cc5)ccc4nc3-c3ccccc3)cc2)cc1,,0.37474439,,,
516038607,CCC(F)(F)C(F)=C(C)Cl,,0.36169864,,,
516307046,CCC(=O)NCCCCCCNC(=O)COC,,0.32129189,,,
516348325,CC(=O)Nc1c(C)cc(Cc2cc(C)c(NC(=O)c3ccc4c(c3)C(=O)N(c3ccc(N=Nc5ccc(F)cc5)c(N5C(=O)c6ccc(C)cc6C5=O)c3)C4=O)c(C)c2)cc1C,,0.37338433,,,
516368509,Cc1ccc2c(c1)C(=O)N(c1ccc(OC(C)COc3ccc(N4C(=O)c5ccc(C(C)(C(F)(F)F)C(F)(F)F)cc5C4=O)cc3)cc1)C2=O,,0.36566453,,,
516575920,Cc1ccc2c(c1)c1cc(-c3sc(-c4ccc(-c5cc(CCCCCC)c(C)s5)c5nsnc45)cc3CCCCCC)ccc1n2C(CCCCCCCC)CCCCCCCC,,0.42806849,,,
516647275,COC(C)C(Cl)(Cl)Cl,,,0.066,1.539478709,18.35760963
517724366,CCCCCOC(=O)CCCCCCCCC(=O)OC,,0.35670902,,,
517814653,CN=P(C)(OCCOCCOCC)OCCOCCOCC,,0.36520289,,,
518335451,CCC(CS(C)(=O)=O)OC,,0.36145145,,,
518421541,CO[Si](C)(C)CCCCCCOC(=O)C(C)Oc1ccc(OC(=O)c2ccc(-c3ccc(OCCCCCCCCCC[Si](C)(C)C)cc3)cc2)cc1,,0.38168515,,,
518799909,CCCN(C)C,,0.382623,,,
519498812,CCC(C)(C)C(=O)OCCCCCCOc1ccc(C(=O)Oc2ccc(C#N)cc2)cc1,,0.34952395,,,
519962205,CCCOCCOC(=O)/C=C/C(=O)OC,,0.3158043,,,
520233682,CCCCCCC(C)CCCCCCCC,,0.40682888,,0.794468482,14.0622995
520243279,COc1ccc(OC(=O)c2ccc(-c3ccc(C(C)=O)cc3)cc2-c2ccccc2)c2ccccc12,,0.36166198,,,
520514597,Cc1ccc2c(c1)C(=O)N(c1ccc(Cc3ccc(N4C(=O)c5ccc(C(C)(C(F)(F)F)C(F)(F)F)cc5C4=O)cc3)cc1)C2=O,,0.39304879,,,
520557915,COc1ccccc1C(=O)OC(=O)c1ccccc1OC(=O)CCCCCCCC(C)=O,,0.33709965,,,
520586980,CNC1=C2C(=CC=CC2(N)NC)[C@@H](c2ccc(N)c3ccccc23)C=C1,,0.3475975,,,
520661031,Cc1ccc2c(c1)C(=O)N(c1cccc(Oc3ccc(N4C(=O)c5ccc(C(C)(C(F)(F)F)C(F)(F)F)cc5C4=O)cc3)c1)C2=O,,0.37598194,,,
520740305,COc1ccc(Oc2ccc(C(=Nc3ccccc3)c3ccc(Oc4ccc(Oc5cccc(C)n5)cc4)cc3)cc2)cc1,,0.37099152,,,
521246166,CNc1cc(=O)c(NC)c(N)[nH]1,,0.2918774,,,
521384312,COc1ccc(S(=O)(=O)c2ccc(OC3(F)C(C)(F)C(F)(F)C3(F)F)cc2)cc1,,0.34883911,,,
521718706,COc1ccc(S(=O)(=O)c2ccc(Oc3ccc(C4(c5ccc(Oc6ccc(S(=O)(=O)c7ccc(Oc8ccc(C=C9CCCCC(=Cc%10ccc(C)cc%10)C9=O)cc8)cc7)cc6)cc5)CCCCCC4)cc3)cc2)cc1,,0.37546992,,,
522844869,CCC(C)OC(=O)CCCC1CCCCC1,,0.36748858,,,
522894499,CNc1ccccc1-c1cccc2c(-c3ccccc3NC)cccc12,,0.35396879,,,
523250559,COC(C)CCCC(C)C(C)=O,,0.36757334,,,
523651487,CC(=O)Nc1ccc(Oc2ccc(NC(=O)c3ccc4c(c3)C(=O)N(c3ccc(NC(=O)Nc5ccc(N6C(=O)c7ccc(C)cc7C6=O)cc5)cc3)C4=O)cc2)cc1,,0.34682404,,,
523668736,CCC(C)(C)C(=O)OCCCCCCCOc1ccc2cc(C(=O)Oc3ccccc3)ccc2c1,,0.34820779,,,
523674609,CNc1cc(NC(=O)c2ccc(C(C)=O)cc2)cc(-c2nnc(-c3ccccn3)o2)c1,,0.37590991,,,
523947346,COc1cc(C)cc(OC(=O)c2cccc(C(C)=O)c2)c1,,0.35222541,,,
524444446,CCCCCCCCC(=O)OCC1(C)COC(C)OC1,,0.35863844,,,
525351897,Cc1ccc(-c2nnc(-c3cccc(-c4nnc(C)o4)c3)o2)cc1,,0.44804899,,,
525571828,CC(=O)c1ccc(Oc2ccc(C3(c4ccc(Oc5ccc(C)s5)cc4)c4ccccc4-c4ccccc43)cc2)cc1,,0.39472012,,,
525996171,COc1cccc(NC(=O)CCCCCCCCC(=O)Nc2ccc(C)cc2)c1,,0.34695098,,,
526128388,CC(=O)Nc1ccc(Oc2ccccc2-c2ccccc2Oc2ccc(NC(=O)c3ccc4c(c3)C(=O)N(c3cccc(N5C(=O)c6ccc(C)cc6C5=O)c3)C4=O)cc2)cc1,,0.36085743,,,
526195593,CC(=O)Nc1cccc(Oc2cccc(Oc3cccc(Oc4cccc(Oc5cccc(NC(=O)c6ccc7c(c6)C(=O)N(c6cccc(Oc8cccc(Oc9cccc(N%10C(=O)c%11ccc(C)cc%11C%10=O)c9)c8C#N)c6)C7=O)c5)c4C#N)c3)c2C#N)c1,,0.36067219,,,
526647748,CNc1ccc(-c2cc3ccc2CCc2ccc(c(-c4ccc(NC)cc4)c2)CC3)cc1,,0.35898594,,,
527877967,CNc1ccc(C2(c3ccc(NC)c(C)c3)CCCCC2)cc1C,,0.36323819,,,
527882654,CCC(C)(C)C(=O)OCC(F)(F)C(F)(F)C(F)(F)C(F)F,,0.3268589,0.095,,
527894949,CNc1ccc(-c2ccc(NC)c3c(N)cccc23)c2cccc(N)c12,,0.35447146,,,
528293396,CCCCCCCCCCCNC(=O)C(CCCCCCCCCCCC)C(=O)NC,-0.868265132,,0.35,0.888311048,16.27222852
528559472,CCCC[Si](C)(C)c1cccc(C)c1,,0.40156037,,,
528637709,CNc1ccc(Oc2ccc(NC)cc2)cc1,,0.33692082,,,
528781081,CCC(C)(C)C(=O)OCCNC(=O)N(CCCCCC)CC(O)C(O)C(OC1OC(CO)C(O)C(O)C1O)C(O)CO,23.2402228,,,,
528835439,CNc1ccc2c(c1NC)C(C)(C)CC2(C)C,,0.36728055,,,
528964340,CCCC[Si](C)(C)O[Si](C)(C)CCCN1C(=O)c2ccc(-c3ccc4c(c3)C(=O)N(C)C4=O)cc2C1=O,,0.37133662,,,
530057519,Cc1ccc(Oc2ccc(Sc3ccc(Oc4ccc(-c5ccc(C)s5)cc4C(F)(F)F)cc3)cc2)c(C(F)(F)F)c1,,0.40843871,,,
530220535,COc1ccc2c(c1)C(C)(c1ccc(OC(=O)c3ccc(C(C)=O)cc3)cc1)CC2(C)C,,0.37005888,,,
530546443,Cc1ccc2c(c1)C(=O)N(c1ccc(OCCCCOc3ccc(N4C(=O)c5ccc(C(C)(C(F)(F)F)C(F)(F)F)cc5C4=O)cc3)cc1)C2=O,,0.35627754,,,
530898286,CNc1ccc(-c2cccc(-c3cc(-c4cccc(-c5cccc(NC)c5)c4)cc(-c4cccc(-c5ccccc5N)c4)c3)c2)cc1,,0.35285908,,,
531021171,Cc1ccc(Oc2ccc(-c3cnc4ccc(-c5ccc6nc(C)cnc6c5)cc4n3)cc2)cc1,,0.40000868,,,
531044594,CC(C)C(C)O,113.5665564,,,,
531093523,COCCOC(=O)CCCC(=O)OCCOc1nc(-c2ccc(OCCCC)cc2)nc(C)c1-c1ccc(OCCCC)cc1,,0.36060882,,,
531126908,CCCCCCCOC(=O)c1ccc(-c2ccc(-c3ccc(C(=O)OC)cc3)cc2)cc1,,0.35125346,,,
531544469,CNc1ccc(-c2ccc(NC)c(C)c2)cc1C,,0.348612915,,,
531780740,CCC(C)c1c(F)c(F)c(C(F)(F)F)c(F)c1F,,0.36531928,,,
531904856,CNc1ccc(C2=CC3=CC[C@@H]2CC[C@@H]2C=CC(=C(c4ccc(NC)cc4)C2)CC3)cc1,,0.35807069,,,
531967957,COc1ccc(C(=O)c2cccc(C(=O)c3ccc(Oc4cccc(Cc5cccc(C)c5)c4)cc3)c2)cc1,,0.36716519,,,
532718186,CNc1c(/C=N\O)cc(/C=N\O)c(NC)c1N,,0.30882264,,,
532722806,CCCOC(=O)OC,,0.3043208,,,
533889632,CNC1=C(C2=C(NC)NS(=O)(=O)N=C2N)C(N)=NS(=O)(=O)N1,,0.31382982,,,
533973730,CCC(C)(C)C(=O)OCC(=O)N1CCOCC1,,0.32527676,,,
534049242,COC(C)(CC(C)=O)C(F)(F)F,,0.32631701,,,
534118680,CCC(C)c1cc(F)ccc1F,,,0.1403333333333333,1.086573844,14.49605377
534605075,COc1cc(CCCCCCCCCCC)cc(OC(=O)c2cccc(C(C)=O)c2)c1,,0.37154084,,,
535310373,Cc1ccc(NC(=O)CCCCC(=O)Nc2ccc(S(C)(=O)=O)cc2)cc1,,0.33651,,,
535364463,COc1ccc(S(=O)(=O)c2ccc(Oc3ccc(C(=O)NNC(=O)c4ccc(NC(=O)c5ccc(C)cc5)c(O)c4)cc3)cc2)cc1,111.457133,,,,
535689766,Cc1ccc(Oc2ccc(S(=O)(=O)c3ccc(Oc4ccc(-c5c6c(c(C)c7ccccc57)C(=O)N(c5ccc(F)cc5)C6=O)cc4)cc3)cc2)cc1,,0.37834526,,,
535937381,CCC(CSC(C)C)OC,,0.41844328,,,
536002998,CCC(C)(Cl)C(=O)OCCCC,,,0.178,1.074741397,13.37410592
536465827,CCC(C)c1ccc(C([Sn](C)(C)C)[Sn](C)(C)C)cc1,,0.37911502,,,
536792438,CNc1ccc2c(c1)-c1ccccc1C21c2cc(N)ccc2-c2ccc(NC)cc21,,0.3825956,,,
537109947,CCC(C)(C)C(=O)OCCCCCCOc1ccc(-c2ccc(OC)cc2)cc1,,,0.2175,1.04192343,12.60793073
537336269,CCC(C)(C)C(=O)OCCCCCC(=O)Oc1ccc(OC(=O)c2ccc(OCC)cc2)cc1,,0.34042214,,,
537664135,CCCCCCCOC(=O)OCCCOC(=O)OCCCCCCOc1ccc(Oc2ccc(OC)cc2)cc1,,0.34845785,,,
538207206,CCC(c1ccccc1)C1C(=O)OC(=O)C1C,,0.33148973,,,
538524881,Cc1cc(-c2ccc(C(=C3C=C(C(C)(C)C)C(=O)C(C(C)(C)C)=C3)c3cc(C(C)(C)C)c(OC(C)=O)c(C(C)(C)C)c3)cc2)c(C)s1,,0.45309822,,,
538540896,CCC(C)(C)C1C(=O)N(c2ccccc2)C(=O)C1C,,0.35392644,,,
538764320,Cc1cccc(C(=O)Nc2ccc(Oc3ccc(-c4ccc(Oc5ccc(NC(=O)c6cccc(N7C(=O)c8ccc(-c9ccc%10c(c9)C(=O)N(C)C%10=O)cc8C7=O)c6)cc5)cc4)cc3)cc2)c1,,0.35494179,,,
538774618,CC1(F)OC(C(F)(F)F)(C(F)(F)Cl)OC1(C)F,,0.36536352,,,
539017358,CC(=O)c1ccc2nc(-c3ccc(-c4nc5ccc(C)cc5nc4-c4ccccc4)cc3)c(-c3ccccc3)nc2c1,,0.44667573,,,
539302432,Cc1cccc(Cc2cccc(N3C(=O)c4ccc([Si](C)(C)O[Si](C)(C)c5ccc6c(c5)C(=O)N(C)C6=O)cc4C3=O)c2)c1,,0.38528717,,,
539590566,CCC(OCCCC)C(C(=O)OC)C(C)C(=O)OC,,0.3557316,,,
540095012,CCCCCCCOC(=O)OCCCCCCOC(=O)OCCCCCCN1C(=O)c2ccc(C(=O)c3ccc4c(c3)C(=O)N(C)C4=O)cc2C1=O,,0.33877986,,,
540297296,CCC(C)(CC(=O)OCCCCCC)C(=O)OCCCCCC,,0.38570941,0.2319999999999999,0.927808816,10.01915881
540769722,CNc1ccc2c3c4ccccc4c(c2c1NC)CC3,,0.35026083,,,
541086746,CNC1=C(N)[C@@H](NC)N[C@H](O)N1,,0.28340014,,,
541170005,CNc1ccc(C(c2ccc(NC)cc2)c2cc(C(C)C)cc(C(C)C)c2)cc1,,0.37601699,,,
541335135,COc1ccc(S(=O)(=O)c2ccc(Oc3ccc(C(C)(C)c4ccc(C)cc4)cc3)c(S(=O)(=O)O)c2)cc1S(=O)(=O)O,,0.36521953,,,
541484216,CCC(=O)NCC(=O)OC,,0.27858992,,,
541941802,CCCCCCC(=O)NCCNC(=O)CCCCCOC(=O)c1ccc(C(=O)OC)cc1,81.65245915,,,,
541986160,CCC(C)c1ccc(COCC(CC)CCCC)cc1,,,0.268,0.902459296,11.12376829
542632051,CNc1cc(C)c(Cc2ccc(CCCCCCCc3ccc(Cc4c(C)cc(NC)cc4C)cc3)cc2)c(C)c1,,0.35730996,,,
543084242,Cc1ccc2c3ccc(-c4sc(-c5ccc(-c6cc(CCCCCC)c(C)s6)c6nsnc56)cc4CCCCCC)cc3n(C(CCCCCCCC)CCCCCCCC)c2c1,,0.42631402,,,
543416509,CCC(C)c1ccccc1O,,0.35680883,,,
543539170,CC1C2CC(C(=O)OCCc3ccc(N(c4ccccc4)c4cccc(C)c4)cc3)C(C2)C1C,,0.38569582,,,
543597205,CNc1ccc2c(NC)cccc2c1,,0.33581452,,,
543958331,CCCN(CCOC(=O)Nc1ccc(C)c(NC(=O)OC)c1)c1ccc(N=Nc2ccc([N+](=O)[O-])cc2C)cc1,,0.35345752,,,
544070601,CCCOC(=O)CCCCSCCCCC(=O)OC,,,0.212,1.07074619,19.93042453
544223047,CCC(CC)N(C)C(=O)CCCC,,0.37465155,,,
544292910,CNc1cccc2c1-c1ccc(NC)c(-c3ccccc3-c3ccccc3)c1C2(c1ccccc1)c1ccccc1,,0.38258457,,,
544581036,CC(C#N)=Cc1cc(OCCCCCCCCCC)c(C=C(C#N)c2cc(OCCCCCCCCCC)c(C)cc2OC)cc1OC,,0.39346704,,,
544904323,CN=P(C)(OCCCc1ccccc1)OCCCc1ccccc1,,0.36697361,,,
545195322,CCC(C)C(=O)OC,,0.33755497,,,
545255610,CNc1ccc(C2=CC[C@](c3ccccc3)(c3ccc(NC)cc3)C=C2)cc1,,0.35602121,,,
545546596,CC=Cc1ccc(C)n1CCCCCC,-15.03969582,,,,
545845623,COc1ccc(OC(=O)c2ccc(C(C)=O)cc2Oc2ccccc2)cc1,,0.3472806,,,
546152235,Cc1ccc2oc3ccc(S(C)(=O)=O)cc3c2c1,,0.39759334,,,
546427927,CC(=O)Nc1ccc(Cc2ccc(NC(=O)c3ccc4c(c3)C(=O)N(c3ccc(N=Nc5ccc(C)cc5)c(N5C(=O)c6ccc(C)cc6C5=O)c3)C4=O)cc2)cc1,,0.36541949,,,
546647857,Cc1ccc(OCCCCCCCCCCCOC(=O)c2cccc(C(=O)OCCCCCCCCCCCOc3cccc(-c4nnc(C)s4)c3)c2)cc1,,0.36894733,,,
547172331,CNc1ccc([C@@H]2[C@H](c3ccc(N)cc3)[C@@H](c3ccc(N)cc3)[C@H]2c2ccc(NC)cc2)cc1,,0.36720973,,,
547602790,COC(=O)Nc1ccc(C)c(NC(=O)OC2CCN(c3ccc(C=CC4=CC(=C(C#N)C#N)C=C(C=Cc5ccc(N6CCC(C)CC6)s5)O4)s3)CC2)c1,,0.37611035,,,
547840653,CCC(C)(C)C(=O)OCCCCOc1ccc(OC(=O)c2ccc(OCCCCCCCC)cc2)cc1,,0.38665475,,,
548011241,CC=C(C#N)C(=O)OCCCCCCOC(=O)C(C#N)=Cc1ccc2c(c1)c1cc(C)ccc1n2CCCCCCC,,0.37348873,,,
548292823,CNNC(=O)c1cccc(C(C)=O)c1,232.2266265,,,,
549125416,COc1ccc(-c2ccc(OC(C)(Oc3ccccc3)Oc3ccccc3)cc2)cc1,,0.36489769,,,
549389508,CCC(C)(C)C(=O)OCCN(CC)c1ccc(/N=N/c2ccc([N+](=O)[O-])cc2)cc1,,,0.19,1.122445545,12.26891849
549579953,CC(=O)Nc1cccc2cccc(N3C(=O)CC(N4C(=O)c5ccc(C)cc5C4=O)C3=O)c12,,0.34205138,,,
549581828,Cc1ccc(Oc2ccc(C3(c4ccc(Oc5ccc(N6C(=O)c7ccc(Oc8ccc(C9(c%10ccc(Oc%11ccc%12c(c%11)C(=O)N(C)C%12=O)cc%10)CCC(c%10ccccc%10)CC9)cc8)cc7C6=O)cc5)cc4)CCC(C(C)(C)C)CC3)cc2)cc1,,0.38206234,,,
549614488,Cc1ccc(Oc2ccc(Oc3ccc(N4C(=O)c5ccc(Oc6ccc(-c7ccc(Oc8ccc9c(c8)C(=O)N(C)C9=O)cc7)cc6)cc5C4=O)cc3)cc2)cc1,,0.36966262,,,
550069426,Cc1ccc(Oc2ccc(S(=O)(=O)c3ccc(Oc4ccc(N5C(=O)c6ccc(Oc7cccc(Oc8ccc9c(c8)C(=O)N(C)C9=O)c7)cc6C5=O)cc4)cc3)cc2)cc1,,0.35950007,,,
550478997,CNc1ccccc1-c1cccc2c1C=C[C@H]2[C@@H]1c2ccccc2-c2c(-c3ccccc3NC)cccc21,,0.36637349,,,
550776469,Cc1ccc(-c2ccc(-c3nc4ccc(-c5ccc6nc(C)c(-c7ccccc7)nc6c5)cc4nc3-c3ccccc3)cc2)cc1,,0.43978712,,,
550796562,CC(=O)c1ccc2c(c1)C(=O)N(c1ccc(Oc3cc(C(C)(C)C)c(Oc4ccc(N5C(=O)c6ccc(C)cc6C5=O)cc4)cc3C(C)(C)C)cc1)C2=O,,0.4050413,,,
551339545,CCCCCCCCOc1ccc(CCc2ccc(OC)cc2C)cc1,,0.37531301,,,
551390778,CC=CC1CC(C)C(C(=O)OC)C1,,0.3605929,,,
551461476,COP(=O)(Oc1ccc([N+](=O)[O-])cc1)Oc1c(C)cc(S(=O)(=O)c2cc(C)c(C)c(C)c2)cc1C,,0.36156233,,,
551862261,CCCCCCCOC(=O)Nc1cc(NC(=O)OCCCCOC(=O)Nc2ccc(C)c(NC(=O)OCCCCCCOc3ccc(-c4ccc(OC)cc4)cc3)c2)ccc1C,41.49405569,,,,
552032340,COC(C)COC(=O)c1ccc(C(C)=O)cc1,,0.34490108,,,
552315395,COC(F)(F)COC(=O)c1cccc(C(=O)OCC(C)(F)F)c1,,0.32071779,,,
552340314,CNc1cccc(NC(=O)CCCCCC(C)=O)c1,-12.07623639,,,,
552823663,CCC(C)(CC(=O)OCCCCCCCCCC)C(=O)OCCCCCCCCCC,75.04044311,,,,
553001434,COc1ccc(C(=O)Nc2cc(NC(=O)c3ccc(C)cc3)cc(C(=O)OCCOC(=O)C=Cc3ccc(N(C)C)cc3)c2)cc1,,0.3451955,,,
553487456,CNc1ccc(Cc2cc(Cc3ccc(N)c(C(C)(C)C)c3)cc(C(C)(C)C)c2NC)cc1C(C)(C)C,,0.38558649,,,
553498968,COc1ccc(C2(c3ccc(OC(=O)CCC(C)=O)cc3)c3ccccc3-c3ccccc32)cc1,,0.36989282,,,
553763789,CNc1cc(C)c(Cc2ccc(CCCCCCCCCCCCCCCCCCCc3ccc(Cc4c(C)cc(NC)cc4C)cc3)cc2)c(C)c1,,0.35973835,,,
553989373,COc1ccc(CC(NC(=O)Cc2ccc(OC(=O)COCCOCC(C)=O)cc2)C(=O)OCCCCCC)cc1,,0.3424812,,,
554199455,Cc1ccc2c(c1)C(=O)N(c1cc(C(c3ccc(O)c(N4C(=O)c5ccc(C(C)(C(F)(F)F)C(F)(F)F)cc5C4=O)c3)(C(F)(F)F)C(F)(F)F)ccc1O)C2=O,,0.37227168,,,
554208834,CNc1ccc(NC(=O)c2cccc(C(C)=O)c2)cc1,,0.33774959,,,
554219011,CCC(O)COc1ccc(C2(C)CC(C)(C)c3cc(OC)ccc32)cc1,,0.362067,,,
554452518,CNc1ccc(C2(c3ccccc3NC)c3ccccc3-c3ccccc32)cc1,,0.36926653,,,
554573258,Cc1cccc(C(=O)Nc2ccc(Oc3ccc(NC(=O)c4cccc(N5C(=O)c6ccc(-c7ccc8c(c7)C(=O)N(C)C8=O)cc6C5=O)c4)cc3)cc2)c1,,0.35212357,,,
555027003,CCCN(C)C(=O)CCCCC,,0.36643228,,,
555056741,CC(=O)OCCOCCOCCOCCOC(=O)c1ccc(N2C(=O)c3ccc(C)cc3C2=O)cc1,,0.33294368,,,
555131075,COc1ccc(C(c2ccccc2)c2ccc(OC(C)=O)cc2)cc1,,0.36406756,,,
555208717,COc1c(C)cc(C2(c3cc(C)c(OC(=O)c4cccc(C(C)=O)c4)c(C)c3)c3ccccc3-c3ccccc32)cc1C,,0.414103,,,
555363148,CC(=O)c1ccc2c(c1)C(=O)N(c1cccc(Nc3nc(Nc4cccc(N5C(=O)c6ccc(C)cc6C5=O)c4)nc(N(C)C)n3)c1)C2=O,,0.37799185,,,
555506282,COc1c(C)cc(C2(c3cc(C)c(Oc4ccc(C(=O)c5ccc(C)cc5)cc4)c(C)c3)CCC3CCCCC3C2)cc1C,,0.41226899,,,
555542733,CC1C(C)C2CC1C(C(=O)OCCc1ccccc1)C2C(=O)OCCc1ccccc1,,0.35586688,,,
555601753,CCC(C)c1ccc(C)nc1,,0.41719903,,,
555803922,CC=CC1CC(C)C(C(=O)OCCN(C)C)C1,,0.37093089,,,
556338128,CCCN(CCOC(=O)Nc1ccc(C)c(NC(=O)OC)c1)c1ccc(C=Cc2ccc([N+](=O)[O-])cc2)cc1,,0.34396152,,,
556552879,COC1CCC(OC(=O)OCCCCCCOC(C)=O)CC1,,0.343459,,,
556865522,CC(=O)c1ccc2c(c1)C(=O)N(c1ccc(-c3c(-c4ccc(-c5ccccc5)cc4)cc(-c4ccc(OCCCCCCCCCCOc5ccc(-c6cc(-c7ccc(-c8ccccc8)cc7)c(-c7ccc(N8C(=O)c9ccc(C)cc9C8=O)cc7)c(-c7ccc(-c8ccccc8)cc7)c6)cc5)cc4)cc3-c3ccc(-c4ccccc4)cc3)cc1)C2=O,,0.36823501,,,
557037726,CCC(O)COc1ccc(C(C)(C)C2CCC(C)(c3ccc(OC)cc3)CC2)cc1,,0.35740346,,,
558140001,CCCCCCCOC(=O)OCCCCCCCCCOC(=O)OCCCCCCOc1ccc(C(=O)c2ccc(OC)cc2)cc1,,0.35587164,,,
558319108,Cc1ccc(Sc2ccc(Sc3ccc(Sc4ccc(Sc5ccc(N6C(=O)c7ccc(Sc8ccc(Sc9ccc(Sc%10ccc%11c(c%10)C(=O)N(C)C%11=O)cc9)cc8)cc7C6=O)cc5)s4)s3)s2)cc1,,0.3770355,,,
558482820,CCCCCCCNC(=O)c1cc(NC(=O)C(C(C)CC)N2C(=O)c3ccccc3C2=O)cc(C(=O)NC)c1,,0.33948967,,,
558675719,Cc1ccc(Oc2ccc(-c3nc4cc(Oc5ccc(NC(=O)c6ccc7c(c6)C(=O)N(c6ccc(C(c8ccc(N9C(=O)c%10ccc(C(=O)Nc%11ccc(Oc%12ccc%13nc(-c%14ccc([N+](=O)[O-])cc%14)c(C)nc%13c%12)cc%11)cc%10C9=O)cc8)(C(F)(F)F)C(F)(F)F)cc6)C7=O)cc5)ccc4nc3-c3ccc([N+](=O)[O-])cc3)cc2)cc1,,0.38115297,,,
558794697,Cc1ccc(-c2nc3cc(Oc4ccc5nc(C)c(-c6ccccc6)nc5c4)ccc3nc2-c2ccccc2)cc1,,0.43112064,,,
559219019,CCC(OCC(C)C)C(C(=O)OC)C(C)C(=O)OC,,0.36220084,,,
559323860,COc1ccc(C2(c3ccc(OC(=O)CCCCC(C)=O)cc3)c3ccccc3-c3ccccc32)cc1,,0.36295763,,,
559874694,COc1cc(OC)cc(Oc2ccc(C#N)c(C)c2)c1,,0.35031084,,,
559980070,COc1ccc(Oc2ccc(C(=Nc3ccc(N=C(c4ccccc4)c4ccc(C)cc4)cc3)c3ccccc3)cc2)cc1,,0.38545938,,,
560279885,CC(=O)c1ccc2c(c1)C(=O)N(c1ccc(Cc3ccc(N4C(=O)c5ccc(C)cc5C4=O)c(C)c3)cc1C)C2=O,,0.39564613,,,
560554259,CCC(C)(C)C(=O)OCC1CC(NC(=O)C2CC(NC(=O)OC(C)(C)C)CN2C(=O)OC(C)(C)C)CN1C(=O)C1CC(NC(=O)OC(C)(C)C)CN1C(=O)OC(C)(C)C,,0.35571836,,,
561158280,CNNC(=O)c1ccccc1C(=O)NCCCCCCNC(=O)c1ccccc1C(C)=O,,0.33644066,,,
561427423,CCC(C)c1ccccc1C(=O)OC(C)C,,0.36610214,0.1736666666666666,,
562022603,Cc1ccc2c(c1)C(=O)N(c1ccc(Oc3ccc(N4C(=O)c5ccc(-c6c(-c7ccccc7)c(-c7ccccc7)c(-c7ccc(Sc8ccc(-c9c(-c%10ccccc%10)c(-c%10ccccc%10)c(C)c(-c%10ccccc%10)c9-c9ccccc9)cc8)cc7)c(-c7ccccc7)c6-c6ccccc6)cc5C4=O)cc3)cc1)C2=O,,0.40157319,,,
562176358,CCCCCSSC,,0.4654699,0.175,,
563610141,COC(=O)OCC(OC)C(COC(=O)OC1COC2C(C)COC12)OC,,0.32510823,,,
563697228,CCC(C)OCCOc1ccc(N=Nc2ccc(C#N)cc2)cc1,,0.36910342,,,
563771441,Cc1cc(C(=O)OC)cc(N2C(=O)CC(C3Cc4ccccc4C4C(=O)N(C)C(=O)C43)C2=O)c1,,0.36013659,,,
563896548,Cc1cc(C(=O)OCCC)cc(N2C(=O)CC(C3Cc4ccccc4C4C(=O)N(C)C(=O)C43)C2=O)c1,,0.36325394,,,
564164424,CC(=O)Oc1ccc(OC(=O)c2ccc3c(c2)C(=O)N(c2ccc(Oc4ccc(N5C(=O)c6ccc(C)cc6C5=O)cc4)cc2)C3=O)cc1,,0.351749,,,
564537590,CCC(C)(C)C(=O)OC1COC(CP(=O)(OCC)OCC)OC1,,0.34922258,,,
564783421,Cc1cc(C(c2ccc(OCCN(c3ccccc3)c3ccc(C=CC4=CC(=C(C#N)C#N)CC(C)(C)C4)cc3)c(N3C(=O)c4ccc(Oc5ccc6c(c5)C(=O)N(C)C6=O)cc4C3=O)c2)(C(F)(F)F)C(F)(F)F)ccc1OCCN(c1ccccc1)c1ccc(C=CC2=CC(=C(C#N)C#N)CC(C)(C)C2)cc1,,0.38518834,,,
564916558,CCC(C)(C)C(=O)OCCCCCCOc1ccc(OC(=O)c2ccc(OCCCCCC)cc2)cc1,,0.35590587,,,
565093443,Cc1cc(C(c2ccc(OCCN(C)c3ccc(C=CC4=CC(=C(C#N)C#N)CC(C)(C)C4)cc3)c(N3C(=O)c4ccc(Oc5ccc6c(c5)C(=O)N(C)C6=O)cc4C3=O)c2)(C(F)(F)F)C(F)(F)F)ccc1OCCN(C)c1ccc(C=CC2=CC(=C(C#N)C#N)CC(C)(C)C2)cc1,,0.3816004,,,
565283885,CNc1ccc(-c2cccc(C)c2-c2ccc(NC)c(-c3ccc(C)cc3)c2-c2ccc(C)cc2)c(-c2ccc(C)cc2)c1-c1ccc(C)cc1,,0.38573102,,,
565371765,Cc1ccc2c(c1)C(=O)N(C1CC(C)(C)CC(C)(CN3C(=O)c4ccc(C(C)(C(F)(F)F)C(F)(F)F)cc4C3=O)C1)C2=O,,0.37756534,,,
565873116,CCC(C)(C)C(=O)O[Si](C)(C)C,,0.42890458,,,
566342268,COc1ccc(NC(=O)c2ccc(-c3ccc(C(=O)Nc4ccc(Oc5ccc(C(C)(C)c6ccc(C)cc6)cc5)cc4)c(C)c3)cc2C)cc1,,0.36556689,,,
566400652,CCC(C)(Cl)C(=O)OC(C)C,,,0.1465,1.054014289,15.80245006
566589613,Cc1ccc(OC(=O)c2ccc(C(=O)Oc3ccc(C4(C)c5ccccc5Oc5ccccc54)cc3)cc2)cc1,,0.3739272,,,
567353481,Cc1ccc(C(c2ccc(N3C(=O)c4ccc(Oc5cccc6c(Oc7ccc8c(c7)C(=O)N(C)C8=O)cccc56)cc4C3=O)cc2)(C(F)(F)F)C(F)(F)F)cc1,,0.38375006,,,
567577514,CCC(C)OC(=O)OCC(Cl)(Cl)Cl,,0.35918927,,,
567731832,CCc1cc2cc(C(=O)Nc3ccc(Cc4ccc(NC(=O)c5cc6cc(C)c(OC(=O)COc7ccc8ccc(=O)oc8c7)cc6oc5=O)cc4)cc3)c(=O)oc2cc1OC(=O)COc1ccc2ccc(=O)oc2c1,,0.32474874,,,
567984921,Cc1ccc(Oc2ccc(NC(=O)c3ccc(Oc4cccc5c4C(=O)N(C)C5=O)cc3)cc2)cc1,,0.35386681,,,
567993142,CNc1ccc(/C=C/c2ccc(NC)cc2S(=O)(=O)O)c(S(=O)(=O)O)c1,,0.32549076,,,
568593240,CC(=O)Nc1ccc(C(c2ccc(NC(=O)c3ccc4c(c3)C(=O)N(c3ccc(-c5ccc(N6C(=O)c7ccc(C)cc7C6=O)c(OC)c5)cc3OC)C4=O)cc2)(C(F)(F)F)C(F)(F)F)cc1,,0.35923607,,,
569949305,CCCCCCCCCCCCCN1C(=O)c2ccc(C(c3ccc4c(c3)C(=O)N(C)C4=O)(C(F)(F)F)C(F)(F)F)cc2C1=O,,0.35472454,,,
570358353,Cc1ccc(N2C(=O)c3ccc(-c4ccc5c(c4)C(=O)N(c4ccc6[nH]c(C)nc6c4)C5=O)cc3C2=O)cc1,,0.39933775,,,
571029938,CCCCCCCCCCCCCC(c1ccc(O)cc1)C(C)c1ccc(O)cc1C,,0.38002887,,0.937930772,19.25364485
571882834,CCCCCCCCCCCSSCCCCCCSSC,,,0.2295,1.014541659,21.63979729
571931187,COc1ccc(C(C)(CC)c2ccc(OC(=O)OC3C(C)(C)C(OC(C)=O)C3(C)C)cc2)cc1,,0.3617297,,,
572496153,Cc1ccc(Oc2ccc(C(=O)c3cccc(C(=O)c4ccc(Oc5ccc(N6C(=O)c7ccc([Si](C)(C)c8ccc9c(c8)C(=O)N(C)C9=O)cc7C6=O)cc5)cc4)c3)cc2)cc1,,0.37212317,,,
572616024,COC1CCC(OC(=O)OCCCCOC(C)=O)CC1,,0.33295317,,,
573332233,CNc1c(-c2ccccc2)cc(C(CC)c2cc(-c3ccccc3)c(NC)c3ccccc23)c2ccccc12,,0.37493532,,,
573587884,CNNC(=O)CCCCC(=O)NNC(=O)CCCCCCCC(C)=O,101.0022623,,,,
573601315,COc1ccc(C(C)(C)c2ccc(OC(=O)c3ccc(CC(C)=O)cc3)cc2)cc1,,0.36097789,,,
573843297,CNc1ccccc1C(C)(c1ccccc1)c1ccccc1NC,,0.3501796,,,
574000870,CCC(C)(C)C(=O)OCC(CC)CCCC,,0.38032702,0.1935,0.866688073,11.16194662
574282474,Cc1ccc2c(c1)C(=O)N(c1cccc(NC(=O)C(F)(F)C(F)(F)C(F)(F)C(F)(F)C(=O)Nc3cccc(N4C(=O)c5ccc(C(C)(C(F)(F)F)C(F)(F)F)cc5C4=O)c3)c1)C2=O,,0.34319652,,,
574709027,CC(=O)NCCCCCCNC(=O)c1ccc(C)nc1,,0.34059316,,,
574749285,Cc1ccc2c(c1)C(=O)N(c1ccc(Oc3ccc(C(=O)c4cccc(C(=O)c5ccc(Oc6ccc(N7C(=O)c8ccc(C(C)(C(F)(F)F)C(F)(F)F)cc8C7=O)cc6)cc5)c4)cc3)cc1)C2=O,,0.37114599,,,
574869526,CCc1cc(C23CC4CC(CC(C4)C2)C3)cc(CN(C)C)c1O,,0.36943154,,,
575252558,COc1cccc(C(F)(F)C(F)(F)C(F)(F)c2cccc(OC(C)=O)c2)c1,,0.33862324,,,
575704525,CCC(C)c1ccc(C(=O)OCCCC)cc1,,0.37961206,,,
575774487,CC(=O)Nc1ccc(Oc2ccc(-c3ccc(Oc4ccc(NC(=O)c5ccc6c(c5)C(=O)N(c5ccc(Oc7ccc(N8C(=O)c9ccc(C)cc9C8=O)cc7)cc5)C6=O)cc4)cc3)cc2)cc1,,0.3578244699999999,,,
575975970,CCC(OC(C)=O)C(C(=O)OCCCC)C(C)C(=O)OCCCC,,0.36399896,,,
576074717,CCC(C)CC(C)(C)C(=O)OC,,0.34800535,,,
576198194,CCC(C)C(CC)CC,38.96888215,,0.1883333333333333,,
576207142,CC(=O)Nc1ccc(Cc2ccc(N3C(=O)c4ccc(C)cc4C3=O)cc2)cc1,,0.35705225,,,
576510280,Cc1ccc(NC(=O)c2ccc(C(=O)Nc3ccc(-c4nnc(C)o4)cc3)c(Oc3ccccc3)c2)cc1,,0.37065873,,,
576593207,CCCCCOC(=O)Nc1ccc(C)c(NC(=O)OC)c1,,0.33250755,,,
576673479,COC(C)COC(=O)/C=C\C(C)=O,,0.31850118,,,
577459185,CNc1ccc(-c2ccc(NC)cc2-c2ccccc2CC=C)cc1,,0.3491245,,,
578229955,CC(=O)NCCCCCCNC(=O)c1ccc(C)s1,42.90894132,,,,
578399710,Cc1ccc(Nc2c(F)c(F)c(-c3c(F)c(F)c(Nc4ccc(S(C)(=O)=O)cc4)c(F)c3F)c(F)c2F)cc1,,0.38004082,,,
578503320,Cc1ccc(Oc2ccc(C(=O)c3cccc(C(=O)c4ccc(Oc5ccc(N6C(=O)c7ccc(-c8ccc9c(c8)C(=O)N(C)C9=O)cc7C6=O)cc5)cc4)c3)cc2)cc1,,0.36351703,,,
578621214,COc1cccc2ccc(Oc3ccc(NC(=O)c4ccc(Oc5ccc(S(=O)(=O)c6ccc(Oc7ccc(C(=O)Nc8ccc(C)cc8)cc7)cc6)cc5)cc4)cc3)cc12,,0.35811295,,,
579082920,COc1ccc(N=CC=Nc2ccc(OC(=O)Nc3cc(NC(C)=O)ccc3C)cc2)cc1,,0.35139659,,,
579371916,CNc1ccc(C2(c3ccc(NC)cc3)CCC(C)CC2)cc1,,0.35879292,,,
579657278,CNc1cccc(NC(=O)c2ccc(C(=O)Nc3cccc(NC(=S)NC(=O)c4ccc(C(=O)NC(C)=S)cc4)c3)cc2)c1,,0.34165595,,,
579662449,CC(=O)Nc1ccc(NC(=O)c2ccc(NC(=O)c3ccc(-c4nc5cc(C)ccc5[nH]4)cc3)cc2)cc1,,0.355364,,,
579955066,COc1ccc(C(=O)c2ccc(Oc3ccc(C(=O)c4c(C(=O)c5ccc(C)cc5)c(-c5ccc(F)cc5)c(-c5ccc(F)cc5)c(-c5ccc(F)cc5)c4-c4ccc(F)cc4)cc3)cc2)cc1,,0.39692359,,,
580099798,CCC(C)C(=O)Oc1ccc([N+](=O)[O-])cc1,,0.38054744,,,
580261809,CC=C[Si](C)(c1ccccc1)c1ccccc1,,0.39366166,,,
580635980,COc1ccc(NC(=O)CCCCCCCC(=O)Nc2ccc(C)cc2)cc1,,0.34425173,,,
580687337,CCC(O)COC(=O)CCCCC(=O)OCC(O)COc1ccc(C=C(C)c2ccc(OC)cc2)cc1,,0.34074081,,,
581074933,CNc1ccc2c(c1)C(Cc1ccccc1)c1cc(NC)ccc1-2,,0.35149388,,,
581609876,Cc1ccc(Oc2ccc(-c3cnc4cc5nc(C)cnc5cc4n3)cc2)cc1,,0.4131264,,,
581660606,CCC(C)(C)C(=O)OCCCCCOc1ccc(OC(=O)c2ccc(OC)cc2)cc1,,0.33969728,,,
582946121,CCC(C)(C)C(=O)OCCCCn1c2ccccc2c2ccccc21,,0.3510259,0.1694999999999999,1.063120281,11.45732375
583194891,CO[Si](C)(C)CCCCCCCCOc1ccc(C(=O)Oc2ccc(C#N)cc2C)cc1,,0.37464171,,,
583338677,CCC(C)(CO)C(=O)OCC,22.36004964,,,,
584085881,CCc1ccc(C(C)c2ccc(CN3C(=O)c4ccc(Oc5ccc6c(c5)C(=O)N(C)C6=O)cc4C3=O)o2)o1,,0.35279512,,,
584252027,CCCCCCCCCCCOC(=O)OC,,0.36904474,,,
584265872,CCCN(C)C(=O)c1ccc(F)cc1F,,0.34618853,,,
584442637,CCC(OC)C(C(=O)O)C(C)C(=O)O,,0.27178974,,,
584754403,CCC(COC)(CS(C)(=O)=O)CS(C)(=O)=O,,0.37089814,,,
584859367,COc1ccc(C(C)(C)c2ccc(Oc3ccc(C(=O)c4ccc(C(C)(C)c5ccc(C(=O)c6ccc(C)cc6)cc5)cc4)cc3)cc2)cc1,,0.39689064,,,
585087137,COc1ccc(CC(NC(=O)CCc2ccc(OC(=O)CCCCC(C)=O)cc2)C(=O)OCc2ccccc2)cc1,,0.33992756,,,
585151885,CCCC(=O)Nc1ccc(Oc2cccc(NC(=O)CCN3C(=O)c4ccc(C(=O)c5ccc6c(c5)C(=O)N(C)C6=O)cc4C3=O)c2)cc1,,0.33304131,,,
585470216,CC(=O)OCCOC(=O)c1ccc(C)o1,,0.34230194,,,
586106490,CC=CCCCCCCC(Cl)CCCCCCC,,0.40278252,,,
586189423,CCC(CSCC)OC,,0.41785443,,,
587160342,COc1ccc(S(=O)(=O)c2ccc(Oc3cc(C)c(C(c4cc(C(C)C)c(C)cc4C)c4ccccc4C(=O)O)cc3C(C)C)cc2)cc1,,0.39980521,,,
587553432,COc1ccc(-c2ccc(NC(=O)c3cc(C(=O)Nc4ccc(-c5ccc(Oc6ccc(C(c7ccc(C)cc7)(C(F)(F)F)C(F)(F)F)cc6)c(C(F)(F)F)c5)cc4)cc(C(C)(C)C)c3)cc2)cc1C(F)(F)F,,0.37054632,,,
588836303,CC(=O)c1ccc2c(c1)C(=O)N(c1cccc(Nc3nc(Nc4cccc(N5C(=O)c6ccc(C)cc6C5=O)c4)nc(-c4ccccc4)n3)c1)C2=O,,0.37465693,,,
589424672,CNc1ccc(-c2ccc(NC)c(C(=C)c3ccccc3N)c2C(=C)c2ccccc2N)cc1,,0.36948301,,,
589547196,CNc1ccc2c(c1NC)[C@](C)(c1ccccc1)CC2(C)C,,0.36474877,,,
589661282,CNc1ccc(-c2ccc(NC)c3c4ccc(cc4)c23)cc1,,0.34352989,,,
589948553,CC1C(=O)N(C(C)(C)C)C(=O)C1C,,0.39509539,,,
590016095,Cc1ccc(Oc2ccc(C(C)(C)c3ccc(Oc4ccc(N5C(=O)c6ccc(Oc7ccc(C(C)(C)c8ccc(Oc9ccc%10c(c9)C(=O)N(C)C%10=O)cc8)cc7)cc6C5=O)cc4)cc3)cc2)cc1,,0.37687293,,,
590232504,CCC(C)(CC(=O)Oc1ccc(OCCCCC)cc1)C(=O)Oc1ccc(OCCCCC)cc1,,0.36823532,,,
590474607,CNc1ccccc1CCc1ccccc1NC(C)=O,207.655323,,,,
590866562,COc1ccc(OC(=O)c2ccc(OCCCCCCOc3ccc(C(C)=O)cc3)cc2)cc1N=Nc1ccc(C#N)cc1,,0.35843895,,,
590983717,CCc1cccc(CNC(=O)c2cc(C(=O)NC)cc(C(C)(C)C)c2)c1,,0.3510241,,,
591078724,COc1ccc(C2(c3ccc(OC(=O)c4ccc(C(C)=O)cc4)cc3)c3ccccc3-c3ccccc32)cc1,,0.37935493,,,
591131573,CNc1cccc(NC)c1,,0.3236545,,,
591186983,CN=P(C)(Oc1cccc(C(F)(F)F)c1)Oc1cccc(C(F)(F)F)c1,,0.39150603,,,
591253647,Cc1cccc(-c2cc(C(=O)Nc3ccc(OC(=O)c4cc(OCCCCCCCCCCCC)c(OCCCCCCCCCCCC)c(OCCCCCCCCCCCC)c4)cc3)cc(-c3cccc(N4C(=O)CC(C5C=C(C)C6C(=O)N(C)C(=O)C6C5)C4=O)c3)c2)c1,,0.36971595,,,
592007373,COc1ccc(C(=O)c2ccc(Oc3ccc(C4(c5ccc(C)cc5)c5ccccc5-c5ccccc54)cc3)cc2)c2ccccc12,,0.4002848,,,
592083344,CO[Si](C)(CCCOCCOCCOCCOC)CCCOCCOCCOCCOC,,0.36549731,,,
592184260,CCc1ccc(C)cc1,,,0.267,,
592652494,COCCOC(=O)c1ccc(C(=O)OCCOc2nc(-c3ccc(OCCCC)cc3)nc(C)c2-c2ccc(OC)cc2)cc1,,0.35798582,,,
592669794,Cc1ccc(Sc2ccc(Sc3ccc(Sc4ccc(N5C(=O)c6ccc(-c7cccc8c7C(=O)N(C)C8=O)cc6C5=O)cc4)cc3)cc2)cc1,,0.38179177,,,
592686193,Cc1ccc2c(c1)C(=O)N(c1ccc(Oc3cccc(Oc4ccc(N5C(=O)c6ccc(C(C)(C(F)(F)F)C(F)(F)F)cc6C5=O)cc4)c3C#N)cc1)C2=O,,0.37962339,,,
593164560,CCc1ccc(-c2ccc(CSC(=O)CCCCC(=O)SC)cc2)cc1,-14.32353196,,,,
593363809,CC(F)(F)C(=O)NCCCCCCNS(C)(=O)=O,,0.33449777,,,
593654363,CNc1ccc(NC(=O)CCCCCCCC(C)=O)cc1,,0.34227902,,,
594032602,CCC(COCC=C)SC,,0.39134513,,,
594346248,Cc1ccc(Oc2ccc(C(=O)c3ccc(C(=O)c4ccc(C(=O)c5ccc(Oc6ccc(-c7nc(-c8ccccc8)[nH]c7C)cc6)cc5)cc4)cc3)cc2)cc1,,0.38623156,,,
594528040,COc1ccc(C(=O)Nc2ccc(C(c3ccc(NC(=O)c4ccc(OC(=O)c5ccc(C(C)=O)cc5)cc4)cc3)(C(F)(F)F)C(F)(F)F)cc2)cc1,,0.34941735,,,
594735990,CCC(C)C(=O)OCCCCCCCCn1c2ccccc2c2ccccc21,,0.36038485,,,
594803927,COC(C)C(=O)OCC(C)=O,,0.31804756,,,
595568506,CCCCCCCOC(=O)C(CCCCCCCCCCP(=O)(O)O)C(=O)OCCCCCCOc1ccc(-n2on2-c2ccc(OC)cc2)cc1,,0.35805437,,,
595580163,CCC(C)(C)C(N)=O,,0.25657854,0.145,1.041991601,16.36913311
595611477,CCCCCCCCCCCCCNC(=O)c1ccc(C(=O)NC)c(Sc2ccccc2)c1,,0.36922015,,,
595928255,CCC(C)CO,,0.29464648,,,
595965977,Cc1ccc2c(c1)C(CCCCCC)(CCCCCC)c1cc(-c3cc(OCc4ccccc4)c(C)cc3OCc3ccccc3)ccc1-2,,0.39814654,0.184,0.926806566,21.32352082
596712589,Cc1ccc2c(c1)C(=O)N(c1ccc(S(=O)(=O)c3ccc(N4C(=O)c5ccc(C(F)(F)C(F)(F)C(C)(F)F)cc5C4=O)cc3)cc1)C2=O,,0.363877,,,
597209826,COc1ccc(C(=O)NCC(C)(C)CCCNC(=O)c2ccc(C)cc2)cc1,,0.34465365,,,
597331938,COC(=O)c1ccc(C(=O)Oc2ccc3c(c2)Oc2cc(C)ccc2C32c3ccccc3-c3ccccc32)cc1,,0.38655989,,,
597719463,COc1cccc(Oc2ccc(C(=O)c3ccc(C)cc3)cc2)c1,,0.36602466,,,
598302444,CCCSSCCOCOC,,0.39441419,,,
598348393,CNc1ccc(NC(=O)c2cc(NC(=O)c3ccccc3)cc(C(C)=O)c2)cc1,,0.33713633,,,
598697113,CCCCCCCCCCCCC(c1ccc(O)cc1)C(C)c1ccc(O)cc1C,,0.37037228,,0.934436591,17.25139441
598835608,CCC(C)(C)C(=O)NC(=O)OC(C)COc1c(Br)cc(S(=O)(=O)c2cc(Br)c(OCC(C)O)c(Br)c2)cc1Br,,0.37079246,0.15,1.587307778,12.5994675
599456393,CCc1ccc(CNC(=O)CCCCCCCCCCCCCCCCCCCCC(=O)NC)cc1,,,0.359,,
599659861,CO[Si](C)(C)COC(=O)CCCCCCCCC(=O)Oc1ccc(S(=O)(=O)c2ccc(Oc3ccc(C=C4CCC(=Cc5ccc(Oc6ccc(S(=O)(=O)c7ccc(OC(=O)CCCCCCCCC(=O)OC[Si](C)(C)C)cc7)cc6)cc5)C4=O)cc3)cc2)cc1,,0.3667682,,,
599773122,CC1CC(C)(C#N)C1,,0.41545048,,,
599869327,CCC(c1ccccc1)C1C(=O)N(c2ccccc2)C(=O)C1C,,0.37701942,,,
600169729,CC(=O)OCCCCCCCCCCCOC(=O)c1ccc(N2C(=O)c3ccc(C)cc3C2=O)cc1,,0.35218627,,,
600653180,Cc1ccc(Oc2cc3ccccc3cc2Oc2ccc(N3C(=O)c4ccc(Oc5ccc6c(c5)C(=O)N(C)C6=O)cc4C3=O)cc2)cc1,,0.36873488,,,
601022774,CCCN(C)C(=O)c1ccc(F)cc1,,0.3464689,,,
601302526,CNCCNCCNC,,0.31717722,,,
601597696,COc1ccc(C(=O)NNC(=O)c2ccc(C(=O)NNC(=O)c3ccc(OC(=O)c4cccc(C(C)=O)c4)cc3)cc2Oc2ccccc2)cc1,,0.34244327,,,
601947802,CNC(CCC(=O)OCCCC)C(C)=O,,0.34392678,,,
602240929,Cc1cccc(-c2cc(C(=O)Nc3ccc(OC(=O)c4cc(OCCCCCCCCCCCC)c(OCCCCCCCCCCCC)c(OCCCCCCCCCCCC)c4)cc3)cc(-c3cccc(N4C(=O)c5ccc(S(=O)(=O)c6ccc7c(c6)C(=O)N(C)C7=O)cc5C4=O)c3)c2)c1,,0.3719363,,,
602268285,CCCNC(=O)c1ccc(C(=O)NCCOc2ccc3ccc(OC)cc3c2)cc1,,0.32844046,,,
602457926,CC(=O)c1ccc2c(c1)C(=O)N(c1cccc(N3C(=O)c4ccc(C)cc4C3=O)c1)C2=O,,0.37554378,,,
602531963,CCCCOC(=O)CCCCCCC(=O)OC,,0.34528198,,,
603228174,Cc1ccc(Oc2ccc(N3C(=O)c4ccc(Oc5ccc6ccc(Oc7ccc8c(c7)C(=O)N(C)C8=O)cc6c5)cc4C3=O)cc2)cc1,,0.36486297,,,
603751130,CC(=O)OCCN(CCOC(=O)c1ccc2c(c1)C(=O)N(c1cccc(N3C(=O)c4ccc(C)cc4C3=O)c1)C2=O)c1ccc(N=Nc2ccc(F)cc2)cc1,,0.35292509,,,
603788368,Cc1cccc(C(=O)Nc2ccc(Oc3ccc(NC(=O)c4cccc(N5C(=O)c6ccc(-c7cccc8c7C(=O)N(C)C8=O)cc6C5=O)c4)cc3)cc2)c1,,0.35298703,,,
604020908,Cc1ccc(Oc2cccc(Oc3ccc(N4C(=O)c5cccc(Oc6ccc(Oc7cccc8c7C(=O)N(C)C8=O)cc6)c5C4=O)cc3)c2)cc1,,0.35919355,,,
604200639,CCC(C)C(=O)OCCN(CC)c1ccc(N=Nc2ccc([N+](=O)[O-])cc2Cl)cc1,,0.36808555,,,
604209273,CNc1c2ccccc2c(-c2c3ccccc3c(NC)c3cccc(-c4cccc5ccccc45)c23)c2c(-c3cccc4ccccc34)cccc12,,0.37421726,,,
604265550,CCCOCCOC(=O)C1CCC(C(=O)OC)CC1,,0.33324128,,,
604677160,Cc1ccc(Oc2ccc3ccc(Oc4ccc(-c5nc(C)nc(-c6ccccc6)n5)cc4)cc3c2)cc1,,0.40348828,,,
604776418,COc1ccc(OC(=O)c2cc(OCCCCCCCCCCC(F)(F)C(F)(F)C(F)(F)C(F)(F)C(F)(F)C(F)(F)C(F)(F)C(F)(F)C(F)(F)C(F)(F)F)cc(C(C)=O)c2)cc1,,0.34786426,,,
605651145,Cc1ccc(-c2nc3cc(Oc4ccc(NC(=O)c5cc(C(=O)Nc6ccc(Oc7ccc8nc(-c9ccccc9)c(C)nc8c7)cc6)cc(N6C(=O)c7ccccc7C6=O)c5)cc4)ccc3nc2-c2ccccc2)cc1,,0.38397838,,,
605771725,CC(=O)Nc1ccc(Cc2ccc(NC(=O)c3ccc4c(c3)C(=O)N(c3ccc(N=Nc5ccc(C)cc5)c(N5C(=O)c6ccc(C)cc6C5=O)c3)C4=O)c(C)c2)cc1C,,0.37339461,,,
605793172,Cc1ccc2c(c1)C(=O)N(c1ccc(C(=O)Nc3ccc(Oc4ccc(C(c5ccc(Oc6ccc(NC(=O)c7ccc(N8C(=O)c9ccc(C(C)(C(F)(F)F)C(F)(F)F)cc9C8=O)cc7)cc6)cc5)(C(F)(F)F)C(F)(F)F)cc4)cc3)cc1)C2=O,,0.36745826,,,
605814238,COc1ccc(CC(NC(=O)CCc2ccc(OC(=O)CCCCC(C)=O)cc2)C(=O)OCC)cc1,,0.33942304,,,
606001217,CCCCCCCCCCCNC(=O)CCCCCCCCCCCCC(=O)NC,,,0.342,0.911164148,18.99975515
606308469,CCC(C)C(=O)OCCCCOc1ccc(-c2ccc(C#N)cc2)cc1,,0.3538219,,,
606742148,CCCNC,,0.40888608,0.351,0.992409385,16.50971705
607683819,CNCCOCCOCCNC,,0.31484972,,,
607770016,COc1ccc(-c2ccc(Oc3ccc(C(=O)c4cccc(C(=O)c5ccc(C)cc5)c4)cc3)cc2)cc1,,0.36424669,,,
607998522,CCCCCCCS(=O)(=O)CCCCCS(C)(=O)=O,,,,1.153509737,18.44065947
608351613,COc1ccccc1C(=O)OC(=O)c1ccccc1OC(=O)C(C)C(C)C(C)=O,,0.33232876,,,
608511939,C=Cc1ccc(C(=O)CCCCC(=O)c2ccc(C=C3CN(C)CC(=C)C3=O)o2)o1,95.14114513,,,,
608604797,CNc1ccc([C@H]2CCC[C@H](c3ccc(NC)cc3)C2)cc1,,0.35086316,,,
609443471,CNc1cc2cc(c1)N(CC)C(=O)c1cc(N)cc(c1)N(CC)C(=O)c1cc(NC)cc(c1)N(CC)C2=O,,0.35869989,,,
609699139,Cc1ccc(Oc2ccc(C(=O)c3cccc(C(=O)c4ccc(Oc5ccc(-c6nc(-c7ccc(-c8nc(C)c(-c9ccccc9)[nH]8)cc7)[nH]c6-c6ccccc6)cc5)cc4)c3)cc2)cc1,,0.39401881,,,
610205689,CCC(C)c1ccccc1C(=O)OCC(C)C,,0.37502808,0.1696666666666666,,
610301577,CCCOCCOCCOC(=O)CCCCCC(=O)OC,,0.33929278,,,
610345428,CCCCCCCC(c1ccc(O)cc1)C(C)c1ccc(O)cc1C,,0.35738719,,,
610467941,Cc1ccc(Oc2ccc(-c3nc4cc(Oc5ccc(NC(=O)c6cc(C(=O)Nc7ccc(Oc8ccc9nc(-c%10ccccc%10)c(C)nc9c8)cc7)cc(N7C(=O)c8ccccc8C7=O)c6)cc5)ccc4nc3-c3ccccc3)cc2)cc1,,0.37759682,,,
611038154,COC1C(CO)OC(C)C(NC(C)=O)C1O,,0.3018663,,,
611092350,CNc1ccc2c(c1NC)C(C)(C)C(C)(C)C2(C)C,,0.36414557,,,
611474327,CCC(C)c1cc(C(F)(F)F)ccc1C(F)(F)F,,0.37028401,,,
611875813,Cc1cc(-c2ccc(C(=C3C=C(C(C)(C)C)C(=O)C(C(C)(C)C)=C3)c3cc(C(C)(C)C)c(O)c(C(C)(C)C)c3)cc2)c(C)s1,,0.4542834,,,
612139638,CCCN(CCOC(=O)Nc1ccc(C)c(NC(=O)OC)c1)c1ccc(C=Cc2cc[n+](CCCC)cc2)cc1,,0.35814643,,,
612238315,CO[Si](C)(C)COC(=O)CCCCCCCCC(=O)Oc1ccc(S(=O)(=O)c2ccc(Oc3ccc(C=C4CCCC(=Cc5ccc(Oc6ccc(S(=O)(=O)c7ccc(OC(=O)CCCCCCCCC(=O)OC[Si](C)(C)C)cc7)cc6)cc5)C4=O)cc3)cc2)cc1,,0.36489082,,,
612321381,COc1ccc(C=CC(=O)c2ccc(Oc3ccc(C(C)(c4ccccc4)c4ccc(C)cc4)cc3)cc2)cc1,,0.37609357,,,
613718745,CCC(C)C(=O)NCCC[N+](C)(C)CCCS(=O)(=O)O,,0.4782126,,,
614253049,COc1ccc(CC(NC(=O)CCc2ccc(OC(=O)CCCCCCCCC(C)=O)cc2)C(=O)OCc2ccccc2)cc1,,0.34821284,,,
614398604,CCCCCCCNC(=O)CCCCCCC(=O)NC,,0.34822579,0.345,,
615042961,Cc1ccc(Oc2cccc3c(NC(=O)c4ccc(Oc5ccc(C(=O)Nc6cccc7c(Oc8ccc(-c9nnc(C)o9)cc8)cccc67)cc5)cc4)cccc23)cc1,,0.36893685,,,
615903439,CCCc1ccc(C)o1,,0.3766254,0.2784999999999999,1.10299243,21.29011365
616073908,CCC(=O)Nc1ccc(Oc2ccc(Oc3ccc(NC(=O)CN4C(=O)c5ccc(C(c6ccc7c(c6)C(=O)N(C)C7=O)(C(F)(F)F)C(F)(F)F)cc5C4=O)cc3)cc2)cc1,,0.34249238,,,
616177559,CSc1ccc(C)cc1,64.586946,,,1.231097312,21.1652389
616276017,Cc1ccc(NC2CC(=O)N(c3ccc(-c4sc(-c5ccc(N6C(=O)CC(Nc7ccc(-c8nc(-c9ccc(C=Cc%10ccc([N+](=O)[O-])cc%10)s9)[nH]c8C)cc7)C6=O)cc5)c(-c5ccccc5)c4-c4ccccc4)cc3)C2=O)cc1,,0.39689813,,,
616326539,CCC(C)n1cc2ccccc2n1,,0.37138173,0.2075,1.124957708,13.9727997
616797364,CNC1=CC(CC)=C(NC)[C@H]2C(=O)c3c(N)ccc(N)c3C(=O)[C@@H]12,,0.33783648,,,
616888672,CCC(C)(C)C(=O)OCC#CO[Si](C)(C)C,,0.41218435,,,
617569770,COc1ccc(C=Nc2ccc(N=Cc3ccc(Oc4ccc(C(c5ccccc5)(c5ccccc5)c5ccc(C)cc5)cc4)cc3)cc2)cc1,,0.39135122,,,
617741611,CC(=O)c1ccc(C(=O)c2ccc3c(c2)C(=O)N(c2ccc(C(=O)c4ccc(C(=O)c5ccc(N6C(=O)c7ccc(C)cc7C6=O)cc5)cc4)cc2)C3=O)cc1,,0.37260592,,,
617827761,CC(=O)Nc1cccc(NC(=O)c2cccc(NC(=O)c3ccc(-c4nc5cc(C)ccc5[nH]4)cc3)c2)c1,,0.35742387,,,
618105578,Cc1cc(CC(=O)OCCN(CC)c2ccc(N=Nc3ccc([N+](=O)[O-])cc3)cc2)c(C)s1,,0.37112026,,,
618173505,CCC(C)c1ccc(F)cc1C,,,0.1413333333333333,0.994546299,15.55720188
618916633,COc1ccc(NC(=O)CCCCC(=O)Nc2ccc(OC3COC4C(C)COC34)cc2)cc1,,0.33012557,,,
619288860,Cc1cccc(N2C(=O)c3cccc(Oc4ccc(Sc5ccc(Oc6cccc7c6C(=O)N(C)C7=O)cc5)cc4)c3C2=O)c1,,0.36869837,,,
619459444,CNc1cc(NC(=O)CCCCC(C)=O)cc(-c2nnc(-c3ccccn3)o2)c1,,0.35404898,,,
619582212,COc1ccc(N=CCCCC=Nc2ccc(OC(=O)NCCCCCCNC(C)=O)cc2)cc1,,0.34722952,,,
620886467,COc1ccc(CC(NC(=O)CCc2ccc(OC(=O)CCCCCCCCC(C)=O)cc2)C(=O)OCCCCCCCCCCCC)cc1,,0.36486218,,,
621166590,Cc1ccc(-c2cc(-c3ccc(-c4ccccc4)cc3)cc(-c3ccc(N4C(=O)c5ccc(NC(=O)Nc6ccc(NC(=O)Nc7ccc8c(c7)C(=O)N(C)C8=O)cc6)cc5C4=O)cc3)n2)cc1,,0.35975912,,,
621229234,CN=Nc1ccc(Nc2ccc(C(=O)c3ccc(Nc4ccc(C)cc4)cc3)cc2)cc1,,0.39319261,,,
621730557,Cc1cc(Br)c(Oc2c(Br)cc(N3C(=O)c4ccc(-c5ccc6c(c5)C(=O)N(C)C6=O)cc4C3=O)cc2Br)c(Br)c1,,0.43253856,,,
622020530,CC1C2CC(CCCCCCCCC(=O)OCC)C(C2)C1C,,0.36983985,,,
622295554,CCCCCCCCCC(C)Cl,,0.40010889,,,
622583757,CNC1CCC(CC2CCC(NC(=O)CCCCCCCCCCCCC(C)=O)CC2)CC1,,0.36779404,,,
622739506,CC(=O)OCCN(CCOC(=O)c1ccc2c(c1)C(=O)N(c1c(C)cc(Cc3cc(C)c(N4C(=O)c5ccc(C)cc5C4=O)c(C)c3)cc1C)C2=O)c1ccc(N=Nc2ccc([N+](=O)[O-])cc2)cc1,,0.376155,,,
622744419,CC=Cc1cc(OCC(CC)CCCC)c(C)cc1OC,,0.39086339,,,
622964705,CCCCOC(=O)CCCCCCCCCCCCCCCCC(=O)OC,,,0.364,0.922711633,21.46640792
623331916,CCCCCCCOC(=O)C(CCCCCCOc1ccc(-c2ccc(OCc3ccc([N+](=O)[O-])cc3)cc2)cc1)C(=O)OC,17.95743357,,,,
623402372,COc1ccc(CC(NC(=O)Cc2ccc(OC(=O)CCCCCCCCC(C)=O)cc2)C(=O)OCCCCCCCC)cc1,,0.35685059,,,
623537081,COP(=O)(Oc1ccc(NC(=O)Oc2ccc(C(C)(C)c3ccc(OC(=O)Nc4ccc(C)cc4)cc3)cc2)cc1)c1ccccc1,,0.35222708,,,
624096781,CNc1cc2c(cc1NC)[C@H]1c3ccccc3[C@@H]2c2cc(N)c(N)cc21,,0.38373071,,,
624193573,CCC(C)C(=O)OCCC#N,,0.35583972,0.195,1.065811773,14.52014103
624503496,CNc1cc([N+](=O)[O-])c(NC(=O)CCCCCCCCCCCCC(C)=O)cc1C=Cc1ccc(N(C)C)cc1,,0.35550969,,,
624653441,CCCCCCCCCCCOc1ccc(-c2cc(-c3ccc(-c4ccccc4)cc3)c(-c3ccc(NC(=O)c4ccc(C(=O)Nc5ccc(-c6c(-c7ccc(-c8ccccc8)cc7)cc(-c7ccc(OC)cc7)cc6-c6ccc(-c7ccccc7)cc6)cc5)cc4)cc3)c(-c3ccc(-c4ccccc4)cc3)c2)cc1,,0.36612407,,,
624903152,CC(=O)Nc1ccc(Oc2cccc(NC(=O)c3ccc4c(c3)C(=O)N(c3ccc(-c5sc(-c6ccc(N7C(=O)c8ccc(C)cc8C7=O)cc6)c(-c6ccccc6)c5-c5ccccc5)cc3)C4=O)c2)cc1,,0.3840852,,,
625017301,CCCCNC(=O)CCCCC(=O)NCCCN(C)C,,0.34164847,,,
625314216,Cc1ccc(OC(=O)Nc2ccc(-c3ccc(NC(=O)Oc4ccc(-c5nc(-c6ccc(-c7nc(-c8ccc([N+](=O)[O-])cc8)c(-c8ccc([N+](=O)[O-])cc8)[nH]7)cc6)[nH]c5C)cc4)cc3OC)c(OC)c2)cc1,,0.37903045,,,
625438419,CCCC1CC(=O)N(C)C1=O,,0.31621723,,,
625535971,CC(=O)Nc1ccc(Oc2cccc(NC(=O)c3ccc4c(c3)C(=O)N(c3ccc(Oc5ccc(N6C(=O)c7ccc(C)cc7C6=O)cc5)cc3)C4=O)c2)cc1,,0.3509688,,,
626242594,CNc1ccc(C2(c3ccc(NC(=O)c4ccc(C(C)=O)cc4)cc3)c3ccccc3-c3ccccc32)cc1,,0.37325981,,,
626677373,CNc1ccc2c(C)cc(NC)c(C)c2c1,,0.3446566,,,
626841881,CNc1cc2c(cc1NC)C1(c3ccccc3-c3ccccc31)c1cc(N)c(N)cc1-2,,0.38997416,,,
627271746,Cc1ccc(Oc2ccc(N3C(=O)c4ccc(-c5ccc6c(c5)C(=O)N(C)C6=O)cc4C3=O)cc2Br)c(Br)c1,,0.40757312,,,
627600990,CCCCCCCCCCCOCOC,,,0.297,,
627652902,CC(=O)C1C2C=CC(C2)C1C,,0.34482539,,,
628380881,CC(=O)Nc1ccc(Oc2ccc(C(=O)c3ccc(Oc4ccc(NC(=O)c5ccc(C)nc5)cc4)cc3)cc2)cc1,,0.35989736,,,
628657458,Cc1ccc2c3ccc(-c4ccc(-c5ccc(-c6ccc(C)s6)c6nsnc56)s4)cc3n(C(CCCCCCCC)CCCCCCCC)c2c1,,0.42868905,,,
628680153,CCC(C)(C)C(=O)OCCCCCCC(F)(F)C(F)(F)C(F)(F)C(F)(F)F,,0.36048254,,,
629088925,CNc1ccc(-c2ccc(NC(=O)c3cc(NC(=O)c4ccc(NC(=O)C(C)N5C(=O)c6ccccc6C5=O)cc4)cc(C(C)=O)c3)cc2)cc1,,0.33619542,,,
630629376,COc1ccc(Cc2ccc(OC(=O)OCC3CCC(COC(C)=O)CC3)cc2)cc1,,0.35373109,,,
630773371,COP(=O)(Oc1ccccc1)Oc1c(Br)cc(C(c2cc(Br)c(C)c(Br)c2)(C(F)(F)F)C(F)(F)F)cc1Br,,0.39155263,,,
630928117,CCC(C)(C)C(=O)OCc1c(F)cccc1F,,0.33933326,,,
631598953,CCCOCCOC(=O)c1ccc(-c2ccc(C(=O)OC)cc2)cc1,,0.33590503,,,
631618960,CCNC(=O)OCC(OC(=O)NCc1ccc(C(CCC)c2ccc(C)o2)o1)c1ccco1,,0.35326235,,,
631651015,CNc1ccc(Cc2ccc(NC(=O)c3cc(NC(=O)CCCCCN4C(=O)c5ccccc5C4=O)cc(C(C)=O)c3)cc2)cc1,,0.33693236,,,
633021524,CN=P(C)(OCCCCCCCC)OCCCCCCCC,,0.41038222,,,
633348725,CCC(CS(=O)(=O)CCCCC)OC,,0.39727249,,,
633555318,CCCCCCCCCc1nc2cc(NC(=O)CCCCCCCCC(=O)Nc3ccc4oc(C)nc4c3)ccc2o1,,0.35982282,,,
633682320,CC(=O)OCCN(CCOC(=O)c1ccc2c(c1)C(=O)N(c1ccc(N=Nc3ccccc3)c(N3C(=O)c4ccc(C)cc4C3=O)c1)C2=O)c1ccc(N=Nc2ccccc2)cc1,,0.36198377,,,
633891368,CCCN(CCOC(=O)CCCCC(=O)OC)c1ccc(C=NN(c2ccccc2)c2ccccc2)cc1,,0.36249532,,,
634005101,COC(=O)c1cccc(C(C)=O)c1,,0.31383194,,,
634098628,CC(=O)c1ccc2c(c1)C(=O)N(c1cc(C(=O)c3ccccc3)cc(N3C(=O)c4ccc(C)cc4C3=O)c1)C2=O,,0.37719699,,,
634363683,Cc1ccc2[nH]c3ccc(C)cc3c2c1,246.5898577,,,,
634587841,CCCCCCCOc1ccc(C(=O)N(C(=O)c2ccc(OC)cc2)c2ccccc2)cc1,,0.36864893,,,
634645972,CCCC1C(=O)N(CCCCCCCCCCCCCCCCCC)C(=O)C1C,,0.39298677,,,
635174783,CC(=O)Nc1c(C)cc(C)c(NC(=O)c2ccc3c(c2)C(=O)N(c2c(C)cc(C)c(N4C(=O)c5ccc(C)cc5C4=O)c2C)C3=O)c1C,,0.38812467,,,
635384570,COCCOC(=O)CCCCC(=O)OCCOc1nc(-c2ccc(OCCCC)cc2)nc(C)c1-c1ccc(OC)cc1,,0.35402393,,,
635778401,CC(=O)Nc1ccc(Oc2ccc(S(=O)(=O)c3ccc(Oc4ccc(NC(=O)c5ccc6c(c5)C(=O)N(c5ccc(Oc7cccc8c(Oc9ccc(N%10C(=O)c%11ccc(C)cc%11C%10=O)cc9)cccc78)cc5)C6=O)cc4)cc3)cc2)cc1,,0.36004645,,,
636010546,Cc1ccc2c(c1)C(=O)N(c1ccc(C(c3ccc(N4C(=O)c5ccc(C(C)(C(F)(F)F)C(F)(F)F)cc5C4=O)c(O)c3)(C(F)(F)F)C(F)(F)F)cc1O)C2=O,,0.3866973,,,
636356107,CC(F)(F)C(C)(F)C(F)(F)C(F)(F)C(F)(F)C(F)(F)C(F)(F)F,,0.37519669,,,
636526191,CCC(C)(C)C(=O)OCCCCCCOc1ccc(C(=O)Oc2ccc(OC)cc2)cc1OC,,0.34293786,,,
636697748,CCCN(CCOC(=O)Nc1ccc(C)c(NC(=O)OC)c1)c1ccc(N=Nc2ccc(-c3nc4ccccc4o3)cc2)cc1,,0.35811225,,,
636769312,COc1ccc(OC(C)COCCCCCCCOc2ccc(-c3ccc(C(C)=O)cc3)cc2)c([N+](=O)[O-])c1,,0.34838594,,,
636957306,CNc1ccc(C(c2ccc(C)cc2)(c2ccc(N)cc2)c2ccc(NC)cc2)cc1,,0.37785275,,,
637091082,CNc1ccccc1CCc1ccccc1NC,,0.338535005,,,
637512395,Cc1ccc(-c2cc(C(C)(C)C)c(Oc3ccc(N4C(=O)c5ccc(-c6ccc7c(c6)C(=O)N(C)C7=O)cc5C4=O)cc3C(F)(F)F)c(C(C)(C)C)c2)cc1,,0.40636639,,,
637669265,CCC(C)C(=O)NCCC[N+](C)(C)C,,0.68705709,,,
638093915,CNc1ccc(Cc2ccc(CCCc3ccc(Cc4ccc(NC)cc4)cc3C)c(C)c2)cc1,,0.35703055,,,
638503428,CCCCCCCCCCCOC(=O)CCCCCCCC(=O)OC,,,0.3325,0.932306919,23.93933283
638750992,CCCOP(=O)(N=Nc1ccc(COC(=O)c2cc(C(=O)OCc3ccc(N=NP(=O)(OC)OC)cc3)cc(C(C)(C)C)c2)cc1)OC,,0.35548,,,
638889974,CNc1ccc(-c2ccc(NC)cc2Cc2ccc(C)cc2)c(Cc2ccc(C)cc2)c1,,0.35865855,,,
639451609,CCC(C)(C)C(=O)OCc1c(Cl)cccc1Cl,,0.35787475,,,
639553637,CNc1cccc(-c2ccc(Cc3ccc(-c4cccc(NC)c4)cc3)cc2)c1,,0.34598803,,,
639559230,COc1ccc(NC(=O)c2cccc(C(=O)Nc3ccc(Oc4ccc(C(=O)c5ccc(C)cc5)cc4)cc3)c2)cc1,,0.3548653,,,
639745269,CNc1ccc(-c2ccc(NC)cc2C)c(C)c1,,0.357459635,,,
639748056,CC(=S)Nc1ccc(Oc2ccc(NC(=S)N3C(=O)c4ccc(C(c5ccc6c(c5)C(=O)N(C)C6=O)(C(F)(F)F)C(F)(F)F)cc4C3=O)cc2)cc1,,0.3660155,,,
639770063,CCC(C)(C)C(=O)OCCC1CC[N+](C)(CCCCCCOc2ccc(N=Nc3ccc([N+](=O)[O-])cc3)cc2)CC1,,0.36107045,,,
639796745,CC(=O)c1ccc2c(c1)C(=O)N(c1ccc(C(=O)Nc3ccc(Oc4ccc(NC(=O)c5ccc(NC(=O)Nc6ccc(Cc7ccc(NC(=O)Nc8ccc(C(=O)Nc9ccc(Oc%10ccc(NC(=O)c%11ccc(N%12C(=O)c%13ccc(C)cc%13C%12=O)cc%11)cc%10)cc9)cc8)cc7)cc6)cc5)cc4)cc3)cc1)C2=O,,0.34916316,,,
639845225,Cc1ccc(-c2ccc3nc(Oc4cc(-c5ccccc5)c5cc(C)ccc5n4)cc(-c4ccccc4)c3c2)cc1,,0.39441053,,,
639994792,COC(C)C(C)=O,,0.34796841,,,
640271931,Cc1ccc(Oc2ccc(-c3c(-c4ccccc4)nc4ccc(Oc5ccc6nc(-c7ccccc7)c(C)c(-c7ccccc7)c6c5)cc4c3-c3ccccc3)cc2)cc1,,0.39811449,,,
640368237,CC=C(C#N)c1ccc(-c2ccc(C=CC3=CC(=C(C#N)C#N)C=C(C=Cc4ccc(-c5ccc(C(C#N)=Cc6cc(C=C(C#N)c7ccc(-c8ccc(C=CC9=CC(=C(C#N)C#N)C=C(C=Cc%10ccc(-c%11ccc(C(C#N)=CC)cc%11)s%10)O9)s8)cc7)c7c(c6)C(CC)(CC)c6cc(C)ccc6-7)cc5)s4)O3)s2)cc1,,0.40990352,,,
640431640,COS(=O)(=O)c1ccc(-c2ccc(S(=O)(=O)Oc3c(Br)cc(C4(c5cc(Br)c(C)c(Br)c5)CCCCC4)cc3Br)cc2)cc1,268.4647521,,,,
640690307,CC(=O)c1cc2c(cc1Cl)C(=O)N(c1cccc(N3C(=O)c4cc(C)c(Cl)cc4C3=O)c1)C2=O,,0.38683576,,,
641501724,CNc1ccc(NC(=O)c2ccc(NC(=O)CCCCCCCCCCC(=O)Nc3ccc(C(C)=O)cc3)cc2)cc1C(=O)OCCCCCCCCCCCC,,0.35299755,,,
642211921,CNC[C@H]1CC[C@H](CNC)CC1,,0.33898524,,,
642330071,COc1ccc(-c2ccc(OC(=O)c3cc(N=Nc4ccc(OCC)cc4)ccc3-c3ccc(N=Nc4ccc(OCC)cc4)cc3C(C)=O)cc2)cc1,,0.37270172,,,
642473337,Cc1ccc2c(c1)C(=O)N(c1cccc(C(=O)Nc3ccc(NC(=O)c4cccc(N5C(=O)c6ccc(C(C)(C(F)(F)F)C(F)(F)F)cc6C5=O)c4)cc3)c1)C2=O,,0.35936185,,,
642535209,CCCCCCCOC(=O)c1ccc(-c2ccc(C(=O)OC)cc2)cc1,,0.35003142,,,
642639550,Cc1nc(C)nc(N(CCCCN(C)c2ccccc2)c2ccccc2)n1,,0.39040149,,,
642668949,COc1cccc(NC(=O)c2cccc(C(=O)Nc3ccc(Oc4ccc(C(=O)c5ccc(C)cc5)cc4)cc3)c2)c1,,0.35172352,,,
642673445,CCC(O)COc1ccc(C(C)(C)c2ccc(OCC(O)COc3cccc(NC(=O)CCCCCCC(=O)Nc4cccc(OC)c4)c3)cc2)cc1,,0.33977526,,,
643189465,CNc1c(-c2ccccc2)cc(-c2ccc(-c3cc(-c4ccccc4)c(NC(=O)c4ccc(C(C)=O)cc4)c(-c4ccccc4)c3)cc2)cc1-c1ccccc1,,0.38237528,,,
643385335,CCC(C)OC(F)(C(F)(F)F)C(F)(F)F,,0.33430951,,,
643400948,CO[Si](C)(C)c1ccc([Si](C)(C)C)cc1,,0.42793636,,,
643664826,CCCC(C)CCOC(=O)CCCCC(=O)OC,,0.34352817,,,
644108438,CCC(OC(=O)OCC)C(COC(=O)OC)OC(=O)OCC,,0.32380857,,,
644505079,COc1ccc(S(=O)c2ccc(Oc3ccc(C(C)(C)c4ccc(C)cc4)cc3)cc2)cc1,,0.37231355,,,
644711726,CCC(C)C(=O)Oc1c(F)c(F)c(F)c(F)c1F,,0.33973517,,,
644898772,CNc1ccc(CC(c2ccc(N)cc2)(c2ccc(N)cc2)c2ccc(NC)cc2)cc1,,0.36495838,,,
645076897,CNC(=O)c1cc(C(=O)Nc2nc(C)nc(-c3ccccc3)n2)c(C(=O)OC(=O)Nc2cc(NC(=O)OCCCCCCCC)ccc2C)cc1C(=O)O,-1.691479041,,,,
645165602,CCC(C)(C)C(=O)OCCCCCCCCCCCCCC,,0.38812321,0.3115,0.862307366,11.14771595
645691711,CCCCCCCCCCCOC(=O)c1ccc(C(=O)NCCCNC(=O)c2ccc(C(=O)OC)cc2)cc1,76.72929425,,,,
646292703,Cc1ccc(-c2ccc(-c3ccc(-c4ccc(C)n4CCCCCCCCCCCC)s3)s2)s1,,0.41937735,,,
646573750,COc1ccc(C(C)=Nc2ccc(N=C(C)c3ccc(Oc4ccc(C(C)(C)c5ccc(C)cc5)cc4)cc3)cc2)cc1,,0.38124481,,,
646596041,CNc1cc(C2(c3ccc(O)c(NC)c3)c3ccccc3-c3ccccc32)ccc1O,,0.3549773,,,
646682941,CC(=O)c1ccc2c(c1)C(=O)N(c1cccc(C(=O)c3ccc(C(=O)c4cccc(N5C(=O)c6ccc(C)cc6C5=O)c4)cc3)c1)C2=O,,0.36114859,,,
647076607,CCC(O)CN(C)S(=O)(=O)c1cccc(S(=O)(=O)N(C)CC(O)COc2ccc(S(=O)(=O)c3ccc(OC)cc3)cc2)c1,,0.33964291,,,
647273188,CCC(C)c1cc(C(=O)Oc2ccc(OCCCCCCCCCC)cc2)ccc1C(=O)Oc1ccc(OCCCCCCCCCC)cc1,,0.37509747,,,
647435977,CC(=O)NCCCCCCNC(=O)c1ncn(C)c1C,,0.33524849,,,
647484326,CCCCCCCOC(=O)c1cc(OCCCCCCOc2ccc(N=Nc3ccc(C#N)cc3)cc2)cc(C(=O)OCCCCCCN2C(=O)c3ccc(S(=O)(=O)c4ccc5c(c4)C(=O)N(C)C5=O)cc3C2=O)c1,,0.35510347,,,
648079347,CCC1CCCC(CN2C(=O)c3ccc(-c4ccc5c(c4)C(=O)N(C)C5=O)cc3C2=O)C1,,0.35269829,,,
648145091,Cc1ccc(Oc2cccc(Oc3ccc(N4C(=O)c5ccc(Oc6ccc(Oc7ccc(Oc8ccc9c(c8)C(=O)N(C)C9=O)cc7)cc6)cc5C4=O)cc3)c2)cc1,,0.35833955,,,
648159856,CNc1ccc2c(c1)C1(c3ccccc3-c3ccccc31)c1c-2cc(C(C)(C)C)c(NC)c1C(C)(C)C,,0.39847901,,,
648267860,CCCOCCOCCOC(=O)NCCCCCCNC(=O)OC,,0.33323045,,,
648602021,Cc1ccc(Nc2ccc(C3(c4ccc(Nc5ccc(S(C)(=O)=O)cc5)c(F)c4)c4ccccc4-c4ccccc43)cc2F)cc1,,0.40886141,,,
648833303,COc1ccc(NC(=O)c2cccc(C(=O)Nc3ccc(C)cc3)c2)cc1,,0.34689579,,,
649508995,CCCCCCOC(=O)NCC(F)(F)C(F)(F)C(F)(F)C(F)(F)CNC(=O)OC,,0.31700681,,,
649600195,CCCCCCCCCCCCCN1C(=O)c2ccc(C(=O)c3ccc4c(c3)C(=O)N(C)C4=O)cc2C1=O,,0.35477028,,,
650082699,COc1c(C)cc(C)cc1C(C)CCCCCC,,0.41283959,,,
650711958,CCC(COC)(CSCC)CSCC,,0.41686273,,,
651742804,CCC(=O)NCCCCCCNC(=O)COC(=O)CCCCC(=O)OC,,0.32189128,,,
651985897,COS(=O)(=O)c1cc(S(=O)(=O)Oc2ccc(C3(c4ccc(C)cc4)CCCCC3)cc2)ccc1C,,0.36712523,,,
652006110,CNc1cc(NC)c2ccc3cccc4ccc1c2c43,,0.33628882,,,
652579546,Cc1ccc(Oc2ccc(C(=O)c3cccc(C(=O)c4ccc(Oc5ccc(N6C(=O)c7ccc(Oc8ccc9c(c8)C(=O)N(C)C9=O)cc7C6=O)cc5)cc4)n3)cc2)cc1,,0.35683183,,,
652611709,COc1ccc(NC(=O)c2cccc(C(=O)Nc3ccc(Oc4ccc(C5(c6ccc(C)cc6)CC6CCC5C6)cc4)cc3)c2)cc1,,0.36723415,,,
652803633,CNc1ccc(/C=C/c2c3ccccc3c(/C=C/c3ccc(NC)cc3)c3ccccc23)cc1,,0.3630577,,,
652821562,CCCCCCCCCCOC(=O)CCC(=O)OC,,0.3543665,,,
654743416,CC(=O)Nc1ccc(-c2ccc(N3C(=O)CC(N4C(=O)c5ccc(C)cc5C4=O)C3=O)cc2)cc1,,0.35106689,,,
655941482,COc1ccc(OC(=O)c2ccc(C(C)(C)c3ccc(C(C)=O)cc3)cc2)cc1,,0.35709066,,,
656702107,COc1ccc(P(C)(=O)c2ccc(Oc3ccc(C(c4ccc(C)cc4)(C(F)(F)F)C(F)(F)F)cc3)cc2)cc1,,0.37833818,,,
657146499,CCCCCCCCCCCCCN1C(=O)c2ccc(-c3ccc(-c4ccc5c(c4)C(=O)N(C)C5=O)cc3)cc2C1=O,,0.35494054,,,
657445738,CCCOCCOCCOCCOCCOCCOC(=O)c1cc(OCCCCCCOc2ccc(-c3ccc(OC)cc3)cc2)cc(C(=O)OC)c1,,0.34770487,,,
658598412,CN=P(C)(C)C,,0.35255216,,,
658967063,CC(=O)NCCN(CCNC(=O)c1cccc(N2C(=O)c3ccc(C)cc3C2=O)c1)c1ccc(C=Cc2ccc([N+](=O)[O-])cc2)cc1,,0.34009397,,,
659061902,CC/C=C\C[Si](C)(C)c1ccccc1,,0.37739733,,,
659538579,CNc1cc(-c2ccccc2NC)cc(-c2cc3cc4ccccc4cc3c3cc4ccccc4cc23)c1,,0.36115778,,,
659864655,CCCCCCCCCCCN1C(=O)c2ccc(C(c3ccc4c(c3)C(=O)N(C)C4=O)(C(F)(F)F)C(F)(F)F)cc2C1=O,,0.35035919,,,
660205165,CNc1ccc2c(c1-c1c(NC)ccc3c1CCCC3)CCCC2,,0.36667006,,,
660253930,Cc1ccc(-c2sc(-c3ccc(-c4cc(CCCC)c(C)s4)cc3)cc2CCCC)cc1,,0.50077803,,,
660384405,CNc1ccc(-c2ccc(C3(c4ccc(-c5ccc(NC)cc5)cc4)CCCCC3)cc2)cc1,,0.36004409,,,
660515467,Cc1ccc2c(c1)C(=O)N(c1ccc(Cc3ccc(N4C(=O)c5ccc(C(C)(C(F)(F)F)C(F)(F)F)cc5C4=O)c(C(C)(C)C)c3)cc1C(C)(C)C)C2=O,,0.41254221,,,
661619581,CC=Cc1sc(-c2ccc(-c3ccc(-c4sc(C=CC5=CC(=C(C#N)C#N)C=C(C)O5)c(CCCCCC)c4CCCCCC)s3)s2)c(CCCCCC)c1CCCCCC,,0.42318746,,,
661822184,CCC(=O)C(C)c1ccccc1,,0.36460846,,,
661865874,CC(C)=C(C)[Si](C)(C)CC[Si](C)(C)C,,0.4237153,,,
662156764,CNc1cc(C)c(Cc2ccc(CCCCCCCCCCc3ccc(Cc4c(C)cc(NC)cc4C)cc3)cc2)c(C)c1,,0.35745831,,,
662815164,COc1ccc(Oc2ccc(C(=O)c3ccc(C(=O)c4ccc(C)cc4)cc3)cc2)cc1-c1cccc(C)c1,,0.38304917,,,
663037039,COc1ccc(C(C)(C)c2ccc(Oc3ccc4c(=O)n5c6cc(Oc7ccc8c(c7)nc7c9ccc(C)c%10cccc(c(=O)n87)c%109)ccc6nc5c5cccc3c45)cc2)cc1,,0.38434287,,,
663206655,COc1ccc(Oc2ccc(C(=O)c3ccc(C)cc3)cc2)cc1-c1cc(C)cc(C)c1,,0.38469279,,,
663317313,Cc1sc(C)c(OCCCCCCC)c1C,32.04437108,,,,
663564627,CC(=O)Nc1ccc(NC(=O)c2ccc3c(c2)C(=O)N(c2ccc(Oc4ccc(N5C(=O)c6ccc(C)cc6C5=O)cc4)cc2)C3=O)c(OCCCCCCS(=O)(=O)c2ccc(C=Cc3ccc(N(C)C)cc3)cc2)c1,,0.3564308,,,
663877510,Cc1sc(C)c(OCCCCCCCCCCCCCC)c1C,,,0.43675,0.944296325,14.84412514
663963917,CC(=O)NNC(=O)c1ccc([Si](c2ccccc2)(c2ccccc2)c2ccc(C(=O)NNC(=O)c3ccc(C)o3)cc2)cc1,,0.37010873,,,
664013994,CNCCc1c2ccccc2c(NC)c2ccccc12,,0.33811641,,,
664173456,CCC(C)(C)C(=O)OCC(=O)Nc1cc(C)on1,,0.3312576,,,
664256549,CNc1ccc(C2(c3ccc(NC)cc3)CCC([C@H]3CC[C@H](C)CC3)CC2)cc1,,0.36506372,,,
664408041,CC(=O)Nc1cccc(NC(=O)c2ccc3[nH]c(-c4cc(-c5nc6cc(C)ccc6[nH]5)cc(N5C(=O)c6ccccc6C5=O)c4)nc3c2)c1,,0.36836215,,,
664447199,CO[Si](C)(C)O[Si](C)(C)O[Si](C)(C)O[Si](C)(C)O[Si](C)(C)OC1=C(C)c2cccc3cccc1c23,,0.41112209,,,
664683374,CNc1ccc2cc3cc4cc5ccccc5cc4cc3cc2c1NC,,0.34387937,,,
664875746,CCC(C)(C)C(=O)OCCCCCCOc1ccc(OC(=O)c2ccc(OCCCCCCCC)cc2)cc1,,0.3596616,,,
664999383,CCCCCCCCCCCCCOc1ccc(C(C)Cc2ccc(-c3ccc(OC)cc3)cc2)cc1,,0.38201502,,,
665327981,CC=C(C)C(CCCCC)[Si](C)(C)C,,0.42424985,,,
665803754,CCCCCCCCNC(=O)NC,,0.34708922,,,
666199912,CC([2H])([2H])C(C)([2H])C([2H])([2H])[2H],,0.3861434,,,
666249832,CCC=CC[Si](C)(C=C)C=C,,0.40464632,,,
666714004,COc1c(C)cc(-c2cc(C)c(Oc3ccc(C(=O)c4ccc(C)cc4)cc3)c(C)c2)cc1C,,0.40345957,,,
666813875,CCCN(CCOC(=O)Nc1ccc(C)c(NC(=O)OC)c1)c1ccc(-c2nc3ccc([N+](=O)[O-])cc3o2)cc1,,0.34475093,,,
666970760,CC(=O)Nc1ccc(NC(=O)c2ccc3[nH]c(-c4cccc(-c5nc6cc(C)ccc6[nH]5)c4)nc3c2)cc1,309.3374253,,,,
667460496,CCCCCCCCCN1C(=O)c2ccc(C(=O)c3ccc4c(c3)C(=O)N(C)C4=O)cc2C1=O,,0.34741734,,,
667477556,CNc1ccc(-c2ccc(-c3ccc(NC)cc3)c3cc(C)ccc23)cc1,,0.36429835,,,
667584010,Cc1ccc(Oc2ccc(Oc3ccc(N4C(=O)c5ccc(Oc6ccc(Sc7ccc(Oc8ccc9c(c8)C(=O)N(C)C9=O)cc7)cc6)cc5C4=O)cc3)cc2)cc1,,0.36605169,,,
667591489,CC(=O)c1ccc2c(c1)C(=O)N(c1ccc(OCCOCCOc3ccc(N4C(=O)c5ccc(C)cc5C4=O)cc3)cc1)C2=O,,0.34402774,,,
667840086,CCCCCCCCCCCOC(=O)CCCCCNC(=O)CCCCC(=O)NCCCCCC(=O)OC,,0.35533448,0.2955,0.988248519,19.25074729
668141599,COc1ccc(OC(=O)Oc2ccc(C(C)=O)cc2)cc1,,0.33148318,,,
668621779,CCc1cccc(CNC(=O)CCC2(CCC(=O)NC)c3ccccc3-c3ccccc32)c1,,0.34266557,,,
668704885,Cc1ccc(Oc2ccc(-c3c(-c4ccccc4)c4c(c(-c5ccccc5)c3-c3ccccc3)C(=O)N(c3ccc(N5C(=O)c6c(c(-c7ccccc7)c(-c7ccccc7)c(C)c6-c6ccccc6)C5=O)cc3)C4=O)cc2)cc1,,0.41683897,,,
668824734,CCC(C)(CO)COC,,0.33612908,,,
668903098,CC1CCC(CC2CCC(N3C(=O)c4ccc(Oc5ccc6c(c5)C(=O)N(C)C6=O)cc4C3=O)C(C)C2)CC1C,,0.37632492,,,
669620499,CCCSCc1ccc(Cc2ccc(CSCCOC(=O)CSCc3ccc(Cc4ccc(CSCC(=O)OC)cc4)cc3)cc2)cc1,,0.36564834,,,
669636470,Cc1ccc(Oc2ccc(-c3ccc(Oc4ccc(N5C(=O)c6ccc(Oc7ccccc7Oc7ccc8c(c7)C(=O)N(C)C8=O)cc6C5=O)cc4)cc3)cc2)cc1,,0.36159124,,,
669639800,CNC1CCC(CC2CCC(NC(=O)CCCCC(C)=O)CC2)CC1,,0.35191825,,,
670004959,COC(COC(=O)c1ccc(C(C)=O)c(OC)c1)COc1ccc(N=Nc2ccc(C#N)cc2)cc1,,0.35609742,,,
670279906,CC(=O)Nc1ccc(Oc2cc(C(C)(C)C)c(Oc3ccc(NC(=O)c4ccc5c(c4)C(=O)N(c4ccc(Oc6ccc(C7(c8ccc(Oc9ccc(N%10C(=O)c%11ccc(C)cc%11C%10=O)cc9)cc8)CC8CC7C7CCCC87)cc6)cc4)C5=O)cc3)cc2C(C)(C)C)cc1,,0.38634779,,,
670455816,CCCOCOC,,0.34034968,,,
670472475,Cc1cccc(N2C(=O)c3ccc(Oc4cc5ccccc5cc4Oc4ccc5c(c4)C(=O)N(C)C5=O)cc3C2=O)c1,,0.37256174,,,
670589484,CNc1ccc2cccc(-c3cccc4ccc(NC)cc34)c2c1,,0.35323413,,,
670939419,CCCc1ccc(NC(=O)c2cccc(C(=O)Nc3ccc(CCOC(=O)c4cccc(C(=O)OC)c4)cc3)c2)cc1,,0.34340117,,,
671093250,Cc1ccc(Oc2ccc(C(C)(c3ccccc3)c3ccc(Oc4ccc(-c5nc(-c6ccccn6)nnc5C)cc4)cc3)cc2)cc1,,0.39778842,,,
671188865,CCC(C)(C)C(=O)OCc1ccc(C=CC(=O)Oc2ccc(OC)cc2)cc1,,0.33755795,,,
671342841,CCCCCCCCCNC(=O)c1ccc(C(=O)NC)c(Oc2ccccc2)c1,,0.35113383,,,
671423635,CCC(C)(C)C(=O)OCCCCCCn1c2ccccc2c2ccccc21,,0.35236027,,,
671507896,COC(CCCCC)CC(C)=O,,0.36904255,,,
671591388,CN/C1=N/OC(O)(O)O/N=C(/NC)C/C(N)=N/OC(O)(O)O/N=C(\N)C1,,0.28254764,,,
671751803,CSc1ccc(Sc2ccc(Sc3ccc4c(c3)C(=O)N(N3C(=O)c5ccc(C)cc5C3=O)C4=O)cc2)cc1,,0.38648084,,,
672322123,Cc1ccc(OCCCCCCCCCCCOC(=O)c2ccc(C(=O)OCCCCCCCCCCCOc3ccc(-c4nnc(C)s4)cc3)cc2)cc1,,0.37335529,,,
672610446,CC(=O)c1ccc2nc(-c3ccccc3)c(-c3ccc(Oc4ccc(-c5nc6cc(C)ccc6nc5-c5ccccc5)cc4)cc3)nc2c1,,0.41566433,,,
673060988,CC(=O)c1ccc2c(c1)C(=O)N(c1ccc(Oc3c(C)cc(C(c4cc(C)c(Oc5ccc(N6C(=O)c7ccc(C)cc7C6=O)cc5)c(C)c4)c4cccc5ccccc45)cc3C)cc1)C2=O,,0.40356882,,,
673094713,CNc1ccc(-c2cccc(-c3ccccc3NC)c2)cc1,,0.34307779,,,
673172746,COc1ccc(C(c2ccc(OC(=O)c3ccccc3-c3ccccc3C(C)=O)cc2)(C(F)(F)F)C(F)(F)F)cc1,,0.3557624,,,
673214221,CC=CC1CC(C)C2C(=O)N(c3cccc(F)c3)C(=O)C12,,0.37532295,,,
673225351,Cc1ccc2c(c1)C(=O)N(c1ccc(C3(c4ccc(N5C(=O)c6ccc(C(C)(C(F)(F)F)C(F)(F)F)cc6C5=O)c(F)c4)c4ccccc4-c4ccccc43)cc1F)C2=O,,0.42499356,,,
673445970,CCC(C)c1cc(C(=O)OCCCCCCCCCCCC)ccc1-c1ccc(OCCCCCCCC)cc1,,0.38816333,,,
673499218,CC(=O)c1ccc2c(c1)C(=O)N(c1ccc(OCCOCCOCCOc3ccc(N4C(=O)c5ccc(C)cc5C4=O)cc3)cc1)C2=O,,0.33962987,,,
673704172,CCC(C)(C)C(=O)OCCOCCOC,,0.33828721,,,
673883343,CC[Si](C)(CCCC)CCCC,,0.40581493,,,
673984159,CCC(C(C)C)C(COC(=O)c1ccc(C(=O)OC)cc1)C(C)C,,0.35713078,,,
674610445,CNc1c(NC)c(-c2ccccc2)c(-c2ccccc2)c(-c2ccccc2)c1-c1ccccc1,,0.37324371,,,
674648279,CCC(C)(C)C(=O)OCCCCCCCCCCOc1ccc(N=Nc2ccc([N+](=O)[O-])cc2)cc1,,0.36239685,,,
674773828,CNc1ccc(/C=C/c2ccc(NC(=C(C#N)C#N)c3ccc(C(C)=C(C#N)C#N)cc3)cc2)cc1,,0.4055685,,,
674973559,CC(=O)OC1CC2CC(OC(=O)N3CCN(C)CC3)CC(C1)O2,,0.33921521,,,
675621867,COC(=O)c1ccc(CCCCc2ccc(C(C)=O)cc2)cc1,,0.35446575,,,
676068988,CCCCCCCCCNC(=O)CCCCCCCCC(=O)NC,,0.35653288,0.392,,
676116191,COc1ccccc1C(=O)OC(=O)c1ccccc1OC(=O)CCCC(C)=O,,0.32224016,,,
676718973,CNc1ccc2c(-c3ccccc3)c3cc(NC)ccc3cc2c1,,0.35297374,,,
676741869,Cc1cccc(-c2nc3cc(-c4ccc5c(c4)nc(C)n5CCCS(=O)(=O)O)ccc3n2CCCS(=O)(=O)O)c1,208.6363648,,,,
677190542,Cc1ccc(Oc2ccc3ccccc3c2-c2c(Oc3ccc(N4C(=O)c5ccc(NC(=O)Nc6cccc(NC(=O)Nc7ccc8c(c7)C(=O)N(C)C8=O)n6)cc5C4=O)cc3)ccc3ccccc23)cc1,,0.35781631,,,
677732142,CC(=O)Nc1ccc(Oc2ccc(Oc3ccc(N4C(=O)c5ccc(C)cc5C4=O)cc3)cc2)cc1,,0.35682307,,,
677771115,COc1ccc(CC(NC(=O)CCc2ccc(OC(=O)CCC(C)=O)cc2)C(=O)OC(C)CC)cc1,,0.34677139,,,
677895437,Cc1cc(-c2sc(-c3cc(CCCC)c(C)s3)cc2CCCC)c2cccccc1-2,,0.45832341,,,
678137113,Cc1ccc2c(c1)C(=O)N(c1ccc(Oc3ccc(C(C)(C)c4ccc(Oc5ccc(N6C(=O)c7ccc(C(C)(C(F)(F)F)C(F)(F)F)cc7C6=O)cc5)cc4)cc3)cc1)C2=O,,0.37813384,,,
678912517,CCC(C)(C)C(=O)OCCCCCCOc1ccc(C(=O)Oc2ccc(C)cc2)cc1,,0.3526035,,,
678917308,CCC(C)(C)C(=O)OC,,0.3478783,,,
679096847,Cc1cc(-c2sc(-c3cc(CCCCCCCCCCCCCC)c(C)s3)cc2CCCCCCCCCCCCCC)c2cccccc1-2,,0.42191423,0.316,,
679122345,COP(=O)(Oc1ccc(Cl)cc1)Oc1c(Cl)c(Cl)c(C)c(Cl)c1Cl,,0.35896209,,,
679270138,CNc1ccc2c(c1)C1(c3cc(NC)ccc3-2)c2cc(C(C)(C)C)ccc2-c2ccc(C(C)(C)C)cc21,,0.401012485,,,
679274532,CNc1cc(C)c(Cc2ccc(CCCCCCCCCCCCCCc3ccc(Cc4c(C)cc(NC)cc4C)cc3)cc2)c(C)c1,,0.36028075,,,
679404420,Cc1ccc(-c2ccc(N3C(=O)c4c(c(-c5ccccc5)c(-c5ccc(Oc6ccc(-c7c(-c8ccccc8)c8c(c(-c9ccccc9)c7-c7ccccc7)C(=O)N(C)C8=O)cc6)cc5)c(-c5ccccc5)c4-c4ccccc4)C3=O)cc2)cc1,,0.41331877,,,
679533117,CNc1ccc([C@@H](c2ccccc2)c2ccc(NC)c([C@@H](c3ccccc3)c3ccc(N)cc3)c2)cc1,,0.36527705,,,
679561961,CCCCC(C)(C)C,,0.4001286,0.236,0.780478615,15.7837124
679722974,Cc1ccc(Oc2ccc(P(=O)(c3ccccc3)c3ccc(Oc4ccc(-c5ccc(C)nc5)cc4)cc3)cc2)cc1,,0.38782954,,,
679930104,COc1ccc(NC(=O)c2cc(-c3ccc(C(=O)O)c(C(=O)Nc4ccc(C)cc4)c3)ccc2C(=O)O)cc1,,0.32759097,,,
680389374,CC(=O)c1ccc2c(c1)C(=O)N(c1cccc(OP(=O)(Oc3cccc(N4C(=O)c5ccc(C)cc5C4=O)c3)c3ccccc3)c1)C2=O,,0.36051533,,,
680463465,Cc1ccc(Oc2ccc(S(=O)(=O)c3ccc(Oc4ccc(C5(C)OC(=O)c6ccccc65)cc4)cc3)cc2)cc1,,0.37707713,,,
680864768,CNc1ccc([C@H](CCC)c2ccc(C3(c4ccc([C@@H](CCC)c5ccc(NC)cc5C)cc4)CCC(CC)CC3)cc2)c(C)c1,,0.37733794,,,
680937306,Cc1ccc(Oc2ccc(-c3nc4ccc(-c5ccc6nc(C)c(-c7ccccc7)c(-c7ccccc7)c6c5)cc4c(-c4ccccc4)c3-c3ccccc3)cc2)cc1,,0.41401327,,,
680984529,CCC(C)(C)C(=O)OCCCCCC(=O)Oc1ccc(OC(=O)c2ccc(OCCCCCC)cc2)cc1,,0.35200857,,,
681027587,CNc1ccc2c(c1)C(C)(C)C[C@@]2(C)c1ccc(C)c(NC)c1,,0.36931693,,,
681043697,CN[C@H]([C@H](N)CO)[C@@H](C=O)NC,,0.29472279,,,
681148438,Cc1ccc2c(c1)C(=O)N(c1cccc(C(=O)Nc3ccc(Oc4ccccc4Oc4ccc(NC(=O)c5cccc(N6C(=O)c7ccc(C(C)(C(F)(F)F)C(F)(F)F)cc7C6=O)c5)cc4)cc3)c1)C2=O,,0.35765062,,,
681382026,CCC(c1ccccc1)C1C(=O)N(CCCOc2ccc(-c3ccc(C#N)cc3)cc2)C(=O)C1C,,0.3562068,,,
681607778,CCCN(CCOC(=O)NCCCCCCNC(=O)OC)c1ccc(N=Nc2ccc(C)cc2)cc1,24.09354398,,,,
682136136,CCC1(COC)CC2CCC1CC2,81.08225465,,,,
682392464,CCC(OCC(C)C)C(C)(C(=O)OC)C(C)(C)C(=O)OC,,0.36938061,,,
682727526,CC1C(=O)N(c2ccccc2C(=O)OCC)C(=O)C1C,,0.37540296,,,
682848245,Cc1cccc(Oc2cccc(N3C(=O)c4ccc(Oc5ccc6c(c5)C(=O)N(C)C6=O)cc4C3=O)c2)c1,,0.36290404,,,
683188751,COc1ccc(CC(NC(=O)CCc2ccc(OC(=O)CCCCCCC(C)=O)cc2)C(=O)OC(C)CC)cc1,,0.35282718,,,
683707675,COc1ccc(C(C)(C)c2ccc(OC(=O)c3ccc([Si](C)(C)c4ccc(C(C)=O)cc4)cc3)cc2)cc1,,0.37681981,,,
684755734,COP(=O)(Oc1ccccc1)Oc1ccc(-c2ccc(C)cc2)cc1,,0.34952529,,,
684934727,CNc1ccc(/C(C)=C(/CCC=C)c2ccccc2-c2ccc(NC)cc2)cc1,,0.36161485,,,
685115474,COc1ccc(C2(c3ccc(Oc4ccc(C(=O)c5ccc(C)cc5)cc4)c(C)c3)CCC3CCCCC3C2)cc1C,,0.39820678,,,
685261613,CNc1ccc2c(c1)C(CC[C@@H](C)CCCC(C)C)(CC[C@@H](C)CCCC(C)C)c1cc(NC)ccc1-2,,0.3674647,,,
685427135,COC(CCc1ccccc1)CC(C)=O,,0.35135423,,,
685579898,COc1c(C)cc(-c2cc(C)c(Oc3ccc(C(=O)c4ccccc4-c4ccccc4C(=O)c4ccc(C)cc4)cc3)c(C)c2)cc1C,,0.40252214,,,
686272948,Cc1ccc(NC(=O)c2cc(C(=O)Nc3ccc(-c4nnc(C)o4)cc3)cc(N3C(=O)c4ccccc4C3=O)c2)cc1,,0.36231124,,,
686526509,CCCCCCCCCCCCCCCCC[N+](C)(C)CCCCCC[N+](C)(C)C,,,0.408,0.872184477,20.26505078
686833175,C/C=C(/C)C#CCCCCCCCCCCCCCCCCCCCCC(=O)O,,,0.4105,0.885736749,15.06400186
687447085,Cc1ccc(Oc2ccc(C(=O)c3ccc(C(=O)c4ccc(Oc5ccc(-c6nc(-c7ccc(-c8nc(C)c(-c9ccccc9)[nH]8)cc7)[nH]c6-c6ccccc6)cc5)cc4)cc3)cc2)cc1,,0.40004414,,,
687545221,CCCC=C(C)c1ccccc1,,0.38403531,,,
687772920,CCCN(CCCCCOc1ccc(N=Nc2ccccc2)cc1)CCOC(=O)Nc1ccc(Cc2ccc(NC(=O)OC)cc2)cc1,,0.35497879,,,
687864744,COc1ccc(C2(c3ccc(Oc4ccc(C(=O)Oc5ccc(C(C)(C)c6ccc(OC(=O)c7ccc(C)cc7)cc6)cc5)cc4)cc3)CCC(C(C)(C)C)CC2)cc1,,0.37364551,,,
688101886,CC(=O)c1ccc2c(c1)C(=O)N(c1cccc(Cc3cccc(N4C(=O)c5ccc(C)cc5C4=O)c3)c1)C2=O,,0.37198635,,,
688122210,COc1ccc(S(=O)(=O)c2ccc(Oc3ccc(C(C)(CCC(=O)O)c4ccc(C)cc4)cc3)cc2)cc1,,0.36717423,,,
688609690,Cc1ccc(Cc2ccc(N3C(=O)c4ccc(Oc5ccc(C6(c7ccc(Oc8ccc9c(c8)C(=O)N(C)C9=O)cc7)CCCCCCCCCCC6)cc5)cc4C3=O)cc2)cc1,,0.38469309,,,
688616302,CCCCCCCCCNC(=O)NCc1ccc(CNC(=O)NC)cc1,,0.33930014,,,
688656899,CSCC(=O)NN=Cc1ccc(OCCCCCCCCCCOc2ccc(C=NNC(=O)CSc3nnc(C)s3)cc2OC)c(OC)c1,,0.36310288,,,
688760840,COC(COC(=O)c1cccc(C(C)=O)c1)COc1ccc(N=Nc2ccc(C#N)cc2)cc1,,0.35979025,,,
689174669,Cc1ccc2c(c1)C(CCCCCCCC)(CCCCCCCC)c1cc(-c3cc(F)c(C)cc3F)ccc1-2,,0.41547343,,,
689311182,CCC(O)COC(=O)C1CCC(C(=O)OCC(O)COc2ccc(C(C)(C)c3ccc(OC)cc3)cc2)CC1,,0.334916,,,
689497002,CCC(C)C(=O)OCCCCCOC(=O)c1ccc(OC(=O)c2ccc(C#N)cc2)cc1,,0.3457648,,,
689573357,CCC(C)c1ccc([Si](O[Si](C)(C)C)(O[Si](C)(C)C)O[Si](C)(C)C)cc1,,0.48916637,,,
689602556,Cc1ccc2cc3cc(-c4sc(-c5cc(CCCCCCCCCCCC)c(C)s5)cc4CCCCCCCCCCCC)ccc3cc2c1,,0.4098993,,,
689672575,Cc1c(C)cc(-c2cc(C)c(N3C(=O)c4ccc(Oc5ccc(C(C)(C)c6ccc(Oc7ccc8c(c7)C(=O)N(C)C8=O)cc6)cc5)cc4C3=O)c(C)c2)cc1C,,0.38990238,,,
690246774,CCC(O)COC(=O)c1cccc(C(=O)OCC(O)COc2ccc(C(C)(C)c3ccc(OC)cc3)cc2)c1,,0.33980018,,,
690444653,Cc1cccc(-c2nc3cc(-c4ccc5[nH]c(C)nc5c4)ccc3[nH]2)c1,,0.41970878,,,
690772081,CCCOCCOC(=O)CCCCC(=O)OC,,0.33115638,,,
691002570,Cc1ccc(-c2ccc(-c3cc(-c4ccc(Oc5ccc(-c6cc(C)nc7ccccc67)cc5)cc4)c4ccccc4n3)cc2)cc1,,0.39515201,,,
691154706,CCC(C)(CC(=O)OCCCC1CCCCC1)C(=O)OCCCC1CCCCC1,,0.37003556,0.199,,
691219107,CCCCCCCCCCCSSC,,0.43577618,,,
691290005,CC(c1ccccc1)C(C)[N+](=O)[O-],173.9913454,,,,
691340990,Cc1ccc(-c2nc3cc4nc(C)[nH]c4cc3[nH]2)cc1,340.5865983,,,,
691396928,COc1ccccc1C(=O)OC(=O)c1ccccc1OC(=O)c1ccc(C(C)=O)cc1,,0.3307198,,,
691744465,CCCCCCCN(C)c1ccc(C(=O)c2ccc(N(C)C)cc2)cc1,,0.37816076,,,
691831381,CCC(C)(C)C(=O)Oc1ccc(C=Cc2ccccc2)cc1,,0.36180049,,,
691986630,Cc1ccc(Oc2ccc(N3C(=O)c4ccc(Oc5cccc6c5C(=O)N(C)C6=O)cc4C3=O)cc2)cc1,,0.36858029,,,
692037059,CCC(C)c1cc(C)c(C)cc1C,,0.40919806,0.2095,,
692373242,COc1ccc(OC(=O)c2ccc(C(C)=O)cc2)cc1Cl,119.6241841,,,,
692434994,CC1C(=O)N(C(C)CC)C(=O)C1C,,0.38386027,,,
692810892,CNc1ccc(C(C)(C)c2ccc(NC(=O)c3cc(C(C)=O)cc(N4C(=O)C5C6CCC(C6)C5C4=O)c3)cc2)cc1,,0.3598038,,,
693011985,CNc1ccc(-c2ccc(NC)c(N)c2)cc1N,,0.33019375,,,
695348815,C/C=C/c1cc(CCCCCC)c(/C=C/c2ccc(C)cc2)cc1CCCCCC,51.04706134,,,,
695374943,CCC(C)(CC(=O)Oc1ccc(OC)cc1)C(=O)Oc1ccc(OC)cc1,,0.33732889,,,
695536292,COCCCCCCCCCCC(=O)Oc1ccc(-c2ccc(C(=O)Oc3ccc(Cl)c(OC(=O)c4ccc(-c5ccc(OC(=O)CCCCCCCCC(C)COC)cc5)cc4)c3)cc2)cc1,,0.38046147,,,
695925726,CCC/C(C)=C(/C)C,,,,0.817744643,14.53648643
695940452,CCCCCCSSC,,0.45235831,,,
696483165,COc1ccc(C(=Cc2ccc(-c3ccc(C=C(c4ccccc4)c4ccc(OC(=O)CCCCCCCCC(C)=O)cc4)cc3)cc2)c2ccccc2)cc1,,0.3779872,,,
696705390,COc1ccc(S(=O)(=O)c2ccc(Oc3ccc(C(=O)c4cc(Br)cc(C(=O)c5ccc(C)cc5)c4)cc3)cc2)cc1,,0.379535,,,
696713776,Cc1ccc2c(c1)C(=O)N(c1cc(OCCN(CC)c3ccc(/N=N/c4ccc([N+](=O)[O-])cc4)cc3)cc(N3C(=O)c4ccc(C(C)(C(F)(F)F)C(F)(F)F)cc4C3=O)c1)C2=O,,,0.154,1.205461036,17.1881696
698037323,CCC(C)OC(=O)C(C)(CC)C(C)(C)C,,0.37558012,,,
698053626,CCC(C)(C)C(=O)OCC(F)(F)C(F)(F)C(F)(F)C(F)(F)C(F)(F)C(F)F,,0.32595019,0.113,,
698200988,CC(=O)Nc1cc(NC(=O)c2ccc3c(c2)C(=O)N(c2cccc(N4C(=O)c5ccc(C)cc5C4=O)c2)C3=O)cc(-c2nc3ccccc3[nH]2)c1,,0.36147355,,,
698615321,CC=Cc1cc(OCC(CC)CCCC)c(C=Cc2cc(OC)c(C)cc2OC)cc1OC,,0.3762763,,,
699007218,CC#CC#Cc1cc(C(C)(C)C)cc2c3cc(C(C)(C)C)cc(C)c3n(CCCCCCCCCCCCCCCC)c12,,0.41367738,,,
699175207,CC(=O)c1ccc2c(c1)C(=O)N(c1cc(C(=O)O)cc(N3C(=O)c4ccc(C)cc4C3=O)c1)C2=O,,0.3614755,,,
699184717,COc1ccc(C(C)(C)c2ccc(Oc3ccc(C(=O)c4c(C)ccc5c(C(=O)c6ccc(C)cc6)c(C)ccc45)cc3)cc2)cc1,,0.39186106,,,
699462327,COc1ccc(Oc2c(F)c(F)c(-c3c(F)c(F)c(C)c(F)c3F)c(F)c2F)cc1S(=O)(=O)O,,0.36032726,,,
699667055,COc1ccc(NC(=O)c2ccc(Oc3ccc(C(C)(C)c4ccc(C(C)(C)c5ccc(Oc6ccc(C(=O)Nc7ccc(Oc8ccc(C(C)(C)c9ccc(C)cc9)cc8)cc7)cc6)cc5)cc4)cc3)cc2)cc1,,0.37043796,,,
699908244,CCCCCCC(=O)Nc1ccc(Oc2ccc(Oc3ccc(NC(=O)CCCCCN4C(=O)c5ccc(C(=O)c6ccc7c(c6)C(=O)N(C)C7=O)cc5C4=O)cc3)cc2)cc1,,0.3404124,,,
699928185,COP(=O)(Oc1ccc(C(C)(C)c2ccc(C)cc2)cc1)Oc1c(Cl)c(Cl)c(Cl)c(Cl)c1Cl,,0.36757265,,,
700020481,COc1ccc(C2(c3ccc(Oc4ccc(C(=O)c5ccc(C(=O)c6ccc(C)cc6)cc5)cc4)cc3)c3ccccc3-c3ccccc32)cc1,,0.39550318,,,
700619853,CCC(C)(C)C(=O)OCCc1ccc(N=Nc2ccc(OC(F)(F)F)cc2)cc1,,0.35475551,,,
700771684,Cc1ccc(Oc2ccc(Oc3ccc(Oc4ccc(-c5cnc6ccc(-c7ccc8ncc(C)nc8c7)cc6n5)cc4)cc3)cc2)cc1,,0.38386656,,,
700931497,CON(C(F)(F)F)C(F)(F)C(C)(F)F,,0.30488476,0.0905,1.732295687,17.31090487
700994258,Cc1ccc(OCOc2ccc(-c3nc(-c4ccc([N+](=O)[O-])cc4)oc3C)cc2)cc1,,0.38196728,,,
701170718,CCC(C)c1ccccc1C(=O)OCCN(C)C,,0.36119268,0.1853333333333333,,
701980913,CSc1cccc(Sc2ccc(Sc3ccc(C)cc3)cc2)c1,,0.39236432,,,
702351726,CCC(C)(C)C(=O)OCCN(CCCC)c1ccc(N=Nc2ccc(S(=O)(=O)Nc3cc(C)on3)cc2)cc1,,0.37056907,,,
702495781,CNc1cccc(C(C)(c2ccccc2)c2cccc(NC)c2)c1,,0.35162648,,,
702860275,Cc1ccc2c(c1)C(=O)N(c1ccc(Sc3ccc(Sc4ccc(N5C(=O)c6ccc(C(C)(C(F)(F)F)C(F)(F)F)cc6C5=O)cc4)cc3)cc1)C2=O,,0.38497663,,,
703506417,CC(=O)c1ccc2c(c1)C(=O)N(c1cccc(OCCOc3cccc(N4C(=O)c5ccc(C)cc5C4=O)c3)c1)C2=O,,0.34759445,,,
703616126,COc1ccc(NC(=C(C#N)C#N)c2ccc(-c3ccc(C(Nc4ccc(C)cc4)=C(C#N)C#N)cc3)cc2)cc1,,0.41214769,,,
704321363,Cc1ccc(-c2ccc(-c3cnc4cc(-c5ccc6nc(C)cnc6c5)ccc4n3)cc2)cc1,,0.40589633,,,
704562669,CCCCCCCOC(=O)NCCCCCCNC(=O)OC,,0.3465094,,,
704596053,CCC(C)COC,,0.38408676,,,
704720758,CNc1ccc(C2=CC(c3ccccc3)=C[C@@](c3ccccc3)(c3ccc(NC)cc3)[C@@H]2c2ccccc2)cc1,,0.37453464,,,
704923125,CCOC(=O)Nc1ccc(Cc2ccc(NC(=O)OCc3cocc3C)cc2)cc1,,0.33693682,,,
705117177,CCCOCCOCCOC(=O)CCCCCCCC(=O)OC,,,0.267,,
705738216,Cc1cccc(Oc2cccc(Oc3cccc(N4C(=O)c5c(c(-c6ccccc6)c(-c6ccc(Oc7ccc(-c8c(-c9ccccc9)c9c(c(-c%10ccccc%10)c8-c8ccccc8)C(=O)N(C)C9=O)cc7)cc6)c(-c6ccccc6)c5-c5ccccc5)C4=O)c3)c2)c1,,0.39052632,,,
705844179,Cc1c(C)cc(C)c(N2C(=O)c3ccc(Oc4ccc(Oc5ccc6c(c5)C(=O)N(C)C6=O)cc4)cc3C2=O)c1C,,0.3880841,,,
705855235,COc1ccc(NC(=O)c2cc(C(=O)Nc3ccc(C)cc3)cc(C(C)(C)C)c2)cc1,,0.36167594,,,
707258420,CCC(C)C(=O)OCCCOCC,,0.3584849,,,
707285446,COc1cccc2cc(OC(=O)c3ccc(Oc4ccc(C(C)=O)cc4)cc3)ccc12,,0.35254861,,,
707686102,CNc1ccc(Oc2ccc(Oc3ccc(NC)cc3)c3c2[C@H]2c4ccccc4[C@@H]3c3ccccc32)cc1,,0.37675561,,,
707792324,CCC(C)(C)C(=O)OC(COc1ccc(-c2ccccc2)cc1)COc1ccc(-c2ccccc2)cc1,,0.34956652,,,
707895073,Cc1ccc(Oc2ccc(C(=O)c3ccc(Oc4ccc(-c5c6c(c(C)c7ccccc57)C(=O)N(c5cccc(C(F)(F)F)c5)C6=O)cc4)cc3)cc2)cc1,,0.37753065,,,
708266844,COc1ccc(S(=O)(=O)c2ccc(Oc3ccc(-c4ccc(C)cc4)cc3)cc2)cc1,,0.36753658,,1.20752232,22.21547246
708515334,COc1ccc(C2(c3ccc(Oc4ccc(C(=O)c5cccc(C(=O)c6ccc(C)cc6)c5)cc4)cc3)c3ccccc3-c3ccccc32)cc1,,0.41414112,,,
708745541,CC=CC(C)C(C)C(=O)OC12CC3CC(CC(C3)C1)C2,,0.3828539,,,
708888125,CCC1(C)CC(C)(C)C(=O)OC1=O,,0.30782553,,,
709065178,CNC1=c2ccc3ccc(NC)c4ccc(c2c34)CC1,,0.33334422,,,
709226489,Cc1cc2sc(-c3sc(-c4cc(CCCCCCCCCCBr)c(C)s4)cc3CCCCCCCCCCBr)cc2s1,24.95900908,,,,
709267633,Cc1ccc(Oc2ccc(-c3cnnc(-c4cccc(-c5ncc(C)nn5)n4)n3)cc2)cc1,,0.41536896,,,
709856096,CC(=O)Nc1c(C)cc(Cc2cc(C)c(NC(=O)c3ccc4c(c3)C(=O)N(c3ccc(N=Nc5ccc(OC(F)(F)F)cc5)c(N5C(=O)c6ccc(C)cc6C5=O)c3)C4=O)c(C)c2)cc1C,,0.37184486,,,
709886400,CNc1cc(NC(=O)c2ccc(C(C)=O)cc2)cc(-c2nc3ccccc3[nH]2)c1,,0.35887119,,,
710418627,COc1ccc(CC(NC(=O)CCc2ccc(OC(=O)CCCC(C)=O)cc2)C(=O)OCCCCCCCC)cc1,,0.3506977,,,
711711106,Cc1ccc(Oc2c(C)cc(Cc3cc(C)c(Oc4ccc(N5C(=O)c6ccc(-c7ccc8c(c7)C(=O)N(C)C8=O)cc6C5=O)cc4)c(C)c3)cc2C)cc1,,0.3857049,,,
712008066,CCC(C)OC(=O)c1nn(C(C)=O)c2ccccc12,,0.34764523,,,
712061261,CCC(CS(=O)(=O)CCCC)OC,,0.38279045,,,
712113333,CC(=O)c1ccc2c(c1)C(=O)N(c1c(C(C)C)cc(Cc3cc(C(C)C)c(N4C(=O)c5ccc(C)cc5C4=O)c(C(C)C)c3)cc1C(C)C)C2=O,,0.43503278,,,
712239619,CCCCCCCCCNC(=O)CCCCCCCCC(=O)NCCCCCCCCNC(=O)C(=O)NC,,,0.3315,0.973462542,22.44231118
712424232,Cc1ncnc(N(CCCCCCCCCCN(C)c2ccccc2)c2ccccc2)n1,,0.38355919,,,
712525184,CCC(C)c1cc(C(=O)Oc2ccc(OCCCCCC)cc2)ccc1C(=O)Oc1ccc(OCCCCCC)cc1,,0.36539229,,,
712532019,CNc1ccc(NC)c(-c2cccc3ccccc23)c1,,0.34706164,,,
713020314,CC=CCCC,,0.41866094,,,
713163686,CN=P(C)(OCc1ccccc1)OCc1ccccc1,,0.35649541,,,
713393124,CCC(C)C(=O)N1CC[NH+](CC)CC1,,0.6509068,,,
714476191,Cc1ccc(CC(=O)Nc2ccc(NC(=O)Cc3ccc(-c4sc(C)c(-c5ccccc5)c4-c4ccccc4)cc3)cc2)cc1,,0.38234707,,,
714511257,Cc1ccc(-c2nc3ccc(Oc4ccc5nc(C)c(-c6ccccc6)nc5c4)cc3nc2-c2ccccc2)cc1,,0.45462761,,,
714806677,CC(=O)c1ccc2c(c1)C(=O)N(c1cc(Oc3c(C)cc(-c4cc(C)c(Oc5cc(N6C(=O)c7ccc(C)cc7C6=O)cc(C(F)(F)F)c5)c(C)c4)cc3C)cc(C(F)(F)F)c1)C2=O,,0.38618508,,,
714836323,CC(=O)c1ccc2c(c1)C(=O)N(c1cc(-c3nc4ccccc4[nH]3)cc(N3C(=O)c4ccc(C)cc4C3=O)c1)C2=O,,0.39603335,,,
715482561,CC(=O)Nc1ccc(NC(=O)c2ccc3c(c2)C(=O)N(c2ccc(S(=O)(=O)c4ccc(N5C(=O)c6ccc(C)cc6C5=O)cc4)cc2)C3=O)cc1,,0.3574338,,,
716027443,CCCCCCCOC(=O)Nc1cccc(P(=O)(c2ccccc2)c2cccc(NC(=O)OC)c2)c1,,0.35310551,,,
716481605,CNc1c(NC)c2c3ccccc3cc3ccc4cccc1c4c32,,0.34230926,,,
716683288,COc1ccc(Oc2ccc(S(=O)(=O)c3ccc(C)cc3)cc2)cc1,,0.36840915,,,
717229286,CN=P(C)(OCCC(=O)C=C)OCCC(=O)C=C,-42.12432011,,,,
717633419,CO[Si](C)(C)c1ccc2cc([Si](C)(C)C)ccc2c1,,0.41010806,,,
717936443,COc1ccccc1C(=O)OC(=O)c1ccccc1OC(=O)c1cccc(C(C)=O)c1,,0.33111951,,,
718095822,CCCCCCCCCCCCCOC(=O)CC/C=C/CCC(=O)OC,,,0.274,,
718575580,CNCc1ccc(NC)c2ccccc12,,0.32862128,,,
719137941,CCC#CC#CCOc1ccc(C(=O)OCCN(CCOC(=O)c2ccc(OC)cc2)c2ccc(N=Nc3ccc(N=Nc4cc(C)c([N+](=O)[O-])c(C)c4)cc3)cc2)cc1,,0.3672374,,,
719507082,Cc1ccc([Si](c2ccccc2)(c2ccccc2)c2ccc(-c3ccc4c(c3)c3cc(C)ccc3n4CCCCCC#N)cc2)cc1,,0.39438801,,,
719751111,CNc1ccc(-c2ccc(NC)c(-c3ccccc3)c2-c2cccc(C)c2)c(-c2cccc(C)c2)c1-c1ccccc1,,0.38052241,,,
720344171,COc1ccc(NC(=O)c2ccc(C(=O)Nc3ccc(C)cc3)cc2)cc1,,0.34491184,,,
720567395,COCCCCCCCCCCC(=O)Oc1ccc(-c2ccc(C(=O)Oc3ccc(C(=O)OC)c(OC(=O)c4ccc(-c5ccc(OC(=O)CCCCCCCCC(C)COC)cc5)cc4)c3)cc2)cc1,,0.38046147,,,
720781054,CC(=O)c1ccc2c(c1)C(=O)N(c1ccc(Oc3cc4ccccc4cc3Oc3ccc(N4C(=O)c5ccc(C)cc5C4=O)cc3)cc1)C2=O,,0.37047012,,,
720835147,CNc1ccc(C(c2ccc(NC(=O)c3cc(NC(=O)CCCCCN4C(=O)c5ccccc5C4=O)cc(C(C)=O)c3)cc2)(C(F)(F)F)C(F)(F)F)cc1,,0.33696818,,,
721329227,COc1ccc(Nc2ccc(C(=O)c3ccc(C(=O)c4ccc(Nc5ccc(C)cc5)cc4)cc3)cc2)cc1,,0.38639477,,,
721426023,COC(COC(=O)c1ccc(-c2cc(CCCCCCCC)c(-c3ccc(C(C)=O)c(F)c3F)cc2CCCCCCCC)c(F)c1F)COc1ccc(N=Nc2ccc(C#N)cc2)cc1,,0.37990658,,,
721715227,CSc1ccc(P(=O)(c2ccccc2)c2ccc(Sc3ccc(-c4ccc(C)cc4)cc3)cc2)cc1,,0.39670171,,,
721925849,CNc1cc2ccccc2c(C(NC)(c2ccccc2)c2ccccc2)c1N,,0.36049549,,,
722303181,CC=Nc1ccc(N=Cc2ccc(Sc3ccc(C)o3)o2)cc1,95.64631957,,,,
722323887,CCCN(C)C(=O)c1ccccc1,,0.35014456,,,
722337542,CCC(CCCCCC)OC,,0.40228779,,,
722624089,CCC(C)(C)C(=O)OCCCCOc1ccc(N=Nc2ccc(C#N)cc2)cc1,,0.36422503,,,
722656060,C/C=C/C(C)C(C)C,,,,0.801255092,16.53077558
722657419,CCC(COc1ccc(C2CCCC(CC)(c3ccc(OC)cc3)C2)cc1)OC(C)=O,,0.35641137,,,
722671179,CCCCCCCNC(=O)NCc1ccc(CNC(=O)NC)cc1,,0.32915874,,,
722858579,CNc1ccc(-c2ccc(NC)c(-c3ccc(-c4ccccc4)cc3)c2-c2ccc(-c3ccccc3)cc2)c(-c2ccc(-c3ccccc3)cc2)c1-c1ccc(-c2ccccc2)cc1,,0.36435294,,,
722954203,Cc1ccc2c(c1)C(=O)N(c1ccc(Oc3ccc(N4C(=O)c5ccc(C(C)O)cc5C4=O)cc3)cc1)C2=O,,0.366311,,,
722996762,CC(=O)Nc1ccc(C(=O)Nc2ccc(NC(=O)c3ccc4[nH]c(-c5ccc(-c6nc7cc(C)ccc7[nH]6)cc5)nc4c3)cc2)cc1,,0.37298287,,,
723086841,CC(=O)c1ccc(C(=O)N(C)c2ccc(Cc3ccc(N(C)C)c(C)c3)cc2C)cc1,167.9642319,,,,
723328836,COc1cc(Oc2ccc(NC(=O)c3cc(NC(=O)C45CC6CC(CC(C6)C4)C5)cc(C(=O)Nc4ccc(C)cc4)c3)cc2)ccc1C12CC3CC(CC(C3)C1)C2,,0.36497894,,,
723637794,COS(=O)(=O)c1ccc(Oc2ccc(S(=O)(=O)Oc3ccc(-c4ccc(C)cc4)cc3)cc2)cc1,190.021745,,,,
723638059,CNCC(C)(C)CNC,,0.32817407,,,
723903020,Cc1cccc(Cc2cccc(N3C(=O)c4ccc([Si](C)(C)c5ccc6c(c5)C(=O)N(C)C6=O)cc4C3=O)c2)c1,,0.38669859,,,
725291191,CNc1ccc(C2(c3ccc(NC)c(C)c3)c3ccccc3-c3ccccc32)cc1C,,0.381850225,,,
726324276,CCC(C)(C)C(=O)OCCS(=O)(=O)c1ccc(N=Nc2ccc(N(CC)CC)cc2)cc1,,0.37486297,,,
726632865,CNCCNCCNCCNC,,0.32616627,,,
726852979,CCCCNC(=O)CCCCCCCCC(=O)NCCCOCCOCCOC,,0.3490113,,,
726901134,COc1ccc(C2(c3ccc(OC(C)=S)cc3)CCC(C)CC2)cc1,,0.36588296,,,
727287922,COc1ccc(C(C)(C)c2ccc(OC3(F)C(C)(F)C(F)(F)C3(F)F)cc2)cc1,,0.3613817,,,
727715310,CC(=O)c1cc(C(=O)c2ccc3c(c2)C(=O)N(c2ccc(Oc4ccc(S(=O)(=O)c5ccc(Oc6ccc(N7C(=O)c8ccc(C)cc8C7=O)cc6)cc5)cc4)cc2)C3=O)cc(-c2ccccc2)c1,,0.366746,,,
727880096,CNc1c(-c2cccc3ccccc23)ccc(-c2cccc3ccccc23)c1NC,,0.35630163,,,
727931995,Cc1sc(C)c(OCCCCCCCCCCCC)c1C,,,0.37875,0.949355697,16.11371346
727964996,COc1ccc(C(=O)c2ccc(Oc3ccc(C(=O)c4c(C(=O)c5ccc(C)cc5)c(-c5ccccc5)c(-c5ccc6ccccc6c5)c(-c5ccc6ccccc6c5)c4-c4ccccc4)cc3)cc2)cc1,,0.39702899,,,
728252718,COc1ccc(C(C)(C)c2ccc(OC(=O)C3CCC(C(C)=O)CC3)cc2)cc1,,0.3540751,,,
728371459,CC(=O)c1ccc(Oc2ccc(-c3ccc(Oc4ccc(C(=O)c5ccc6c(c5)C(=O)N(c5ccc(N7C(=O)c8ccc(C)cc8C7=O)cc5)C6=O)cc4)cc3)cc2)cc1,,0.37364241,,,
728455428,CC=CC1CC(C)C2C(=O)N(c3ccccc3Br)C(=O)C12,,0.37993611,,,
729133742,COc1ccc(CC(NC(=O)CCc2ccc(OC(C)=O)cc2)C(=O)OCC)cc1,,0.34116188,,,
729574569,CCC(C)(C)C(=O)OC(C(F)(F)F)C(F)(F)F,,0.33395408,0.0755,1.277149707,12.6767809
729669366,COc1ccc(C(c2ccc(OC(=O)c3ccc(Oc4ccc(C(C)=O)cc4)cc3)cc2)(C(F)(F)F)C(F)(F)F)cc1,,0.35569196,,,
730173328,CCC(C)(C)C(=O)OCCCCCCOc1ccc(N=Nc2ccc([N+](=O)[O-])cc2)cc1,,0.36098706,,,
730265166,Cc1c(C)cc(C)c(N2C(=O)c3ccc(-c4ccc5c(c4)C(=O)N(C)C5=O)cc3C2=O)c1C,,0.42202821,,,
730340221,COc1ccc(Sc2ccc(OC(C)=O)cc2)cc1,,0.35903581,,,
730399756,CCC(C)C(=O)OC(C)CCCCCC,,,0.245,0.877762738,11.2218737
730567526,Cc1ccc([Si](C)(C)c2ccc(CN(C)C)cc2)cc1,12.90627629,,,,
730591910,Cc1nnc(-c2ccc(Oc3ccc(C(c4ccc(Oc5ccc(C)c6ccccc56)cc4)(C(F)(F)F)C(F)(F)F)cc3)c3ccccc23)o1,,0.39620569,,,
731184698,CC(=O)OCC(C)(C)COC(=O)N1CCN(C)CC1,,0.33768571,,,
731417662,CCCCCCCCCCCC1CC(CCC2CC(C)OC2=O)C(=O)O1,84.1573412,,,,
731595810,CCC(c1ccccc1)C1C(=O)N(c2ccc(Oc3ccccc3)cc2)C(=O)C1C,,0.367645,,,
732208665,Cc1ccc2nc(-c3ccc4c(c3)C(=O)N(c3cc(C(C)(C(F)(F)F)C(F)(F)F)ccc3O)C4=O)oc2c1,,0.39736804,,,
732280868,CNc1cc(NC)c2ccc3cc(C(C)(C)C)cc4ccc1c2c43,,0.35494944,,,
732578696,COc1ccc(S(=O)(=O)c2ccc(OC(=O)c3ccc([Si](C)(C)c4ccc(C(C)=O)cc4)cc3)cc2)cc1,,0.37223437,,,
732613388,CNc1cccc2c(NC(=O)Nc3cc(NC(C)=O)cc(C(=O)Nc4cccc5c4C(=O)c4ccccc4C5=O)c3)cccc12,,0.33149666,,,
732957114,CCC(O)COc1ccc(C(C)(C)c2ccc(OCC(O)COc3cccc(C(=O)Nc4cccc(OC)c4)c3)cc2)cc1,,0.34135559,,,
733015366,Cc1ccc(Oc2ccc(C(C)(C)c3ccc(Oc4ccc(-c5nc(C)nc(-c6ccccc6)n5)cc4)cc3)cc2)cc1,,0.40568051,,,
733146174,Cc1ccc(Oc2ccc(N3C(=O)c4ccc(C(c5ccc6c(c5)C(=O)N(c5ncc(C)s5)C6=O)(C(F)(F)F)C(F)(F)F)cc4C3=O)cc2)cc1,,0.4074392,,,
734539627,Cc1cccc(P(C)(=O)c2cccc(N3C(=O)c4ccc(NC(=O)OCCOc5ccc(C(c6ccc(OCCOC(=O)Nc7ccc8c(c7)C(=O)N(C)C8=O)cc6)(C(F)(F)F)C(F)(F)F)cc5)cc4C3=O)c2)c1,,0.34534828,,,
734958593,CCC(C)c1ccccc1COC,,0.37399571,0.2066666666666666,,
735019484,Cc1ccc(Oc2ccc(Oc3ccc(N4C(=O)c5ccc(-c6ccc7c(c6)C(=O)N(C)C7=O)cc5C4=O)cc3)c(-c3ccccc3)c2)cc1,,0.37852395,,,
735028416,CCC(C)c1ccccc1C(=O)OCCCCC,,0.37483446,0.1923333333333333,,
735082604,CC(=O)c1ccc(Oc2ccc(C(C)(C)c3ccc(Oc4ccc(C)s4)cc3)cc2)s1,,0.37910073,,,
735143665,CCCCCCCCCCCOC(=O)NNC(=O)CCCCCCCCC(=O)NNC(=O)OC,,0.35290149,,,
735307697,CCCC(CC)CC(C)CNC(=O)c1ccc(C(=O)NC)cc1,,0.34406893,,,
735659533,CCC(C)OCCCCCCCCCCCOc1ccc(C(=O)Oc2ccc(C#N)cc2)cc1,,0.36822065,,,
736152348,CNc1ccc2ccccc2c1Cc1c(NC)ccc2ccccc12,,0.34468979,,,
736727472,CCC(O)COc1ccc(C(C)(C)c2ccc(OCC(O)COc3ccc(S(=O)(=O)c4ccc(OC)c(C)c4)cc3C)cc2)cc1,,0.35738719,,,
736792055,Cc1cccc(-c2cccc(C(F)(F)C(F)(F)C(C)(F)F)c2)c1,,0.36208143,,,
736908890,COC(=O)OCCOCCOCCOCCOC(=O)OC1COC2C(C)COC12,,0.32639137,,,
737341727,CCC(C)n1c2ccc(Br)cc2c2cc(Br)ccc21,115.6170166,,,,
737356509,Cc1ccc(N2C(=O)c3c(c(-c4ccccc4)c(-c4ccc(-c5c(-c6ccccc6)c6c(c(-c7ccccc7)c5-c5ccccc5)C(=O)N(C)C6=O)cc4)c(-c4ccccc4)c3-c3ccccc3)C2=O)cc1,,0.42520451,,,
737362009,CCOC1OC(C)C(O)C(O)C1O,,0.28194212,,,
738034100,CNc1cccc(NC(=O)CCCCC(=O)Nc2cccc(NC(=S)NC(=O)CCCCCCCCC(=O)NC(C)=S)c2)c1,,0.34083376,,,
738593262,CNc1ccc(NC(=O)c2ccc(NC(=O)c3ccc(P(=O)(c4ccccc4)c4ccc(C(C)=O)cc4)cc3)cc2)cc1,,0.35850742,,,
738625870,CNc1cccc(-c2cccc(-c3ccccc3)c2-c2ccccc2)c1NC,,0.36058761,,,
738887961,CC1C(C)C2CC1C(COCc1ccccc1)C2COCc1ccccc1,,0.35376741,,,
739506612,CC(=O)c1ccc2c(c1)C(=O)N(c1ccc(Oc3ccccc3N3C(=O)c4ccc(C)cc4C3=O)cc1)C2=O,,0.36896466,,,
739562740,Cc1ccc(C2(c3ccc(N4C(=O)c5ccc(S(=O)(=O)c6ccc7c(c6)C(=O)N(C)C7=O)cc5C4=O)cc3)c3ccccc3-c3ccccc32)cc1,,0.4105138,,,
739643942,CCCCS(=O)(=O)c1ccc(N=Nc2ccc(N(CCCC)CC(=O)OC)cc2)cc1,,0.37775099,,,
739659224,CCCC(C)C(C)(C)C(=O)OC,,0.35037365,,,
739937375,CCCN(CCOC(=O)c1ccc(C(=O)OC)cc1)c1ccc(-c2nc3ccc([N+](=O)[O-])cc3o2)cc1,,0.35125653,,,
740224734,CNc1cc2c(cc1NC)[C@]1(C)c3c(ccc(N)c3N)[C@]3(C)c4cc(N)c(N)cc4[C@@]2(C)[C@@H]31,,0.39437895,,,
741750852,CC=CC1CC(C)C(C(=O)OCCCCCCCCCCCOc2ccc(-c3ccc(C#N)cc3)cc2)C1C(=O)OCCCCCCCCCCCOc1ccc(-c2ccc(C#N)cc2)cc1,,0.37717295,,,
742319182,CNc1ccc(-c2ccc(-c3ccc(NC)c(-c4ccc(C(C)C)cc4)c3-c3ccc(C(C)C)cc3)cc2)cc1,,0.3784415,,,
742571113,Cc1cc(C)c(O)c(C=Nc2ccc(F)cc2)c1,-121.5212841,,,,
742772976,Cc1ccc(-c2cc(CCCCCCCC)c(-c3ccc(-c4ccc(-c5sc(-c6ccc([Si](C)(CCCC)CCCC)s6)cc5CCCCCCCC)s4)s3)s2)s1,,0.42518997,,,
743402006,CCCCCCCCCNC(=O)CC(=O)NC,,0.33840091,,,
744301389,COC(COC(=O)C1=C(C(=O)OCC(COC(=O)C2=C(c3ccccc3)C3C=CC2C3)OC(=O)c2ccc(C(C)=O)cc2)C2C=CC1C2)COC(=O)C1=C(c2ccccc2)C2C=CC1C2,,0.34889157,,,
744751157,CCCN(CCOC(=O)Nc1ccc(C)c(NC(=O)OC)c1)c1ccccc1,,0.34387073,,,
745130197,COC(=O)CCCCCC(C)=O,,,0.237,1.084856799,17.5417392
745501666,CCC(C)(C)C(=O)OCCCCCCCCCCOc1ccc(OC(=O)c2ccc(-c3ccc(OC)cc3)cc2)cc1,,0.35115071,,,
745635632,CNc1ccc2ccccc2c1-c1c(NC)ccc2ccccc12,,0.35275725,,,
745676028,COc1ccc(Oc2ccc(NC(=O)c3cccc(C(=O)Nc4ccc(C)cc4)c3)cc2)cc1C(C)(C)C,,0.36499914,,,
745925185,Cc1ccc2c(c1)C(CCCCCC)(CCCCCC)c1cc(-c3ccc4c(c3)c3cc(C)ccc3n4-c3ccc(C)cc3)ccc1-2,,0.39958205,,,
746006701,CCC(C#N)C(CCC(C)(O)C=C)C(C)(C)C,,0.3589437,,,
746033942,CC(=O)Nc1ccc(Oc2ccc(C3(c4ccc(Oc5ccc(NC(=O)c6ccc7c(c6)C(=O)N(c6ccc(Oc8cccc(N9C(=O)c%10ccc(C)cc%10C9=O)c8)cc6)C7=O)cc5)cc4)NC(=O)c4ccccc43)cc2)cc1,,0.36211978,,,
746099992,COc1ccc(C2(c3ccc(Oc4ccc(-c5ccc(-c6ccc(C)c(C(F)(F)F)c6)cc5)cc4C(F)(F)F)cc3)c3ccccc3-c3ccccc32)cc1,,0.40015499,,,
746373374,CCCCCCCCCCN1C(=O)c2ccc(-c3ccc(-c4ccc5c(c4)C(=O)N(C)C5=O)cc3)cc2C1=O,,0.34895438,,,
746810021,COc1ccc(CC(NC(=O)CCc2ccc(OC(=O)CCC(C)=O)cc2)C(=O)OCCCCCCCCCCCC)cc1,,0.35629781,,,
746817611,CCCOC(=O)Nc1ccc(NC(=O)OC)cc1,134.2908917,,,,
746903081,CC/C=C/COC(=O)NCCCCCCNC(=O)OC,,0.33443961,,,
747034836,Cc1cc(N=Cc2ccc(F)cc2)c(O)c(C)c1C,,0.39302909,,,
747510254,CNc1cccc2c1ccc1c3cccc(NC)c3ccc21,,0.33361002,,,
747579493,CO[Si](C)(C)O[Si](C)(C)O[Si](C)(C)O[Si](C)(C)O[Si](C)(C)OC(C)CCC(C)C,,0.43809694,,,
748222139,CCCCCCCNC(=O)CCC1(CCC(=O)NC)c2ccccc2-c2ccccc21,,0.34859909,,,
748600767,C/C=C/C1CCC(C)C1,,,0.2603333333333333,,
748602077,CO[Si](C)(C)CCCCCn1c2ccccc2c2ccccc21,,0.37747009,,,
748679100,CC(=O)Nc1ccc(NC(=O)c2ccc3c(c2)C(=O)N(c2c(C)cc(C)c(N4C(=O)c5ccc(C)cc5C4=O)c2C)C3=O)cc1,,0.37301692,,,
749003022,CSc1ccc(-c2ccc(SC(=O)CCCCC(C)=O)cc2)cc1,13.2621556,,,,
749288648,Cc1ccc(-c2ccc(-c3ccc(-c4cc(-c5ccccc5)c5cc(-c6ccc7nc(C)cc(-c8ccccc8)c7c6)ccc5n4)cc3)cc2)cc1,,0.41180869,,,
749314033,COC(=O)C(C)NC(=O)CCCCCCCCC(=O)NC(C)C(=O)OC1COC2C(C)COC12,,0.33769731,,,
749316999,CNc1cccc(C(c2ccccc2)(c2ccccc2)c2ccccc2)c1NC,,0.36834025,,,
749375446,CNc1ccc(C(c2ccc(NC(=O)c3cc(NC(=O)C45CC6CC(CC(C6)C4)C5)cc(C(C)=O)c3)cc2)(C(F)(F)F)C(F)(F)F)cc1,,0.35504782,,,
749548087,CC(=O)Nc1cccc(P(=O)(c2ccccc2)c2cccc(NC(=O)c3ccc4c(c3)C(=O)N(c3cccc(P(=O)(c5ccccc5)c5cccc(N6C(=O)c7ccc(C)cc7C6=O)c5)c3)C4=O)c2)c1,,0.36969182,,,
749662533,CNc1ccc(/C(C)=C\C(C)(C)c2ccc(NC)cc2)cc1,,0.35473258,,,
749826349,Cc1ccc(NC(=O)Nc2ccc(NC(=O)Nc3ccc(-c4nc(-c5ccc([N+](=O)[O-])cc5)[nH]c4C)cc3)cc2)cc1,,0.35066768,0.269,1.201196246,19.2258376
750049504,Cc1ccc(-c2sc(-c3ccc(-c4cc(SCCCC)c(C)s4)cc3)cc2SCCCC)cc1,,0.51197804,,,
750380744,COCCCCCCCCCCC(=O)Oc1ccc(-c2ccc(C(=O)Oc3cccc(OC(=O)c4ccc(-c5ccc(OC(=O)CCCCCCCCC(C)COC)cc5)cc4)c3)cc2)cc1,,0.38046147,,,
750442059,CNc1ccc(Cc2ccc(NC(=O)c3cc(NC(=O)CCCCCCCCCCN4C(=O)c5ccccc5C4=O)cc(C(C)=O)c3)cc2)cc1,,0.34759943,,,
750805819,COc1ccc(CC(NC(=O)CCc2ccc(OC(=O)CCCCCCCCC(C)=O)cc2)C(=O)OCC(C)C)cc1,,0.35420645,,,
750893336,CCCCCCCCCOC(=O)c1ccc2cc(C(=O)OC)ccc2c1,,0.35432247,,,
751017152,COc1ccc(Oc2ccc(NC(=O)c3ccc(Oc4ccc(Oc5ccc(C(=O)Nc6ccc(C)cc6)cc5)cc4C)cc3)cc2)cc1C,,0.36216317,,,
751223406,COc1ccc(N=C(c2ccccc2)c2ccc(Oc3ccc(-c4ccc(Oc5ccc(C(=Nc6ccc(C)cc6)c6ccccc6)cc5)cc4)cc3)cc2)cc1,,0.38227472,,,
751286665,CCC(Cc1ccc(-c2ccccc2)cc1)C[Si](C)(C)C,,0.37356757,,,
751321800,COc1ccc(S(=O)(=O)c2ccc(Oc3ccc(C(C)(C)c4ccc(C)cc4)cc3)c([N+](=O)[O-])c2)cc1[N+](=O)[O-],,0.38190674,,,
751554332,CNc1cccc2cc3c(NC)cccc3cc12,,0.34156849,,,
751973346,CN=Nc1ccc([Te]c2ccc(C)cc2)cc1,,0.35960485,,,
752114706,CC(=O)Nc1ccc(S(=O)(=O)c2ccc(N3C(=O)CC(N4C(=O)c5ccc(C)cc5C4=O)C3=O)cc2)cc1,,0.35376689,,,
752379788,CC1=NC2=CC(C)C=CC2=C1,103.156476,,,,
753005996,CN=P(C)(NCC)NCC,,0.39858721,,,
753199362,CCC(F)(F)C(F)(F)C(F)(F)COC(=O)c1cccc(C(F)(F)C(F)(F)C(F)(F)C(F)(F)C(F)(F)c2cccc(C(=O)OC)c2)c1,,0.33541643,,,
753570442,CCC(C)c1cc(C(F)(F)F)cc(C(F)(F)F)c1,,0.38284106,,,
754272312,CCC(c1ccccc1)C1C(=O)N(CCCCCCCC)C(=O)C1C,105.6965321,,,,
754288361,CNc1ccc(-c2ccc(NC)c(=C\c3ccccc3)/c2=C\c2ccccc2)cc1,,0.36805136,,,
754541700,CO[Si](C)(C)CCCCCOc1ccc(OC(=O)c2ccc(OCCCC)cc2)cc1,-64.12566312,,,,
754551833,CCC1CCC(COC(=O)OC)CC1,,0.34179915,,,
754749806,CCCCOC(=O)CCCC(=O)OC,,0.32464851,,,
755483998,CCC(C)C(=O)OCC(C)(C)C,,0.38252829,0.2115,0.901190148,13.30665929
756378273,Cc1ccc(-c2ccc(-c3cc(CCCCCCCC)c(-c4ccc(-c5sc(C)cc5CCCCCCCC)cc4)s3)cc2)cc1,,0.4395737,,,
756437706,COc1ccc(Oc2ccc(C=NCCCCCCN=Cc3ccc(C)cc3)cc2)cc1,,0.37498701,,,
756521912,CCCCC(C)(C)CNC(=O)CCCC(=O)NC,,0.33531412,,,
756721321,CC(=O)OCCOC(=O)N1CCN(C)CC1,,0.31625475,,,
756782287,CNc1cc2c(cc1NC)-c1cc(N)c(N)cc1C2,,0.35872806,,,
757100562,COc1ccc(-c2ccc(Oc3ccc(C)cc3)c3ccccc23)c2ccccc12,,0.39245647,,,
757588646,CN=P(C)(OCC)OCC,,0.38134489,,,
757729082,COc1ccc(C(=Cc2ccc(-c3ccc(C=C(c4ccccc4)c4ccc(OC(=O)c5cccc(C(C)=O)c5)cc4)cc3)cc2)c2ccccc2)cc1,,0.37719758,,,
758693518,CC=Cc1ccc(OC(=O)CCCCCCCCC(=O)Oc2ccc(-c3nnc(C)s3)cc2)cc1,,0.36259247,,,
758756190,COc1ccc(Oc2cccc(C)n2)c(C)c1,,0.35844504,,,
759011226,COc1ccc(C(=O)c2ccccc2)c(-c2cc(Oc3ccc(-c4ccc(C)cc4)cc3)ccc2C(=O)c2ccccc2)c1,,0.38076076,,,
759255806,CCC(C)(C)C(=O)OCCOc1ccc(-c2ccc(-c3ccc(C#N)cc3)cc2)cc1,,0.34955949,,,
759347222,CNc1ccc2c(c1)[C@@H]1c3ccc(NC)cc3[C@@H]3c4ccc(N)cc4[C@H]2C31C,,0.3861986,,,
759929518,CCCCCCCNC(=O)CCC(C)(C)c1ccc(C(C)(C)CCC(=O)NC)cc1,,0.34678668,,,
760236787,COc1ccc(NC(=O)c2ccc(C(=O)Nc3ccc(Oc4ccc(C5(c6ccc(C)cc6)C6CC7CC(C6)CC5C7)cc4)cc3)cc2)cc1,,0.36751197,,,
760704855,CCC(CCC)C(CCC)COC(=O)c1ccc(C(=O)OC)cc1,,0.35986074,,,
760704971,Cc1ccc([Si](C)(C)C)s1,,0.42057371,,,
760753809,CCCc1cc(C)c(C)cc1C,,0.39678497,,,
761202167,Cc1ccc(-c2cc(CCCCCCCC)c(-c3ccc(-c4sc(C)cc4CCCCCCCC)cc3)s2)cn1,,0.43120083,,,
761297738,CNc1ccc(CC2=CC=C[C@@](C)(c3ccc(Cc4ccc(NC)cc4)cc3)C=C2)cc1,,0.34837056,,,
761520590,CNc1cccc2c1-c1c(NC)cccc1C2(c1ccccc1N)c1ccccc1N,,0.36322501,,,
761786133,COc1ccc(S(=O)(=O)c2ccc(Oc3ccc(S(=O)(=O)c4ccc(-c5ccc(S(=O)(=O)c6ccc(C)cc6)cc5)cc4)cc3)cc2)cc1,,0.3714925,,,
761886758,CO[Si](C)(C)CCCOc1ccc(C(=O)Oc2ccc(-c3ccc(OC(=O)c4cc(OCC(C)CC)c(OCC(C)CC)c(OCC(C)CC)c4)cc3)cc2)cc1,,0.37208958,,,
762219171,Cc1cccc(N2C(=O)c3ccc(Oc4ccc(C(C)(C)c5ccc(Oc6ccc7c(c6)C(=O)N(C)C7=O)cc5)cc4)cc3C2=O)c1,,0.37303121,,,
762368408,CC(=O)Nc1cccc(N2C(=O)CC(N3C(=O)c4ccc(C)cc4C3=O)C2=O)c1,,0.34139674,,,
762944097,COc1ccc(S(=O)(=O)c2ccc(Oc3c(C)cc(C4CCC(C(C)(C)c5cc(C)c(C)c(C)c5)CC4C)cc3C)cc2)cc1,250.477212,,,,
763114241,CC(=O)Nc1ccc(Cc2ccc(N3C(=O)CC(N4C(=O)c5ccc(C)cc5C4=O)C3=O)cc2)cc1,,0.35665576,,,
763411577,CNc1cc2c(cc1NC)[C@H]1CC[C@@H]2CC1,,0.35470749,,,
763411836,Cc1ccc(NC(=O)Nc2ccc(NC(=O)Nc3ccc(-c4nc(-c5ccc(-c6nc(-c7ccc([N+](=O)[O-])cc7)c(-c7ccc([N+](=O)[O-])cc7)[nH]6)cc5)[nH]c4C)cc3)cc2)cc1,,0.37265586,,,
763726764,CCC(C)(C)C1C(=O)N(C)C(=O)C1C,,0.33146348,,,
763991123,CNc1ccc(C2(c3ccc(NC)cc3)C=CC(c3ccccc3)=CC2)cc1,,0.35269546,,,
764245724,Cc1ccc(C(=O)OCCCCCCCCOc2ccc(C=C3CCCC(=Cc4ccc(OCCCCCCCCOC(=O)c5ccc(-c6nnc(C)o6)cc5)cc4)C3=O)cc2)cc1,,0.37367873,,,
764326592,CC=CCC(CC)(C(=O)OC12CC3CC(CC(C3)C1)C2)C(=O)OC12CC3CC(CC(C3)C1)C2,,0.379025,,,
764363021,COc1ccc(P(=O)(c2ccccc2)c2ccc(Oc3ccc(-c4ccc(C)cc4)cc3)cc2)cc1,,0.40024416,,,
764478101,CC=Cc1ccc(OC(=O)CCCCCCCCC(=O)Oc2cccc(-c3nnc(C)s3)c2)cc1,,0.35845216,,,
764504672,CCCCCCCCCCCCCCCNC(=O)CCc1ccc(CCC(=O)NC)cc1,,0.36896475,,,
764566036,CNc1ccc(Oc2ccc(Oc3ccc(NC)cc3C(F)(F)F)cc2)c(C(F)(F)F)c1,,0.34410013,,,
764633726,CCCOCCOCCOCCOC(=O)NCCCCCCNC(=O)OC,,0.3380047,,,
765055507,CCCCCCCCCCC(c1ccc(O)cc1)C(C)c1ccc(O)cc1C,,0.37834566,,,
765135916,CNc1ccc(C(CC)=C(c2ccc(N)cc2)c2ccc(NC)cc2)cc1,,0.36758067,,,
765310183,CC(=O)c1ccc2c(c1)C(=O)N(c1cc(N3C(=O)c4ccc(C)cc4C3=O)c(O)cc1O)C2=O,,0.3634881,,,
765454454,Cc1ncnc(N(CCCCN(C)c2ccccc2)c2ccccc2)n1,,0.37819273,,,
765521185,CCCCCCCCCCCCNC(=O)CCCCCCCCCCCCCCCCCCC(=O)NC,,0.38269266,0.37175,0.887262341,24.48690078
765731942,CCCNC(=O)CCP(C)(=O)CCC(=O)NC,143.8466204,,,,
765785607,Cc1ccc(OC(=O)c2cc(Cl)cc(C(=O)Oc3ccc(C4(C)OC(=O)c5ccccc54)cc3)c2)cc1,,0.36120932,,,
765893959,CNc1cccc(C2(c3cccc(NC)c3)c3cc(C)ccc3-c3ccc(C)cc32)c1,,0.37704106,,,
765976138,Cc1ccc(Oc2ccc(C(=O)c3cccc(C(=O)c4ccc(Oc5ccc(-c6cc(C)[nH]n6)cc5)cc4)c3)cc2)cc1,,0.37462428,,,
766108648,COc1ccc(NC(=O)c2cccc(C(=O)Nc3ccc(Oc4ccc(C(C)(C)c5cccc(C(C)(C)c6ccc(C)cc6)c5)cc4)cc3)c2)cc1,,0.35956065,,,
766443404,CC(F)(F)C1(C)OC(F)(C(F)(F)F)C(F)(C(F)(F)F)O1,,0.33383626,,,
766636095,CCCCCCCOC(=O)C(CCCCCP(=O)(OCC)OCC)C(=O)OCCCCCCOc1ccc(-n2on2-c2ccc(OC)cc2)cc1,,0.36679836,,,
766749407,CCC(C)(C)C(=O)OCCCc1ccc(N=Nc2ccc(OC(F)(F)F)cc2)cc1,,0.35850149,,,
767346074,CCCCCCCCCCCCCOC(=O)c1ccc(-c2ccc(C(=O)OC)cc2)cc1,,0.36151008,,,
768384141,CCCCP(CCCCCCCC)CCCNC(=O)CCCCC(=O)NC,,0.3656047,,,
768467775,COc1ccc(Oc2ccc(Oc3cccc(C)n3)cc2)cc1,-19.11943844,,,,
769383218,CCCOP(=O)(N=Nc1ccc(Oc2ccc(N=NP(=O)(OC)OCC)cc2)cc1)OCC,,0.3620127,,,
769839159,COc1ccc(C(=O)OCCOCCOCCOCCOC(=O)c2ccc(OC(=O)c3ccc(C(C)=O)cc3)cc2)cc1,,0.3367055,,,
770392100,CCC(C)(C)C(=O)OC1(C)CCOC(=O)C1,,0.31901326,,,
770474874,CCCCCCNC(=O)CCCCCCOCCCCCCC(=O)NCCCCCOC,,,0.285,0.955888415,19.41025454
770593247,CC(=O)c1ccc2c(c1)C(=O)N(c1cccc(C#Cc3cccc(N4C(=O)c5ccc(C)cc5C4=O)c3)c1)C2=O,,0.39815997,,,
771410628,CC(=O)OCC(COc1ccc(N=Nc2ccc(C#N)cc2)cc1)OC(=O)c1ncccc1C,,0.3600163,,,
771609530,CCC(C)c1ccc(CCCCCC)cc1,,0.40375659,0.241,,
771639833,CCC(O)CN(C)S(=O)(=O)c1cccc(S(=O)(=O)N(C)CC(O)COc2ccc(-c3ccc(OC)cc3)cc2)c1,,0.34065553,,,
771772442,COc1cc(C(C)(C)C)c(Oc2ccc(C(=O)Nc3c(C)cc(Cc4cc(C)c(NC(=O)c5ccc(C)cc5)c(C(C)C)c4)cc3C(C)C)cc2)cc1C(C)(C)C,,0.40228306,,,
772440851,CCC(C)c1ccc(C(=O)Cc2ccccc2)cc1,,0.36666659,,,
772566639,Cc1ccc2c(c1)C(=O)N(c1ccc(OCCCCCCCCCCOc3ccc(N4C(=O)c5ccc(C(C)(C(F)(F)F)C(F)(F)F)cc5C4=O)cc3)cc1)C2=O,,0.35617191,,,
772591088,CCc1ccc2oc(=O)c(C(=O)Nc3ccc(Oc4ccc(NC(=O)c5cc6cc(C)ccc6oc5=O)cc4)cc3)cc2c1,,0.33664324,,,
773428035,CO[Si](C)(C)CCCOc1ccc(C(=O)OC2CCC3(C)C(=CCC4C3CCC3(C)C(C(C)CCCC(C)C)CCC43)C2)cc1,,0.373350915,,,
773706830,CNc1cccc2c(NC)c3ccccc3cc12,,0.34219547,,,
774116157,Cc1ccc(-c2ccc3c(c2)C(CCCCCCBr)(CCCCCCBr)c2cc(C)ccc2-3)cc1,,0.41425239,0.236,1.064142833,29.39678289
774594190,CNc1ccc(-c2cc(NC)ccc2-c2ccc(N)cc2)cc1,,0.34901501,,,
775478514,CC(=O)c1ccc2c(c1)C(=O)N(c1ccc(Oc3ccc(C(=O)c4ccc(C(=O)c5ccc(C(=O)c6ccc(Oc7ccc(N8C(=O)c9ccc(C)cc9C8=O)cc7)cc6)cc5)cc4)cc3)cc1)C2=O,,0.37412723,,,
776515253,CC(=O)N(C)CCCCCC,14.34014558,,,,
777120719,Cc1ccc(Oc2ccc(C(c3ccc(Oc4ccc(-c5ncc(C)o5)cc4C(F)(F)F)cc3)(C(F)(F)F)C(F)(F)F)cc2)c(C(F)(F)F)c1,,0.39644075,,,
777245562,CNc1ccc2cc3cccc(NC)c3cc2c1,,0.33634853,,,
777333329,Cc1ccc2c(c1)C(=O)N(c1cc(Oc3c(C)cc(-c4cc(C)c(Oc5cc(N6C(=O)c7ccc(C(C)(C(F)(F)F)C(F)(F)F)cc7C6=O)cc(C(F)(F)F)c5)c(C)c4)cc3C)cc(C(F)(F)F)c1)C2=O,,0.39069947,,,
777956854,CNc1ccccc1-c1ccc2c(c1-c1ccccc1NC)Cc1ccccc1-2,,0.359745555,,,
778024152,CC(=O)Nc1ccc(S(=O)(=O)c2ccc(NC(=O)c3ccc4c(c3)C(=O)N(c3ccc(OCCCOc5ccc(N6C(=O)c7ccc(C)cc7C6=O)cc5)cc3)C4=O)cc2)cc1,163.1829015,,,,
778266959,CCC(C)c1ccc(C(C)(O)CCCC)cc1,,0.39130508,,,
778508668,CCCCCC(=O)Oc1ccc(-c2ccc(OC(=O)c3ccc4c(c3)C(=O)N(C)C4=O)cc2)cc1,,0.33853108,,,
779018837,CC=C(C)c1cc(CO)c(OCc2ccc(CNC(C)COCCCCCCCC)cc2)c(CO)c1,65.78481038,,,,
779245999,Cc1ccc(C(C)C)cc1,,0.38776723,,,
779535649,CCCc1ccc(CCNC(=O)CCCCCCCCCCCCCCCC(=O)NC)cc1,,,0.3515,0.963570323,20.56020443
779877733,CC(=O)c1ccc2c(c1)C(=O)N(c1ccc(-c3ccc(N4C(=O)c5ccc(C)cc5C4=O)c(OCCCCCCOc4ccc(/C=C/c5ccc(F)cc5)cc4)c3)cc1OCCCCCCOc1ccc(/C=C/c3ccc(F)cc3)cc1)C2=O,,0.36477665,,,
780149366,CNc1ccc(-c2ccccc2)c(-c2ccccc2)c1NC,,0.3546781,,,
780388384,Cc1ccc([Si](c2ccccc2)(c2ccccc2)c2ccc(-c3nnc(-c4ccc(-c5nnc(C)o5)cc4)o3)cc2)cc1,,0.48674163,,,
780433305,COc1ccc(NC(=O)c2ccc(Oc3ccc(C(C)(C)c4cccc(C(C)(C)c5ccc(Oc6ccc(C(=O)Nc7ccc(Oc8ccc(-c9ccc(C)cc9)cc8)cc7)cc6)cc5)c4)cc3)cc2)cc1,,0.36823106,,,
780752652,CNc1cc2c(cc1NC)[C@@]1(C)c3cc(N)c(N)cc3[C@@]3(C)c4cc(N)c(N)cc4[C@]2(C)[C@]31C,,0.40071937,,,
781281190,COc1ccc(NC(=O)c2cc(NC(=O)c3ccc(OC(C)=O)cc3)cc(C(=O)Nc3ccc(Oc4ccc(-c5ccc(C)cc5)cc4)cc3)c2)cc1,,0.34777733,,,
781306630,Cc1cccc(N2C(=O)c3ccc(P(=O)(c4ccccc4)c4ccc5c(c4)C(=O)N(C)C5=O)cc3C2=O)c1,,0.3954689,,,
781325985,CNc1ccc(Br)cc1-c1ccc(NC(=O)c2ccc(C(C)=O)cc2)cc1,,0.36239471,,,
781403971,CCC(O)CN(C)c1cc(C)cc(C)c1,,0.38340984,,,
781605401,CCCCCCCCCCCC(=O)NCCCCCC(=O)NC,,0.35926129,0.296,0.953522466,19.36818383
782092877,CNc1nc(NC)n(N)c(=S)n1,,0.31626297,,,
782678603,CCCCCCCCCCCCCCCCCCCCCOC(=O)CC(=O)OC,,0.38129764,0.318,0.918493366,19.41376744
783040210,COc1ccc(S(=O)(=O)c2ccc(Oc3ccc(C(C)(C)c4ccc(Oc5ccc(C(=O)c6ccc(C)cc6)cc5)cc4)cc3)cc2)cc1,,0.37602514,,,
783055378,Cc1cccc(C(=O)Nc2cccc(S(=O)(=O)c3cccc(NC(=O)c4cccc(N5C(=O)c6ccc(-c7ccc8c(c7)C(=O)N(C)C8=O)cc6C5=O)c4)c3)c2)c1,,0.35166575,,,
783150586,C/C=C(\C#N)C(=O)Nc1cccc(NC(=O)/C(C#N)=C/c2ccc(/C=C/c3ccc(N(c4ccccc4)c4ccc(N(c5ccccc5)c5ccc(/C=C/c6ccc(C)s6)cc5)cc4)cc3)s2)c1,243.9892983,,,,
783176072,CC(=O)OCCCSCCCCCCSCCCOC(=O)c1ccc(N2C(=O)c3ccc(C)cc3C2=O)cc1,,0.35879978,,,
783233627,CO[Sn](CCCC)(CCCC)OC(=O)CCCCC(C)=O,,0.36080704,,,
783252697,CCCCCCCCCCCCCOC(=O)NCc1ccc(CNC(=O)OC)cc1,,0.35707291,,,
783421229,Cc1cccc(P(=O)(c2cccc(N3C(=O)c4ccc(Oc5ccc6c(c5)C(=O)N(C)C6=O)cc4C3=O)c2)c2cc(C(F)(F)F)cc(C(F)(F)F)c2)c1,,0.38638827,,,
783528107,Cc1cc(CCCCCCOC(=O)COC)c(C)s1,,0.36444159,,,
783741919,CNc1cc2c(cc1NC)C1(c3cc(N)c(N)cc3-c3cc(N)c(N)cc31)c1cc(N)c(N)cc1-2,,0.37495313,,,
783812275,CC1CCC(C)C1,,0.37999271,,0.903468969,19.86080991
784293016,CCC(CC(C)(C#N)C#N)c1ccc(CCl)cc1,,0.3903293,,,
784363756,Cc1ccc(Oc2ccc(C(=O)c3ccc(C(=O)c4ccc(Oc5ccc(-c6cc(C)n(-c7ccccc7)n6)cc5)cc4)cc3)cc2)cc1,,0.38790383,,,
784935951,CCCNC(=O)c1ccc2cc(OC)ccc2c1,,0.33091429,,,
785079844,COc1ccc(Oc2ccc(NC(=O)c3ccc(Oc4ccc(Oc5ccc(C(=O)Nc6ccc(C)cc6)cc5)cc4)cc3)cc2)cc1,,0.35773858,,,
785209471,COC(=O)C(C)NC(=O)CCCCCCC(=O)NC(C)C(=O)OC1COC2C(C)COC12,,0.32784472,,,
785463469,CCCCCCCCCc1nc2cc(-c3ccc4[nH]c(C)nc4c3)ccc2[nH]1,,0.37040662,,,
785739315,CCC(C)(C)C(=O)OCC(C)(C)C1OCC(C)(C)CO1,,0.36823735,0.1619999999999999,0.904274504,10.65097658
786535870,CNc1ccc(C(C)(C)c2ccc(C(C)(C)c3ccc(Nc4ccc(C(=O)c5ccc(C(=O)c6ccc(C)cc6)cc5)cc4)cc3)cc2)cc1,,0.3924613,,,
786832504,COc1ccc(Sc2ccc(Oc3ccc4c(=O)n5c6cc(Oc7ccc8c(c7)nc7c9ccc(C)c%10cccc(c(=O)n87)c%109)ccc6nc5c5cccc3c45)cc2)cc1,,0.37773112,,,
787172285,CNc1cc2c(cc1NC)[C@H]1c3ccccc3[C@@H]2c2ccccc21,,0.37667413,,,
787518160,CCCC(=O)OCCCC=CCCCOC(=O)CCC1NC(=O)C(C)NC1=O,25.37727633,,,,
787533936,Cc1ccc2c(c1)C(=O)N(c1ccc(Oc3c(C)cc(Cc4cc(C)c(Oc5ccc(N6C(=O)c7ccc(C(C)(C(F)(F)F)C(F)(F)F)cc7C6=O)cc5)c(C)c4)cc3C)cc1)C2=O,,0.39072114,,,
788080561,COc1ccc(C(C)(C)c2ccc(OC(=O)Nc3cccc(P(=O)(c4ccccc4)c4cccc(NC(C)=O)c4)c3)cc2)cc1,,0.36021287,,,
788688131,Cc1cc(OCCCCCCCCCCCCCCCC)cc(N2C(=O)c3ccc(Oc4ccc5c(c4)C(=O)N(C)C5=O)cc3C2=O)c1,,0.37287134,,,
789071222,CCC(C)c1ccccc1C(=O)Nc1ccccc1,,0.35753244,0.1636666666666666,,
789164013,CCC(C)(C)C(=O)OCCCCCCn1c2ccccc2c2cc(N=Nc3ccc([N+](=O)[O-])cc3[N+](=O)[O-])ccc21,,0.3638222,,,
789200912,CCC(C)c1c(Cl)cccc1Cl,,0.39048668,,,
789216614,CNCCNCCCNCCNC,,0.3304575349999999,,,
789218686,CCC(C)(C)C(=O)NC(C)c1ccccc1,,0.3551036,,,
789469220,CCC(C)(C)C(=O)OCc1ccc(C=CC(=O)C2c3ccccc3C(=O)c3ccccc32)cc1,,0.34725441,,,
790220540,COc1ccc(S(=O)(=O)c2cccc3c(S(=O)(=O)c4ccc(Oc5ccc(-c6ccc(C)cc6)cc5)cc4)cccc23)cc1,,0.36562978,,,
790422297,CCC(C)(C)C(=O)OCCCCCCOc1cccc(C(=O)Oc2ccc(C#N)cc2)c1,,0.34903264,,,
790707240,CNc1ccc(CCc2ccc(NC(=O)c3ccc(C(C)=O)cc3)cc2)cc1,245.2414672,,,,
790828475,CNc1ccc(C(c2ccc(NC(=O)c3cccc(C(C)=O)c3)cc2)(C(F)(F)F)C(F)(F)F)cc1,,0.3504904,,,
791518570,Cc1ccc(-c2cc(-c3ccc(-c4ccccc4)cc3)cc(-c3ccc(N4C(=O)c5ccc(NC(=O)Nc6cccc7c(NC(=O)Nc8ccc9c(c8)C(=O)N(C)C9=O)cccc67)cc5C4=O)cc3)n2)cc1,,0.35993207,,,
791544306,Cc1ccc(-c2cc(OCCCCCCCCCC)c(C)cc2OCCCCCCCCCC)cc1,61.07976291,,,,
791643770,Cc1ccc(NC(=O)c2ccc(OCCOCCOCCOc3ccc(C(=O)Nc4ccc5[nH]c(C)nc5c4)cc3)cc2)cc1,,0.34555816,,,
791644318,CC(=O)Oc1ccc(OCCCCCCCCCCCCOc2ccc(OC(=O)c3ccc4c(c3)C(=O)N(c3ccc(S(=O)(=O)c5ccc(N6C(=O)c7ccc(C)cc7C6=O)cc5)cc3)C4=O)cc2)cc1,,0.35374697,,,
791901717,CCC(F)(F)C(F)(F)C(F)(F)COC(=O)CCCCC(=O)OC,,0.31905896,,,
792165329,CCC(C)c1ccccc1C(=O)OCCC(C)C,,0.37558772,0.1929999999999999,,
792850218,CCCCCS(C)(=O)=O,-14.41108992,,,,
793023871,CCC(C)c1cccs1,,0.40399034,0.1995,1.115067014,15.89865681
793067604,COC(COC(=O)c1ccc(-c2ccc(C(C)=O)cc2)cc1)COc1ccc(N=Nc2ccc(C#N)cc2)cc1,,0.35920375,,,
793720253,CNc1cccc(NC(=O)c2cccc(C(=O)Nc3cccc(NC(=S)NC(=O)CCCCCCCCC(=O)NC(C)=S)c3)c2)c1,,0.34654,,,
793830629,COc1ccc(CC(NC(=O)Cc2ccc(OC(=O)CCCCCCC(C)=O)cc2)C(=O)OCCCCCCCC)cc1,,0.35263439,,,
794214898,CCCCCCCNC(=O)CCc1ccc(C(C)CC(=O)NC)cc1,,0.35062376,,,
794405907,COc1ccc(-c2ccc(OC(=O)c3ccc(C(C)=O)cc3)cc2)cc1-c1ccccc1,,0.35661176,,,
794427257,CCC(C)(C)C(=O)OCC(F)(F)C(F)(F)F,,0.34535374,,,
794510468,CNc1ccc(C(C)(c2ccccc2)c2ccc(NC)c(C)c2C)c(C)c1C,,0.36512516,,,
794641374,CC(=O)Nc1ccc(Oc2ccc(NC(=O)c3ccc4c(c3)C(=O)N(c3ccc(Oc5ccc(N6C(=O)c7ccc(C)cc7C6=O)cc5)cc3)C4=O)cc2)cc1,,0.35417449,,,
794995355,CC(=O)Nc1ccc(C(=O)c2ccc(NC(=O)c3ccc4c(c3)C(=O)N(c3cccc(P(=O)(c5ccccc5)c5cccc(N6C(=O)c7ccc(C)cc7C6=O)c5)c3)C4=O)cc2)cc1,,0.36068208,,,
795727494,Cc1cc(N=Nc2ccc(OC)cc2)cc(C)c1O,,0.37316682,,,
795837749,CC(=O)Nc1ccc(C(c2ccc(NC(=O)c3ccc4c(c3)C(=O)N(c3c(C)cc(-c5cc(C)c(N6C(=O)c7ccc(C)cc7C6=O)c(C)c5)cc3C)C4=O)cc2)(C(F)(F)F)C(F)(F)F)cc1,,0.37779724,,,
796117252,CNc1ccc(C(=O)Nc2ccc(Cc3ccc(NC(=O)c4ccc(NC(=O)c5ccc([Si](C)(C)c6ccc(C(C)=O)cc6)cc5)cc4)cc3)cc2)cc1,,0.35830263,,,
796744400,COc1cccc(OC(=O)c2cc(OCCCCC)cc(C(C)=O)c2)c1,,0.35370683,,,
796832411,Cc1ccc(Oc2ccc(N3C(=O)c4c(c(-c5ccccc5)c(-c5ccc(-c6c(-c7ccccc7)c7c(c(-c8ccccc8)c6-c6ccccc6)C(=O)N(C)C7=O)cc5)c(-c5ccccc5)c4-c4ccccc4)C3=O)cc2)cc1,,0.4068871,,,
796983808,CC1C2CC(C(=O)OCCc3ccc(N(c4ccccc4)c4cccc5ccccc45)cc3)C(C2)C1C,,0.37604528,,,
797241563,CCCCCOC(=O)CCCC(=O)OC,,0.33275554,,,
797481672,Cc1c(C)cc(C)c(N2C(=O)c3cccc(Oc4c(C)cc(Cc5cc(C)c(Oc6cccc7c6C(=O)N(C)C7=O)c(C)c5)cc4C)c3C2=O)c1C,,0.39441657,,,
798215988,Cc1ccc(C(=O)Nc2cccc(Oc3ccc(S(=O)(=O)c4ccc(Oc5cccc(NC(=O)c6ccc(N7C(=O)c8ccc(-c9ccc%10c(c9)C(=O)N(C)C%10=O)cc8C7=O)cc6)c5)cc4)cc3)c2)cc1,,0.35874825,,,
798268482,Cc1cc(C(c2ccc(OCCN(CC)c3ccc(C=CC4=CC(=C(C#N)C#N)CC(C)(C)C4)cc3)c(N3C(=O)c4ccc(Oc5ccc6c(c5)C(=O)N(C)C6=O)cc4C3=O)c2)(C(F)(F)F)C(F)(F)F)ccc1OCCN(CC)c1ccc(C=CC2=CC(=C(C#N)C#N)CC(C)(C)C2)cc1,,0.38611474,,,
798438482,COC1CCC(OC(=O)c2ccc(C(C)=O)cc2)CC1,,0.35770119,,,
798454930,Cc1ccc2c(c1)C(=O)N(c1ccc(Oc3ccc(N4C(=O)c5ccc(C(F)(F)C(F)(F)C(F)(F)C(F)(F)C(F)(F)C(F)(F)C(F)(F)C(C)(F)F)cc5C4=O)cc3)cc1)C2=O,,0.34699309,,,
798498386,CCC(CC)(CC)COC(=O)c1ccc(-c2ccc(-c3ccc(C(=O)OC)cc3)cc2)cc1,,0.35922882,,,
798869032,CNc1ccc([C@]23C[C@H]4C[C@H](C[C@](c5ccc(NC)cc5)(C4)C2)C3)cc1,,0.34941941,,,
799217349,CC(F)(F)C(F)(F)C(F)(F)C(C)(F)C(F)(F)F,-86.88823628,,,,
799283066,CCC=CCOC(=O)C(Cc1ccccc1)NC(=O)CCCCCCCCC(=O)NC(Cc1ccccc1)C(=O)OC,,0.35266121,,,
799636548,CCCCCCCCCCCNC(=O)CCP(C)(=O)CCC(=O)NC,,0.35467591,,,
799690401,CNc1cc2c(cc1C)-c1cc(C)c(NC)cc1S2(=O)=O,,0.358207955,,,
800089698,CCCCC(=O)Nc1ccc(Cc2ccc(NC(=O)CCCN3C(=O)c4ccc(C(=O)c5ccc6c(c5)C(=O)N(C)C6=O)cc4C3=O)cc2)cc1,,0.33581592,,,
800130991,CNc1ccc(C(C)(c2ccc(C)cc2)c2ccc(NC)cc2)cc1,,0.36023204,,,
800215811,COc1ccc(CC(NC(=O)CCc2ccc(OC(=O)COCC(C)=O)cc2)C(=O)OC)cc1,,0.33150539,,,
800676373,CCCN(CCOC(=O)Nc1ccc(Cc2ccc(NC(=O)OC)cc2)cc1)c1ccc(N=Nc2ccc([N+](=O)[O-])cc2C)c(C)c1,,0.35323912,,,
800838483,CCC(O)COc1ccc(C(C)(C)c2ccc(OCC(O)COc3cccc(OC)c3)cc2)cc1,,0.34411231,,,
800998431,CCC(=O)Nc1ccc(NC(=O)COc2ccc3ccccc3c2Sc2c(OC)ccc3ccccc23)cc1,,0.33977149,,,
801063364,CCCOc1ccc(C=C2CCC(=Cc3ccc(OCCOP(=O)(OC)OCC)c(OC)c3)C2=O)cc1OC,,0.34641138,,,
801330021,CCC(C)(C)C(=O)Oc1ccccc1,,,0.184,1.049795923,13.34805903
801675840,CC(=O)c1ccc2c(c1)C(=O)N(c1ccc3c(c1)C(=O)c1cc(N4C(=O)c5ccc(C)cc5C4=O)ccc1-3)C2=O,,0.3830772,,,
801689933,CCCCCCCOC(=O)CCCCCCCCC(=O)OC,,0.36054003,,,
801852409,CNc1ccc(C(c2ccc(N)c(CC)c2CC)c2ccc(NC)c(CC)c2CC)c(CC)c1CC,,0.39358562,,,
802299717,COc1ccc(NC(=O)c2ccc(Oc3ccc(C(C)(C)c4cccc(C(C)(C)c5ccc(Oc6ccc(C(=O)Nc7ccc(Oc8ccc(C(C)(C)c9ccc(C)cc9)cc8)cc7)cc6)cc5)c4)cc3)cc2)cc1,,0.36924917,,,
802360891,CCCCCCCCCC(=O)NCCCCCCNC(=O)CCCCCCCCOC,,,0.3575,0.930685649,20.81346955
802506538,CCC(C)(C)C(=O)OCCOCC[N+](CC)(CC)CCCCS(=O)(=O)O,,0.420485,,,
802993859,CCC(C)(C)C(=O)OCc1ccc2c(c1)c1ccccc1n2CCCCCCCCCCCCCC,,0.37769725,,,
803106454,CCC(C)(C)C(=O)OCC1CCCO1,,0.34666826,0.172,1.030703138,11.83904224
803775586,CCC(C)C1CCC(C)CC1,,0.39863974,0.1996666666666666,,
804037111,CCC(C)C(=O)Oc1ccc(Cl)cc1Cl,,0.36475946,0.119,1.323601324,15.04038649
804149832,Cc1ccc(Oc2ccc(C(c3ccc(Oc4ccc(-c5ccc(C)s5)cc4C(F)(F)F)cc3)(C(F)(F)F)C(F)(F)F)cc2)c(C(F)(F)F)c1,,0.40617944,,,
804322446,Cc1cc(CC(=O)OCCCCCCOc2ccc(N=Nc3ccc(C#N)cc3)cc2)c(C)s1,,0.37372874,,,
805227128,CCC(C)(C)C(=O)OCCCCCCCCCCOc1ccc2cc(C(=O)Oc3ccccc3)ccc2c1,,0.35687756,,,
806311584,CNc1cc(NC(=O)c2ccc(C(C)=O)cc2)cc(C(=O)OCCOC(=O)C=Cc2ccc(N(C)C)cc2)c1,,0.34026095,,,
806397458,CCCCCCCCCCCOc1ccc(C=C2CCC(=Cc3ccc(OCCCCCCCCCCOP(=O)(OC)OCC)c(OC)c3)C2=O)cc1OC,,0.3656755,,,
806790733,CC(=O)c1ccc2c(c1)C(=O)N(c1cccc(Cc3ccccc3N3C(=O)c4ccc(C)cc4C3=O)c1)C2=O,,0.37007109,,,
806978622,CCC(C)O[N+](=O)[O-],,0.77406593,0.1585,1.305301671,17.27231362
807387712,COc1ccc(C(=O)c2ccccc2)c(-c2cc(Oc3ccc(C(C)(C)c4ccc(C)cc4)cc3)ccc2C(=O)c2ccccc2)c1,,0.38183506,,,
807551839,C/C=C/c1ccc(C)c(-c2c(OCC(CC)CCCC)ccc3cc(-c4ccccc4)ccc23)c1,,,0.212,0.984517634,14.07025714
807875474,COc1ccc(C(C)(C)c2ccc(OC(=O)c3ccc(Cc4ccc(C(C)=O)cc4)cc3)cc2)cc1,,0.36538681,,,
808029389,Cc1ccc2c(c1)C(=O)N(c1c(C)cc(Cc3cc(C)c(N4C(=O)c5ccc(C(C)(C(F)(F)F)C(F)(F)F)cc5C4=O)c(C)c3)cc1C)C2=O,,0.41239714,,,
808269149,CC(=O)Oc1ccc([Si](C)(c2ccccc2)c2ccc(OC(=O)c3ccc(C)s3)cc2)cc1,,0.38407419,,,
808476294,Cc1ccc(Oc2ccc(N3C(=O)c4ccc([Si](C)(C)O[Si](C)(C)c5ccc6c(c5)C(=O)N(c5ccc(Oc7ccc(-c8nnc(C)o8)cc7)cc5)C6=O)cc4C3=O)cc2)cc1,,0.38811487,,,
808488658,CNc1cc(C)c2cc3c(C)c(C)c(NC)c(C)c3cc2c1,,0.3653562,,,
808582678,CNCC[C@@]12C[C@H]3C[C@@H](C1)C[C@](c1ccc(NC)cc1)(C3)C2,,0.33910824,,,
808879247,Cc1cccc(N2C(=O)c3cccc(Oc4ccc(C(C)(C)c5ccc(Oc6cccc7c6C(=O)N(C)C7=O)cc5)cc4)c3C2=O)c1,,0.3702511,,,
810134797,Cc1cc(OCCCCCCCCCCCC)cc(N2C(=O)c3ccc(Oc4ccc5c(c4)C(=O)N(C)C5=O)cc3C2=O)c1,,0.3689144,,,
810221803,CCCCC(CCNC(=O)c1ccc(C(=O)NC)cc1)C(C)C,,0.34137267,,,
810464372,COc1ccc(-c2ccc(Oc3ccc(Oc4cccc(Oc5ccc(C)cc5)c4C)cc3)c3ccccc23)c2ccccc12,,0.38357509,,,
810570947,CC(=O)c1ccc(C(C)(CC)c2ccc(C(=O)N3CCN(C)CC3)cc2)cc1,,0.37489095,,,
810716859,Cc1ccc2c(c1)C(=O)N(c1cc(OCCCCCCCCCCCC)cc(N3C(=O)c4ccc(C(C)(C(F)(F)F)C(F)(F)F)cc4C3=O)c1)C2=O,,0.37302009,,,
810767754,CCCCCCNC(=O)C(OC)C(OC)C(=O)NC,,0.3352167,,,
811102498,CCC(OC)C1C(=O)N(c2ccc(N(C)C)cc2)C(=O)C1C,,0.36226319,,,
811196388,CNc1ccc(C2(c3ccc(NC)cc3)c3ccccc3-c3ccc(CC)cc32)cc1,,0.37736059,,,
811299446,CNC1CCCC(NC)C1,,0.33385202,,,
812075542,CNc1ccc(-c2ccc(-c3ccc(N)cc3)c(-c3ccc(NC)cc3)c2)cc1,,0.35568128,,,
812088904,COc1ccc(Oc2ccc(C(=O)c3ccc(C(=O)c4ccc(C)cc4)cc3)cc2)cc1-c1ccc(Cl)c(C(F)(F)F)c1,,0.38008742,,,
812162763,CCCCCCCOC(=O)C(CCCCCCCCCCP(=O)(OCC)OCC)C(=O)OCCCCCCOc1ccc(-n2on2-c2ccc(OC)cc2)cc1,,0.36595222,,,
812270433,COc1ccc(-c2ccc(NC(=O)c3cc(C(=O)Nc4ccc(-c5ccc(Oc6ccc(C(C)(C)c7ccc(C)cc7)cc6)c(C(F)(F)F)c5)cc4)cc(C(C)(C)C)c3)cc2)cc1C(F)(F)F,,0.37653866,,,
812457901,CCC(C)c1ccc(C(C)=NO)cc1,,0.35867112,,,
812618019,CC(C)C,122.3867673,,0.2033333333333333,,
812811097,CNc1ccc(-c2ccc(NC)c(-c3ccccc3)c2-c2ccccc2N)cc1,,0.36447678,,,
813149599,COc1ccc(C(c2ccccc2)(c2ccccc2)c2ccc(OC(=O)c3ccc(C(C)=O)cc3)cc2)cc1,,0.38193072,,,
813214787,CNc1ccc2c(c1NC)-c1ccccc1-c1ccccc1-c1ccccc1-2,,0.36739742,,,
814144401,CC/C=C\C[Si](C)(C)CCCOc1ccc2ccccc2c1,,0.36773968,,,
814145084,CNc1ccc(-c2cc(-c3ccc(NC)cc3)cc(C(C)(C)C)c2)cc1,,0.36221606,,,
814315691,CCC(C)OC(=O)CCCC(=O)c1ccccc1,,0.3393767,,,
814898102,CCCCCCCCCCOc1ccc(CCc2ccc(OC)cc2C)cc1,,0.37926968,,,
814967191,Cc1c(C)cc(Cc2cc(C)c(N3C(=O)c4cccc(Oc5c(C)cc(-c6cc(C)c(Oc7cccc8c7C(=O)N(C)C8=O)c(C)c6)cc5C)c4C3=O)c(C)c2)cc1C,,0.3975525,,,
815036763,CCCCCOC(=O)CCC(=O)OC,,0.3291051,,,
815051873,Cc1ccc(C(=O)OCCCCCCOC(=O)c2ccc(-c3nnc(C)s3)cc2)cc1,,0.36031607,,,
815588093,CCCCCCCNC(=O)c1ccc(C(=O)NC)cc1,,0.3376709,,,
815998527,CCCCCCCOP(=O)(N=Nc1ccc(C(=O)c2ccc(N=NP(=O)(OC)OC)cc2)cc1)OC,,0.3606996,,,
816208987,CCC(O)CN(C)c1cc(C)c(N=Nc2ccc(Cl)cc2)c(C)c1,,0.38104863,,,
816499147,CCCCCCCCCc1nc2ccc(-c3ccc4nc(C)sc4c3)cc2s1,,0.37827781,,,
816523902,CCC(C)OC(=O)c1ccncc1,,0.34235599,,,
816594704,CCC(C)C(=O)OCC(F)(F)C(F)(F)F,,0.33021141,,,
816699374,CCC(C)c1ccc(S(=O)(=O)OCCC)cc1,,0.37741586,,,
816729790,CNc1ccc(C(c2ccc(N)cc2)(c2ccc(N)cc2)c2ccc(NC)cc2)cc1,,0.36920269,,,
816767607,CCCCCCNC(=O)CCCCCCCCCCCCCCCCC(=O)NC,,,0.4165,0.92091158,20.46088256
816771422,CCCCCCCCCC(=O)NCCCCCOCCCCCNC(=O)CCCCOC,,,0.287,0.959755769,19.44997486
817102906,CCC(O)COC(=O)CCCCCCCCC(=O)OCC(O)COc1ccc(C(=O)Oc2ccc(OC)cc2)cc1,,0.33714528,,,
817179455,CCCN(C)C(=O)CCCCCCCC,-49.55374382,,,,
817222485,CCCC=C(C)CCCCCCCCCC,,0.40745292,,,
817646682,CCC(C)(C)C(=O)Oc1ccc(C(=O)C=Cc2ccc(OCc3ccccc3)cc2)cc1,,0.34505383,,,
817764960,COc1ccc(Oc2ccc(Oc3ccc(OC(=O)c4ccc(C(C)=O)cc4)cc3)cc2)cc1,136.3718208,,,,
818720899,COCCOC(=O)c1cccc(C(=O)OCCOc2nc(-c3ccc(OCCCC)cc3)nc(C)c2-c2ccc(OC)cc2)c1,,0.35974624,,,
818853032,CCC(C)(CC)COC(=O)c1ccc(-c2ccc(C(=O)OC)cc2)cc1,,0.35540471,,,
819286039,Cc1ccc2nc3c4cccc5c6nc7ccc(C)cc7nc6c6cccc(c3nc2c1)c6c45,411.97,,,,
819429551,Cc1ccc(Oc2ccc(C(c3ccc(Oc4ccc(N5C(=O)c6ccc(Oc7ccc(Sc8ccc(Oc9ccc%10c(c9)C(=O)N(C)C%10=O)cc8)cc7)cc6C5=O)cc4)cc3)(C(F)(F)F)C(F)(F)F)cc2)cc1,,0.37088138,,,
819812613,CNc1ccc(Cc2ccc(NC)c(-c3ccccc3)c2-c2ccccc2)c(-c2ccccc2)c1-c1ccccc1,,0.37242731,,,
819863073,CC(=O)c1ccc2c(c1)C(=O)N(c1ccc(S(=O)(=O)c3ccc(NC(=O)c4cccc(C(=O)Nc5ccc(S(=O)(=O)c6ccc(N7C(=O)c8ccc(C)cc8C7=O)cc6)cc5)c4)cc3)cc1)C2=O,,0.35983629,,,
819957053,CNc1ccc(CC(C)(C)NC(=O)CCC(C)=O)cc1,,0.33397161,,,
820067576,CCC(O)CN(CC(O)CN(C)c1ccccc1)c1ccc(N=Nc2ccc([N+](=O)[O-])cc2)cc1,,0.35876659,,,
820073046,CC(=O)c1ccc2c(c1)C(=O)N(c1ccc(Oc3ccc(NC(=O)c4cccc(C(=O)Nc5ccc(Oc6ccc(N7C(=O)c8ccc(C)cc8C7=O)cc6)cc5)c4)cc3)cc1)C2=O,,0.35449352,,,
820293105,COc1ccc(OC(=O)CCCCCCCCC(C)=O)cc1,,0.35187189,0.257,1.048950682,23.48222813
820510299,CNc1ccc(NC(=S)NC(=O)c2ccc(C(=O)NC(C)=S)cc2)cc1,220.8197438,,,,
820601696,CC(=O)c1ccc2ncc(-c3ccc(-c4cnc5ccc(C)cc5n4)cc3)nc2c1,,0.40401109,,,
820692130,CCC(=O)Nc1ccc(NC(=O)CN2C(=O)c3ccc(C(=O)c4ccc5c(c4)C(=O)N(C)C5=O)cc3C2=O)cc1,,0.32771486,,,
821219964,CCC(C)C(=O)Oc1ccc(C(=O)O)cc1,,0.31040659,,,
821229257,COc1ccc(OC(=O)CCCCCCCC(C)=O)cc1,-6.058372606,,,,
821537914,CCC(C)c1ccccc1C(=O)OC,,0.35299495,0.1736666666666666,,
821542361,CSc1ccc(Nc2ccc(C)cc2)cc1,,0.3997415,,,
821655324,CC(=O)c1ccc2c(c1)C(=O)N(c1cc(OCCCCCCCC)cc(N3C(=O)c4ccc(C)cc4C3=O)c1)C2=O,,0.37014915,,,
821914285,Cc1ccc2c(c1)C(=O)N(c1cccc(N3C(=O)c4ccc(C(C)(C(F)(F)F)C(F)(F)F)cc4C3=O)c1C)C2=O,,0.39473937,,,
822072702,CC(=O)Oc1ccc(OC(=O)c2ccc3c(c2)C(=O)N(c2ccc(N4C(=O)c5ccc(C)cc5C4=O)cc2)C3=O)cc1,-71.68107141,,,,
822079361,CCC(C)C(=O)NCP(=O)(O)O,,0.26739328,,,
822137197,CCCCCCCCCOC(=O)c1ccc(C(=O)NCCCCCCNC(=O)c2ccc(C(=O)OC)cc2)cc1,,,0.261,,
822757140,CCNC(=O)OC(c1ccco1)C(OC(=O)NCc1ccc(C(C)(C)c2ccc(C)o2)o1)c1ccco1,,0.35185553,,,
822972602,CNNC(=O)CCC(=O)NNC(=O)CCCCCCCCC(C)=O,64.69850401,,,,
823244753,CNc1nc(NC)c(N)nc1N,,0.31946255,,,
823634116,Cc1cccc(P(=O)(c2ccc(C(F)(F)F)cc2)c2cccc(N3C(=O)c4ccc(Oc5ccc6c(c5)C(=O)N(C)C6=O)cc4C3=O)c2)c1,,0.38545979,,,
824512000,COc1ccc(CC(NC(=O)CCc2ccc(OC(=O)CCCCCCC(C)=O)cc2)C(=O)OCCCC)cc1,,0.34911505,,,
825127348,Cc1ccc2cc(-c3nc4ccc(-c5ccc6nc(C)[nH]c6c5)cc4[nH]3)ccc2c1,,0.43811052,,,
825973293,Cc1cc(C)c(Oc2ccc(S(=O)(=O)c3ccc(Oc4cc(C)c(C5(C)OC(=O)c6ccccc65)cc4C)cc3)cc2)cc1C,,0.39578665,,,
826258963,CC=CC1CC(C)C(C(=O)OCCCCCOc2ccc(-c3ccc(C#N)cc3)cc2)C1C(=O)OCCCCCOc1ccc(-c2ccc(C#N)cc2)cc1,27.68661296,,,,
826441672,CNC1CC(C)(C)CC(C)(CNC(=O)c2cc(NC(=O)C(C(C)CC)N3C(=O)c4ccccc4C3=O)cc(C(C)=O)c2)C1,,0.34594928,,,
827035363,COc1ccc(CC(NC(=O)Cc2ccc(OC(=O)CCCCC(C)=O)cc2)C(=O)OCC)cc1,,0.33464221,,,
827086896,Cc1ccc(Oc2ccc(-c3ccc(Oc4ccc(-c5ncc(C)o5)cc4C(F)(F)F)cc3)cc2)c(C(F)(F)F)c1,,0.397283,,,
827590818,Cc1ccc(Cc2ccc(N3C(=O)c4ccc(Oc5ccc(C(C)(C)c6ccc(Oc7ccc8c(c7)C(=O)N(C)C8=O)cc6)cc5)cc4C3=O)cc2)cc1,,0.37388099,,,
828069066,CCC(CC(C)(C#N)C#N)c1ccc(F)cc1,,0.39106819,,,
828078901,Cc1ccc(Oc2ccc(P(C)(=O)c3ccc(Oc4ccc(C5(C)OC(=O)c6ccccc65)cc4)cc3)cc2)cc1,,0.38109983,,,
828636202,CNc1ccc(C(C)(C)c2ccc(NC(=O)c3cc(C(C)=O)cc(S(=O)(=O)c4ccccc4)c3)cc2)cc1,,0.3631737,,,
828717601,CNc1ccc(CCc2ccc(CCc3ccc(NC)cc3)cc2)cc1,,0.34961202,,,
828807298,CC(=O)c1ccc2c(c1)C(=O)N(c1ccc(Oc3ccc(C(=O)c4cccc(C(=O)c5ccc(Oc6ccc(N7C(=O)c8ccc(C)cc8C7=O)cc6C(F)(F)F)cc5)n4)cc3)c(C(F)(F)F)c1)C2=O,,0.36226702,,,
828904716,CCCCCCCNC(=O)CCC(C)CC(=O)NC,,0.33972833,,,
829968625,CCC(C)(C)C(=O)OCCCCCCOc1ccc(C(=O)Oc2ccc(N=Nc3ccc(Cl)cc3)c3ccccc23)cc1,,0.36207231,,,
829981361,COc1ccc(C(C)(C)c2ccc(OC(=O)NC(=O)c3cc(C(=O)NC(C)=O)cc(C(C)(C)C)c3)cc2)cc1,,0.3446568,,,
830475899,CCCCNC(=O)CNC(=O)C(Cc1ccccc1)NC(=O)CCCCCCCCC(=O)NC(Cc1ccccc1)C(=O)NCC(=O)NCCCOCCOCCOC,,0.34027118,,,
831848484,CCCC(C)CC(=O)OC,,0.34423811,,,
831990105,CCC(=O)Nc1ccc(NC(=O)c2ccc3c(c2)C(=O)N(C)C3=O)cc1,,0.3239093,,,
832112945,CCCCC(=O)Oc1ccc(-c2ccc(OC(=O)c3ccc4c(c3)C(=O)N(C)C4=O)cc2)cc1,,0.33800885,,,
832174357,CCCCCCCCCCCCCCCCCCCCCOC(=O)c1ccc(C(=O)OC)cc1,17.27783213,,,,
832267594,CC1C(=O)N(c2ccc(O[Si](C)(C)C)cc2)C(=O)C1C,,0.43916684,,,
832293069,CCCN(C)C(=O)c1c(F)cccc1F,,0.34715202,,,
832907527,CNc1cccc2c(NC(=O)Nc3cc(NC(C)=O)cc(C(=O)Nc4ccc5c(c4)C(=O)c4ccccc4C5=O)c3)cccc12,,0.32826884,,,
832948495,CNc1ccc(-c2cc(-c3ccc(N)cc3)cc(-c3ccc(NC)cc3)c2)cc1,,0.348951605,,,
833018953,CCCCC(C)(C)CNC(=O)c1ccc(C(=O)NC)cc1,,0.34232189,,,
833673959,CO[Si](C)(C)CCCCCC[Si](C)(C)C,,0.44650373,,,
834012774,CCC(C)c1cccc(N(c2ccc(C)cc2)c2ccc(C)cc2)c1,,0.42262302,,0.975794098,10.58513595
834236236,CNc1ccc2c(c1)C(C)(C)c1cc3c(NC)c4ccccc4c(N)c3cc1-2,,0.38120825,,,
834328037,CCCCCCCCCc1nc2ccc(-c3ccc4nc(C)oc4c3)cc2o1,,0.38060796,,,
834450099,CC(=O)Nc1cc(NC(=O)c2cncc(C)c2)cc(-c2nnc(-c3ccccn3)o2)c1,,0.36789463,,,
834642680,Cc1ccc(-c2ccc(S(=O)(=O)NCCNS(C)(=O)=O)cc2)cc1,173.2454244,,,,
835449661,CCCCCCCC(=O)Oc1ccc(-c2ccc(OC(=O)c3ccc4c(c3)C(=O)N(C)C4=O)cc2)cc1,,0.34163356,,,
835465429,CCC(C)(C)C(=O)OCCCCCCCCCCOc1ccc(N=Nc2ccccc2)cc1,,0.3703315,,,
836337726,Cc1ccc2oc3ccc(S(=O)(=O)c4ccc(Oc5ccc(S(C)(=O)=O)cc5)cc4)cc3c2c1,,0.37867656,,,
836390884,CNc1cc2c(cc1NC)C(C[C@H](CC)CCCC)(C[C@H](CC)CCCC)c1cc(N)c(N)cc1-2,,0.35441352,,,
836759737,CCC(C)(COC)COCC(F)(F)C(F)(F)C(F)(F)F,,0.35888622,,,
836965269,CCC(=O)Nc1ccc(Oc2ccc(NC(=O)CN3C(=O)c4ccc(C(=O)c5ccc6c(c5)C(=O)N(C)C6=O)cc4C3=O)cc2)cc1,,0.33219113,,,
837296086,COP(=O)(Oc1ccc(OC)cc1)Oc1ccc(S(=O)(=O)c2ccc(C)cc2)cc1,,0.34736304,,,
837351512,CNc1ccc(C2(c3ccc(NC)cc3)c3ccccc3-c3cccc(C)c32)cc1,,0.37209959,,,
837417544,CNc1ccc(-c2ccc(NC)cc2C(F)(F)F)c(C(F)(F)F)c1,,0.34397372,,,
837604570,CCCCCOCCCCOCCCCOC(=O)c1ccc(N=Cc2cc(OCCC(C)CCCC(C)C)c(C=Nc3ccc(C(=O)OC)cc3)cc2OCCC(C)CCCC(C)C)cc1,,0.37606592,,,
838168073,CC(=O)NCCNC(=O)c1ncn(C)c1C,,0.30881015,,,
838352971,CNc1ccc2c(c1)Cc1cc(NC)c(N)cc1-2,,0.35883354,,,
838510907,COc1ccc(C(=O)c2cccc(-c3cccc(C(=O)c4ccc(C)cc4)c3)c2)cc1,,0.36823829,,,
838925791,CCCCN(C)c1ccc(C(=O)c2ccc(N(C)C)cc2)cc1,,0.37870937,,,
839165953,CN[C@@H](CCC[C@H](NC)C(=O)[C@@H](N)[C@@H](C)O)C(=O)O,,0.30156557,,,
839183601,COC(C)CC(C)=O,,0.33260696,,,
839463211,CNc1noc2nc3c(C(=O)OCC)cc(C(=O)c4ccc(C)cc4)c(N)c3c(NC)c12,,0.33167362,,,
839630987,Cc1cccc(OCCCCCCCCCCCCOc2cccc(N3C(=O)c4ccc(-c5cccc6c5C(=O)N(C)C6=O)cc4C3=O)c2)c1,,0.3592549,,,
839752989,CCCCCCCCCCCC(=O)NCCCCCOCCCCCNC(=O)CCCOC,,,0.303,0.949699751,22.28109939
839878795,Cc1ccc(Oc2ccc(C(=O)c3ccc(Oc4ccc(C5(C)c6ccccc6C(=O)N5C)cc4)cc3)cc2)cc1,,0.39435805,,,
840186031,CC(=O)Nc1ccc(Cc2ccc(NC(=O)c3ccc4c(c3)C(=O)N(c3ccc(-c5sc(-c6ccc(N7C(=O)c8ccc(C)cc8C7=O)cc6)c(-c6ccccc6)c5-c5ccccc5)cc3)C4=O)cc2)cc1,,0.38721196,,,
840194928,CCCCCCCCCCCC(c1ccc(O)cc1)C(C)c1ccc(O)cc1C,,0.37504022,,0.949326163,16.72244264
840303746,CCC(O)CN(CCO)S(=O)(=O)c1ccc(-c2ccc(S(=O)(=O)N(CCO)CC(O)COc3ccc(C(C)(C)c4ccc(OC)cc4)cc3)cc2)cc1,,0.33980494,,,
840698807,CCC(C)C(=O)OCC(C)CC,,0.37285766,0.221,0.919640881,13.54986722
841055334,COc1ccc(C(C)(C)c2ccc(Oc3ccc4c(=O)n5c6cc(-c7ccc8c(c7)nc7c9ccc(C)c%10cccc(c(=O)n87)c%109)ccc6nc5c5cccc3c45)cc2)cc1,,0.3824439,,,
841072650,Cc1ccc(N(C)CCCCCCC)cc1,110.7170963,,,,
841081788,CCCCCNC(=O)CC(=O)NC,,0.30389328,,,
841226784,CCC(C)(C)C(=O)Oc1ccc(C(=O)Oc2ccc(-c3ccccc3)cc2)cc1,,0.34391945,,,
841328550,Cc1cc(N2C(=O)c3ccc(Oc4ccc5ccc(Oc6ccc7c(c6)C(=O)N(C)C7=O)cc5c4)cc3C2=O)cc(C(F)(F)F)c1,,0.37446524,,,
841576889,CC(=O)c1ccc2c(c1)C(=O)N(c1cccc(P(=O)(c3ccc(Oc4ccc(C56CC7CC(CC(C7)C5)C6)cc4)cc3)c3cccc(N4C(=O)c5ccc(C)cc5C4=O)c3)c1)C2=O,,0.38634637,,,
842024022,COc1ccc(OC2(F)C(C)(F)C(F)(F)C2(F)F)cc1,,0.34021379,,,
842148313,CNc1ccc(-c2c(-c3ccccc3)c(-c3ccccc3)c(NC)c(-c3ccccc3C)c2-c2ccccc2C)cc1,,0.37961071,,,
842167683,Cc1ccc(Oc2ccc(C3(c4ccc(Oc5ccc(N6C(=O)c7ccc(Oc8ccc(C9(c%10ccc(Oc%11ccc%12c(c%11)C(=O)N(C)C%12=O)cc%10)CCC(c%10ccccc%10)CC9)cc8)cc7C6=O)cc5)cc4)CC4CCC3C4)cc2)cc1,,0.38120517,,,
842432665,CCC1CCC(COC(=O)CCCCCCCCCCC(=O)OC)CC1,,,0.279,,
842879180,CCC(C)(C)C(=O)Oc1ccccc1C,,,0.1905,1.024902598,13.62318206
843120215,COc1c(OC)cc(-c2cc(OC)c(OC(=O)c3cccc(C(C)=O)c3)c(OC)c2)cc1OC,,0.34670291,,,
843575922,CCCOCCOCCOc1ccc(NC(=O)c2cccc(C(=O)Nc3ccc(OC)cc3)c2)cc1,,0.34013313,,,
843758383,CC(=O)c1ccc2c(c1)C(=O)N(c1c(C)cc(C(c3cc(C(F)(F)F)cc(C(F)(F)F)c3)c3cc(C)c(N4C(=O)c5ccc(C)cc5C4=O)c(C)c3)cc1C)C2=O,,0.43055287,,,
843894109,CNc1ccc(C(c2ccc(NC)cc2)=c2ccc(=C)cc2)cc1,,0.364906,,,
844100895,CCCOCCOP(=O)(N=Nc1ccc(-c2ccc(N=NP(=O)(OC)OC)cc2)cc1)OC,,0.35788799,,,
844147775,CCCCCCCNC(=O)C(CCCCCCCCCCCCCCCCC)C(=O)NC,,,0.3505,0.889924513,16.83151528
844156595,Cc1cc(C(=O)OCCCCC)cc(N2C(=O)CC(C3Cc4ccccc4C4C(=O)N(C)C(=O)C43)C2=O)c1,,0.3651339,,,
844411055,Cc1cccc(P(=O)(c2ccc(Oc3ccc(C45CC6CC(CC(C6)C4)C5)cc3)cc2)c2cccc(N3C(=O)c4ccc(Oc5ccc6c(c5)C(=O)N(C)C6=O)cc4C3=O)c2)c1,,0.38257569,,,
844805086,Cc1ccc2oc(-c3ccc(C(c4ccc(-c5nc6cc(C(C)(c7ccccc7)C(F)(F)F)ccc6o5)cc4)(C(F)(F)F)C(F)(F)F)cc3)nc2c1,,0.42531677,,,
845322563,CCCCCCCC(=O)NC,,0.35135573,,,
845810761,Cc1ccc(C(=O)c2ccc(C(=O)c3ccc(S(C)(=O)=O)cc3)cc2)cc1,,0.37728545,,,
845873232,COc1cccc2ccc(Oc3ccc(NC(=O)c4ccc(C(c5ccc(C(=O)Nc6ccc(C)cc6)cc5)(C(F)(F)F)C(F)(F)F)cc4)cc3)cc12,,0.35696537,,,
845994024,CC(=O)Nc1ccc(S(=O)(=O)c2ccc(NC(=O)c3ccc(N4C(=O)c5ccc(C)cc5C4=O)cc3)cc2)cc1,,0.35537215,,,
846108255,COc1ccc(Oc2ccc(C(=O)c3ccc(NC(=O)CCCCCCCCC(=O)Nc4ccc(C(=O)c5ccc(C)cc5)cc4)cc3)cc2)cc1,,0.35538717,,,
846390932,CNc1ccc(/C=C/c2ccccc2/C=C/c2ccc(NC)cc2)cc1,,0.35311635,,,
846455978,CNc1cc(O)c(-c2c(O)c(O)c(N)c(N)c2NC)c(O)c1,,0.31859202,,,
846469607,COc1ccc(C(c2ccc(Oc3ccc(C(=O)c4cccc(-c5cccc(C(=O)c6ccc(C)cc6)c5)c4)cc3)cc2)(C(F)(F)F)C(F)(F)F)cc1,,0.37249164,,,
846662171,CCCCCCCCCN1C(=O)c2ccc(-c3ccc(-c4ccc5c(c4)C(=O)N(C)C5=O)cc3)cc2C1=O,,0.34909907,,,
846740244,CNc1cc(S)c(NC)cc1S,,0.34631119,,,
846811981,CNc1ccc(C(C)(c2ccc(N)cc2)c2ccc(NC)cc2)cc1,,0.36464453,,,
847044135,CCC(C)C(=O)N(O)c1ccccc1,141.1832818,,,,
847356042,CCCCCCCOC(=O)OCCCOC(=O)OCCCCCCOc1ccc(C(=O)c2ccc(OC)cc2)cc1,,0.34612362,,,
848025633,Cc1cc(C(c2ccc(OCCN(C)c3ccc(C=CC4=CC(=C(C#N)C(=O)OCCc5ccccc5)CC(C)(C)C4)cc3)c(N3C(=O)c4ccc(Oc5ccc6c(c5)C(=O)N(C)C6=O)cc4C3=O)c2)(C(F)(F)F)C(F)(F)F)ccc1OCCN(c1ccccc1)c1ccc(C=CC2=CC(=C(C#N)C(=O)OCCc3ccccc3)CC(C)(C)C2)cc1,,0.37158327,,,
848202218,CCC(O)COc1ccc(C2CCCC(CC)(c3ccc(OC)cc3)C2)cc1,,0.35559164,,,
848295596,COc1cccc(Oc2ccc(NC(=O)c3ccc(-c4ccc(C(=O)Nc5ccc(C)cc5)c(C)c4)cc3C)cc2)c1,,0.35683995,,,
848393860,CNc1ccc([C@@]2(c3ccccc3)c3ccccc3-c3cc(NC)ccc32)cc1,,0.37057896,,,
848462258,CCC(C)OC(=O)c1cccc(Cl)c1,,0.35874129,,,
849184713,COc1c(Cl)cc(C)cc1Br,,0.4236255,,,
850250800,Cc1c(C)cc(C(c2cccnc2)c2cc(C)c(N3C(=O)CC(Nc4cccc(NC5CC(=O)N(C)C5=O)c4)C3=O)c(C)c2)cc1C,,0.38678861,,,
850843223,Cc1ccc2c(c1)C(=O)N(c1ccc(C(=O)Nc3ccc(C(c4ccc(NC(=O)c5ccc(N6C(=O)c7ccc(C(C)(C(F)(F)F)C(F)(F)F)cc7C6=O)cc5)cc4)(C(F)(F)F)C(F)(F)F)cc3)cc1)C2=O,,0.36985522,,,
851867509,CCC(C)C(=O)Oc1cccc(C)c1,,0.35823799,0.2055,1.071947231,13.42046484
852036166,COc1ccc(C2(c3ccc(Oc4ccc(C(=O)Oc5c(C)cc(C(C)(C)c6cc(C)c(OC(=O)c7ccc(C)cc7)c(C)c6)cc5C)cc4)cc3)CCC(C(C)(C)C)CC2)cc1,,0.39731792,,,
852138859,CCCCCCCCCCCCCN1C(=O)c2ccc3c4c(ccc(c24)C1=O)C(=O)N(C)C3=O,101.4116865,,,,
852180145,CCC(C)(C)C(=O)OCCN(CC)c1ccc(N=Nc2ccc(C#N)cc2)cc1,,0.37352321,,,
852184111,Cc1cc(C)c(C)s1,,0.5168642,,,
852432684,CNc1ccc(Cc2ccc(NC(=O)/C=C/c3ccc(/C=C/C(C)=O)cc3)cc2)cc1,,0.3481612,,,
852454383,CNc1ccc(/C=C2/c3ccccc3-c3ccc(NC)cc32)cc1,,0.3508840749999999,,,
852757055,CNc1cc(C)c(C)c2c(NC)cc(C)c(C)c12,,0.34685576,,,
852866777,Cc1cccc(Cc2cccc(N3C(=O)c4ccc([Si](C)(C)c5ccc(-c6ccc([Si](C)(C)c7ccc8c(c7)C(=O)N(C)C8=O)cc6)cc5)cc4C3=O)c2)c1,,0.38577325,,,
853471397,C/C=C/CCCCCCC(Cl)CCCCCCC,,,0.3405,0.903154394,19.54188854
854050780,CCCOCCOP(=O)(N=Nc1ccc(Oc2ccc(N=NP(=O)(OC)OC)cc2)cc1)OC,,0.35616921,,,
854325702,CO[Si](C)(CCCOCCOCCOCCOCCOCCOC)CCCOCCOCCOCCOCCOCCOC,,0.36409015,,,
854626537,CNc1ccc(-c2c(NC)ccc3c2[C@@H](C)CC3(C)C)cc1,,0.36596567,,,
855265813,Cc1ccc(Oc2ccc(C(c3ccc(Oc4ccc(-c5nnc(C)n5-c5ccc(C)cc5)cc4)cc3)(C(F)(F)F)C(F)(F)F)cc2)cc1,,0.38349717,,,
856310175,CCC(C)(CC(=O)OC)C(=O)OC12CC3CC(C)(CC(C)(C3)C1)C2,,0.37886731,,,
857493941,CC=C(C)CCCOc1ccc(OC(=O)c2ccc(OC)cc2)cc1,,0.33826779,,,
857690226,CCCN(C)C(=O)C(CC)CCCC,,0.38443623,,,
858163366,CCCCCCCNC(=O)C(CC)CC(CC)C(=O)NC,,0.35751221,,,
858271129,CN=Nc1ccc(C(=O)NCCCCNC(=O)c2ccc(C)cc2)cc1,,0.34984295,,,
858364876,CNc1cc2c(cc1NC)C(C)(C)CC2(C)C,,0.36750858,,,
858663171,CCCC(=O)OC,,0.3077545,,,
859360973,CNc1ccc(-c2cccc(-c3cccc(-c4ccc(NC)cc4)c3)c2)cc1,,0.34516599,,,
859487043,CC(=O)Oc1ccc(C(=O)Oc2cccc(OC(=O)c3ccc(OC(=O)c4ccc(C)nc4)cc3)c2)cc1,,0.33873144,,,
859606185,CCc1ccc(CNC(=O)c2cc(C(=O)NC)cc(C(C)(C)C)c2)cc1,,0.34874019,,,
859644583,CCCCCCCCCCCCCCCOC(=O)C/C=C/CC(=O)OC,-41.10158883,,,,
859659419,CCC(CSCCCC)OC,,0.41461382,,,
859939433,CNc1ccc([C@]23C[C@@H]4C[C@@H]5[C@@H]6C[C@H](C[C@H]52)C[C@@]3(c2ccc(NC)cc2)[C@@H]6C4)cc1,,0.35828475,,,
860122882,CNc1ccc([C@@]23C[C@@H]4C[C@@H](C[C@@](NC)(C4)C2)C3)cc1,,0.34323604,,,
860336451,CCCCCCCOC(=O)C(CCCCP(=O)(O)O)C(=O)OCCCCCCOc1ccc(-n2on2-c2ccc(OC)cc2)cc1,,0.34888897,,,
860722279,CO[Si](C)(CCC(F)(F)F)O[Si](C)(CCC(F)(F)F)O[Si](C)(CCC(F)(F)F)CCC(F)(F)C(F)(F)C(F)(F)C(F)(F)C(F)(F)C(F)(F)CC[Si](C)(C)CCC(F)(F)F,,0.38225238,,,
860898971,CCCOCCOCCOCCOC(=O)c1ccc(-c2ccc(C(=O)OC)cc2)cc1,,0.34018016,,,
861130931,CCCCCCCCCCCCCCCCCCCCCC(C)COCCOCCOCCOCCOCCCCCC,,,0.39925,0.886368922,18.76168306
861281692,COc1ccc(C(c2ccccc2)(c2ccccc2)c2ccc(Oc3ccc4c(=O)n5c6cc(-c7ccc8c(c7)nc7c9ccc(C)c%10cccc(c(=O)n87)c%109)ccc6nc5c5cccc3c45)cc2)cc1,,0.40111229,,,
861558907,COCCOC(=O)c1cc(N=Nc2ccc(OCC)cc2)ccc1-c1ccc(N=Nc2ccc(OCC)cc2)cc1C(=O)OCCOc1nc(-c2ccc(OCCCC)cc2)nc(C)c1-c1ccc(OC)cc1,,0.36727846,,,
861681123,CCOC(=O)NCc1ccc(CNC(=O)OCc2ccc(C)o2)o1,,0.32330608,,,
862321368,CCC(C)c1cc(C(=O)OCCCCCC)ccc1-c1ccc(OCCCCCCCC)cc1,,0.38417048,,,
862498467,CC(=O)Oc1ccc(C23CC4CC(CC(C4)C2)C3)c(OC(=O)c2ccc3c(c2)C(=O)N(c2ccc(-c4ccc(N5C(=O)c6ccc(C)cc6C5=O)cc4C)c(C)c2)C3=O)c1,,0.38353529,,,
862699408,COc1cc(C(C)(C)c2ccccc2)c(OC(=O)c2cccc(C(C)=O)c2)cc1C(C)(C)c1ccccc1,,0.38262051,,,
862879139,CNc1ccc(-c2ccccc2)cc1-c1c(NC)ccc2ccccc12,,0.34947854,,,
863587457,CCC(O)COC(=O)CCCCC(=O)OC,,0.31523099,,,
863625275,CNc1c(C)cc(C2(c3cc(C)c(NC)c(C)c3)c3cccc(C)c3-c3c(C)cccc32)cc1C,,0.38998404,,,
864305544,CCC(C)(C)C(=O)OC(F)(C(F)(F)F)C(F)(F)F,,,0.069,1.327370903,15.38423682
864842890,CCCCCCCCCCCCCOc1ccc(C=NN=Cc2ccc(OC)cc2O)c(O)c1,,0.36634153,,,
865092427,Cc1ccc(OC(=O)c2ccc(C(=O)Oc3ccc(C4(C)c5ccccc5C(=O)N4C)cc3)cc2)cc1,,0.36865057,,,
865332656,CCCCCCCCCCCCC(=O)N(C)C,,0.37628119,,,
865769090,CCC(C)(F)C(C)=O,,0.32677748,,,
865858202,COc1ccc(C(=O)CNc2ccc(S(=O)(=O)c3ccc(NCC(=O)c4ccc(C)cc4)cc3)cc2)cc1,,0.36395079,,,
865879594,CCC(C)CNc1ccc([N+](=O)[O-])c(C(F)(F)F)c1,,0.3854775,,,
865948061,Cc1ccc(-c2ccc(-c3ccc(-n4c(=O)c5cc6c(=O)n(C)c(=O)c6cc5c4=O)cc3)cc2)cc1,278.5221779,,,,
866279797,CNc1ccc(C(=O)c2ccc(NC(=O)c3cc(C(C)=O)cc(C(C)(C)C)c3)cc2)cc1,,0.36605303,,,
866677131,CO[Si](C)(C)CCCCCCCCCCCOc1ccc(/C=C/c2ccc(OC)cc2)cc1,,0.37913945,,,
866841862,CNc1ccc(C(C)=C(c2ccc(N)cc2)c2ccc(NC)cc2)cc1,,0.36759676,,,
866951127,CCC(C)CCCC(C)C,5.980301023,,0.2573333333333333,,
867336767,CNc1ccccc1C(C)(C)c1ccc(-c2ccc(C(C)(C)c3ccccc3NC)cc2)cc1,,0.35983878,,,
867393548,CCCCCCCCCCCCCCCNC(=O)NCCCCCCNC(=O)NC,,0.36160098,0.4,0.953783995,18.42693992
867402833,CCC(C)C(=O)c1ccccc1,,0.36539681,,,
867714785,CC(C)=C(C)[Si](C)(C)CCCC,152.5242236,,,,
867758699,Cc1nc(-c2ccccc2)nc(N(CCCCCCCCCCN(C)c2ccccc2)c2ccccc2)n1,,0.38458096,,,
869392310,CNC1=CC=C2C=Cc3c(NC)ccc4c3[C@H]2[C@@H]1C=C4,,0.33488674,,,
869406421,Cc1c(C)cc(Cc2cc(C)c(N3C(=O)c4cccc(Oc5c(C)cc(Cc6cc(C)c(Oc7cccc8c7C(=O)N(C)C8=O)c(C)c6)cc5C)c4C3=O)c(C)c2)cc1C,,0.40218453,,,
869708404,Cc1ccc2c(c1)C(=O)N(c1cc(NC(=O)OCCN(CCOC(=O)Nc3cc(N4C(=O)c5ccc(C(C)(C(F)(F)F)C(F)(F)F)cc5C4=O)ccc3C)c3ccc(N=Nc4ccc([N+](=O)[O-])cc4)cc3)ccc1C)C2=O,,0.35814265,,,
870443283,Cc1ccc(Nc2nc(Nc3ccc(-c4nc5cc(-c6ccc7[nH]c(C)nc7c6)ccc5[nH]4)cc3)nc(N(c3ccccc3)c3ccccc3)n2)cc1,,0.4152424,,,
870679146,CC(=O)Nc1cccc(NC(=O)c2ccc3c(c2)C(=O)N(c2ccc(Oc4ccc5ccc(Oc6ccc(N7C(=O)c8ccc(C)cc8C7=O)cc6)cc5c4)cc2)C3=O)c1,,0.35133483,,,
871001883,CNc1ccc(-c2ccc(NC(=O)c3cccc(C(C)=O)c3)c(O)c2)cc1O,,0.32620307,,,
871245251,CCCOP(=O)(N=Nc1ccc(C(=O)c2ccc(N=NP(=O)(OC)OCC)cc2)cc1)OCC,,0.36466519,,,
871482212,CCC(C)OC(=O)C1CCCCC1,,0.36242795,,,
871802155,CCC(C)(C)C(=O)OCc1ccc(OCCOCC)c(OCCOCC)c1,,0.3637068,,,
872295488,CCC(C)OC(=O)C(C)(C)C(C)(C)CC,,0.37176287,,,
873004206,Cc1ccc(Oc2ccc(-c3ccc(Oc4ccc(N5C(=O)c6ccc(Oc7ccc(Sc8ccc(Oc9ccc%10c(c9)C(=O)N(C)C%10=O)cc8)cc7)cc6C5=O)cc4)cc3)cc2)cc1,,0.36939171,,,
873238288,CNc1cc(N)c(N)c(C)c1C(=O)Oc1cc(N)c(-c2cc(N)c(N)c(C)c2N)c(C)c1NC,,0.32140926,,,
873401341,COc1ccc(NC(=C(C#N)C#N)c2ccc(C(Nc3ccc(C)cc3)=C(C#N)C#N)cc2)cc1,,0.401116,,,
873453731,CC(=O)Oc1ccc(C(C)(C)c2ccc(OC(=O)c3ccc4c(c3)c3cc(C)ccc3n4C)cc2)cc1,73.83261176,,,,
873632495,CC#Cc1ccccc1C#C[SiH](C)c1ccccc1,,0.43769633,,,
873980403,CCC(C)(C)C(=O)OCCOCCOCCOc1ccc(N=Nc2ccc(C#N)cc2)cc1,,0.35955244,,,
874837683,COc1ccc(S(=O)(=O)c2ccc(OC(=O)c3cc(CCCCC)cc(C(C)=O)c3)cc2)cc1,,0.36567786,,,
875422792,COc1ccc2cc(Oc3ccc(S(=O)(=O)c4ccc(Oc5ccc(C(=O)c6ccc(C)cc6)cc5)cc4)cc3)ccc2c1,,0.36982073,,,
875480288,CCCCC1CCN(C(=O)c2ccc(C(=O)C3CCN(C)CC3)c(Oc3ccccc3)c2)CC1,131.1821319,,,,
875491202,Cc1ccc(NC(=O)c2ccc(C(=O)Nc3ccc(C4(C)OC(=O)c5ccccc54)cc3)cc2)cc1,292.5925873,,,,
875508039,CNc1ccc(-c2ccc(NC)c(-c3ccc4ccccc4c3)c2-c2ccc3ccccc3c2)c(-c2ccc3ccccc3c2)c1-c1ccc2ccccc2c1,,0.3677538,,,
876188876,COc1ccc(C2(c3ccc(Oc4ccc(C(=O)c5cccc(C(=O)c6ccc(C)cc6)c5)cc4)cc3)CCC3CCCCC3C2)cc1,,0.39821297,,,
876238099,Cc1ccc(N(C)CCCCCC)cc1,-128.6299242,,,,
877528478,CCCCCCCCCCCCCCCCCCCCCOC(=O)CCCCCC(=O)OC,,,0.406,0.89731003,22.86240687
877661391,CCC#CC(C#CCOC(=O)CCCCCCCCC(=O)OC)=Cc1ccc(C#Cc2ccc([N+](=O)[O-])cc2)cc1,,0.37813011,,,
878287974,CNc1ccc2c(c1)C1(CC2)CCc2ccc(NC)cc21,,0.3601834849999999,,,
878623302,CC1CC2CC1C(C)C2CCCCCC,,0.40905206,,0.82757252,10.70862832
878851923,COc1ccc(Oc2ccc(C(=O)c3ccc(P(=O)(c4ccccc4)c4ccc(C(=O)c5ccc(C)cc5)cc4)cc3)cc2)cc1,,0.38390226,,,
879566898,CCc1c(C)c(C)c(CNC(=O)CCCC(=O)NC)c(C)c1C,,0.33742347,,,
879855559,CNc1ccc(C2(c3ccc(NC)cc3)CCC(CC)CC2)cc1,,0.35312515,,,
880146863,CNc1ccc(-c2ccc(C(CCCC)(c3ccc(-c4ccc(N)cc4)cc3)c3ccc(-c4ccc(NC)cc4)cc3)cc2)cc1,,0.37280295,,,
880265803,CCC(COC(=O)OC)OCCCCOc1ccc(C=Cc2ccc([N+](=O)[O-])cc2)cc1,,0.34702977,,,
880356503,CCCOCCOC(=O)C(=O)OC,,0.30751302,,,
880710416,CC(=O)Nc1cccc(NC(=O)c2ccc3c(c2)C(=O)N(c2ccc(Oc4ccc(C5(c6ccc(Oc7ccc(N8C(=O)c9ccc(C)cc9C8=O)cc7)cc6)NC(=O)c6ccccc65)cc4)cc2)C3=O)c1,,0.36419448,,,
881168754,CNc1cccc2c(NC)cccc12,,0.33466696,,,
881173814,CC1C(=O)N(c2ccccc2)C(=O)C1C,197.1821336,,0.143,1.03911953,14.56697254
881250244,Cc1ccc(-c2nc3cc(-c4ccc5nc(-c6ccccc6)c(-c6ccc(N7C(=O)C8OC9C(=O)N(C)C(=O)C9C8C7=O)cc6)nc5c4)ccc3nc2-c2ccccc2)cc1,,0.4262251,,,
881286368,Cc1ccc2c(c1)C(=O)N(c1cc(C(c3ccc(OCCN(CC)c4ccc(N=Nc5ccc([N+](=O)[O-])cc5)cc4)c(N4C(=O)c5ccc(C(C)(C(F)(F)F)C(F)(F)F)cc5C4=O)c3)(C(F)(F)F)C(F)(F)F)ccc1OCCN(CC)c1ccc(N=Nc3ccc([N+](=O)[O-])cc3)cc1)C2=O,,0.37188256,,,
881699959,CNc1c2ccccc2c(-c2c3ccccc3c(NC)c3ccc(-c4ccc(C)cc4)c(-c4ccc(C)cc4)c23)c2c(-c3ccc(C)cc3)c(-c3ccc(C)cc3)ccc12,,0.38407296,,,
882038181,CO[Si](C)(C)c1cccc(C(F)(F)C(F)(F)c2cccc([Si](C)(C)C)c2)c1,,0.40311719,,,
882891483,CC(=O)Nc1cc(NC(=O)c2cccc(C)n2)cc(-c2nnc(-c3ccccn3)o2)c1,,0.38275614,,,
884131140,CCCOCCOCCN1C(=O)c2ccc(C(=O)Oc3ccc(OC(=O)c4ccc5c(c4)C(=O)N(C)C5=O)c(-c4ccccc4)c3)cc2C1=O,,0.33757456,,,
884364741,COc1ccc(C(c2ccc(OC(C)=O)cc2)C2C3CCC(C3)C2C)cc1,,0.38003376,,,
884656805,CNc1nc(CCn2ccnc2C)nc(NC)n1,,0.323466525,,,
884758912,Cc1ccc(Oc2ccc(C(=O)c3ccc(Oc4ccc(-c5c6c(c(C)c7ccccc57)C(=O)N(c5ccccc5F)C6=O)cc4)cc3)cc2)cc1,,0.37981659,,,
884792716,CNc1ccc(C(C)(C)c2ccccc2C(C)(C)c2ccc(NC)cc2)cc1,,0.36215314,,,
884979712,Cc1cc(C(=O)NCCCCCCCCCCCCCC)cc(N2C(=O)c3ccc(-c4ccc5c(c4)C(=O)N(C)C5=O)cc3C2=O)c1,,0.3677936,,,
885328080,CCC(C)(CC(=O)OCC)C(=O)O,,0.29105461,,,
885496474,CCC(C)(C)C(=O)OCCN(CC)c1ccc([N+](=O)[O-])cc1,,0.35415635,,,
886026826,Cc1ccc(-c2cc(CCCCCCCC)c(-c3ccc(-c4ccc(-c5sc(-c6ccc([Si](CCCC)(CCCC)[Si](C)(CCCC)CCCC)s6)cc5CCCCCCCC)s4)s3)s2)s1,,0.42281457,,,
886271093,CCC(C)(C)C(=O)Oc1ccc(N=Nc2ccc(OC)cc2)cc1,,0.35867178,,,
886386910,CC=Nc1ccc(C(=O)OCCCCOCCCCOCCCCOC(=O)c2ccc(N=Cc3ccc(C)s3)cc2)cc1,,0.36455788,,,
886529018,CCCCCCCCCCCC(=O)Nc1ccc(NC(=O)CCCCCCCCCCN2C(=O)c3ccc(C(=O)c4ccc5c(c4)C(=O)N(C)C5=O)cc3C2=O)cc1,,0.34716825,,,
886858918,CCC(C)c1ccc(Oc2ccccc2)cc1,,0.37467295,,,
887026171,CO[Si](C)(C)O[Si](C)(C)OC(C)CCC(C)C,,0.42518322,,,
887350173,CNc1ccc2c(c1)Oc1cc3c(cc1O2)C1(CC3(C)C)CC(C)(C)c2cc3c(cc21)Oc1ccc(NC)cc1O3,,0.395258,,,
887653372,CNc1cc2ccccc2c(-c2c(NC)c(N)cc3ccccc23)c1N,,0.33877583,,,
887685066,CNc1cccc2c(N[Se]C)cccc12,,0.38429931,,,
887804615,CCCOCCOC(=O)c1ccc(NC=Nc2ccc(C(=O)OC)cc2)cc1,,0.34881657,,,
888408662,COc1ccc(S(=O)(=O)c2ccc(Oc3ccc(NC(=O)c4ccc(Oc5ccc(C(C)(C)c6ccc(C(C)(C)c7ccc(Oc8ccc(C(=O)Nc9ccc(C)cc9)cc8)cc7)cc6)cc5)cc4)cc3)cc2)cc1,,0.36526252,,,
889509807,Cc1ccc(Oc2ccccc2Oc2ccc(N3C(=O)c4ccc(S(=O)(=O)c5ccc6c(c5)C(=O)N(C)C6=O)cc4C3=O)cc2C(F)(F)F)c(C(F)(F)F)c1,,0.3732598,,,
889670641,COc1ccc(C(C)(C)c2cccc(C(C)(C)c3ccc(Oc4ccc(C(=O)Nc5cccc(NC(=O)c6ccc(C)cc6)c5)cc4)cc3)c2)cc1,,0.3636819,,,
889893408,CNc1cccc(NC(=O)c2ccc(NC(=O)c3ccc([Si](C)(C)c4ccc(C(=O)Nc5ccc(C(C)=O)cc5)cc4)cc3)cc2)c1,,0.35733019,,,
890037112,CCC(O)COc1ccc(C(C)(C)c2ccc(OCC(O)COc3cccc(NC(=O)Cc4cccc(CC(=O)Nc5cccc(OC)c5)c4)c3)cc2)cc1,,0.3397353,,,
890273694,CC1Oc2ccccc2C1C,,0.40215636,,,
890286804,Cc1ccc2c(c1)C(=O)N(c1ccc(Oc3ccc4ccc(Oc5ccc(N6C(=O)c7ccc(C(C)(C(F)(F)F)C(F)(F)F)cc7C6=O)cc5)cc4c3)cc1)C2=O,,0.38094303,,,
890297179,Cc1cc(CCCCCCO[Si](C)(C)C)c(C)s1,,0.42932907,,,
890414662,Cc1ccc2c(c1)C(=O)N(c1cccc(C(=O)Nc3ccc(NC(=O)c4ccc(NC(=O)c5cccc(N6C(=O)c7ccc(C(C)(C(F)(F)F)C(F)(F)F)cc7C6=O)c5)cc4)cc3)c1)C2=O,,0.35268551,,,
890512503,CCC(C)(C)C(=O)OC1CC(C)CCC1C(C)C,,0.38071685,,,
890572584,CC=Cc1ccc(C)c(-c2cc(OCCC(C)C)c(OCCC(C)C)cc2-c2ccccc2)c1,,0.39126142,,,
890993359,CCCCCCCC(=O)Oc1ccc(OC(=O)c2ccc3c(c2)C(=O)N(C)C3=O)c(C)c1,,0.3439212,,,
892241258,CNc1cc(C(=O)O)c(C)cc1OC,93.18891585,,,,
893298020,CCC(C)c1ccc(COCCOCC)cc1,,0.37466356,,,
893952822,CCC(C)c1ccc(C(C)=O)cc1,,0.37541315,0.2296666666666666,1.013613515,14.74755617
894220698,Cc1ccc(C(=O)Nc2ccc(-c3nnc(C)o3)cc2)c(Oc2ccccc2)c1,,0.38004401,,,
895111852,CCC(COC(=O)OC)OCCCCCCCCCCCOc1ccc(C=Cc2ccc([N+](=O)[O-])cc2)cc1,,0.35711055,,,
895255248,Cc1cccc(N2C(=O)C(=O)N(CCCCCCN3C(=O)C(=O)N(C)C3=O)C2=O)n1,,0.32153178,,,
895257711,CCCCCCCCCCc1nc2ccc(-c3ccc4nc(C)oc4c3)cc2o1,,0.38117284,,,
895302963,CO[Si](C)(CCCOCCOCCOC)CCCOCCOCCOC,,0.37166513,,,
895368318,Cc1ccc(Oc2ccc(N3C(=O)C4CCC(C5CCC6C(=O)N(C)C(=O)C6C5)CC4C3=O)cc2)cc1,,0.37758601,,,
895465907,CCCCCCCCCNC(=O)c1cccc(C(=O)NC)c1,,0.34757271,,,
896186812,CNc1ccc(/C=C2\c3ccccc3-c3ccc(NC)cc32)cc1,,0.352654845,,,
896500717,COc1ccc(CC(NC(=O)CCc2ccc(OC(=O)CCC(C)=O)cc2)C(=O)OCCOCCOCC)cc1,,0.33599709,,,
896516520,COc1ccc(NC(=O)c2cc(-c3ccc(C(=O)OCC)c(C(=O)Nc4ccc(C)cc4)c3)ccc2C(=O)OCC)cc1,,0.34732657,,,
896836306,CCCCCCCCCCCC(=O)Oc1ccc(-c2ccc(OC(=O)c3ccc4c(c3)C(=O)N(C)C4=O)cc2)cc1,,0.34876143,,,
897111350,CCCCCCCCCOc1c(OC)cc(C=Cc2ccc(C=Cc3ccc(C=Cc4cc(OC)c(OC)c(OC)c4)cc3)cc2)cc1OC,,0.36573737,,,
897856664,CC1C(=O)N(c2ccc(O[Si](CC)(CC)CC)cc2)C(=O)C1C,,0.41373857,,,
897919146,CCCCCCCCCCCOC(=O)c1ccc(C(=O)NCCCCCCNC(=O)c2ccc(C(=O)OC)cc2)cc1,-20.66610996,,,,
898827717,CC/C=C\COC(=O)CCCCCCCCC(=O)OC,,0.35027613,,,
899188513,CCC(COc1ccc(-c2ccc(C#N)cc2)cc1)OC,,0.3561426,,,
899991188,CCCCCCCCCNC(=O)CCCCCCCCCCCCCCC(=O)NC,,0.37055224,0.355,0.905325915,21.08607303
900206396,Cc1ccc2c(c1)C(=O)N(c1cccc(P(=O)(c3ccc(Oc4ccc(C56CC7CC(CC(C7)C5)C6)cc4)cc3)c3cccc(N4C(=O)c5ccc(C(C)(C(F)(F)F)C(F)(F)F)cc5C4=O)c3)c1)C2=O,,0.3944462,,,
900377151,CNc1ccc(/C(=C(/c2ccccc2)c2ccc(NC)cc2)c2ccccc2)cc1,,0.3773241,,,
900477091,COC(COC(=O)c1ccccc1-c1ccccc1C(C)=O)COc1ccc(N=Nc2ccc(C#N)cc2)cc1,,0.3636633,,,
901091575,CC(=O)OCCCCCCCCCCOC(=O)c1ccc(N2C(=O)c3ccc(C)cc3C2=O)cc1,,0.34926735,,,
901146079,Cc1ccc(Oc2ccc(Oc3ccc(N4C(=O)c5ccc(Oc6ccccc6Oc6ccc7c(c6)C(=O)N(C)C7=O)cc5C4=O)cc3)cc2)cc1,,0.35799953,,,
901361482,CCC(C)c1cc(C(=O)Oc2ccc(OCCCCCCCC)cc2)ccc1C(=O)Oc1ccc(OCCCCCCCC)cc1,,0.3687618,,,
901629107,CCCCCOC(=O)/C=C/C(=O)OC,,0.32664054,,,
902068777,CCCCCCCOC(=O)CCCCCCCCCCN1C(=O)c2ccc(-c3ccc(-c4ccc5c(c4)C(=O)N(CCCCCCCCCCC(=O)OCCCCCCN4C(=O)c6ccc(-c7ccc8c(c7)C(=O)N(C)C8=O)cc6C4=O)C5=O)cc3)cc2C1=O,,0.34746977,,,
902689817,COc1ccc(C(=O)c2ccc(Oc3ccc(C(c4ccc(C)cc4)(C(F)(F)F)C(F)(F)F)cc3)cc2)c2ccccc12,,0.36856069,,,
902705671,COc1ccc(CC(NC(=O)CCc2ccc(OC(=O)CCCC(C)=O)cc2)C(=O)OCCCCCCCCCCCC)cc1,,0.35587178,,,
902763521,Cc1ccc(Oc2ccc(-c3ccc(Oc4ccc(-c5nnc(C)c6c(-c7ccc(F)cc7)c(-c7ccc(F)cc7)c(-c7ccc(F)cc7)c(-c7ccc(F)cc7)c56)cc4)cc3)cc2)cc1,,0.4099229,,,
903431099,CCC(C)(C)C(=O)OCc1ccc(Cl)cc1,,0.35830867,,,
903930104,Cc1ccc(OCCCCCCCCCCCOC(=O)CCCCC(=O)OCCCCCCCCCCCOc2ccc3nc(C)sc3c2)cc1,-17.21827415,,,,
904061966,CCC(C)(C)C(=O)Oc1ccc(N=Nc2ccc(OCCCCCCCCCCCOC(=O)c3ccc4c(c3)OCCOCCOCCOCCO4)cc2)cc1,,0.35926185,,,
904517028,CO[Si](C)(C)c1ccc([Si](C)(C)Oc2c(C)cc(-c3cc(C)c(C)c(C)c3)cc2C)cc1,,0.39864657,,,
904673850,CCCCCCCNC(=O)CC(C)c1ccc(C(C)CC(=O)NC)cc1,,0.35386702,,,
904679252,COc1ccc(Oc2ccc(C(=O)c3ccc(-c4ccc(C(=O)c5ccc(C)cc5)cc4)cc3)cc2)cc1-c1ccc(S(=O)(=O)O)c(C)c1,,0.37255113,,,
904704494,CCCN(C)C(=O)CCC,,0.35159195,,,
904791008,CCCCCCCCCCCCCCCC(=O)OC,,0.38218205,0.3595,0.893283062,18.2412139
905076848,CCC(C)(C)C(=O)Oc1ccc(N=Nc2ccc(C#N)cc2)cc1,,0.37991064,,,
906179701,Cc1ccc(-c2ccc(-c3ccc(-c4cc(-c5ccccc5)c5cc(Oc6ccc7nc(C)cc(-c8ccccc8)c7c6)ccc5n4)cc3)cc2)cc1,,0.40373085,,,
906210584,CCC1CCC(COP(=O)(N=Nc2ccc(Oc3ccc(N=NP(=O)(OC)OC)cc3)cc2)OC)CC1,,0.36114969,,,
906778852,COc1cccc(NC(=O)CCCCC(=O)Nc2ccc(C)cc2)c1,,0.33664117,,,
906799787,Cc1cnc(C2C(c3ccccc3)C(C)C2c2ccccc2)cn1,,0.39156002,,,
907119862,CCCC(C)CC(C)(C)CNC(=O)c1ccc(C(=O)NC)cc1,,0.3423688,,,
907128555,CCC(O)COC(=O)CCCCC(=O)OCC(O)COc1ccc(C(=O)Oc2ccc(OC)cc2)cc1,,0.32619562,,,
907537660,CCC(C)(C)C(C)=O,,,0.1669999999999999,0.887508896,15.25957674
907618399,Cc1cccc(P(=O)(c2ccccc2)c2cccc(N3C(=O)c4ccc(NC(=O)OCCOc5c(Br)cc(C(C)(C)c6cc(Br)c(OCCOC(=O)Nc7ccc8c(c7)C(=O)N(C)C8=O)c(Br)c6)cc5Br)cc4C3=O)c2)c1,,0.37634912,,,
907710212,COc1c(C)cc(C(=O)c2ccc(C)cc2)cc1C,,0.4003208,,,
908333095,CC(=O)Nc1cc(NC(=O)c2ccc3c(c2)C(=O)N(c2cc(-c4nnc(-c5ccccn5)o4)cc(N4C(=O)c5ccc(C)cc5C4=O)c2)C3=O)cc(-c2nnc(-c3ccccn3)o2)c1,,0.38905414,,,
908476662,Cc1ccc(C(C)(C)c2ccc(N3C(=O)c4ccc(Oc5cccc6c(Oc7ccc8c(c7)C(=O)N(C)C8=O)cccc56)cc4C3=O)cc2)cc1,,0.38628112,,,
908638014,CCCCCCCCc1nc2ccc(-c3ccc4nc(C)oc4c3)cc2o1,,0.37087012,,,
908754108,CCC(C)C(=O)OCF,,0.30797623,,,
908812975,COc1ccc(N(c2ccc(OC)cc2)c2ccc3ccc(N(c4ccc(C)cc4)c4ccc(OC)cc4)cc3c2)cc1,,0.41219974,,,
908837792,CNc1ccc(CCCCCCc2ccc(NC)cc2)cc1,,0.34643324,,,
909382922,COc1ccccc1S(=O)(=O)c1ccc(C)cc1,,0.36770444,,,
909509106,CO[Si](C)(C)O[Si](C)(C)O[Si](C)(C)O[Si](C)(C)OC(C)CCCCC(C)C,,0.42702035,,,
909673553,CCCC[Si](C)(C)O[Si](C)(C)CCCOc1ccc(C#N)cc1,,0.40108774,,,
909955996,CC(=O)CCC1(CCC(=O)N2CCN(C)CC2)c2ccccc2-c2ccccc21,,0.35082586,,,
910389413,CNc1cc(C)c2c(NC)cccc2c1,,0.34129811,,,
911111741,CNc1ccc(/C=C/c2cccc(/C=C/c3ccc(NC)cc3)c2)cc1,,0.35180608,,,
911981082,CCC(C)c1ccc(C(=O)OCC(C)C)cc1,,0.38415931,,,
912214142,COc1c(C)cc(C)cc1C(C)CCCC,,0.42545276,,,
912864989,CCC(C)(Cl)C(=O)OC1CCCCC1,,,0.1365,1.054643244,12.33320291
912967034,CCCc1ccc(CCNC(=O)CCCCCCCCCCCCCCCCCCCCC(=O)NC)cc1,,,0.3195,0.936212185,22.57031329
913368014,CCC(OC)C(C(=O)OC)C(C)C(=O)OC,,0.33997342,,,
913582816,CCCCCCCCCCCCCCCCCCCCCCCOC(=O)Cc1ccccc1CC(=O)OC,,,0.367,,
913768396,COc1ccc(C(=O)OCCOCCOCCOC(=O)c2ccc(OC(=O)Nc3cc(NC(C)=O)ccc3C)cc2)cc1,100.4455143,,,,
914204004,Cc1cc(OCCCC)c(C)cc1OCCCC,,0.42056313,,,
914466551,CCC(C)OC(=O)c1ccc(-c2ccccc2)cc1,,0.35360889,,,
914573947,Cc1ccc(Oc2ccc(C3(c4ccc(Oc5ccc(N6C(=O)c7ccc(Oc8ccc(C9(c%10ccc(Oc%11ccc%12c(c%11)C(=O)N(C)C%12=O)cc%10)CCC(c%10ccccc%10)CC9)cc8)cc7C6=O)cc5)cc4)CC4CC3C3CCCC43)cc2)cc1,,0.37595307,,,
915211571,Cc1ccc(-c2cc(C(C)(C)C)c(Oc3ccc(N4C(=O)c5ccc(Oc6ccc7c(c6)C(=O)N(C)C7=O)cc5C4=O)cc3C(F)(F)F)c(C(C)(C)C)c2)cc1,,0.41001219,,,
915222222,CC1C2CC(C(=O)OCCc3ccc(N(c4ccccc4)c4ccccc4)cc3)C(C2)C1C,,0.37725216,,,
915365516,CNc1ccc2c(c1)[C@H]1c3ccccc3[C@@H]2c2ccc(NC)cc21,,0.37877881,,,
915411038,COc1ccc(N=CCCCC=Nc2ccc(OC(=O)Nc3ccc(Cc4ccc(NC(C)=O)cc4)cc3)cc2)cc1,,0.35326814,,,
915653393,COc1ccc(C2(C)CCC(C(C)(C)c3ccc(Oc4ccc(C(=O)c5ccc(C)cc5)cc4)cc3)CC2)cc1,,0.38061245,,,
915714545,CNc1ccc(-c2ccc(NC)c(C)c2-c2cccc(C)c2)cc1C,,0.36515861,,,
915798099,COc1ccc(C2(c3ccc(OC(=O)CCC(C)=O)cc3)c3cc(N(C)C)ccc3-c3ccc([N+](=O)[O-])cc32)cc1,,0.38013673,,,
915909655,CCC(C)(CC(=O)OC)C(=O)OC12CC3CC(CC(C3)C1)C2,,0.37783312,,,
916135247,COc1ccc(NC(=O)c2ccc(C)cc2)cc1,,0.35267198,,,
916461490,CCCCOc1ccc(-c2ccc(OC)c3ccccc23)c2ccccc12,,0.36210647,,,
916566560,CNc1ccc([C@]2(C)CC(C)(C)c3cccc(NC)c32)cc1,,0.36101129,,,
917149837,CC(=O)Nc1cccc(NC(=O)c2ccc3c(c2)C(=O)N(c2ccc(Oc4cccc5c(N6C(=O)c7ccc(C)cc7C6=O)cccc45)cc2)C3=O)n1,,0.35579291,,,
917240080,Cc1ccc(C(c2ccc(-c3cc(-c4ccccc4)c4cc(Oc5ccc6nc(C)cc(-c7ccccc7)c6c5)ccc4n3)cc2)(C(F)(F)F)C(F)(F)F)cc1,,0.40660468,,,
917545259,CCCC(F)(F)C(C)(F)F,,0.34634024,,,
917692864,CC(F)(F)C(C)(F)Cl,,,0.139,,
917837982,Cc1ccc(Oc2cc(C(C)(C)C)c(Oc3ccc(N4C(=O)c5ccc(-c6ccc7c(c6)C(=O)N(C)C7=O)cc5C4=O)cc3)cc2C(C)(C)C)cc1,,0.40671678,,,
917938501,CCC(C)OC(=O)OCC(F)(F)F,,0.32040893,,,
918157319,Cc1c(C)c(N2C(=O)c3ccc(Oc4ccc5c(c4)C(=O)N(C)C5=O)cc3C2=O)c(C)c2c1C(C)(C)CC2,325.2939228,,,,
918244660,Cc1cccc(NC(=O)c2ccc(OCCOCCOCCOCCOc3ccc(C(=O)Nc4ccc5[nH]c(C)nc5c4)cc3)cc2)c1,,0.34339353,,,
918773447,Cc1ccc(-c2ccc(N3C(=O)c4cc5c(cc4C3=O)C(C(F)(F)F)(C(F)(F)F)c3cc4c(cc3O5)C(=O)N(C)C4=O)cc2C(F)(F)F)c(C(F)(F)F)c1,472.25,,,,
919063854,CCC(C)CC1CCCC1,,,0.2283333333333333,,
919712594,COc1ccc(CC(NC(=O)CCc2ccc(OC(=O)CCCCC(C)=O)cc2)C(=O)OCCCC)cc1,,0.34179586,,,
919768604,CNc1ccc(/C(C)=C(\C)C(C)(C)c2ccc(NC)cc2)cc1,,0.360922,,,
920265814,Cc1cccc(C(=O)Nc2ccc(Oc3ccc(C(C)(C)c4ccc(Oc5ccc(NC(=O)c6cccc(N7C(=O)c8ccc(-c9cccc%10c9C(=O)N(C)C%10=O)cc8C7=O)c6)cc5)cc4)cc3)cc2)c1,,0.36163095,,,
920561799,CO[Si](C)(C)O[Si](C)(C)Oc1ccc(-c2ccc(C)cc2)cc1,,0.40651802,,,
920814890,CC(=O)Nc1ccc(-c2ccc(NC(=O)c3ccc4c(c3)C(=O)N(c3ccc(Oc5cccc6c(N7C(=O)c8ccc(C)cc8C7=O)cccc56)cc3)C4=O)c(OC)c2)cc1OC,,0.35702577,,,
921026823,CC=C[Ge](C=C[Si](C)(c1ccccc1)c1ccccc1)(c1ccccc1)c1ccccc1,,0.39366166,,,
922945428,COc1ccc(Oc2ccc(NC(=O)c3ccc(Oc4ccc(C(C)(C)c5cccc(C(C)(C)c6ccc(Oc7ccc(C(=O)Nc8ccc(C)cc8)cc7)cc6)c5)cc4)cc3)cc2)cc1,,0.36520777,,,
922969981,COc1ccc(C(=O)Nc2ccc(C(c3ccc(NC(=O)c4ccc(C)cc4)cc3)(P3(=O)Oc4ccccc4-c4ccccc43)P3(=O)Oc4ccccc4-c4ccccc43)cc2)cc1,,0.36147849,,,
922972840,CCC(C)(C)C(=O)OCCCCCCCCCCCCCCC(=O)NC1OC(COC(C)=O)C(OC2OC(COC(C)=O)C(OC(C)=O)C(OC(C)=O)C2OC(C)=O)C(OC(C)=O)C1OC(C)=O,,0.34215996,,,
923029677,CCCCCCC(=O)SC,,0.39191905,,,
923105283,Cc1ccc(OC(=O)c2ccc([Si](c3ccccc3)(c3ccccc3)c3ccc(C(=O)Oc4ccc(C5(C)OC(=O)c6ccccc65)cc4)cc3)cc2)cc1,,0.37881873,,,
923146158,CCCCCCCCCCCCCCCNC(=O)NCCCCCCCCCCNC(=O)NC,,0.37604443,0.344,,
923568845,COc1ccc(N(c2ccc(OCCCCCC)cc2)c2ccc(-c3ccc(N(c4ccc(C)cc4)c4ccc(OCCCCCC)cc4)cc3)cc2)cc1,,0.40556896,,,
924221537,Cc1ccc(-c2nc3cc(-c4ccc5nc(C)c(-c6ccccc6)nc5c4)ccc3nc2-c2ccccc2)cc1,,0.44967432,,,
924258388,CCC(C)OC(=O)c1ccc(OC)cc1,,0.34230372,,,
924456640,CCCC(c1ccccc1)[Si](C)(C)C,,0.39149503,,,
924584081,Cc1ccc(N(c2ccc(C#N)cc2)c2ccc(N3C(=O)c4ccc(Oc5ccc(C(c6ccc(Oc7ccc8c(c7)C(=O)N(C)C8=O)cc6)(C(F)(F)F)C(F)(F)F)cc5)cc4C3=O)cc2)cc1,,0.39334445,,,
924846340,CNc1ccc2c(c1)-c1cc(NC)ccc1C21c2ccccc2-c2ccccc21,,0.38016064,,,
925076863,CCCCCCC(C)CCC,,0.40474828,,,
925163617,CC(=O)c1cc(C(=O)c2ccc3[nH]c4ccc(C)cc4c3c2)c(C(=O)O)cc1C(=O)O,106.1795053,,,,
925500331,Cc1ccc(CC(=O)Nc2cccc3c(NC(=O)Cc4ccc(-c5sc(C)c(-c6ccccc6)c5-c5ccccc5)cc4)cccc23)cc1,,0.38341143,,,
925984041,CCCCCCCCCOC(=O)CCCCCNC(=O)CCCCC(=O)NCCCCCC(=O)OC,,,0.293,,
925989264,COc1ccc(Oc2ccc(C(=O)c3ccc(-c4ccc(C(=O)c5ccc(C)cc5)cc4)cc3)cc2)cc1-c1ccccc1,,0.3777411,,,
926324198,Cc1ccc(-c2nnc(C)o2)c(OCCCCCCCC)c1,,0.41320631,,,
926346453,CC(=O)NCCNC(=O)c1ccc(N2C(=O)c3ccc(C)cc3C2=O)cc1,,0.32267936,,,
926490158,Cc1ccc2c(c1)C(CCCCCC)(CCCCCC)c1cc(-c3ccc4c(c3)c3cc(C)ccc3n4-c3ccccc3)ccc1-2,,0.39925527,,,
926565348,COc1ccc(Oc2ccc(Oc3ccc(S(=O)(=O)c4ccc(C)cc4)cc3)cc2)cc1,,0.37216814,,1.200029536,24.89017712
926565511,CCC(C)(C)C(=O)OCCCCCCN(C)c1ccc(N(C)C)cc1,,0.36989914,,,
926851553,CCc1c(C)c(C)c(CSC(=O)CCCCC(=O)SC)c(C)c1C,44.80678229,,,,
926945718,Cc1ccc2c(c1)C(CCCCCCCC)(CCCCCCCC)c1cc(-c3ccc4c(c3)C(CCCCCCCCCCCC)(CCCCCCCCCCCC)c3cc(C)ccc3-4)ccc1-2,37.51200969,,,,
927050868,CCCCCCOC(=O)c1ccc(C=Cc2ccc(C(=O)OC)cc2)cc1,,0.35355098,,,
927902684,CCC(C)(C)C(=O)OCC1(C)COCOC1,,0.34420519,0.1305,1.010012446,10.74845321
928008419,Cc1cc(-c2sc(-c3cc(CCCCCCC)c(C)s3)cc2CCCCCCC)c2cccccc1-2,,0.44541284,,,
928940604,CNc1ccc(NC)c(-c2cccc3ccccc23)c1-c1cccc2ccccc12,,0.36200233,,,
929171141,CNc1ccc2c(-c3ccccc3C)c3ccccc3c(-c3ccccc3C)c2c1NC,,0.36841027,,,
929535825,CNc1ccccc1-c1c(N)ccc2cc3c(-c4ccccc4N)c(NC)ccc3cc12,,0.35412155,,,
930553513,CNc1cccc(-c2ccc3c(c2)C(CCCCCC)(CCCCCC)c2cc(-c4cccc(NC)c4)ccc2-3)c1,,0.36800418,,,
930567238,Cc1ccc(Oc2ccc(N3C(=O)c4ccc(Oc5c(Oc6ccc7c(c6)C(=O)N(C)C7=O)cc(C(C)(C)C)cc5C(C)(C)C)cc4C3=O)cc2)cc1,,0.39862825,,,
930831236,CNc1ccc(NC(=O)c2cc(-c3ccc(C(=O)O)c(C(C)=O)c3)ccc2C(=O)O)cc1,,0.31148404,,,
931370343,CCC(C)c1ccc(-c2c3ccccc3cc3ccccc23)cc1,,0.37620542,,,
931521712,CNC1=CC=C2C=CC=C[C@H]2[C@@H]1c1c(NC)ccc2ccccc12,,0.34641044,,,
931723898,CNc1ccc(C(c2ccccc2)(c2ccc(N)cc2)c2ccc(NC)cc2)cc1,,0.37211398,,,
931906273,COc1ccc(S(=O)(=O)c2ccc(Oc3ccc(S(=O)(=O)c4ccc(-c5ccc(-c6ccc(S(=O)(=O)c7ccc(C)cc7)cc6)cc5)cc4)cc3)cc2)cc1,,0.37649648,,,
932177649,CC(=O)Nc1ccc(C2(c3ccc(NC(=O)c4ccc5c(c4)C(=O)N(c4cccc(N6C(=O)c7ccc(C)cc7C6=O)c4)C5=O)cc3)c3ccccc3-c3ccccc32)cc1,,0.37103025,,,
932213408,CCCCCCCCCCCCCCCCCCCCCOC(=O)CCCCSCCCCC(=O)OC,,,0.322,0.926144559,18.71887364
932596908,Cc1ccc(Oc2ccc(C(C)(C)c3ccc(Oc4ccc(-c5nnc(C)n5-c5ccc(S(=O)(=O)c6ccccc6)cc5)cc4)cc3)cc2)cc1,,0.37755482,,,
933005938,CCC(COc1ccc(OC)cc1)OC(C)=O,,0.33587551,,,
933916766,C/C=C/C,59.5588378,,0.394,0.775000418,34.672905605
934242824,CCNC(=O)OCCOC(=O)NCc1ccc(C(C)(C)c2ccc(C)o2)o1,,0.33830674,,,
934350191,Cc1cccc(S(=O)(=O)NCCCNS(C)(=O)=O)c1,,0.33288923,,,
934378848,COc1ccc(CC(NC(=O)CCc2ccc(OC(=O)CCC(C)=O)cc2)C(=O)OCc2ccccc2)cc1,,0.33698124,,,
934720972,CNc1cc2cc3c4cc5ccccc5cc4c4cc5ccccc5cc4c3cc2c(N)c1NC,,0.34084911,,,
934750353,CNc1ccc(C(C)(c2ccccc2)c2ccc(NC)cc2)cc1,,0.35460063,,,
935609923,CCC(C)(C)c1ccc2ccccc2n1,,0.38344332,,,
935627680,CCC(C)c1ccc(C(=O)c2ccccc2)cc1,,0.37525609,,,
935941337,CCCCCCCCCNC(=O)C(CCCCCCCCCCCC)C(=O)NC,,,0.331,,
935965318,CNCCCCCCCNC,,0.33180826,,,
935976337,Cc1ccc2c(c1)C(=O)N(c1cc(C(=O)O)cc(N3C(=O)c4ccc(C(C)(C(F)(F)F)C(F)(F)F)cc4C3=O)c1)C2=O,,0.37985486,,,
936348759,CCC(C)C(=O)OCC(F)(F)C(F)C(F)(F)F,,0.32043251,,,
936419032,COc1ccc(OC(=O)c2ccc(OCCOc3ccc(C(C)=O)cc3)cc2)cc1C,68.01369706,,,,
936563267,CC(=O)c1ccc(Oc2ccc(-c3ccc(Oc4ccc(C(=O)c5ccc6c(c5)C(=O)N(c5ccc(Cc7ccc(N8C(=O)c9ccc(C)cc9C8=O)cc7)cc5)C6=O)cc4)cc3)cc2)cc1,,0.37592453,,,
937218293,CCC(C)OC(=O)C1CCCC1,,0.36011903,,,
937233675,COc1ccc(C(C)(c2ccccc2)c2ccc(OC(=O)OC3C(C)(C)C(OC(C)=O)C3(C)C)cc2)cc1,,0.36891791,,,
937312139,CCCC1CC(OC(=O)CCCCCCCCCCOc2ccc(-c3ccc(C#N)cc3)cc2)CC1C,,0.36926813,,,
937429768,CC(=O)Nc1ccc(Oc2ccc3ccccc3c2-c2c(Oc3ccc(NC(=O)c4ccc5c(c4)C(=O)N(c4cc(C(F)(F)F)cc(N6C(=O)c7ccc(C)cc7C6=O)c4Oc4ccc(C(F)(F)F)cc4)C5=O)cc3)ccc3ccccc23)cc1,,0.37258957,,,
937600317,CO[Si](C)(C)CCCCCOc1ccc(/C=C/c2ccc(OC)cc2)cc1,,0.36872385,,,
938001500,CNc1ccc(C2=C(c3ccc(NC)cc3)[C@](C)(C(C)C)[C@@](C)(C(C)C)C(C)=C2C)cc1,,0.3722569,,,
938126554,CCC/C=C(/C)C(C)(C)C,,,0.20825,0.831876241,13.577310245
938471508,CCCCCCCN1C(=O)c2ccc(C(=O)Nc3ccc(S(=O)(=O)c4ccc(NC(=O)c5ccc6c(c5)C(=O)N(C)C6=O)cc4)cc3)cc2C1=O,,0.34497827,,,
938632884,CNc1ccc(C)c(-c2c(C)ccc(NC)c2C)c1C,,0.36618089,,,
938927224,Cc1ccc(Oc2ccc(-c3ccc(Oc4ccc(N5C(=O)c6ccc(Oc7c(C)cc(Cc8cc(C)c(Oc9ccc%10c(c9)C(=O)N(C)C%10=O)c(C)c8)cc7C)cc6C5=O)cc4)cc3)cc2)cc1,,0.38112345,,,
939175685,CCC(C)C(=O)OC(CC)CC,,,0.213,0.928441574,12.41393583
939569581,CCC(O)COc1ccc(C(C)(C)c2ccc(OCC(O)COc3cccc(NC(=O)C(=O)Nc4cccc(OC)c4)c3)cc2)cc1,,0.33163835,,,
940363363,Cc1ccc(Cc2ccc(N3C(=O)c4cc(-c5ccc(C(C)(C)C)cc5)c(-c5cc6c(cc5-c5ccc(C(C)(C)C)cc5)C(=O)N(C)C6=O)cc4C3=O)cc2)cc1,,0.41910129,,,
940574386,COc1ccc(CC(NC(=O)CCc2ccc(OC(=O)CCCC(C)=O)cc2)C(=O)OC(C)C)cc1,,0.34201016,,,
940977758,Cc1ccc(Oc2ccc(-c3cc(-c4ccccc4)c4cc(C5(c6ccc7nc(C)cc(-c8ccccc8)c7c6)c6ccccc6-c6ccccc65)ccc4n3)cc2)cc1,,0.42211202,,,
941025862,CC(=O)Nc1ccc2c(c1)-c1cc(NC(=O)c3ccc4c(c3)C(=O)N(c3cccc(P(=O)(c5ccccc5)c5cccc(N6C(=O)c7ccc(C)cc7C6=O)c5)c3)C4=O)ccc1C2,,0.36796455,,,
941113349,CNc1ccc2ccc3c(NC)c(-c4cccc(-c5cccc(C6(c7ccccc7)c7ccccc7-c7ccccc76)c5)c4)cc4ccc1c2c43,,0.36666503,,,
941524634,CCC(C)(C)C(=O)OCc1ccsc1,,0.35367667,,,
941929262,COc1ccc(Oc2ccc(C(=O)c3ccc(NC(=O)c4ccc(C(=O)Nc5ccc(C(=O)c6ccc(C)cc6)cc5)cc4)cc3)cc2)cc1,,0.3613444,,,
942234134,COc1ccc(C(c2ccc(OP3(Oc4ccc(C(=O)OC)cc4)=NP(Oc4ccc(C(=O)OC)cc4)(Oc4ccc(C(=O)OC)cc4)=NP(C)(Oc4ccc(C(=O)OC)cc4)=N3)cc2)(C(F)(F)F)C(F)(F)F)cc1,,0.34107289,,,
942714544,CNc1c(-c2ccccc2)cc(-c2ccccc2)cc1C1(c2cc(-c3ccccc3)cc(-c3ccccc3)c2NC)c2ccccc2-c2ccccc21,,0.3863404,,,
942731516,CNc1ccccc1CCc1ccc(NC(=O)Nc2ccc(CCc3ccc(NC(C)=O)cc3)cc2)cc1,,0.35341699,,,
942798505,COc1ccc(CC(NC(=O)CCc2ccc(OC(=O)COCC(C)=O)cc2)C(=O)OCCOCCOCC)cc1,,0.33608462,,,
943239154,COc1cccc(NC(=O)CCCCCCC(=O)Nc2ccc(C)cc2)c1,,0.34067938,,,
943356153,COC(=O)C(C)NC(=O)CCCCCCCC(=O)NC(C)C(=O)OC1COC2C(C)COC12,,0.33413155,,,
943955993,Cc1cc(C)c(O)c(/C=N/c2ccc(Cl)cc2)c1,,,0.141,1.17680677,13.61558599
944555071,CCCCCOc1ccc(OCCCCc2nnc(-c3ccc(-c4nnc(C)o4)cc3)o2)c(C)c1,,0.36004783,,,
945028672,Cc1cccc(-c2nc3cc(-c4ccc5nc(C)c(-c6ccccc6)nc5c4)ccc3nc2-c2ccccc2)c1,,0.42889461,,,
945057179,Cc1ccc(Oc2c(C)cc(C(c3cc(C)c(Oc4ccc(N5C(=O)c6ccc(-c7ccc8c(c7)C(=O)N(C)C8=O)cc6C5=O)cc4)c(C)c3)c3cccc4ccccc34)cc2C)cc1,,0.39971724,,,
945096755,Cc1ccc(Sc2cc3c(cc2Sc2ccc(N4C(=O)c5ccc(Oc6ccc7c(c6)C(=O)N(C)C7=O)cc5C4=O)cc2)C(=O)N(CCc2ccccc2)C3=O)cc1,,0.37134878,,,
945247998,CC1C(=O)OC(=O)C1C1C2CC(COCCC)C(C2)C1C,,0.3385676,,,
945652954,CCC(C)C(=O)OC(Cl)C(Cl)(Cl)Cl,,0.36754584,,,
945771244,CN=P(C)(N1CCCCC1)N1CCCCC1,,0.4443714,,,
945861213,COc1ccc(Oc2cccc(C(=O)Oc3ccc(OC(=O)c4cccc(C)c4)cc3)c2)cc1,,0.35315362,,,
946366980,CCC(C)C(=O)OCCO,,0.30069281,,,
946712155,Cc1ccc2c(c1)C(=O)N(c1ccc(-c3ccc(N4C(=O)c5ccc(C(C)(C(F)(F)F)C(F)(F)F)cc5C4=O)c(OC(=O)C=Cc4ccccc4)c3)cc1OC(=O)C=Cc1ccccc1)C2=O,,0.36819149,,,
946893976,CNc1cc(NC(=O)c2cccc(C(C)=O)c2)cc(C(=O)Oc2ccc(Oc3ccc(C#N)c(C#N)c3)cc2)c1,,0.34874023,,,
947147165,CN/N=C(\NC)c1nc2c(N)nc(-c3ccccc3)nc2nc1N,,0.35087811,,,
947769028,COc1ccc(C2(c3ccc(Oc4ccc(C=NN=Cc5ccc(C)cc5)cc4)cc3)c3ccccc3-c3ccccc32)cc1,,0.39319174,,,
948546936,CC(=O)Oc1ccc(C(C)(C)c2ccc(OC(=O)c3ccc4c(c3)C(=O)N(c3ccc(-c5ccc(N6C(=O)c7ccc(C)cc7C6=O)cc5C)c(C)c3)C4=O)cc2)cc1,,0.36840705,,,
948650769,Cc1ccc(C(=O)NCCNC(=O)c2ccc(S(C)(=O)=O)cc2)cc1,205.0712987,,,,
948765285,CCC(C)(C)C(=O)Oc1ccc(N=Nc2ccc([N+](=O)[O-])cc2)cc1,,0.37332413,,,
948991314,CC(F)(F)C1(F)C(F)(F)C(C)(F)C(F)(F)C(F)(F)C(F)(F)C1(F)F,,0.31519849,,,
949058568,CNc1cc2c(cc1NC)C(CCCCCC)(CCCCCC)c1cc(N)c(N)cc1-2,,0.35765063,,,
949058569,CCC(CC)OC,,0.38603228,,,
949132343,COC(CC)CC(C)=O,,0.34556434,,,
949159115,CNc1cccc(-c2ccc(-c3ccccc3)c(-c3ccccc3)c2-c2cccc(C)c2)c1NC,,0.36795124,,,
949343034,CC(=O)Nc1ccc(Oc2cccc(Oc3ccc(NC(=O)c4ccc5c(c4)C(=O)N(c4ccc(Oc6cccc(Oc7ccc(N8C(=O)c9ccc(C)cc9C8=O)cc7)c6C#N)cc4)C5=O)cc3)c2)cc1,,0.35717581,,,
949719355,COP(=O)(Oc1ccc(Br)cc1)Oc1c(Br)cc(C(c2cc(Br)c(C)c(Br)c2)(C(F)(F)F)C(F)(F)F)cc1Br,,0.39848019,,,
949756192,CNNC(=O)c1ccc(NC(=O)c2cc(C(C)=O)cc(N3C(=O)c4c(Cl)c(Cl)c(Cl)c(Cl)c4C3=O)c2)cc1,133.1528291,,,,
949789711,COc1ccc(C2(c3ccc(OC(=O)CCCCCCC(C)=O)cc3)c3ccccc3-c3ccccc32)cc1,,0.36424024,,,
950036559,CN=Nc1ccc(C)cc1,144.6951233,,,,
950252228,COc1c(Br)cc(S(=O)(=O)c2cc(Br)c(OC(C)=O)c(Br)c2)cc1Br,,0.41564538,,,
950647553,CCC(C)c1ccc(CCC)cc1,,0.40348963,0.2345,0.892912233,13.03650471
950692936,Cc1cccc(S(=O)(=O)NCCCCCNS(C)(=O)=O)c1,,0.34341367,,,
950984280,Cc1ccc(OCCOc2ccc(C=Cc3ccc([N+](=O)[O-])cc3)c(OCCOc3ccc(-c4nc5ccc(Oc6ccc7nc(C)c(-c8ccccc8)nc7c6)cc5nc4-c4ccccc4)cc3)c2)cc1,,0.37078887,,,
951030953,Cc1ccc(Cc2ccc(N3C(=O)c4ccc(-c5ccc6c(c5)C(=O)N(C)C6=O)cc4C3=O)c(C(C)(C)C)c2)cc1C(C)(C)C,,0.4120274,,,
951186365,CC(=O)OCCCSCCCCSCCCOC(=O)c1ccc(N2C(=O)c3ccc(C)cc3C2=O)cc1,,0.35877417,,,
951464832,COc1ccc(CC(NC(=O)Cc2ccc(OC(=O)CCCCC(C)=O)cc2)C(=O)OCCCCCC)cc1,,0.34769384,,,
951628759,CCCOCCOC(=O)CCCCCCCCCCCCCCCCC(=O)OC,,0.36953742,0.3485,0.948193246,23.57437713
951639938,CCC(c1ccccc1)C1C(=O)NC(=O)C1C,,0.33021579,,,
951662507,CNc1ccc(C(C#N)(c2ccc(N)cc2)c2ccc(NC)cc2)cc1,,0.35848755,,,
951933381,CC=CC1CC(C)C2C(=O)N(CCCCCCCCCCCC)C(=O)C12,,0.3769725,,,
951940704,Cc1ccc(-c2nc3cc(S(=O)(=O)c4ccc5nc(C)c(-c6ccccc6)nc5c4)ccc3nc2-c2ccccc2)cc1,,0.43534029,,,
952029062,CC(=O)Nc1ccc(N=Nc2ccc([N+](=O)[O-])cc2)c(NC(=O)c2ccc3c(c2)C(=O)N(c2c(C)cc(-c4cc(C)c(N5C(=O)c6ccc(C)cc6C5=O)c(C)c4)cc2C)C3=O)c1,,0.37389366,,,
952776097,CC(=O)Oc1ccc(C(C)(C)c2ccc(OC(=O)c3ccc4c(c3)C(=O)N(c3ccc(-c5ccc(N6C(=O)c7ccc(C)cc7C6=O)c(C)c5)cc3C)C4=O)cc2)cc1,87.17702398,,,,
952804603,CO[Si](C)(C)O[Si](C)(C)O[Si](C)(C)Oc1c(C)cc(-c2cc(C)c(C)c(C)c2)cc1C,,0.39230829,,,
952898097,CCC(=O)Nc1cccc(NC(=O)COc2ccc3ccccc3c2Sc2c(OC)ccc3ccccc23)c1,,0.33988537,,,
953208758,CNc1ccc(/C=C/c2c(-c3ccc4ccccc4c3)c(-c3ccc4ccccc4c3)c(NC)c(-c3ccc4ccccc4c3)c2-c2ccc3ccccc3c2)cc1,,0.36715532,,,
953356077,COc1ccc(Oc2ccc(C(=O)c3ccc(C)cc3)cc2)cc1CBr,98.31320425,,,,
953833723,CNc1ccc(-c2ccc(NC)c(-c3ccccc3C=C)c2-c2ccc(-c3ccccc3)cc2)cc1,,0.36143904,,,
954090484,CC(C)=C(C)[Si](C)(C)C,,0.39006159,,,
954258008,CCCCCCCN(CC(F)(F)C(F)(F)F)C(=O)C(F)(F)C(F)(F)C(F)(F)C(F)(F)C(=O)N(C)CC(F)(F)C(F)(F)F,,0.33102861,,,
954755494,CCCCCOC(=O)NCCSCCCCCSCCNC(=O)OC,3.000872148,,,,
954781354,CNc1cc(N)c(-c2cccc3cc4ccc5cc6cc7ccccc7cc6cc5c4cc23)c(NC)c1,,0.34724713,,,
954804864,CCC(CCl)(CCl)COC(=O)c1ccc(C(=O)OC)cc1,11.46555203,,,,
954903716,CC(=O)OCCCCCCCCCCCCOC(=O)c1ccc(NC(=O)c2ccc(N3C(=O)c4ccc(C)cc4C3=O)cc2)cc1,,0.3516794,,,
955200653,COc1cccc(OC(=O)CCC(C)=O)c1,,0.32498132,,,
955951687,CNc1ccc2c3cccc4c(NC)ccc(c5cccc1c52)c43,,0.33296652,,,
956184132,Cc1ccc(Oc2ccc(Oc3ccc(N4C(=O)CC(=O)N(C)C4=S)cc3)cc2)cc1,,0.37482752,,,
956462664,COc1ccc(NC(=C(C#N)C#N)c2ccc(-c3ccc(-c4ccc(C(Nc5ccc(C)cc5)=C(C#N)C#N)cc4)cc3)cc2)cc1,,0.39506825,,,
956860993,CCC(COc1ccc(C)cc1)OC,-55.31696784,,,,
957017762,CC1C(=O)N(c2ccc(C)cc2)C(=O)C1C,,,0.1405,0.95394828,12.83180759
957944731,Cc1ccc(OC(=O)c2ccc(C(=O)Oc3ccc(C4(C)OCc5ccccc54)cc3)cc2)cc1,,0.36114179,,,
958448882,CCCCCOc1ccc(-c2ccc(OC)c3ccccc23)c2ccccc12,,0.36234593,,,
958708723,CCC(C)(C)C(=O)OC1CCOCC1,,0.34938977,,,
958992897,CCCOc1ccc(C=C2CCC(=Cc3ccc(OCCOP(=O)(OC)OC)c(OC)c3)C2=O)cc1OC,,0.34158729,,,
959078750,CCCCCCC(C)CCCC,,0.4045687,,,
959788863,CCC(C)(C)C(=O)OCCCCC1CCCCC1,,0.36717544,,,
960238804,CCCN(CCOC(=O)c1cc(OCCC2CCN(c3ccc(S(=O)(=O)C(F)(F)C(F)(F)C(F)(F)C(F)(F)C(F)(F)C(F)(F)C(F)(F)C(F)(F)F)cc3)CC2)cc(C(=O)OC)c1)c1ccc(S(=O)(=O)C(F)(F)C(F)(F)C(F)(F)C(F)(F)C(F)(F)C(F)(F)C(F)(F)C(F)(F)F)cc1,,0.34501773,,,
960557401,Cc1ccc(Oc2ccc(Oc3ccc(N4C(=O)c5ccc(-c6cccc7c6C(=O)N(C)C7=O)cc5C4=O)cc3)cc2)cc1,,0.37743403,,,
960896880,CNc1ccc(NC(=O)c2ccc(NC(=O)CCCCCCCCC(=O)Nc3ccc(C(C)=O)cc3)cc2)cc1C(=O)OCCCCCCCCCCCCCCCC,,0.357945,,,
961207214,CCCCCCCCCCCOc1cccc(OC(=O)c2ccc(C(=O)Oc3cccc(OC)c3)cc2)c1,20.92794041,,,,
961272139,CNc1ccc(C2=C(c3ccccc3)/C(=C/c3ccccc3)[C@@H](NC)/C(=C/c3ccccc3)C2)cc1,,0.38000782,,,
961432489,CNNC(=O)C=CC(=O)Nc1cccc(C=C2CCC(=Cc3cccc(NC(=O)C=CC(C)=O)c3)C2=O)c1,,0.3318831,,,
961504352,CO[Si](C)(C)O[Si](C)(C)c1ccc([Si](C)(C)C)cc1,,0.43360758,,,
961636865,COP(=O)(Oc1c(Cl)c(Cl)c(C)c(Cl)c1Cl)Oc1c(Cl)c(Cl)c(Cl)c(Cl)c1Cl,,0.36344351,,,
961938708,COC(=O)NC1CCC(CC2CCC(NC(=O)OC3CC4CC(C)CC(C3)O4)CC2)CC1,,0.35624612,,,
961980503,CCC(C)(C)C(=O)OCCC#N,,0.35439971,0.138,1.036075809,14.2239278
962173929,CC(=O)c1ccc2c(c1)C(=O)N(c1ccc(C(C)(C)c3cccc(C(C)(C)c4ccc(N5C(=O)c6ccc(C)cc6C5=O)cc4)c3)cc1)C2=O,,0.38044047,,,
962326024,CC=Cc1ccc2c(c1)C(CC(CC)CCCC)(CC(CC)CCCC)c1cc(C)ccc1-2,,0.40667606,,,
962879741,CC(=O)c1ccc2c(c1)C(=O)N(c1ccc(Oc3ccc(N4C(=O)c5ccc(C)cc5C4=O)cc3Br)c(Br)c1)C2=O,,0.40438149,,,
962995886,COc1ccc(CC(NC(=O)CCc2ccc(OC(=O)COCCOCC(C)=O)cc2)C(=O)OCCOCCOCC)cc1,,0.33730096,,,
963631367,CNc1ccc(-c2cc(C=C)c(NC)c(-c3ccccc3)c2-c2ccc(-c3ccccc3)cc2)cc1,,0.3632724,,,
963881444,COc1ccccc1C(=O)OC(=O)c1ccccc1OC(=O)CCCCCC(C)=O,,0.32881448,,,
963896306,CCCN(CCCCCCOc1ccc(N=Nc2ccccc2)cc1)CCOC(=O)Nc1ccc(Cc2ccc(NC(=O)OC)cc2)cc1,,0.35226534,,,
963961682,CNc1ccc(C2(c3ccc(NC)cc3)c3ccccc3-c3ccc(N)cc32)cc1,,0.36566131,,,
965296987,CC(C)C(C)C(=O)OC12CC3CC(C)(CC(C)(C3)C1)C2,,0.39846139,,,
965501269,CO[Si](C)(CCC(F)(F)F)CCC(F)(F)C(F)(F)C(F)(F)C(F)(F)C(F)(F)C(F)(F)C(F)(F)C(F)(F)CC[Si](C)(C)CCC(F)(F)F,,0.36576682,,,
965594112,CCC(C)c1ccc(C(=O)C(F)(F)F)cc1,,0.3627692,,,
965608760,COc1ccc(NC(=O)CCCCCC(=O)Nc2ccc(C)cc2)cc1,,0.33920775,,,
966245387,Cc1ccc(NC(=O)c2cccc(C(=O)Nc3ccc(S(C)(=O)=O)cc3)c2)cc1,,0.34764197,,,
966864975,Cc1ccc(-c2nc3cc(-c4ccc5[nH]c(C)nc5c4)ccc3[nH]2)cc1,423.6341908,,,,
966953045,CCC(C)c1cc(C(=O)Oc2ccc(OCCCCCCCCCCCCCCCCCC)cc2)ccc1C(=O)Oc1ccc(OCCCCCCCCCCCCCCCCCC)cc1,,0.39477312,,,
967532674,CCC(C)OCC,,,0.2465,0.912688006,15.66973123
967548475,CNc1ccc(-c2cc(C/C=C/c3ccccc3)c(NC)c(C/C=C/c3ccccc3)c2-c2ccccc2)cc1,,0.36169428,,,
967673328,CNc1ccc(-c2c(NC)ccc(-c3ccccc3)c2-c2ccccc2)cc1,,0.35943481,,,
967943450,CNc1ccc2c(ccc3c4ccccc4ccc23)c1NC,,0.33046619,,,
967962139,CCCCCCC(=O)Oc1ccc(-c2ccc(OC(=O)c3ccc4c(c3)C(=O)N(C)C4=O)cc2)cc1,,0.33858806,,,
967963503,CC1C(=O)OC(=O)C1C1C2CC(C(=O)OC3CCCCC3)C(C2)C1C,,0.34535226,,,
968134863,CNc1ccc([C@H](CCCC)c2ccc(CC(C)Cc3ccc([C@@H](CCCC)c4ccc(NC)cc4)cc3)cc2)cc1,,0.36829564,,,
968431878,COc1ccc(NC(=O)c2cc(NC(=O)c3ccncc3)cc(C(=O)Nc3ccc(C)cc3)c2)cc1,,0.33905768,,,
968537124,COc1ccc(OC(=O)c2ccc(C(C)=O)cc2)cc1C1CC2CCC1C2,,0.3689794,,,
968666725,Cc1cc(C(=O)OCCCCCC)cc(N2C(=O)CC(C3Cc4ccccc4C4C(=O)N(C)C(=O)C43)C2=O)c1,,0.35771333,,,
968949443,Cc1ccc2c(c1)nc1c3cc4c(=O)n5c6cc(C)ccc6nc5c4cc3c(=O)n21,384.637936,,,,
969077485,CCc1cc(CNC(=O)c2cccc(C(=O)NC)c2)cc(C(C)(C)C)c1,,0.35193217,,,
969180408,CCC(C)S(=O)(=O)c1ccccc1,,0.3645261,,,
969338627,CC1CCCC(S(C)(=O)=O)C1,,0.35779851,,,
970030032,CCC(C)OC(=O)C(F)(F)C(F)(F)C(F)(F)C(F)(F)C(F)(F)C(F)(F)C(F)(F)F,,0.3287593,,,
970285384,CCCN(C)C(=O)c1cc(F)c(F)c(F)c1F,,0.33523927,,,
970455714,CCCCCOc1cccc(C(=O)OC(=O)c2cccc(OC)c2)c1,,0.33788415,,,
970503486,CNc1cccc(NC(=O)c2cc(NC(=O)c3ccncc3)cc(C(C)=O)c2)c1,,0.32910892,,,
971170976,COc1ccccc1-c1ccccc1Oc1ccc2c(=O)n3c4cc(-c5ccc6c(c5)nc5c7ccc(C)c8cccc(c(=O)n65)c87)ccc4nc3c3cccc1c23,,0.3792992,,,
972068859,CCCCCCCOC(=O)CCCCCCCCCCCCCCCCCCC(=O)OCCCCCCN1C(=O)c2ccc(S(=O)(=O)c3ccc4c(c3)C(=O)N(C)C4=O)cc2C1=O,,0.36103038,,,
972337368,CCC(C)(C)C(=O)OCCCCCCOc1ccc(N=Nc2ccc(OCCCC)cc2)cc1,,0.36838691,,,
972362080,CCC(C)OCCOCCOCCOC,,0.35815042,,,
972393663,CNc1ccc(C2(c3ccc(NC)cc3)Cc3ccccc3C2)cc1,,0.35273195,,,
972435079,CCCOCCOCCOCCOC(=O)C=CC(=O)NCCCCCCNC(=O)C=CC(=O)OC,,0.32877992,,,
972454148,CNc1cc2c3cccc4cccc(c5cccc(c1NC)c52)c43,,0.32584641,,,
972522646,Cc1ccc(OC(=O)Oc2ccc(C3(C)OC(=O)c4ccccc43)cc2)cc1,,0.35641972,,,
972638379,Cc1ccc2c(c1)C(=O)N(c1ccc(C(C)(C)c3ccc(C(C)(C)c4ccc(N5C(=O)c6ccc(C(C)(C(F)(F)F)C(F)(F)F)cc6C5=O)cc4)cc3)cc1)C2=O,,0.39659641,,,
972642110,CNc1ccc2ccc3c(NC)c(-c4ccc(C5(c6ccccc6)c6ccccc6-c6ccccc65)cc4)cc4ccc1c2c43,,0.36945993,,,
972695180,CCC(C)(CC)CSC,,0.39492528,,,
972818761,CCc1ccccc1[Si](C)(C)C,,0.37867068,,,
973091046,CCCCCCCCCCCCCNC(=O)C(=O)NC,,,0.309,,
973188497,Cc1ccc2c(c1)C(=O)N(c1cc(C(c3ccc(OC(C)=O)c(N4C(=O)c5ccc(C(C)(C(F)(F)F)C(F)(F)F)cc5C4=O)c3)(C(F)(F)F)C(F)(F)F)ccc1OC(C)=O)C2=O,,0.3749767,,,
973722160,CNC1=C(N)[C@@H](NC)NC(=O)N1,,0.28374372,,,
974102332,CCC(C)C(=O)Nc1cccc(Cl)c1,,0.34957383,,,
974171598,CCCCCCCCCCCCCCCCCCCCCOC(=O)CCCCCCCCC(=O)OC,,,0.276,,
974543233,CC1C(=O)N(c2ccc(O[Si](C)(C)C(C)(C)C)cc2)C(=O)C1C,,0.42394222,,,
974608076,COc1c(-c2ccccc2)cc(C)cc1-c1cccc(-c2ccccc2)c1-c1ccccc1,,0.40445891,,,
974829630,CNCCCCCCCCCCCCNC,,0.34669796,,,
974951002,CCC(CC)C(CC)COC(=O)c1ccc(C(=O)OC)cc1,,0.35322539,,,
974977615,CCCCCCC(=O)Oc1ccc(C2(c3ccc(OC(=O)c4ccc5c(c4)C(=O)N(C)C5=O)cc3)CCCCC2)cc1,,0.35101165,,,
975186441,CC(=O)OCCOC(=O)C=Cc1cccc(N2C(=O)c3ccc(C)cc3C2=O)c1,,0.33326323,,,
975316837,CCCCCC=CCCCCC1CC(CCC2CC(C)OC2=O)C(=O)O1,,0.35075006,,,
975372229,CSC(=O)OCCCCOC(=O)SN1CC(C)N(C)CC1C,-30.512105,,,,
975391754,COc1ccc(CC(NC(=O)Cc2ccc(OC(=O)CCC(C)=O)cc2)C(=O)OCC)cc1,,0.33368013,,,
975529928,CNc1ccc2c(c1)[C@@H]1c3ccc(NC)cc3[C@H]2c2c(N)cccc21,,0.38124543,,,
975679689,CNC(CCC(=O)Nc1ccc(N(c2ccccc2)c2ccccc2)cc1)C(C)=O,,0.36156406,,,
975874706,CCC(C)(C)C(=O)OCCCCCCCCCCOc1ccc(OC(=O)c2ccc(OC)c(Br)c2)cc1,,0.3611176,,,
975942451,CNc1nc2c(c(=O)n1NC)Cc1nc(N)n(N)c(=O)c1C2,,0.34327027,,,
977134165,CC(=O)c1ccc2c(c1)C(=O)N(C1CCC(CC3CCC(N4C(=O)c5ccc(C)cc5C4=O)CC3)CC1)C2=O,,0.36459442,,,
977446169,CCCCCCCCCCCCCCCCCOC(=O)CCCCCCCCCCCCC(=O)OC,,,0.297,,
977496062,COc1cccc(Oc2ccc(C(=O)c3ccc(NC(=O)CCCCCCCCC(=O)Nc4ccc(C(=O)c5ccc(C)cc5)cc4)cc3)cc2)c1,,0.35461809,,,
977560848,CNc1ccc(/C(=C(\c2ccccc2)c2ccc(NC)cc2)c2ccccc2)cc1,,0.374407055,,,
977724395,CCC(C)C(=O)OCCCCCCOc1ccc(C(=O)Oc2ccc(C#N)cc2)cc1,,0.35501894,0.2245,1.095853414,13.394951
977861855,CNc1ccccc1CCc1ccc(NC(=O)NCCCCCCNC(C)=O)cc1,,0.3465376,,,
978144128,CCNC(=O)OCC(OC(=O)NCc1ccc(C)o1)c1ccco1,,0.32715503,,,
978251240,CC(=O)c1ccc2c(c1)C(=O)N(c1cccc(C(O)c3cccc(N4C(=O)c5ccc(C)cc5C4=O)c3)c1)C2=O,,0.36289032,,,
978860750,CNc1ccc(C(C)(C)c2cccc(C(C)(C)c3ccc(NC)c(C)c3)c2)cc1C,,0.3642123,,,
979011291,CCCCCCCCOc1ccc(-c2ccc(OC)c3ccccc23)c2ccccc12,,0.3642299,,,
979179304,CCCOC(=O)NCC1(C)CC(NC(=O)OC)CC(C)(C)C1,,0.33606063,,,
979211683,CCC(C)c1ccc(C(=O)OCC)cc1,,0.36916022,,,
979410672,CCC(C)N1CCCC1=S,,0.39052842,,,
979464287,Cc1ccc2c(c1)C(=O)N(c1cccc(Oc3cccc(N4C(=O)c5ccc(C(C)(C(F)(F)F)C(F)(F)F)cc5C4=O)c3)c1)C2=O,,0.3736609,,,
979533481,CCCCCCCCCCCNC(=NC)c1ccccc1,,0.3881679,,,
979588845,COc1ccc(OC(=O)c2ccc(C(C)=O)cc2Oc2ccc(Oc3ccccc3)cc2)cc1,,0.34706136,,,
980179181,C/C=C/C(C)(C)C(C)(C)C,,,,0.820729949,15.50648001
980398576,Cc1cccc(N2C(=O)c3cccc(Oc4cccc(Oc5cccc6c5C(=O)N(C)C6=O)c4)c3C2=O)c1,,0.35986815,,,
980411522,CCC(CCCCCCCCCCCCCCCC)C1C(=O)N(CCCCCCCCCCCC)C(=O)C1C,,0.39088075,0.335,0.867649177,11.65178394
980661216,CCC(C)(OC(C)=O)c1ccc(OC(=O)CC)cc1,2.162388076,,,,
980673012,Cc1ccc(C)c(C(=O)c2ccc(F)cc2)c1,,0.40977621,,,
980966583,CC#Cc1cc(OC(COCCOCCOCCOC)COCCOCCOCCOC)c(C#Cc2cc(OCCOCCOCCOCCC(=O)O[Na])c(C)cc2OCCOCCOCCOCCC(=O)O[Na])cc1OC(COCCOCCOCCOC)COCCOCCOCCOC,-43.36051195,,,,
981778956,Cc1cc(CCOC(=O)C(C)Br)c(C)s1,,0.40626564,,,
981880572,CCCCCCC(=O)Oc1ccc2ccc(OC(=O)c3ccc4c(c3)C(=O)N(C)C4=O)cc2c1,,0.3370471,,,
982011392,COc1ccc(C(=Cc2cc(OC)c(C=C(c3ccc(C)cc3)c3ccc(F)cc3)cc2OC)c2ccc(F)cc2)cc1,,0.38359708,,,
982052578,CCC(C)(CC(=O)OCC(C)C)C(=O)OCC(C)C,,0.38664522,,,
982081375,Cc1ccc(Oc2ccc3ccccc3c2-c2c(Oc3ccc(N4C(=O)c5ccc(NC(=O)Nc6ccc(-c7cc(-c8ccc(-c9ccccc9)cc8)cc(-c8ccc(NC(=O)Nc9ccc%10c(c9)C(=O)N(C)C%10=O)cc8)n7)cc6)cc5C4=O)cc3)ccc3ccccc23)cc1,,0.36383462,,,
982170716,CCCCCCCNC(=O)c1ccc(C(=O)NC)c(Sc2ccccc2)c1,,0.35031486,,,
982392154,CCC(C)C=C(C)C,,,,0.779950443,12.78661329
982448073,CCCCCCCOC(=O)C(=O)OC,,0.33558333,,,
982641733,CCCOc1ccc(C(=O)OC(=O)c2ccc(OC)cc2)cc1,,0.33048829,,,
982644871,CNc1cccc(NC(=O)CCCCCCCCC(=O)Nc2ccc(C(=O)NC(C)=S)cc2)c1,,0.34266836,,,
982652113,Cc1ccc(Oc2ccc(C(=O)c3ccc(Cc4ccc(C(=O)c5ccc(Oc6ccc(-c7nc(-c8ccccc8)[nH]c7C)cc6)cc5)cc4)cc3)cc2)cc1,,0.39839746,,,
982823848,COc1c(OC)cc(C)cc1OC,,0.35493117,,,
982899341,CNc1cc2ccc3ccc(NC)c4ccc(c1)c2c34,,0.33737081,,,
982900215,CNc1ccc(-c2ccc(NC(=O)Cc3cc(CC(C)=O)c(C)cc3C)cc2)cc1,,0.33947658,,,
982959217,Cc1ccc(Oc2ccc(Oc3ccc(N4C(=O)C(c5ccccc5)=C(c5ccc(C6=C(c7ccccc7)C(=O)N(C)C6=O)cc5)C4=O)cc3)cc2)cc1,,0.37787317,,,
983140270,COc1ccc(S(=O)(=O)c2ccc(Oc3ccc(P(C)(=O)c4ccc(C)cc4)cc3)cc2)cc1,,0.37865073,,,
983336786,CNc1nc(CCC2OCC3(COC(CCc4nc(N)nc(N)n4)OC3)CO2)nc(NC)n1,,0.32807349,,,
983359271,COc1ccc(C(c2ccc(OC3(F)C(C)(F)C(F)(F)C3(F)F)cc2)(C(F)(F)F)C(F)(F)F)cc1,,0.34987919,,,
983408527,CCCCCCCOC(=O)OCCCCCCN1C(=O)c2ccc(-c3ccc(-c4ccc5c(c4)C(=O)N(C)C5=O)cc3)cc2C1=O,,0.34233697,,,
983924337,CCCCCCCCCCCOC(=O)c1ccc(-c2ccc(-c3ccc(C(=O)OC)cc3)cc2)cc1,,0.35722894,,,
984649058,CCCCCCCCCCCCCCCCCCCNC(=O)Cc1ccc(CC(=O)NC)cc1,,0.36969623,,,
984722345,CC(=O)OCCCCCCCCCOC(=O)c1ccc(N2C(=O)c3ccc(C)cc3C2=O)cc1,,0.34843599,,,
985031681,CC(=O)OCCCCCCCCCCCCOC(=O)c1ccc2c(c1)C(=O)N(c1ccc(Oc3ccc(N4C(=O)c5ccc(C)cc5C4=O)cc3)cc1)C2=O,,0.35686622,,,
985113271,CCCOC(=O)Nc1ccc(CCCc2ccc(NC(=O)OC)cc2)cc1,,0.33911152,,,
985128268,Cc1ccc(Oc2ccc(-c3ccc(Oc4ccc(N5C(=O)c6ccc(Oc7cc8ccccc8cc7Oc7ccc8c(c7)C(=O)N(C)C8=O)cc6C5=O)cc4)cc3)cc2)cc1,,0.36958426,,,
985248291,CNc1c(C)cc(C2(c3cc(C)c(NC)c(C)c3)c3ccccc3-c3ccccc32)cc1C,,0.39543139,,,
985685560,Cc1ccc(-c2nc3cc(-n4c(=O)c5cc6c(=O)n(C)c(=O)c6cc5c4=O)ccc3[nH]2)cc1,456.35,,,,
985716101,CC(=O)c1ccc2c(c1)C(=O)N(c1ccc(-c3cc(-c4ccc(OCCCC#N)cc4)cc(-c4ccc(N5C(=O)c6ccc(C)cc6C5=O)cc4)n3)cc1)C2=O,,0.3862986,,,
985931014,CCCCCCCCCOC(=O)c1ccc(-c2ccc(C(=O)OC)cc2)cc1,,0.3520318,,,
986199632,COC(=O)C(C)NC(=O)CCCCC(=O)NC(C)C(=O)OC1COC2C(C)COC12,,0.32344295,,,
986628745,COc1ccc(CC(NC(=O)CCc2ccc(OC(=O)CCCCCCCCC(C)=O)cc2)C(=O)OCC)cc1,,0.35082054,,,
987143129,CCC(C)C(=O)Oc1c(Cl)c(Cl)c(Cl)c(Cl)c1Cl,,0.37010428,0.0849999999999999,1.469086914,15.64579264
987280139,Cc1ccc(Oc2ccc(S(=O)(=O)c3ccc(Oc4ccc(-c5nc(-c6ccccc6)[nH]c5C)cc4)cc3)cc2)cc1,,0.39015986,,,
988391543,CNc1c(C)c(Cc2ccccc2)c(Cc2ccccc2)c(C(Cc2ccccc2)Cc2ccccc2)c1NC,,0.36124078,,,
988399583,CO[Si](C)(C)O[Si](C)(C)O[Si](C)(C)O[Si](C)(C)c1ccc([Si](C)(C)C)cc1,,0.44221475,,,
988455037,Cc1ccc(C(=O)Oc2c(C)cc(C(c3cccnc3)c3cc(C)c(OC(=O)c4ccc(N5C(=O)CC(Nc6cccc(NC7CC(=O)N(C)C7=O)c6)C5=O)cc4)c(C)c3)cc2C)cc1,,0.3727379,,,
988551958,CCCC(C)SC,,0.42340205,,,
988557841,Cc1ccc(Oc2ccc(-c3nc4ccc(-c5ccc6nc(C)c(-c7ccccc7)nc6c5)cc4nc3-c3ccccc3)cc2)cc1,,0.46496815,,,
989355394,CCC(F)(F)C(F)(F)C(F)(F)COC(=O)c1ccc(OCCCCC)c(C(=O)OC)c1,,0.34033362,,,
989396731,CCCCc1nc2cc(-c3ccc4[nH]c(C)nc4c3)ccc2[nH]1,,0.36451297,,,
990486279,Cc1ccc2c(c1)C(=O)N(c1cc(N3C(=O)c4ccc(C(C)(C(F)(F)F)C(F)(F)F)cc4C3=O)ccc1C)C2=O,,0.39717883,,,
990726873,CNc1cc(NC(=O)c2cc(OCCCN(C)c3ccc(N=Nc4ccc(S(C)(=O)=O)cc4)cc3)cc(C(C)=O)c2)cc(C(=O)OCCCN(C)c2ccc(N=Nc3ccc(S(C)(=O)=O)cc3)cc2)c1,,0.3639981,,,
990755656,CNC1=C[C@@](O)(NC)N=C(N)N1,,0.29677001,,,
990844091,Cc1ccc(Oc2ccc(S(=O)(=O)c3ccc(Oc4ccc(-c5c6c(c(C)c7ccccc57)C(=O)N(c5ccccc5)C6=O)cc4)cc3)cc2)cc1,,0.38038292,,,
990921781,CCC(C)(C)C(=O)OCC(=O)N1CCCC1,,0.33084137,,,
991150899,COC(=O)OC1COC2C(C)COC12,,0.32110167,,,
991486562,CCCC(C)C(C)C,,0.38748444,0.2329999999999999,,
991497754,COc1ccc(-c2ccc(-c3ccc(Oc4ccc(C(C)(C)c5ccc(C)cc5)cc4)cc3)cc2)cc1,,0.37801095,,,
991575324,Cc1ccc(Oc2ccc(N3C(=O)c4ccc(Oc5ccc(S(=O)(=O)c6ccc(Oc7ccc8c(c7)C(=O)N(C)C8=O)cc6)cc5)cc4C3=O)cc2)cc1,,0.3668584,,,
991645843,CNc1cccc2c1[C@H]1c3ccccc3[C@@H]2c2cccc(NC)c21,,0.3714413,,,
991677197,CCCCCCCCCCCOC(=O)c1ccc(C(=O)NCCCCCNC(=O)c2ccc(C(=O)OC)cc2)cc1,,,0.307,,
991734116,Cc1ccc(Oc2ccc(Oc3ccc(N4C(=O)C5CCC(C6CCC7C(=O)N(C)C(=O)C7C6)CC5C4=O)cc3)cc2)cc1,,0.36741646,,,
991748625,Cc1ccc(Oc2ccc(-c3nc4cc(S(=O)(=O)c5ccc6nc(-c7ccccc7)c(C)nc6c5)ccc4nc3-c3ccccc3)cc2)cc1,,0.4167925,,,
991749301,CCC(C)(C)C(=O)OCCCCCOc1ccc(-c2ccc(C#N)cc2)cc1,,0.3553822,,,
991912273,Cc1ccc2c(c1)c1cc(-c3c4ccc(C=Cc5ccc(N(CCCCCC)CCCCCC)cc5)cc4c(C)c4ccc(C=Cc5ccc(N(CCCCCC)CCCCCC)cc5)cc34)ccc1n2CCCCCCCC,,0.39672462,,,
992359277,CCC(C)(C)C(=O)OCCF,,,0.1679999999999999,1.091984203,14.10579773
992375016,CCCCCOc1ccc(C(=O)OCCOC(=O)c2ccc(OC)cc2)cc1,,0.34108064,,,
992491355,CC(=O)c1ccc2c(c1)C(=O)N(c1cccc(C(O[Si](C)(C)O[Si](C)(C)O[Si](C)(C)C)c3cccc(N4C(=O)c5ccc(C)cc5C4=O)c3)c1)C2=O,,0.39495463,,,
992696585,CCC(C)C(=O)N(CCCC)CCCC,,,0.211,0.875138172,10.87629214
992902333,C/C=C/c1cc(OCC2CC3CC2C2CCCC32)c(C)cc1OCC1CC2CC1C1CCCC21,,,0.24,1.004037835,17.43472846
993287384,CCCOC(=O)N(Cc1ccccc1)c1ccc(C)c(N(Cc2ccccc2)C(=O)OC)c1,,,,1.109114286,
993495758,Cc1cc2c(cc1C)-c1cc(C)c(N3C(=O)c4ccc(-c5ccc6c(c5)C(=O)N(C)C6=O)cc4C3=O)cc1S2(=O)=O,,0.41132119,,,
993642509,CCC(O)CN(C)S(=O)(=O)c1ccc(-c2ccc(S(=O)(=O)N(C)CC(O)COc3ccc(OC)cc3)cc2)cc1,,0.33724691,,,
994147149,CCCN(CCOC(=O)Nc1ccc(C)c(NC(=O)OC)c1)c1ccc(N=Nc2ccc(-c3nc4ccc([N+](=O)[O-])cc4n3CC)cc2)cc1,,0.36037645,,,
994176414,COc1ccc2c(c1)C1(CC2(C)C)CC(C)(C)c2ccc(OC(=O)c3cccc(C(C)=O)c3)cc21,,0.38372241,,1.04019662,15.18496739
994235992,Cc1ccc(Oc2cccc(Oc3ccc(N4C(=O)c5cccc(Oc6ccc(C(=O)c7ccc(Oc8cccc9c8C(=O)N(C)C9=O)cc7)cc6)c5C4=O)cc3)c2)cc1,,0.36092418,,,
994355655,CC(=O)c1ccc2c(c1)C(=O)N(c1c(CC)cc(Cc3cc(CC)c(N4C(=O)c5ccc(C)cc5C4=O)c(CC)c3)cc1CC)C2=O,,0.4118037,,,
994657756,CCC(CC)SC,,0.42316146,,,
995410408,Cc1ccc2c(c1)C(=O)N(c1ccc(-c3ccc(N4C(=O)c5ccc(C(C)(C(F)(F)F)C(F)(F)F)cc5C4=O)c(OCCN(CC)c4ccc(C(C#N)=C(C#N)C#N)cc4)c3)cc1OCCN(CC)c1ccc(C(C#N)=C(C#N)C#N)cc1)C2=O,,0.37956411,,,
995559885,CC(C)(F)Cl,,0.33776563,,,
995697393,COC(CC(C)=O)C(C)(Cl)Cl,,0.35072691,,,
996300632,COc1ccc(Oc2ccc(NC(=O)c3cc(C(=O)Nc4ccc(C)cc4)cc(C(C)(C)C)c3)cc2)cc1,,0.36524897,,,
996351908,CC(=O)c1ccc2c(c1)C(=O)N(c1ccc(-c3cc(C(C)(C)C)c(Oc4ccc(N5C(=O)c6ccc(C)cc6C5=O)cc4)c(C(C)(C)C)c3)cc1)C2=O,,0.41502916,,,
996538100,COc1ccc(C(c2ccccc2)c2ccc(OC(C)=O)cc2C)c(C)c1,,0.37510529,,,
997201189,Cc1ccc2c(c1)C(=O)N(c1ccc(-c3ccc(N4C(=O)c5ccc(C(C)(c6ccccc6)C(F)(F)F)cc5C4=O)cc3C(F)(F)F)c(C(F)(F)F)c1)C2=O,,0.41024924,,,
997252615,CCC(C)OC,,0.36080303,0.2614999999999999,0.965989074,16.476876
997287969,Cc1ccc(C(c2ccc(N3C(=O)c4ccc(OCCN(CCOc5ccc6c(c5)C(=O)N(C)C6=O)c5ccc(C=Cc6ccc([N+](=O)[O-])cc6)cc5)cc4C3=O)cc2)(C(F)(F)F)C(F)(F)F)cc1,,0.35788304,,,
997443668,CCOC,,,0.246,1.241962384,21.59688826
997638129,CCC(C)C=O,,,0.2425,1.074977648,19.22062685
998478267,Cc1ccc2oc(-c3cccc(-c4nc5cc(C(C)(C(F)(F)F)C(F)(F)F)ccc5o4)c3)nc2c1,,0.42780861,,,
998917125,COC(CC(C)=O)C(Cl)Cl,110.2326669,,,,
999068142,Cc1ccc(Sc2ccc(Sc3ccc(Sc4ccc(S(C)(=O)=O)cc4S(=O)(=O)O)cc3)cc2)c(S(=O)(=O)O)c1,,0.37255612,,,
999116161,CC(=O)Nc1ccc(-c2cc(-c3ccccc3)cc(-c3ccc(NC(=O)c4ccc5c(c4)C(=O)N(c4ccc(NC(=O)Nc6ccc(N7C(=O)c8ccc(C)cc8C7=O)cc6)cc4)C5=O)cc3)n2)cc1,,0.35865584,,,
999660395,CC(=O)NCCN(CCNC(=O)c1ccc2c(c1)C(=O)N(c1ccc(Oc3ccc(N4C(=O)c5ccc(C)cc5C4=O)cc3)cc1)C2=O)c1ccc(C=Cc2ccc([N+](=O)[O-])cc2)cc1,,0.34863371,,,
999723050,CCCOC(=O)C1C2C=CC(C2)C1C(=O)OC,,0.33382733,,,
999774546,Cc1ccc(OCCCCCCOc2ccc(C3C4C(=O)N(c5ccc(N6C(=O)C7ON(C)C(C)C7C6=O)cc5)C(=O)C4ON3C)cc2)cc1,,0.35427898,,,
999910921,CCC(C)(C)C(=O)OC1CCC2CCCCC2C1,,0.37667899,,,
1000606738,CCCCCCCCCCCOc1ccc(C=C2CCC(=Cc3ccc(OCCCCCCCCCCOP(=O)(OC)OC)c(OC)c3)C2=O)cc1OC,,0.3684349,,,
1000610070,CNc1ccc(C(=O)c2ccc(NC(=O)c3ccc(C(C)=O)cc3)cc2)cc1,,0.34522858,,,
1000940979,Cc1ccc(Oc2ccc(N3C(=O)C(Cl)=C(Oc4ccc(C(c5ccc(OC6=C(Cl)C(=O)N(C)C6=O)cc5)(C(F)(F)F)C(F)(F)F)cc4)C3=O)cc2)cc1,,0.36044402,,,
1001186326,CCCCCCCN1C(=O)c2ccc(C(c3ccc4c(c3)C(=O)N(C)C4=O)(C(F)(F)F)C(F)(F)F)cc2C1=O,,0.34666187,,,
1001439258,Cc1ccc(Oc2cccc(Oc3ccc(N4C(=O)c5ccc(Oc6ccc(C(C)(C)c7ccc(Oc8ccc9c(c8)C(=O)N(C)C9=O)cc7)cc6)cc5C4=O)cc3)c2C#N)cc1,,0.37485348,,,
1002053152,CCCCCCCOC(=O)OCCCCCOC(=O)OCCCCCCOc1ccc(C(=O)c2ccc(OC)cc2)cc1,,0.34762282,,,
1002421560,COC(C)COC(=O)CCCCC(C)=O,-15.95518318,,,,
1002611290,Cc1ccc(Oc2ccc(N3C(=O)c4cccc(Oc5ccc(Oc6ccc(Oc7cccc8c7C(=O)N(C)C8=O)cc6)cc5)c4C3=O)cc2)cc1,,0.36415634,,,
1003276848,CNC1=Cc2cccc3ccc(NC)c1c23,,0.33737221,,,
1003322685,CCC(C)(C)C(=O)OC1(C)CCCN(c2ccc(N=Nc3ccc(C=C(C#N)S(C)(=O)=O)cc3)cc2)C1,,0.37311394,,,
1003416473,CC(Cl)=C(C)c1ccccc1,,0.41584019,,,
1003531277,CCC(C)C(=O)N1CC[N+](C)(CCCCCCCCCCCC)CC1,-81.38297384,,,,
1003609082,Cc1ccc(C#Cc2cc(OCCCCCCCC)c(C#Cc3ccc(-c4nnc(C)o4)cc3)cc2OCCCCCCCC)cc1,,0.44177748,,,
1003747074,Cc1ccc(Oc2cccc(Oc3ccc(N4C(=O)C5CCC(C6CCC7C(=O)N(C)C(=O)C7C6)CC5C4=O)cc3)c2)cc1,,0.36411353,,,
1004036255,Cc1ccc(Oc2ccc(N3C(=O)C4C5C=CC(C6C(=O)N(C)C(=O)C56)C4C3=O)cc2)cc1,,0.40046874,,,
1004048009,C=C=C=C(CCCCOC(=O)NC(=O)OCCCC)C(=C)CCCCOC(=O)NC(=O)OCCCC,27.51087357,,,,
1004172510,CCCCCCCCCNC(=O)CCP(C)(=O)CCC(=O)NC,,0.34556001,,,
1005319308,CNc1ccc2c(c1NC)C1(c3ccccc3-c3ccccc31)c1ccccc1-2,,0.37725763,,,
1005375030,CO[Si](Oc1ccc(C2(c3ccc(C)cc3)c3ccccc3-c3ccccc32)cc1)(c1ccccc1)c1ccccc1,,0.41378255,,,
1006229444,Cc1ccc(Oc2ccc(N3C(=O)c4ccc(Oc5ccc6cc(Oc7ccc8c(c7)C(=O)N(C)C8=O)ccc6c5)cc4C3=O)cc2)cc1,,0.368655,,,
1006972816,CNc1ccc(C2(c3ccc(NC)cc3)c3ccccc3-c3cc(C)ccc32)cc1,,0.37206432,,,
1007721072,COc1ccc(S(=O)(=O)c2ccc(OC(=O)c3cccc(C(C)=O)c3)cc2)cc1,,0.35428669,,,
1007994898,CC(=O)c1ccc2c(c1)C(=O)N(c1c(C)cc(-c3cc(C)c(N4C(=O)c5ccc(C)cc5C4=O)c(C)c3)cc1C)C2=O,,0.41642982,,,
1008054582,COc1ccc(S(=O)(=O)c2ccc(Oc3ccc4c(=O)n5c6cc(Oc7ccc8c(c7)nc7c9ccc(C)c%10cccc(c(=O)n87)c%109)ccc6nc5c5cccc3c45)cc2)cc1,,0.37350253,,,
1008455726,Cc1ccc(Oc2ccc(-c3ccc(Oc4ccc(N5C(=O)c6ccc(Oc7ccc(C8(c9ccc(Oc%10ccc%11c(c%10)C(=O)N(C)C%11=O)cc9)CCC(C(C)(C)C)CC8)cc7)cc6C5=O)cc4)cc3C)c(C)c2)cc1,,0.38855303,,,
1009402745,Cc1ccc2c(c1)C(=O)N(c1cccc(P(=O)(c3cccc(N4C(=O)c5ccc(C(C)(C(F)(F)F)C(F)(F)F)cc5C4=O)c3)c3cc(C(F)(F)F)cc(C(F)(F)F)c3)c1)C2=O,,0.39081756,,,
1010071702,CNc1ccc(-c2ccc(NC)cc2CCCCCCc2cc(N)ccc2-c2ccc(N)cc2)cc1,,0.34872521,,,
1011327767,CNNc1ccc(-c2ccc(NNC)c(-c3ccccc3)c2-c2ccccc2)cc1,,0.37163024,,,
1011731362,Cc1ccc([Si](CCCC)(CCCC)[Si](C)(CCCC)CCCC)s1,,0.44335751,,,
1011779904,CCC(CC(Cl)(Cl)Cl)OC,,0.37859237,,,
1011876528,COc1ccc(C(C)(C)c2ccc(OC(=O)c3ccc(C(C)=O)cc3)c(C)c2)cc1C,,0.37553512,,,
1011928148,CCC(C)(C)C(=O)OCC1(C)COC(C)(C)OC1,,0.35893262,0.1525,0.956557271,11.46248639
1011964069,CNc1ccc(C2(c3ccc(NC)c(C)c3C)c3ccccc3-c3ccccc32)c(C)c1C,,0.37955034,,,
1012063352,CC=Cc1nc(C=Cc2ccc3c(c2)c2cc(C)ccc2n3CCCCCC)c(C#N)c(C=Cc2ccc(N(c3ccccc3)c3ccccc3)cc2)c1C#N,,0.40041543,,,
1012066552,Cc1ccc(Cc2ccc(N(c3ccc(C)cc3)c3ccc(-c4ccc(N(C)c5ccc(C)cc5)cc4)cc3)cc2)cc1,,0.43960081,,,
1012240056,Cc1ccc(C(c2ccc(N3C(=O)c4ccc(Oc5ccc6c(c5)C(=O)N(C)C6=O)cc4C3=O)cc2)(C(F)(F)F)C(F)(F)F)cc1,,0.38527977,,,
1012244611,Cc1ccc(N2C(=O)c3ccc(C(=O)c4ccc5c(c4)C(=O)N(c4ccc(-c6nc7cc(-c8ccc9nc(-c%10ccccc%10)c(C)nc9c8)ccc7nc6-c6ccccc6)cc4)C5=O)cc3C2=O)cc1,,0.41170662,0.224,1.081627625,22.18257973
1012389657,CCCOc1cccc(C(=O)OC(=O)c2cccc(OC)c2)c1,3.697542049,,,,
1012615960,CC1CCC(CC2CCC(N3C(=O)C4C5C=CC(C6C(=O)N(C)C(=O)C56)C4C3=O)CC2)CC1,,0.37857284,,,
1012673977,Cc1nc(-c2ccccc2)nc(N(C)CCCCCCN(C)C)n1,,0.39607619,,,
1012813731,CCC(C)c1ccc(C(=O)c2ccc(OC)cc2)cc1,,0.35659947,,,
1013332010,Cc1ccc(Oc2ccc(C(C)(C)c3ccc(Oc4ccc(-c5ncc(C)o5)cc4C(F)(F)F)cc3)cc2)c(C(F)(F)F)c1,,0.40096044,,,
1013677154,COc1ccc(C(=O)OC(C)COC(C)COC(C)COC(=O)c2ccc(OC(=O)c3ccc(C(C)=O)cc3)cc2)cc1,,0.34810342,,,
1013955085,CNCCN(C)CCNC,,0.3165625749999999,,,
1014178298,Cc1ccc(C(=O)OCCCCCCCCOC(=O)c2ccc(-c3nnc(C)s3)cc2)cc1,,0.36108206,,,
1014358426,Cc1ccc2c(c1)Sc1cc(-c3ccc(-c4ccc(C)s4)s3)ccc1N2CCCCCCCCCCCC,,0.45700932,,,
1015002552,CCCCCCCCCCCOc1ccc(OC(=O)c2ccc(OCCOCCOCCOc3ccc(C(=O)Oc4ccc(OC)cc4)cc3)cc2)cc1,,0.34939934,,,
1015530423,CCC(C)(F)C(=O)OCC(F)(F)C(F)F,,0.31321391,,,
1015804720,CNc1ccc2cc3cc4ccccc4cc3cc2c1NC,,0.34122991,,,
1015995822,Cc1ccc(S(C)(=O)=O)cc1,,0.37182941,,,
1016001230,CN=P(C)(N(C)C)N(C)C,,0.38583819,,,
1016053436,CCC1CC(COC(=O)c2ccc(C(=O)OC)cc2)CC(C(C)(C)C)C1,,0.36365524,,,
1016427513,CCC(O)CN(C)S(=O)(=O)c1ccc(-c2ccc(S(=O)(=O)N(C)CC(O)COc3ccc(C(C)(C)c4ccc(OC)cc4)cc3)cc2)cc1,,0.34670882,,,
1016483191,Cc1cccc(N2C(=O)c3ccc(Oc4ccc(S(=O)(=O)c5ccc(Oc6ccc7c(c6)C(=O)N(C)C7=O)cc5)cc4)cc3C2=O)c1,,0.36206097,,,
1016549467,CNc1nc(CCn2ccnc2CCCCCCCCCCC)nc(NC)n1,,0.3488479,,,
1016554396,CNc1ccc2c(c1)cc(-c1ccccc1)c1cc(NC)ccc12,,0.34652388,,,
1016682022,CCC(C)c1ccccn1,,,0.196,0.996326132,14.84520894
1017422838,CNc1cccc(-c2cccc(NC)c2-c2cccc3ccc4cc5ccccc5cc4c23)c1-c1cccc2ccc3cc4ccccc4cc3c12,,0.36507338,,,
1017533864,CCC(C)c1ccc(C(=O)OC(C)C)cc1,,0.37933569,,,
1017786656,CNc1ccc(Cc2ccccc2C(c2ccccc2Cc2ccc(N)cc2)c2ccccc2Cc2ccc(NC)cc2)cc1,,0.36342323,,,
1017876939,COc1ccc(C2(c3ccc(Oc4ccc(C(=O)c5c(C(=O)c6ccc(C)cc6)c(-c6ccc(F)cc6)c(-c6ccc(F)cc6)c(-c6ccc(F)cc6)c5-c5ccc(F)cc5)cc4)cc3)c3ccccc3-c3ccccc32)cc1,,0.40790835,,,
1017988364,CCCCCCCCCCOC(=O)NCCCCCCNC(=O)OC,,0.35605283,,,
1018289608,Cc1cccc(Oc2cccc(Oc3cccc(N4C(=O)c5ccc(-c6cccc7c6C(=O)N(C)C7=O)cc5C4=O)c3)c2)c1,,0.35957648,,,
1018372810,CNc1ccc(CC(Cc2ccc(N)cc2)Cc2ccc(NC)cc2)cc1,,0.34584685,,,
1018492887,COc1ccc(C2(c3ccc(OC(=O)c4ccc(Oc5ccc(C6(c7ccc(Oc8ccc(C(C)=O)cc8)cc7)CCC(C(C)(C)C)CC6)cc5)cc4)cc3)CCCCCCCCCCC2)cc1,,0.38180644,,,
1018993474,Cc1ccc2c(c1)C(=O)N(c1cccc(C(=O)Nc3ccc(Oc4ccc(-c5ccc(Oc6ccc(NC(=O)c7cccc(N8C(=O)c9ccc(C(C)(C(F)(F)F)C(F)(F)F)cc9C8=O)c7)cc6)cc5)cc4)cc3)c1)C2=O,,0.36515817,,,
1019146699,CCNC(=O)CCCCCCCCC(=O)NCC1COC(C)CO1,,0.33667776,,,
1019302045,CC(=O)c1cc(C(=O)c2ccc3c(c2)C(=O)N(c2cccc(N4C(=O)c5ccc(C)cc5C4=O)c2)C3=O)cc(C(C)(C)C)c1,,0.37683798,,,
1019871749,CNC[C@@]12C[C@H]3C[C@@H](C1)C[C@](c1ccc(NC)cc1)(C3)C2,,0.34037658,,,
1020201493,CCC(C)C(=O)OCCCSCCC#N,,0.38516817,0.219,1.082808936,12.13020166
1020575007,CNc1ccc(-c2ccc(NC)c(CC=C)c2CC=C)c(CC=C)c1CC=C,,0.35962472,,,
1021238306,CNNC(=O)c1ccc(C(C)=O)cc1OCCCCCCCC,,0.3601387,,,
1021483975,Cc1ccc(Oc2ccc(C(=O)c3ccc(-c4ccc(C(=O)c5ccc(Oc6ccc(-c7nc(-c8cccc(-c9nc(C)c(-c%10ccccc%10)[nH]9)c8)[nH]c7-c7ccccc7)cc6)cc5)cc4)cc3)cc2)cc1,,0.39957908,,,
1022466130,CCCOC(=O)Nc1ccc(CCc2ccc(NC(=O)OC)cc2)cc1,,0.33796445,,,
1022768745,CCCCCCCCNC(=S)NC,,0.37564095,,,
1022782104,Cc1ccc2oc(-c3ccc(Oc4ccc(-c5nc6cc(C(C)(c7ccccc7)C(F)(F)F)ccc6o5)cc4)cc3)nc2c1,,0.41979595,,,
1022909256,CC(=O)Nc1ccc(NC(=O)c2ccc3c(c2)C(=O)N(c2ccc(Oc4cccc5c(N6C(=O)c7ccc(C)cc7C6=O)cccc45)cc2)C3=O)cc1,,0.36136438,,,
1022982762,CC1CCC(CC2CCC(N3C(=O)c4ccc(-c5ccc6c(c5)C(=O)N(C)C6=O)cc4C3=O)C(C)C2)CC1C,,0.37118198,,,
1023161233,CCC(C)(C)C(=O)OC1CC2CC1C1C3CCC(C3)C21,,0.37657118,,,
1023305390,CNNC(=O)c1cc(NC(=O)c2ccc3c(c2)C(=O)N(c2ccc(C)cn2)C3=O)cc(C(=O)NNC(=O)C(C)=O)c1,,0.33035557,,,
1024068572,CCC(C)c1ccc(C(=O)CCCCCCC)cc1,,0.39176934,0.2663333333333333,,
1024345756,CCC(COC)(CSCCCCC)CSCCCCC,,0.4182603,,,
1024792036,COc1ccc2c(c1)C1(CC2(C)C)CC(C)(C)c2ccc(OC(C)=O)cc21,,0.39692149,,1.005045691,12.92707658
1025306032,CCC1CCC(COC(=O)c2ccc(C(=O)OC)cc2)CC1,,0.35960828,,,
1025433212,COc1ccc(S(=O)(=O)c2ccc(Oc3ccc(C(C)(C)c4ccc(C)cc4)cc3)cc2N)c(N)c1,,0.37039035,,,
1025691953,COc1cccc(Oc2ccc(C(=O)O)c(C(=O)Nc3ccc(Oc4ccc(-c5ccc(Oc6ccc(NC(=O)c7cc(C)ccc7C(=O)O)cc6)cc5)cc4)cc3)c2)c1,,0.34519508,,,
1025699725,CCCCCCCSCCSC,,,0.234,,
1026017017,CCC(C)C(=O)Oc1ccc(N=Nc2ccc([N+](=O)[O-])cc2)cc1,,0.3750338,,,
1026090267,CCCCCCCNC(=O)CC(=O)NC,,0.32199305,,,
1026468393,CCC(C)(C)C(=O)OCC(C)Oc1ccc(-c2ccc(-c3ccc(C#N)cc3)cc2)cc1,,0.35257191,,,
1026585512,CNc1ccc(CCNC(=O)CCCCC(C)=O)cc1,,0.33119767,,,
1026999069,CN/N=N\c1ccc2ccccc2c1-c1c(NNC)ccc2ccccc12,,0.35871072,,,
1027170347,COc1ccccc1Oc1ccc(S(=O)(=O)c2ccc(C)cc2)cc1,,0.3645491,,,
1027277278,CC=Cc1ccc2c(c1)C(CCCCCC)(CCCCCC)c1cc(C=Cc3nc(C)c(C#N)c(C=Cc4ccc(N(c5ccccc5)c5ccccc5)cc4)c3C#N)ccc1-2,,0.40662582,,,
1027526557,COc1cc(OCCOC)c(OC(=O)c2ccc(C(C)=O)cc2OCCOCC)cc1OCCOC,,0.34810915,,,
1027925897,CCCOCCOCCOC(=O)CCSCCC(=O)OC,,0.34274002,,,
1028383994,CCOc1ccc(C(C)(C)c2ccc(Oc3ccc(C)n3-c3ccc([N+](=O)[O-])cc3)cc2)cc1,,0.35710014,,,
1028416033,CO[Si](C)(C)O[Si](C)(C)O[Si](C)(C)OC(C)CCC(C)C,,0.43005336,,,
1028677935,Cc1ccc2c(c1)C(=O)N(c1ccc(Oc3ccc(C(=O)c4cccc(N5C(=O)c6ccc(C(C)(C(F)(F)F)C(F)(F)F)cc6C5=O)c4)cc3)cc1)C2=O,,0.37383074,,,
1028942320,CCCCCCC(Cl)C(C)Cl,,0.3900218,,,
1029035301,COc1c(F)c(F)c(-c2c(F)c(F)c(Oc3ccc(C(c4ccc(C)cc4)(C(F)(F)F)C(F)(F)F)cc3)c(F)c2F)c(F)c1F,,0.36997043,,,
1029595953,CCCCCCCOc1ccc(C(=O)OC(=O)c2ccc(OC)cc2)cc1,64.73496741,,,,
1030451978,CNc1ccc([C@]23C[C@@H]4[C@H]5C[C@]6(c7ccc(NC)cc7)C[C@H]([C@H]5C2)[C@H](C3)[C@H]4C6)cc1,,0.3645152,,,
1031120219,CCC(COC(C)(C)C)OC,,0.3876684,,,
1031229001,CNc1ccc(Oc2ccc(-c3cccc4c3[C@H]3c5ccccc5[C@@H]4c4ccccc43)c(Oc3ccc(NC)cc3)c2)cc1,,0.37154684,,,
1032049018,CCC(C)C(=O)OC(CCC(CC)CCCC)CC(C)C,,,0.2319999999999999,0.858171779,10.23167095
1032380700,CNc1cc([N+](=O)[O-])c(NC(=O)CCCCC(C)=O)cc1C=Cc1ccc(N(C)C)cc1,,0.34629729,,,
1032824878,Cc1ccc(Oc2ccc(S(=O)(=O)c3ccc(Oc4ccc(-c5c6c(c(C)c7ccccc57)C(=O)N(C)C6=O)cc4)cc3)cc2)cc1,,0.3747633,,,
1032864427,Cc1cccc(N2C(=O)c3ccc(Oc4ccc5c(c4)C4(CC(C)(C)c6ccc(Oc7ccc8c(c7)C(=O)N(C)C8=O)cc64)CC5(C)C)cc3C2=O)c1,,0.38956456,,1.109968877,20.26112885
1033105320,CCCCCCC(C)CCCCCCCCCCCC,,,0.381,,
1033189892,CC=Cc1ccc(N(C)CCOC(=O)Nc2ccc(C)c(NC(=O)OCCN(C)c3ccc(C=CC4=CC(=C(C#N)C#N)C=C(C)O4)s3)c2)s1,,0.37243706,,,
1033278937,Cc1ccc(-c2ccc(C(C)(C)C(F)(F)F)cc2)cc1,,,0.194,1.086916359,21.06056085
1033351470,CC(=O)Oc1ccc(C2(c3ccc(OC(=O)c4ccc5c(c4)C(=O)N(c4ccc(-c6ccc(N7C(=O)c8ccc(C)cc8C7=O)cc6C)c(C)c4)C5=O)cc3)CCC(C(C)(C)C)CC2)cc1,,0.38006135,,,
1033553223,Cc1ccc(Oc2ccc(Oc3ccc(N4C(=O)c5ccc(Oc6cc7ccccc7cc6Oc6ccc7c(c6)C(=O)N(C)C7=O)cc5C4=O)cc3)cc2)cc1,,0.36802502,,,
1033716962,CCC1CCCC(CN2C(=O)c3ccc(C(=O)c4ccc5c(c4)C(=O)N(C)C5=O)cc3C2=O)C1,,0.36071936,,,
1033918415,Cc1cc(OCCCCCCCC)cc(N2C(=O)c3ccc(Oc4ccc5c(c4)C(=O)N(C)C5=O)cc3C2=O)c1,,0.37173532,,,
1033946861,CCC(C)C(=O)OCCSCC#N,,0.37675973,0.183,1.158953952,13.88465277
1034104971,CCCOC(=O)NC1CCC(CC2CCC(NC(=O)OCCOc3ccc(C4(c5ccc(OC)cc5)c5ccccc5-c5ccccc54)cc3)CC2)CC1,,0.35609978,,,
1034123279,CCC(C)(C)C(=O)OC12CC3CC(C)(CC(C)(C3)C1)C2,,0.38728627,0.122,0.88188115,10.05911169
1034236621,CC(=Cc1cc(OC)c(C=C(c2ccccc2)c2ccc(-c3ccc(C)cc3)cc2)cc1OC)c1ccccc1,,0.3885182,,,
1034741718,CCCCSC,,0.44308089,,,
1034918215,CNc1ccc(C(C)(C)c2ccc(NC(=O)c3cc(NC(=O)c4ccccc4)cc(C(C)=O)c3)cc2)cc1,,0.35251392,,,
1034983348,CCCC[Si](C)(C)O[Si](C)(C)CCCOc1ccc(C(=O)Oc2ccc(-c3ccc(C#N)cc3)cc2)cc1,,0.38002629,,,
1035028820,Cc1ccc2c(c1)C(CCCCCCCC)(CCCCCCCC)c1cc(-c3ccc4c(c3)C(c3ccc(-c5nnc(-c6ccc(C(C)(C)C)cc6)o5)cc3)(c3ccc(-c5nnc(-c6ccc(C(C)(C)C)cc6)o5)cc3)c3cc(C)ccc3-4)ccc1-2,,0.43188759,,,
1035315076,Cc1ccc(Oc2ccc(-c3cc(-c4ccccc4)c4cc(-c5ccc6nc(C)cc(-c7ccccc7)c6c5)ccc4n3)cc2)cc1,,0.41044986,,,
1035856874,CCC(C)CC(C)CC,,,0.202,,
1036138133,Cc1ccc(Oc2ccc(Oc3ccc(N4C(=O)c5ccc(Oc6ccc(C7(c8ccc(Oc9ccc%10c(c9)C(=O)N(C)C%10=O)cc8)CCC(C(C)(C)C)CC7)cc6)cc5C4=O)cc3)c(C(C)(C)C)c2)cc1,,0.38499973,,,
1036220346,COc1ccc(C=CC(=O)c2ccc(Oc3ccc(C(C)(C)c4ccc(C)cc4)cc3)cc2)cc1,,0.37255278,,,
1036443335,CNNC(=O)C=CC(=O)NCCCCCCNC(=O)C=CC(C)=O,,0.30930644,,,
1036702537,CC(=O)Nc1ccc(Oc2cccc(Oc3ccc(NC(=O)c4ccc5c(c4)C(=O)N(c4ccc(Sc6ccc(Oc7ccc(Sc8ccc(N9C(=O)c%10ccc(C)cc%10C9=O)cc8)cc7)cc6)cc4)C5=O)cc3)c2)cc1,,0.36243783,,,
1037214507,COc1ccc(S(=O)(=O)c2ccc(Oc3ccc(Cc4ccc(C)cc4)cc3)cc2)cc1,,0.37003696,,1.184644856,21.96383699
1037247055,CNc1ccc2ccccc2c1/N=N/c1ccc(-c2ccc(/N=N/c3c(NC)ccc4ccccc34)c(C)c2)cc1C,,0.35713398,,,
1037483608,CC=CC1CC(C)C(C#N)([Si](C)(C)O[Si](C)(C)O[Si](C)(C)C)C1,,0.44205828,,,
1037753254,CCOC(=O)OCC1OC(C)(C)OC1C,,0.33690966,,,
1037907132,CCC(C)C(=O)Oc1ccc(N=Nc2ccc(OC)cc2)cc1,,0.35769038,,,
1037933162,COc1ccc(OC(=O)c2ccc(OC(=O)c3ccc(C(=O)Oc4ccc(C(C)=O)cc4)cc3)cc2)cc1,,0.33585548,,,
1038226153,COc1ccc(S(=O)(=O)c2ccc(Oc3ccc(C(C)(C)c4ccc(C)cc4)cc3)cc2)cc1,,,0.204,1.135056188,22.20715615
1038295245,CC(=O)Nc1ccc(S(=O)(=O)c2ccc(NC(=O)c3ccc4c(c3)C(=O)N(c3ccc(Oc5ccc(N6C(=O)c7ccc(C)cc7C6=O)cc5)cc3)C4=O)cc2)cc1,,0.3576415,,,
1038630240,Cc1ccc2c(c1)C(CC(CC)CCCC)(CC(CC)CCCC)c1cc(C)ccc1-2,,0.41460255,,,
1038723100,CNc1cc2cc3cc(C)c(NC)cc3cc2cc1C,,0.353293,,,
1038983275,COc1ccc(CC(NC(=O)CCc2ccc(OC(=O)CCCCCCC(C)=O)cc2)C(=O)OCCCCCCCCCCCC)cc1,,0.36221772,,,
1039049249,COc1cc(C)c(C(c2cc(C(C)C)c(Oc3ccc(C(=O)c4ccc(C)cc4)cc3)cc2C)c2ccccc2C(=O)O)cc1C(C)C,,0.41139,,,
1039097467,CCCC(C)(C)CC(C)COC(=O)c1ccc(C(=O)OC)cc1,,0.34932417,,,
1039985158,CCCCCC(C)CC(=O)NC,,,0.254,,
1040974624,Cc1cccc(-c2nc3cc4nc(-c5ccccc5)c(C)nc4cc3nc2-c2ccccc2)c1,,0.45725149,,,
1041000545,CNc1ccc(-c2ccc(-c3ccc(NC)c(-c4ccc(C)cc4)c3-c3ccc(C)cc3)cc2)cc1,,0.37262427,,,
1041165828,CCCCCCC(=O)Nc1ccc(Cc2ccc(NC(=O)CCCCCN3C(=O)c4ccc(C(=O)c5ccc6c(c5)C(=O)N(C)C6=O)cc4C3=O)cc2)cc1,,0.33846216,,,
1042275963,CC=CC(C)C(C)C(=O)OCCCCCCN(C)c1ccc(N(C)C)cc1,,0.38084203,,,
1042390014,COc1ccc(Oc2ccc(OC(=O)c3cc(OCCCCC)cc(C(C)=O)c3)cc2)cc1,,0.35782168,,,
1042430628,CNc1cc(C)c(Cc2ccc(CCc3ccc(Cc4c(C)cc(NC)cc4C)cc3)cc2)c(C)c1,,0.36377279,,,
1042780856,CCCN(CCOC(=O)c1ccc(C(=O)OC)c(OC)c1)c1ccc(N=Nc2ccc(-c3nc4ccc([N+](=O)[O-])cc4n3CC)cc2)cc1,,0.36008701,,,
1043405335,Cc1ccc(-c2sc(-c3ccc(-c4cc(CCCCCCCC)c(C)s4)cc3)cc2CCCCCCCC)cc1,,0.44716761,,,
1044196654,CC(F)(F)C1(C)OC(F)(F)C(F)(F)O1,,0.3876684,,,
1044241223,CNC(CCC(=O)OCCCCCCCCCC)C(C)=O,,0.37124704,,,
1044295958,COC(=O)C(Cc1ccccc1)NC(=O)CCCCC(=O)NC(Cc1ccccc1)C(=O)OC1COC2C(C)COC12,,0.33895751,,,
1044700576,CCC(C)OC(=O)C=Cc1ccccc1,,0.35329706,,,
1044740151,CCCN(C)C(=O)c1c(F)cc(F)c(F)c1F,,0.34348957,,,
1044945612,COc1ccc(C(C)(C)c2ccc(Oc3ccc(C(=O)c4ccc(Oc5ccc(C(=O)c6ccc(C)cc6)cc5)cc4)cc3)cc2)cc1,,0.38948605,,,
1045029623,CCCCCCCNC(=O)CCc1ccc(CC(=O)NC)cc1,,0.34201824,,,
1045248903,CNc1ccc(CCCc2cccc(CCCc3ccc(NC)cc3)c2)cc1,,0.34755922,,,
1045265904,CCCOC(=O)CCSCCC(=O)OC,,0.33737751,,,
1045484392,CNc1ccc(-c2ccc(NC(=O)c3cc(NC(=O)c4ccncc4)cc(C(C)=O)c3)cc2)cc1,,0.33973104,,,
1045667225,CCC(=O)NCCCCCCNC(=O)COC(=O)CCCCCCCCCCC(=O)OC,,0.34246271,,,
1046009311,CC(C)=C(C)SCC,,0.42702088,,,
1046027555,COc1ccc(Oc2ccc(C=NCCCCN=Cc3ccc(C)cc3)cc2)cc1,,0.36995005,,,
1046064945,CC=C(C)c1ccccc1C[Si](C)(C)C,,0.43642908,,,
1047211829,CNc1ccccc1NC(=O)CCCCCCC(C)=O,71.92438381,,,,
1047488413,CNc1ccc([C@@H](C)/C=C2/C=CC/C(=C\[C@H](C)c3ccc(NC)cc3)C2)cc1,,0.36075305,,,
1047573880,Cc1ccc(Oc2ccc(C(c3ccc(Oc4ccc(N5C(=O)c6ccc(-c7ccc8c(c7)C(=O)N(C)C8=O)cc6C5=O)cc4C(F)(F)F)cc3)(C(F)(F)F)C(F)(F)F)cc2)c(C(F)(F)F)c1,,0.3742406,,,
1047587622,CCCC(C)(C)C,,0.39620363,0.1956666666666666,,
1047765125,CC(=O)c1ccc2c(c1)C(=O)N(c1cc(Br)c(Oc3c(Br)cc(N4C(=O)c5ccc(C)cc5C4=O)cc3Br)c(Br)c1)C2=O,,0.42586088,,,
1048177525,CCC(CCl)(CCl)COC(=O)CCCCC(=O)OC,2.83724036,,,,
1048219303,COc1ccc2c(c1)C(C)(C)CC2(C)c1ccc(Oc2ccc(C3(C)CC(C)(C)c4ccc(C)cc43)cc2)cc1,308.5311609,,,,
1048356010,COc1ccc(Oc2ccc(NC(=C(C#N)C#N)c3ccc(-c4ccc(C(Nc5ccc(C)cc5)=C(C#N)C#N)cc4)cc3)cc2)cc1,270.2905197,,,,
1048411136,COc1c(C)cc(C)cc1C(C)CCC,,0.42324434,,,
1048769739,CNc1ccc(NC)c(Cc2ccc3ccccc3c2)c1,,0.34211504,,,
1048831581,CNc1ccc(NC(=O)c2ccc(NC(=O)CCCCCCCCCCC(=O)Nc3ccc(C(C)=O)cc3)cc2)cc1C(=O)OCCCCCCCCCCCCCC,,0.35634052,,,
1049514979,CNc1ccc([C@H](C)c2ccc(C(C)(c3ccc([C@@H](C)c4ccc(NC)cc4C)cc3)C3CCCCC3)cc2)c(C)c1,,0.37519578,,,
1049869017,CNc1ccc(C2(c3ccc(NC)cc3)c3ccccc3-c3ccc(N)c(N)c32)cc1,,0.377461295,,,
1050100593,Cc1ccc(C(=O)Nc2ccc(NC(=O)c3ccc(-n4c(=O)c5sc6c(=O)n(C)c(=O)c6sc5c4=O)cc3)cc2)cc1,327.2441987,,,,
1050347337,COc1ccc(N=Cc2ccc(Oc3ccc(C(c4ccc(Oc5ccc(C=Nc6ccc(Oc7ccc(-c8ccc(C)cc8)cc7)cc6)cc5)cc4)(C(F)(F)F)C(F)(F)F)cc3)cc2)cc1,,0.36915045,,,
1050360528,COc1ccc(C2(c3ccc(OC(C)=O)cc3)CCCCCC2)cc1,,0.35365375,,,
1050435822,CCCCCCCNC(=O)NC,,,0.328,1.021142597,23.54088095
1050763719,Cc1cccc(N2C(=O)c3ccc(Oc4ccc5c(c4)C(=O)N(C)C5=O)cc3C2=O)c1,,0.37088821,,,
1050868721,CC(F)(F)C1(F)C(F)(F)C(C)(F)C(F)(F)C(F)(Cl)C1(F)F,,0.3357861,,,
1051120785,COC(=O)CCSCCC(C)=O,6.950276755,,,,
1051267871,CCCN(CCOC(=O)Nc1ccc(C)c(NC(=O)OC)c1)c1ccc(C(C#N)=C(C#N)C#N)cc1,,0.35653071,,,
1051950887,COc1ccc(CC(NC(=O)Cc2ccc(OC(=O)CCCCC(C)=O)cc2)C(=O)OCCCCCCCC)cc1,,0.35265054,,,
1052347491,CCCNC(=O)c1ccccc1OC,,0.32695077,,,
1052403305,CCC(C)C(=O)OCCCCCn1c2ccccc2c2ccccc21,,0.3540605,,,
1053128614,CNc1ccc2ccc3c(NC)c(-c4cccc(C5(c6ccccc6)c6ccccc6-c6ccccc65)c4)cc4ccc1c2c43,,0.3681964,,,
1053654075,CCC(C)(C)COC(=O)c1ccc(C=Cc2ccc(C(=O)OC)cc2)cc1,,0.36382705,,,
1053689640,CC(=O)c1ccc2c(c1)C(=O)N(c1ccc(C(c3ccccc3)(c3ccc(N4C(=O)c5ccc(C)cc5C4=O)cc3)C(F)(F)F)cc1)C2=O,,0.39510719,,,
1053749106,CCCCCCCCCCCSSSSC,,0.45331783,,,
1054068496,CCCCCCCCCCCC(=O)NCc1ccc(CNC(=O)CCCCCCCCCCSC)cc1,,,0.285,0.976393146,21.13686578
1054663737,CCCOCCOc1ccc(NC(=O)c2cccc(C(=O)Nc3ccc(OC)cc3)c2)cc1,,0.33617998,,,
1054699439,CO[Si](C)(C)O[Si](C)(C)O[Si](C)(C)O[Si](C)(C)c1cccc([Si](C)(C)C)c1,,0.44425689,,,
1055096978,CC(=O)Oc1ccc(C2(c3ccc(OC(=O)c4ccc5c(c4)C(=O)N(c4ccc(-c6ccc(N7C(=O)c8ccc(C)cc8C7=O)cc6C)c(C)c4)C5=O)cc3)CCCCCCCCCCC2)cc1,,0.36900879,,,
1055238521,CCC(C)c1cc(C(=O)Oc2ccc(OCCCCCCCCCCCC)cc2)ccc1C(=O)Oc1ccc(OCCCCCCCCCCCC)cc1,,0.37774913,,,
1055403183,CCC(CSCCCCC)OC,,0.4202301,,,
1055512615,CCC(C)c1ccc(C(F)(F)C(F)(F)C(F)(F)C(F)(F)C(F)(F)C(F)(F)C(F)(F)F)cc1,,0.36402861,,,
1056241646,CC(=O)c1ccc2c(c1)C(=O)N(c1ccc(Oc3cccc(Oc4ccc(N5C(=O)c6ccc(C)cc6C5=O)cc4)c3C#N)cc1)C2=O,,0.37263888,,,
1056427666,CCC(C)(C)C(=O)OCC(F)(F)C(F)F,,0.33748264,,,
1056745854,CCCSSC,,0.48456382,,,
1056838688,CCC(C)OCCOc1ccc(N=Nc2ccc([N+](=O)[O-])cc2)cc1,,0.36475321,,,
1056941097,CCCOCCOCCOc1cccc(NC(=O)c2ccc(C(=O)Nc3cccc(OC)c3)cc2)c1,,0.33695594,,,
1057142863,CCCCCSCSC,1.410869343,,,,
1057428367,Cc1cccc(Oc2cccc(Oc3cccc(N4C(=O)c5ccc(Oc6ccc7c(c6)C(=O)N(C)C7=O)cc5C4=O)c3)c2C#N)c1,,0.36471825,,,
1057546694,CCC(C)C1CCC1,,,0.209,,
1057577802,Cc1ccc(NC(=O)c2ccc(OCCOCCOCCOCCOCCOc3ccc(C(=O)Nc4ccc5[nH]c(C)nc5c4)cc3)cc2)cc1,,0.34464658,,,
1057831981,CCCN(CCOC(=O)NCC1(C)CC(NC(=O)OC)CC(C)(C)C1)c1ccc(C=C(C#N)C#N)cc1,,0.35418826,,,
1058058469,Cc1ccc2c(c1)C(CCCCCCCC)(CCCCCCCC)c1cc(-c3ccc4c(c3)C3(CCC(C(C)(C)C)CC3)c3cc(C)ccc3-4)ccc1-2,,0.4177397,,,
1058114006,CCC(C)(F)C(=O)OCC(F)(F)C(F)(F)C(F)(F)C(F)F,,0.31210556,,,
1058146720,CCCCS(=O)(=O)CCCCS(=O)(=O)CCCOC(=O)c1ccccc1C(=O)OC,,0.34980137,,,
1058557408,CCCOC(=O)C1CCC(C(=O)OC)CC1,,0.32751388,,,
1058865431,CNCCCNC,,0.311097505,,,
1058915923,COc1ccc(S(=O)(=O)c2ccc(Oc3ccc(C4(c5ccc(Oc6ccc(S(=O)(=O)c7ccc(Oc8ccc(C=C9CCC(=Cc%10ccc(C)cc%10)C9=O)cc8)cc7)cc6)cc5)CCCC4)cc3)cc2)cc1,,0.37436911,,,
1058961949,Cc1ccc(Oc2ccc(-c3ccc(Oc4ccc(N5C(=O)c6cccc(Oc7cc(C(C)(C)C)c(Oc8cccc9c8C(=O)N(C)C9=O)cc7C(C)(C)C)c6C5=O)cc4)cc3)cc2)cc1,,0.39017325,,,
1059090867,CNc1cc(NC(=O)Nc2ccc(NC(C)=O)cc2)cc(C(=O)Nc2ccc3c(c2)C(=O)c2ccccc2C3=O)c1,,0.32639066,,,
1059116091,COc1ccc(C(=O)Nc2cc(C(c3ccc(C)c(NC(=O)c4ccc(OC(=O)c5ccc(C(C)=O)cc5)cc4)c3)(C(F)(F)F)C(F)(F)F)ccc2C)cc1,,0.34683518,,,
1059315394,CC(=O)c1ccc2nc(-c3ccccc3)c(-c3ccc(-c4nc5cc(C)ccc5nc4-c4ccccc4)cc3)nc2c1,,0.4322761,,,
1059383045,COc1ccc(C(=O)Nc2ccc(Cc3ccc(NC(=O)c4ccc(Oc5nc(C)nc(Sc6ccccc6)n5)cc4)cc3)cc2)cc1,,0.35642575,,,
1059454282,CC(Cl)=C(C)CCCCCCCC,,0.40192369,,,
1059658423,CCC(C)CCCC(C)(C)C,,,0.216,,
1059731090,Cc1ccc(Oc2ccc(N3C(=O)c4ccc(S(=O)(=O)c5ccc6c(c5)C(=O)N(C)C6=O)cc4C3=O)cc2)cc1,,0.38213277,,,
1059955409,CC(C)=C(C)[Si](C)(C)C[Si](C)(C)C,,0.41481827,,,
1060516600,CNc1ccc([C@H](C=C)c2ccc(C3(c4ccc([C@@H](C=C)c5ccc(NC)cc5)cc4)CCCCC3)cc2)cc1,,0.36338058,,,
1060757060,CCC(C)=CC(C)S(C)(=O)=O,,0.38497626,,,
1060916262,Cc1ccc(Oc2ccc(C(c3ccc(Oc4ccc(N5C(=O)c6ccc(Oc7c(C)cc(C(C)(C)c8cc(C)c(Oc9ccc%10c(c9)C(=O)N(C)C%10=O)c(C)c8)cc7C)cc6C5=O)cc4)cc3)(C(F)(F)F)C(F)(F)F)cc2)cc1,,0.38730912,,,
1061550399,Cc1ccc(N(c2ccc(C#N)cc2)c2ccc(N3C(=O)c4ccc(-c5ccc6c(c5)C(=O)N(C)C6=O)cc4C3=O)cc2)cc1,,0.42334602,,,
1061842940,COc1cccc(OC2(F)C(C)(F)C(F)(F)C2(F)F)c1,,0.33739946,,,
1063041507,COc1ccc(N=C(c2ccccc2)c2ccc(Oc3ccc(C(C)(C)c4ccc(Oc5ccc(C(=Nc6ccc(C)cc6)c6ccccc6)cc5)cc4)cc3)cc2)cc1,,0.38185283,,,
1063440128,CCC(C)C(=O)OCCCCCCCCCCCCOc1ccc(C(=O)Oc2ccc(-c3cccc(OC(=O)c4ccc(OC(=O)c5ccc(OCCCCCCCCCCCC)cc5)cc4)c3)cc2)cc1,,0.36748449,,,
1064087880,COC1C(C)(C)C(OC(C)=O)C1(C)C,,0.37459599,,,
1064576585,CCCOCCOc1ccc(NC=Nc2ccc(OC)cc2)cc1,,0.35570592,,,
1064842298,Cc1ccc(OCCCCCCCCCCCOC(=O)CCCCCCCCC(=O)OCCCCCCCCCCCOc2ccc(-c3nnc(C)s3)cc2)cc1,,0.37562329,,,
1064934987,CCC(C)c1ccc([SiH](C)C)cc1,,0.42154947,,,
1065372195,CNCCCC(C)CNC,,0.32866479,,,
1065435792,CCC(C)(C)C(=O)OCCCCCCCCCCn1c2ccccc2c2cc(N=Nc3ccc([N+](=O)[O-])cc3[N+](=O)[O-])ccc21,,0.36431526,,,
1065541315,CCCCCCOc1cccc(NC(=O)c2cccc(C(=O)Nc3cccc(OC)c3)c2)c1,,0.34386571,,,
1065659422,CNc1ccc(Cc2ccc(NC(=O)Nc3ccc(CCc4ccc(NC(C)=O)cc4)cc3)cc2)cc1,183.1975298,,,,
1065912423,Cc1ccc(Cc2ccc(N3C(=O)CC(Nc4ccc(NC5CC(=O)N(C)C5=O)cc4)C3=O)cc2)cc1,248.5034267,,,,
1065918379,COc1ccc(OC(=O)c2cc(NC(=O)c3ccc(NC(=O)C(C)N4C(=O)c5ccccc5C4=O)cc3)cc(C(C)=O)c2)cc1,58.7319127,,,,
1066071241,Cc1ccc(-c2ccc(C(C)(c3ccc(F)cc3)C(F)(F)F)cc2)cc1,,,0.185,1.113444185,20.76961788
1066274431,COP(=O)(Oc1ccc(C(C)(C)c2ccc(C)cc2)cc1)OC1CCCCC1,,0.36508508,,,
1066470436,Cc1cc(CCCCCCCCCCCCCCCCC)c(C)s1,,,0.396,,
1066912127,CCC(C)(CC)COC,,0.38345634,,,
1067785609,CNc1ccc(Nc2ccc(C(O)(c3ccccc3)c3ccc(C(O)(c4ccccc4)c4ccc(C)cc4)cc3)cc2)cc1,,0.39313145,,,
1067787070,Cc1ccc(C)c(C(=O)c2ccccc2)c1,,0.39891755,,,
1068100442,CCC(C)(C)C(=O)NC(C)c1cccc2ccccc12,,0.35801124,,,
1068153413,COc1ccc(Oc2cccc(C)n2)cc1,,0.3485515,,,
1068186328,CCCOCC(CCl)OC,,0.36652669,,,
1068353755,CCCCCCCNC(=O)c1ccc(C(=O)NC)c(Oc2ccc(Br)cc2)c1,,0.35980816,,,
1068808459,CC=Cc1cc(OCC(CC)CCCC)c(C)cc1-c1ccc(F)c(C(F)(F)F)c1,,0.39040099,,,
1068978203,CCC(O)COc1ccc(C(C)(C)c2ccc(OCC(O)COc3cccc(NC(=O)c4cccc(C(=O)Nc5cccc(OC)c5)c4)c3)cc2)cc1,,0.34174788,,,
1069092654,CC[Ge](C)(C)Cc1cocc1C,,0.3589821,,,
1069141321,CNc1ccc(C(CC[C@](c2ccccc2)(c2ccc(NC)cc2)c2cccc(N)c2)(c2ccccc2)c2ccc(N)cc2)cc1,,0.37535492,,,
1070036927,Cc1ccc(Oc2ccc(-c3ccc(Oc4ccc(N5C(=O)c6ccc(Oc7ccc8c(c7)C(=O)N(C)C8=O)cc6C5=O)cc4)cc3)cc2)cc1,,0.37048176,,,
1070310585,CNc1ccc(-c2cc(-c3ccc(N)c(C)c3)cc(-c3ccc(NC)c(C)c3)c2)cc1C,,0.36074996,,,
1070320227,Cc1ccc(-c2ccc(-c3cc(-c4ccc(Oc5ccc(Oc6ccccc6)cc5)cc4)c4cc(-c5ccc6nc(C)cc(-c7ccc(Oc8ccc(Oc9ccccc9)cc8)cc7)c6c5)ccc4n3)cc2)cc1,,0.38429931,,,
1070754450,CNC1=C[C@@H]2[C@H]3c4cc(NC)ccc4[C@H](c4cc(N)ccc43)[C@@H]2C=C1,,0.37404178,,,
1071227644,Cc1cc(C(c2ccc(OCCN(C)c3ccc(C=CC4=CC(=C(C#N)S(C)(=O)=O)CC(C)(C)C4)cc3)c(N3C(=O)c4ccc(Oc5ccc6c(c5)C(=O)N(C)C6=O)cc4C3=O)c2)(C(F)(F)F)C(F)(F)F)ccc1OCCN(C)c1ccc(C=CC2=CC(=C(C#N)S(C)(=O)=O)CC(C)(C)C2)cc1,,0.37777031,,,
1071356842,COc1ccc(C(=O)c2ccc(OC(=O)OC3C(C)(C)C(OC(C)=O)C3(C)C)cc2)cc1,,0.35694077,,,
1071493956,CCCCCCCCCCCCSCCCCCCSC,,,0.3145,0.923953778,21.98769917
1071638401,Cc1ccc(Oc2c(C)cc(-c3cc(C)c(Oc4ccc(N5C(=O)c6ccc(Oc7ccccc7Oc7ccc8c(c7)C(=O)N(C)C8=O)cc6C5=O)cc4C(F)(F)F)c(C)c3)cc2C)c(C(F)(F)F)c1,,0.38084473,,,
1071860128,CO[Si](C)(C)CCCCCCCCCCCn1c2ccccc2c2ccccc21,,0.38480246,,,
1071877788,CCCCCCCCC(=O)OCCCCC1COC(C)O1,,0.35831824,,,
1071999103,CO[Si](c1ccccc1)(c1ccccc1)c1ccc(-c2ccc([Si](C)(c3ccccc3)c3ccccc3)cc2)cc1,,0.40332327,,,
1072790069,CNc1c(CC(=O)O)cc2c(NC)nc(N)nc2c1C=O,,0.32104988,,,
1073329534,COc1ccc(C(C)(C)c2cccc(C(C)(C)c3ccc(Oc4ccc(C(=O)Nc5ccc(NC(=O)c6ccc(C)cc6)cc5)cc4)cc3)c2)cc1,,0.36368772,,,
1073330794,COc1ccc(C(=O)c2cccc(NC(=O)CCCCCCCCC(=O)Nc3cccc(C(=O)c4ccc(C)cc4)c3)c2)cc1,,0.35027949,,,
1073733808,CCC(C)OC(=O)c1cccc(C)c1,,0.36484403,,,
1074067336,CCC(C)C(=O)OCCCSC,,0.38841806,0.211,1.075871128,12.36347326
1074560123,CCCCCCCCCNC(=O)CCC(=O)NC,69.22130195,,,,
1074625910,CNCCCCCNC,,0.320050415,,,
1075276432,COc1ccc(-c2ccc(Oc3ccc(Oc4ccc(Oc5ccc(C)cc5)cc4)cc3)c3ccccc23)c2ccccc12,,0.37716624,,,
1075404096,CC(=O)c1ccc2c(c1)C(=O)N(c1ccc(Cc3ccc(N4C(=O)c5ccc(C)cc5C4=O)cc3)cc1)C2=O,,0.37879971,,,
1075461516,CCC(O)COC(=O)CCCCCCCCC(=O)OCC(O)COc1ccc(C=C(C)c2ccc(OC)cc2)cc1,,0.35077016,,,
1075544965,Cc1ccc2c(c1)C(=O)N(c1cccc(C(C)(C)c3ccc(N4C(=O)c5ccc(C(C)(C(F)(F)F)C(F)(F)F)cc5C4=O)cc3)c1)C2=O,,0.3925623,,,
1075748489,COc1cccc(Oc2cccc(OC(C)=O)c2)c1,,0.34159568,,,
1075922952,CNc1ccc(-c2cc(C)c(-c3ccc(NC)cc3)c(C)c2N)cc1,,0.36789723,,,
1076149389,CCC(C)OC(=O)C(CC)(CC)CC,20.41787387,,,,
1076285178,CCCCCCCCCCC(=O)NC,,0.36456285,,,
1076325582,CCC(C)(C)C(=O)OC1CC2CCC1(C)C2(C)C,,0.40517863,0.143,0.87251011,10.2622674
1076737435,COc1ccc(C(=O)Nc2ccc(NC(=O)c3ccc(C)cc3C(=O)O)cc2)c(C(=O)O)c1,216.6231471,,,,
1076766601,CCC(C)OC(=O)c1ccc(OCC)cc1,,0.35412177,,,
1077387611,CCN1C(=O)c2ccc(C(c3ccc4c(c3)C(=O)N(Cc3nnc(-c5ccc(Oc6ccc(-c7nnc(C)o7)cc6)cc5)o3)C4=O)(C(F)(F)F)C(F)(F)F)cc2C1=O,,0.36777032,,,
1077715415,CC=Cc1cc(OCCCCCC)c(C)cc1OC,,0.38047762,,,
1077770059,CC(=O)Nc1c(CC)cc(Cc2cc(CC)c(NC(=O)c3ccc4c(c3)C(=O)N(c3ccc(N=Nc5ccc(C)cc5)c(N5C(=O)c6ccc(C)cc6C5=O)c3)C4=O)c(CC)c2)cc1CC,,0.3890601,,,
1077976008,CCCc1ccc(CCNC(=O)CCCCCCCCCCCCCCCCC(=O)NC)cc1,,0.36974923,0.368,0.942820572,20.09079341
1078277401,CNc1cccc(NC(=O)CCCCC(=O)Nc2ccc(C(=O)NC(C)=S)cc2)c1,,0.33377673,,,
1078510278,CCC(C)(C)C(=O)OCCCCCCOc1ccc(C(=O)Oc2ccc(N=Nc3ccc(C)cc3)c3ccccc23)cc1,,0.36498491,,,
1078694994,COc1ccc(P(=O)(c2ccccc2)c2ccc(C)cc2)cc1,,0.38958964,,,
1079075328,Cc1ccc2c(c1)C(=O)N(c1ccc(Oc3ccc(Oc4ccc(N5C(=O)c6ccc(C(C)(C(F)(F)F)C(F)(F)F)cc6C5=O)cc4)cc3)c(C(F)(F)F)c1)C2=O,,0.38478301,,,
1079079241,COc1ccc(OC(=O)c2ccc(C(C)=O)cc2)cc1C1CCCCC1,,0.37641146,,,
1079236284,CNc1ccc(-c2ccc(C3=CC[C@](NC)(c4ccccc4)C=C3)cc2)cc1,,0.34703022,,,
1079254349,CNc1ccc(Cc2ccc(NC(=O)c3cc(C(C)=O)cc(N4C(=O)C5C6CCC(C6)C5C4=O)c3)cc2)cc1,,0.36179092,,,
1079860530,COC(CCOc1ccccc1)CC(C)=O,,0.34230265,,,
1080075202,CCCCCCCCCCCCCCCCCOC(=O)CC/C=C/CCC(=O)OC,,0.37777688,0.304,,
1080185947,CCCC1CC(C)C2C3CCC(C3)C12,,0.38101564,,0.933540935,15.81211052
1080677483,CC=CC1CC(C)C2C(=O)N(c3ccccc3)C(=O)C12,,0.3604348,,,
1080857742,Cc1ccc(C(c2ccccc2)c2ccc(N3C(=O)c4ccc(Oc5ccc6c(c5)C(=O)N(C)C6=O)cc4C3=O)cc2)cc1,,0.39612833,,,
1081105585,CC(=O)c1ccc2c(c1)C(=O)N(c1c(C)cc(C)c(N3C(=O)c4ccc(C)cc4C3=O)c1C)C2=O,,0.40883151,,,
1081227608,CC[Si](C)(C)CCCN(CC)CC,,0.38730657,,,
1081296468,CO[Si](C)(C)OCCOCCOCCOCCOCCOCCOCCOCCOC,,0.36497131,,,
1081913704,CCc1ccccc1CSSC,,0.39101963,,,
1082020725,CO[Si](C)(C)c1ccc([Si](C)(C)O[SiH](C)CCC(F)(F)F)cc1,,0.41587885,,,
1082166960,CC(F)(F)C(C)(F)OC(F)(F)F,,0.30823837,,,
1082266101,CCCCCCCCCOC(=O)NCCCCCCNC(=O)OC,,0.35264374,,,
1082761945,CNC[C@H](NC)C(=O)[C@@H](N)[C@H](N)C=O,,0.30524997,,,
1082852638,COc1ccc2c(c1)C1(CC2(C)C)CC(C)(C)c2ccc(OC(=O)c3ccc(C(C)=O)cc3)cc21,,0.38802883,,1.024454484,16.97613627
1083086006,CCCCCOc1ccc(OC(=O)c2ccc(C(=O)Oc3ccc(OC)cc3)c(C(=O)OCC=C)c2)cc1,,0.34241314,,,
1083192261,CCCCN1C(=O)c2ccc(C(c3ccc4c(c3)C(=O)N(C)C4=O)(C(F)(F)F)C(F)(F)F)cc2C1=O,,0.3510293,,,
1083208752,CC(=O)Nc1ccc(Oc2cccc3c(NC(=O)c4ccc5c(c4)C(=O)N(c4ccc(Oc6cccc7c(N8C(=O)c9ccc(C)cc9C8=O)cccc67)cc4)C5=O)cccc23)cc1,,0.36673597,,,
1083322172,CCCN(C)C(=O)CCCCCCCCCCCCCC,,,0.309,,
1083424600,CCC(C)C(=O)OCCCCCCn1c2ccccc2c2ccccc21,,0.35821095,,,
1084524118,Cc1ccc(Oc2ccc(-c3nc4cc5sc(C)nc5cc4s3)cc2)cc1,,0.47726356,,,
1084974257,CNc1c(CCCCC)cc2c(ccc3c4ccccc4ccc23)c1NC,,0.34568189,,,
1085199184,CCCNC(=O)c1cccc(C(=O)NCCOc2ccc3ccc(OC)cc3c2)c1,,0.32973712,,,
1085340471,CNc1c2nc(C)n(N)c(=O)c2cc2c(=O)n(NC)c(C)nc12,,0.36303676,,,
1085397410,CC(=O)c1ccc2c(c1)C(=O)N(c1ccc(OCCOc3ccc(N4C(=O)c5ccc(C)cc5C4=O)cc3)cc1)C2=O,,0.35082943,,,
1085462355,COc1ccc(C(C)(c2ccccc2)c2ccc(OC(=O)c3cccc(C(C)=O)c3)cc2)cc1,,0.36571135,,,
1085625486,CCCCCCCCCN(C)c1ccc(C(=O)c2ccc(N(C)C)cc2)cc1,,0.38912701,,,
1085727848,CCCC(=C(C)c1ccccc1)c1ccccc1,,0.39996108,,,
1085767747,COc1ccc(C2(c3ccc(OC(C)=O)c(Cl)c3)CC3CCC2C3)cc1Cl,,0.37867206,,,
1086507513,CN[C@H]1CC[C@H](C(C)([C@H]2CC[C@H](NC)CC2)C(C)(c2ccc(N)cc2)c2ccc(N)cc2)CC1,,0.36049082,,,
1086648178,CC(=O)c1ccc2c(c1)C(=O)N(c1cccc(C(=O)N(C)c3ccc(N4C(=O)c5ccc(C)cc5C4=O)cc3)c1)C2=O,,0.36412971,,,
1086813009,COc1ccc(SC(=O)Sc2ccc(C)cc2)cc1,,0.3635142,,,
1087155239,CCCOCCOC(=O)CCCCCCCCC(=O)OC,,0.34936993,0.229,,
1087298590,CCCN(C)C(=O)C1(c2ccc(Cl)cc2)CCC1,,0.37883274,,,
1087567752,CC=C1CCC(=Cc2ccc(Sc3ccc(C)o3)o2)C1=O,102.2883172,,,,
1087727668,CNc1ccc(C(Cc2ccccc2)c2ccc(NC)cc2)cc1,,0.35034415,,,
1087863432,CCCC[Sn](C)(C)CCCOC(=O)C(CCCCCCCCOc1ccc(-c2ccc(OCc3ccc(C#N)cc3)cc2)cc1)C(=O)OC,,0.34246271,,,
1087874446,CCC(C)(C)C(=O)OCCCCCCCCCC,,0.38783787,0.259,0.880799375,10.58766356
1088069103,CCC(C)c1ccc(CCC(F)(F)C(F)(F)C(F)(F)C(F)(F)F)cc1,,0.37120433,,,
1088166568,CCC(C)(C)C(=O)OCCCCOc1ccc(OC(=O)c2ccc(OC)cc2)cc1,,0.33766319,,,
1089099608,CCCOc1ccc(OC(=O)c2ccc(C(=O)Oc3ccc(OC)cc3)c(OCCCCC)c2)cc1,,0.34588903,,,
1089343278,CCC(C)(C)C(=O)OC12CC3CC(CC(C3)C1)C2,,0.39138472,0.1245,0.905497494,10.82663282
1089446070,CNc1cc2c(cc1NC)-c1ccccc1C2,,0.34184722,,,
1089600845,Cc1ccc(Oc2ccc(C3(c4ccc(Oc5ccc(N6C(=O)c7ccc(Oc8ccc(C9(c%10ccc(Oc%11ccc%12c(c%11)C(=O)N(C)C%12=O)cc%10)CCCCCCCCCCC9)cc8)cc7C6=O)cc5)cc4)CC4CCC3C4)cc2)cc1,,0.38133865,,,
1090041949,Cc1ccc(Oc2c(C)cc(C(C)(C)c3cc(C)c(Oc4ccc(N5C(=O)c6ccc(Oc7ccc(C8(c9ccc(Oc%10ccc%11c(c%10)C(=O)N(C)C%11=O)cc9)CCC(c9ccccc9)CC8)cc7)cc6C5=O)cc4)c(C)c3)cc2C)cc1,,0.38650416,,,
1090062634,CCC(C)(Cl)C(=O)OCCC(F)(F)C(F)(F)C(F)(F)C(F)(F)C(F)(F)C(F)(F)C(F)(F)C(F)(F)F,,0.32985562,,,
1090620461,Cc1ccc(Oc2ccc(C(=O)c3ccc(Oc4ccc(-c5nc(-c6ccccc6)[nH]c5C)cc4)cc3)cc2)cc1,,0.38724079,,,
1090704353,CCC(C)COCC1COC(=O)O1,,0.31094849,,,
1090817229,Cc1ccc(Oc2cccc(Oc3ccc(N4C(=O)c5cccc(Oc6cccc(Oc7cccc8c7C(=O)N(C)C8=O)c6)c5C4=O)cc3)c2)cc1,,0.3559394,0.165,1.216100189,17.29130819
1091045706,COc1ccc(-c2ccc(Oc3ccc(C(C)(C)c4ccc(C)cc4)cc3)cc2)cc1,,0.37742789,,,
1091424818,CNc1ccc2c(C)c(-c3ccccc3)c(-c3ccccc3)c(NC)c2c1N,,0.35215178,,,
1091676819,Cc1ccc(C(C#N)(C(=O)OC)C(C)(C#N)C(=O)OC)cc1,,0.40250352,,,
1091865104,Cc1ccc(Oc2cccc(Oc3ccc(N4C(=O)c5ccc(Oc6ccc(S(=O)(=O)c7ccc(Oc8ccc9c(c8)C(=O)N(C)C9=O)cc7)cc6)cc5C4=O)cc3)c2)cc1,,0.3595073,,,
1092008018,CNc1ccc([C@@H]2c3ccccc3-c3ccc(NC)c(N)c32)cc1,,0.35996312,,,
1092288968,CNc1ccc2c(c1)[C@@H]1c3ccc(C)cc3[C@H]2c2cc(NC)ccc21,,0.38323804,,,
1092404802,CCCCCNC(=O)Cc1ccc(C(=O)NC)cc1,,0.32910711,,,
1092542084,Cc1ccc(-n2c(=O)c3c(F)c4c(=O)n(C)c(=O)c4c(F)c3c2=O)cc1,337.816724,,,,
1092567276,Cc1ccc(Oc2ccc(-c3ccc(Oc4ccc(N5C(=O)c6ccc(Oc7ccc8cc(Oc9ccc%10c(c9)C(=O)N(C)C%10=O)ccc8c7)cc6C5=O)cc4)cc3)cc2)cc1,,0.36600416,,,
1092652620,CCC(C)c1ccc(N(c2ccccc2)c2ccccc2)cc1,,0.4131707,,,
1092863578,CN=P(C)(OCCCCCCCCC)OCCCCCCCCC,,0.40563512,,,
1093111808,Cc1ccc2oc(-c3cc(OCCCCCCCCCC)c(-c4nc5cc(C(C)(C(F)(F)F)C(F)(F)F)ccc5o4)cc3OCCCCCCCCCC)nc2c1,,0.39288084,,,
1093119609,Cc1ccc(Oc2cc3ccccc3cc2Oc2ccc(N3C(=O)c4ccc(Oc5cc6ccccc6cc5Oc5ccc6c(c5)C(=O)N(C)C6=O)cc4C3=O)cc2)cc1,,0.36656282,,,
1093757238,COc1cccc(OC(=O)c2ccc(C(C)(C)c3ccc(C(C)=O)cc3)cc2)c1,,0.36093522,0.222,1.102151001,21.991583
1093999589,CNc1ccc([C@H](CCCC)c2ccc(C(CC[C@H](CCC)C3CCCCC3)c3ccc([C@@H](CCCC)c4ccc(NC)cc4)cc3)cc2)cc1,,0.37019133,,,
1094849192,COc1ccc(C(c2ccc(Oc3ccc(C(=O)c4c(C(=O)c5ccc(C)cc5)c(-c5ccc(F)cc5)c(-c5ccc(F)cc5)c(-c5ccc(F)cc5)c4-c4ccc(F)cc4)cc3)cc2)(C(F)(F)F)C(F)(F)F)cc1,,0.40384519,,,
1095118388,CNc1cc(NC(=O)CCCCCCCCC(C)=O)cc(-c2nnc(-c3ccccn3)o2)c1,,0.36358328,,,
1096169476,CCCCCCCCCNC(=O)CCCCCCCCCCCCC(=O)NC,,,0.381,,
1096482563,CCC1(COC(=O)OC)CC=CCC1,,0.3421933,,,
1097037876,CC(=O)Nc1ccc(Oc2ccc(S(=O)(=O)c3ccc(Oc4ccc(NC(=O)c5ccc6c(c5)C(=O)N(c5ccc(Oc7ccc(C8(c9ccc(Oc%10ccc(N%11C(=O)c%12ccc(C)cc%12C%11=O)cc%10)cc9)NC(=O)c9ccccc98)cc7)cc5)C6=O)cc4)cc3)cc2)cc1,,0.3628852,,,
1097383443,COc1ccc2ccc(Oc3ccc(C(=O)Nc4ccc(Oc5ccc(S(=O)(=O)c6ccc(Oc7ccc(NC(=O)c8ccc(C)cc8)cc7)cc6)cc5)cc4)cc3)cc2c1,,0.35891323,,,
1097591808,Cc1ccc(-c2cc(-c3ccc(OCCCCCC)cc3)cc(-c3ccc(-c4ccc5c(c4)C(CCCCCC)(CCCCCC)c4cc(C)ccc4-5)cc3)c2-c2ccc(OCCCCCC)cc2)cc1,,0.39702352,0.29,0.887994076,19.66529502
1098253429,CC(=Cc1cc(OC)c(C=C(c2ccc(C)cc2)c2ccc(F)cc2)cc1OC)c1ccc(F)cc1,,0.39273614,,,
1098329316,CCC(CCCCCCCCCCCC)COC(=O)NC(=O)c1cccc(C(=O)NC(=O)OC)c1,,0.34491692,,,
1098458595,CNc1cc(NC(=O)c2cc(OCCCS(=O)(=O)c3ccc(N=Nc4ccc(N(C)C)cc4)cc3)cc(C(C)=O)c2)cc(C(=O)OCCCN(C)c2ccc(N=Nc3ccc(S(C)(=O)=O)cc3)cc2)c1,,0.36246198,,,
1098493024,CCCCCCCOc1ccc(C(=O)N(C(=O)c2ccc(OC)cc2)c2cc(C)cc(C)c2)cc1,,0.37589953,,,
1098503912,CNc1ccc(CCCC=C(c2ccc(N)cc2)c2ccc(NC)cc2)cc1,,0.35438758,,,
1099489498,CCC(C)C(=O)Oc1ccccc1C(C)(C)C,,0.36674405,0.175,0.949266643,11.30667741
1099529039,CC1C(=O)N(CCCCCCOc2ccc(-c3ccc(C#N)cc3)cc2)C(=O)C1C,,0.34826627,,,
1099611212,CCC(C)(C)COC,,0.38553594,,,
1099687723,CC(=O)Nc1ccc(NC(=O)c2ccc3c(c2)C(=O)N(c2ccc(NC(=O)Nc4ccc(N5C(=O)c6ccc(C)cc6C5=O)cc4)cc2)C3=O)cc1,,0.33834111,,,
1100016656,CO[Si](C)(C)CCCC(=O)Oc1ccc(C=Nc2ccc(Oc3ccc(N=Cc4ccc(OC(=O)CCC[Si](C)(C)C)cc4)cc3)cc2)cc1,,0.37725697,,,
1100237859,CCC(C)(COC(=O)OC)C(=O)OCc1ccccc1,,0.34012243,,,
1100342042,CNc1ccc2c(c1)[C@]1(c3ccccc3-2)c2cc(NC)ccc2-c2ccc(C(C)(C)C)cc21,,0.3907835,,,
1100790418,COc1ccc(-c2ccc(Oc3ccc(Oc4ccc(S(=O)(=O)c5ccc(Oc6ccc(C)cc6)cc5)cc4)cc3)c3ccccc23)c2ccccc12,,0.3844144,,,
1100941404,CC(=O)Nc1ccc(S(=O)(=O)c2ccc(NC(=O)c3ccc4[nH]c(-c5cccc(-c6nc7cc(C)ccc7[nH]6)c5)nc4c3)cc2)cc1,,0.37607565,,,
1101351580,COc1ccc(-c2ccc(Oc3ccc(C(=O)c4c(C(=O)c5ccc(C)cc5)c(-c5ccccc5)c(-c5ccc6ccccc6c5)c(-c5ccc6ccccc6c5)c4-c4ccccc4)cc3)cc2)cc1,,0.3993001,,,
1101626993,CC(=O)c1ccc2c(c1)C(=O)N(c1ccc(Sc3ccc(N4C(=O)c5ccc(C)cc5C4=O)cc3)cc1)C2=O,,0.37953912,,,
1101869163,CCC(C)C(=O)Oc1ccc(C(=O)OCCCC)cc1,,0.35302021,0.2329999999999999,1.072941358,12.11326982
1102089845,CCC(C)(CC(=O)OCCOCCOCCOCCOCCOCCOCCOC)C(=O)OCCOCCOCCOCCOCCOCCOCCOC,,0.34860054,,,
1102195850,CCc1ccc(CNC(=O)CCCCCCCCC(=O)NC)cc1,,0.34218034,,,
1102959825,Cc1ccc(-c2nc3cc(S(=O)(=O)c4ccc5nc(-c6ccccc6)c(C)nc5c4)ccc3nc2-c2ccccc2)cc1,,0.42858574,,,
1103272237,CCCOC(=O)Nc1ccc(Cc2ccc(NC(=O)OCCOc3ccc(OC)cc3)cc2)cc1,,0.33635449,,,
1103276909,CCC(C)C(=O)OC(F)(C(F)(F)F)C(F)(F)F,,0.31831745,0.1119999999999999,1.502297049,14.21742857
1103729487,Cc1ccc2c(c1)C(=O)N(c1ccc(Oc3c(C)cc(C(c4cc(C)c(Oc5ccc(N6C(=O)c7ccc(C(C)(C(F)(F)F)C(F)(F)F)cc7C6=O)cc5)c(C)c4)c4cccc5ccccc45)cc3C)cc1)C2=O,,0.4076565,,,
1104001182,CNc1ccc(Nc2ccc(NC)cc2)cc1,,0.31540535,,,
1104150399,Cc1ccc2c(c1)C(CCCCCC)(CCCCCC)c1cc(-c3ccc4c(c3)c3cc(C)ccc3n4-c3ccc(OC)cc3)ccc1-2,,0.38956004,,,
1104675070,COc1ccc(C(c2ccc(OC(C)=O)cc2)C2CC3CC2C2C4CCC(C4)C32)cc1,,0.37873472,,,
1104783164,Cc1ccc(-c2ccc(-c3ccc(-c4ccc(-c5ccc6c(c5)C(=O)N(c5ccc(Oc7ccc(C(C)(C)c8ccc(Oc9ccc(N%10C(=O)c%11ccc(C)cc%11C%10=O)cc9)cc8)cc7)cc5)C6=O)cc4)cc3)cc2)cc1,,0.37765587,,,
1104839860,Cc1ccc(Oc2ccc(Oc3ccc(N4C(=O)c5ccc(Oc6ccc7ccc(Oc8ccc9c(c8)C(=O)N(C)C9=O)cc7c6)cc5C4=O)cc3)cc2)cc1,,0.36627913,,,
1105092944,CNc1ccccc1-c1c(N)ccc2c(-c3ccccc3N)c(NC)ccc12,,0.35001421,,,
1105455152,CC(=O)OCCOC(=O)N1CC(C)N(C)CC1C,60.10633691,,,,
1105607471,CCCCCOC(=O)/C=C\C(=O)OC,,0.31922537,,,
1105655721,CC(=O)Nc1ccc(-c2ccc(NC(=O)c3ccc4c(c3)C(=O)N(c3c(C)cc(C)c(N5C(=O)c6ccc(C)cc6C5=O)c3C)C4=O)cc2C(F)(F)F)c(C(F)(F)F)c1,,0.37354476,,,
1105688396,CCCOc1ccc(S(=O)(=O)c2ccc(OCCOP(=O)(OC)Oc3ccc(Br)cc3)cc2)cc1,,0.35394137,,,
1106240394,CC(=O)C1CC1C(=O)N1CCN(C)CC1,100.5840527,,,,
1106363407,CNc1c(-c2ccccc2)cc(-c2cccc3ccccc23)c(-c2ccccc2)c1NC,,0.36326423,,,
1106578418,COc1ccc(CNC(=O)c2ccc(C(=O)NCc3ccc(OC4COC5C(C)COC45)cc3)cc2)cc1,,0.33322541,,,
1106718991,Cc1cccc(N2C(=O)c3ccc(Oc4ccc(C(=O)c5ccc(Oc6ccc7c(c6)C(=O)N(C)C7=O)cc5)cc4)cc3C2=O)c1,,0.37305754,,,
1106744054,CCC(CS(=O)(=O)CCC)OC,,0.37543167,,,
1106849268,Cc1ccc(Oc2ccc(-c3ccc(Oc4ccc(N5C(=O)c6cccc(Oc7c(C)cc(Cc8cc(C)c(Oc9cccc%10c9C(=O)N(C)C%10=O)c(C)c8)cc7C)c6C5=O)cc4)cc3)cc2)cc1,,0.3774632,,,
1108103978,CCC(C)c1ccccc1COCCCCC,,0.38189308,0.186,0.935560059,11.1484409
1108143190,Cc1cccc(-c2nc3cc(-c4ccc5nc(-c6ccccc6)c(C)nc5c4)ccc3nc2-c2ccccc2)c1,,0.41818532,,,
1108204726,Cc1cc(C)c(O)c(/C=N/c2ccc(N3CCOCC3)cc2)c1,,,0.266,1.120600809,15.17923007
1108782775,CCCCCCCOC(=O)OCCCCCCN1C(=O)c2ccc(-c3ccc4c(c3)C(=O)N(C)C4=O)cc2C1=O,,0.339636,,,
1108992243,CCC(=O)C(C)c1ccc(C)cc1,67.57313464,,,,
1109762567,Cc1ccc(Oc2cccc(N3C(=O)c4ccc(Oc5ccc6cc(Oc7ccc8c(c7)C(=O)N(C)C8=O)ccc6c5)cc4C3=O)c2)cc1,,0.36778289,,,
1109873532,CC(=O)OCCOC(=O)c1ccccc1N1C(=O)c2ccc(C)cc2C1=O,,0.34278751,,,
1110214736,Cc1ccc2c(c1)C(=O)N(c1cc(N3C(=O)c4ccc(C(C)(C(F)(F)F)C(F)(F)F)cc4C3=O)ccc1OCCCCCCOc1ccc(-c3ccc(OCC)cc3)cc1)C2=O,,0.3582791,,,
1110372599,CCCCCCCOC(=O)CCCCCCC(=O)OCCCCCCN1C(=O)c2ccc(S(=O)(=O)c3ccc4c(c3)C(=O)N(C)C4=O)cc2C1=O,,0.34654201,,,
1110669170,CC(=O)c1ccc(N=Nc2ccc(C(=O)N3C(=O)N(C)C(c4ccccc4)(c4ccccc4)C3=O)cc2)cc1,183.844758,,,,
1110735297,CCC(C)(C)C(=O)OCCC(F)(F)C(F)(F)C(F)(F)C(F)(F)F,,0.33305735,,,
1110869363,Cc1ccc(OCC2CCC(COc3ccc(N4C(=O)c5ccc(-c6ccc7c(c6)C(=O)N(C)C7=O)cc5C4=O)cc3)CC2)cc1,,0.36298735,,,
1110958155,CNc1ccc(-c2ccc(NC)c(-c3ccccc3C(C)(C)C)c2)cc1,,0.36107989,,,
1111539989,CCc1ccc(OCc2ccc(COc3ccc(C)c4cccnc34)cc2)c2ncccc12,200.3538526,,,,
1112220366,CCC(C)(C)C(=O)OCc1cccc(Cl)c1Cl,,0.35611555,,,
1112287021,COc1ccc(N=Nc2ccc(S(=O)(=O)c3ccc(N=Nc4ccc(OC(=O)c5ccc(N=Nc6ccc(C(C)=O)cc6)cc5)cc4)cc3[N+](=O)[O-])c([N+](=O)[O-])c2)cc1,,0.36582704,,,
1112294940,COP(=O)(Oc1c(Cl)cc(Cl)cc1Cl)Oc1c(Cl)c(Cl)c(C)c(Cl)c1Cl,,0.36280983,,,
1112362061,CCCc1ccc(C)cc1,,0.38563218,,,
1112494306,CC=CC1CC(C)C2C(=O)N(CCCC)C(=O)C12,,0.36281424,,,
1112748716,COS(=O)(=O)c1ccc(-c2ccc(S(=O)(=O)Oc3ccc(-c4ccc(C)cc4)cc3)cc2)cc1,,,,1.24578392,23.22098571
1112902230,CNC(CCC(=O)OCC)C(C)=O,,0.32193384,,,
1113081697,CCCCCOc1ccc(CCc2ccc(OC)cc2C)cc1,,0.36894603,,,
1113417814,CCC(CCCCCCOc1ccc(N=Nc2ccc(Cl)cc2)cc1)COC(=O)CCCCC(=O)OC,,0.36250896,,,
1113818194,CNc1ccc2c(c1)C(C)(C)C[C@@]21CC(C)(C)c2ccc(NC)cc21,,0.37806906,,,
1114103605,COc1c(C)cc(C2(c3cc(C)c(Oc4ccc(C(=O)c5cccc(C(=O)c6ccc(C)cc6)c5)cc4)c(C)c3)CCC3CCCCC3C2)cc1C,,0.39855056,,,
1114394646,Cc1ccc(-c2ccc(-c3ccc(-c4ccc([Si](C)(CCCC)CCCC)s4)s3)s2)s1,,0.43213271,,,
1114536999,CCC(=O)OC(=O)c1ccc(C(=O)OC(=O)COc2ccc(OC)cc2)cc1,80.44433982,,,,
1115041145,COc1ccc(S(=O)(=O)c2ccc(Oc3ccc(C(C)(C)c4ccc(C)c(C)c4)cc3C)cc2)cc1,,0.3875115,,1.095765995,20.44800803
1115283771,CO[Si](C)(C)O[Si](C)(C)c1c(F)c(F)c(F)c(F)c1F,,0.38359544,,,
1115535876,Cc1sc(C)c(OCCCCCCCCCCCCCCCC)c1C,,,0.388,,
1116045273,CCC(C)c1cccc2c1OCO2,,0.35639333,,,
1116077459,COc1c(-c2ccccc2)cc(C)cc1-c1ccc(C(C)(C)C)cc1,,0.41314664,,,
1116322713,CC([2H])([2H])C(C)(C(=O)OC([2H])([2H])C([2H])([2H])[2H])C([2H])([2H])[2H],,0.35523733,,,
1116382939,CC(CCCCCC)=C(C)c1ccccc1,,0.41697419,,,
1116523292,CCC(C)C(=O)OCCCn1c2ccccc2c2ccccc21,,0.34946013,,,
1116545880,CCCN(C)C(=O)Cc1ccc(C(F)(F)F)cc1,,0.34471923,,,
1116644924,CNc1ccc(C2(c3ccc(NC)cc3)CCC(C(C)(C)CC)CC2)cc1,,0.36254494,,,
1117693803,CNc1ccc(-c2ccc(NC(=O)c3cccc(C(C)=O)c3)c(OC)c2)cc1OC,,0.34285391,,,
1118322325,CCc1ccc(CNC(=O)CCCCCC(=O)NC)cc1,61.73836642,,,,
1119425310,CO[Si](C)(C)O[Si](C)(C)OC(C)CCCCC(C)C,,0.4145335,,,
1120266201,Cc1ccc(C)c(C(=O)c2ccc(C)cc2)c1,,0.40940736,,,
1120810907,CNCCCCNC,,0.31431622,,,
1120932055,Cc1ccc(Oc2ccc(-c3ccc(Oc4ccc(N5C(=O)c6cccc(Oc7c(C)cc(-c8cc(C)c(Oc9cccc%10c9C(=O)N(C)C%10=O)c(C)c8)cc7C)c6C5=O)cc4)cc3)cc2)cc1,,0.37366019,,,
1121030015,CCCSC,,0.44850444,0.223,1.187990132,21.83251301
1121099554,Cc1cc(C(=O)NCCCCCCCCCCCC)cc(N2C(=O)c3ccc(-c4ccc5c(c4)C(=O)N(C)C5=O)cc3C2=O)c1,,0.36819069,,,
1121162795,CCC(c1ccccc1)C1C(=O)N(C)C(=O)C1C,,0.35994352,,,
1121663416,COc1ccc(N=Cc2ccc(Oc3ccc(C(C)(C)c4ccc(Oc5ccc(C=Nc6ccc(Oc7ccc(-c8ccc(C)cc8)cc7)cc6)cc5)cc4)cc3)cc2)cc1,,0.37355301,,,
1121754299,CNc1cc(-c2ccccc2)c(-c2ccccc2NC)cc1-c1ccccc1,,0.35590858,,,
1121884614,CCCCCCCCN1C(=O)c2ccc(-c3ccc(-c4ccc5c(c4)C(=O)N(C)C5=O)cc3)cc2C1=O,,0.346649,,,
1122012910,CCC(C)(C)C(=O)OCCCOc1ccc2cc(C(=O)Oc3ccccc3)ccc2c1,,0.34405824,,,
1122196297,CNc1ccc(Cc2ccc(NC(=O)c3cc(NC(=O)c4ccccc4)cc(C(C)=O)c3)cc2)cc1,,0.34866462,,,
1122498895,CCCCCCCCCCCCCOC(=O)CCCCCNC(=O)CCCCC(=O)NCCCCCC(=O)OC,,,0.306,0.968420729,19.39078981
1122802098,CCc1ccc(CNC(=O)CCCCCCCCCCCCCC(=O)NC)cc1,,0.36199531,,,
1123352348,CCC(=O)Nc1ccc(Oc2ccc(Oc3ccc(NC(=O)CN4C(=O)c5ccc(C(=O)c6ccc7c(c6)C(=O)N(C)C7=O)cc5C4=O)cc3)cc2)cc1,,0.34069553,,,
1123567256,CCCCCCCCCCCCCCCCCCCCCOC(=O)CCC(C)CC(=O)OC,,,0.362,0.897262686,19.1607057
1123597680,Cc1cccc(P(C)(=O)c2cccc(N3C(=O)c4ccc(NC(=O)OCCOc5ccc(P(=O)(c6ccccc6)c6ccc(OCCOC(=O)Nc7ccc8c(c7)C(=O)N(C)C8=O)cc6)cc5)cc4C3=O)c2)c1,,0.35188872,,,
1123733382,Cc1cccc(S(=O)(=O)NCCNS(C)(=O)=O)c1,,0.32570227,,,
1124160654,CCC(C)(C)CC,,0.3612215,0.17,,
1124320017,CNc1ccc2c3ccccc3c3ccccc3c2c1NC,,0.33446977,,,
1125785790,COc1ccc(CC(NC(=O)CCc2ccc(OC(=O)CCCCCCC(C)=O)cc2)C(=O)OC)cc1,,0.34260216,,,
1125984046,Cc1ccc(-c2cc(-c3ccc(-c4ccccc4)cc3)cc(-c3ccc(N4C(=O)c5ccc(NC(=O)Nc6ccc(Oc7ccc(NC(=O)Nc8ccc9c(c8)C(=O)N(C)C9=O)cc7)cc6)cc5C4=O)cc3)n2)cc1,,0.35547731,,,
1126266523,CCCCCCCCCCCNC(=O)NCc1ccc(CNC(=O)NC)cc1,,0.34448877,,,
1126464769,COc1cc(OCCOC)c(OC(=O)c2ccc(C(C)=O)cc2-c2ccccc2)cc1OCCOC,,0.35160749,,,
1126802641,CON(C(F)(F)F)C(F)(F)C(F)=C(F)C(C)(F)F,,0.30255693,,,
1127073632,CCCCCCCOC(=O)c1ccc2cc(C(=O)OC)ccc2c1,,0.34925616,,,
1127321613,CCCN(CCOC(=O)Nc1ccc(C)c(NC(=O)OC)c1)c1ccc(N=Nc2ccc(-c3nc4cc([N+](=O)[O-])ccc4[nH]3)cc2)cc1,,0.35638392,,,
1127504526,CCCCOC(=O)NNC(=O)CCCCCCCCC(=O)NNC(=O)OC,,0.33190974,,,
1128237994,CNc1ccc(C)c(Cl)c1Cl,115.5762842,,,,
1128593254,CNc1ccc(C2=CC[C@](NC)(c3ccc(-c4ccccc4)cc3)C=C2)cc1,,0.34625627,,,
1128659903,CNc1ccc([C@@]2(C)CC(C)(C)c3cc(NC)ccc32)cc1,,0.36572803,,,
1128762246,CNc1cccc(-c2cc(-c3ccccc3)c(-c3ccccc3)c(-c3ccccc3)c2-c2ccccc2)c1NC,,0.36487251,,,
1129166454,CCCCCCCCCCOC(=O)c1ccc2cc(C(=O)OC)ccc2c1,,0.35582087,,,
1129389664,Cc1ccc(-c2ccc(N3C(=O)c4ccc(Oc5ccc6c(c5)C(=O)N(C)C6=O)cc4C3=O)cc2C)c(C)c1,,0.3973231,,,
1129473304,CCCOC(=O)NCCCCCCCCCNC(=O)OC,,0.34415845,,,
1129746387,CNc1ccc(/C=C/c2cc3ccccc3cc2/C=C/c2ccc(NC)cc2)cc1,,0.35386503,,,
1130000577,CNc1ccc(-c2ccc(NC)c(-c3cccc4ccccc34)c2-c2cccc3ccccc23)c(-c2cccc3ccccc23)c1-c1cccc2ccccc12,,0.37642959,,,
1130043437,CNCCCCCCCCCCNC,,0.34317069,,,
1130524840,CC(=O)Nc1ccc(-c2ccc(NC(=O)N3CC(C)N(C)CC3C)cc2)cc1,,0.35679719,,,
1130989297,Cc1ccc2c(c1)C(=O)N(c1cc(OCCCCCCCC)cc(N3C(=O)c4ccc(C(C)(C(F)(F)F)C(F)(F)F)cc4C3=O)c1)C2=O,,0.37326139,,,
1131052008,COC(C)CCCCCC,,0.42182416,,,
1131219961,COc1ccc(C(=O)NNC(=O)c2ccc(C(=O)NNC(=O)c3ccc(OC(=O)c4cccc(C(C)=O)c4)cc3)cc2)cc1,,0.33957071,,,
1131234083,Cc1ccc(Sc2ccc(-c3nc4cc(-c5ccc6nc(-c7ccccc7)c(C)nc6c5)ccc4nc3-c3ccccc3)cc2)cc1,,0.41874626,,,
1131649373,CCCCCCCOC(=O)NCc1ccc(CNC(=O)OC)cc1,,0.33648246,,,
1131929043,CNc1ccc(C(=CC=C)c2ccc(NC)cc2)cc1,,0.35869466,,,
1132377613,CNC1=CC=C(C(c2ccc(N)cc2)(c2ccc(N)cc2)c2ccc(NC)cc2)CC1,,0.35797409,,,
1132744464,COc1ccc(C2(c3ccc(OC(=O)c4ccc(C(C)=O)cc4)cc3)CCCCC2)cc1,,0.3621841,,,
1132763612,CC=Cc1ccc(C=Cc2cc(C)ncn2)cc1,84.80053451,,,,
1132889582,COc1ccc(-c2ccc(OC(=O)c3cccc(Oc4ccc(C(C)=O)cc4)c3)cc2)cc1,89.5930824,,,,
1132923909,CCCCCCCCCCCCC(=O)Oc1ccc(OC(=O)c2ccc3c(c2)C(=O)N(C)C3=O)cc1,,0.34726599,,,
1133044696,CCC#CCOC(=O)CCCCCCCCCCC(=O)OC,,0.36542527,,,
1133390257,Cc1ccc(Oc2ccc(-c3nc4cc(Oc5ccc(NC(=O)c6cc(C(=O)Nc7ccc(Oc8ccc9nc(-c%10ccccc%10)c(C)nc9c8)cc7)cc(N7C(=O)c8c(Cl)c(Cl)c(Cl)c(Cl)c8C7=O)c6)cc5)ccc4nc3-c3ccccc3)cc2)cc1,,0.38426551,,,
1133455490,CCCCCCCOC(=O)c1cc(OCCCCCCOc2ccc(N=Nc3ccc(C#N)cc3)cc2)cc(C(=O)OCCCCCCN2C(=O)c3ccc(-c4ccc5c(c4)C(=O)N(C)C5=O)cc3C2=O)c1,,0.35250141,,,
1133460389,CCCCCCCOC(=O)C(CCCCCCP(=O)(OCC)OCC)C(=O)OCCCCCCOc1ccc(-n2on2-c2ccc(OC)cc2)cc1,,0.3621374,,,
1133515947,CNc1cccc(NC(=O)Nc2ccc(Cc3ccc(NC(C)=O)cc3)cc2)c1,,0.34788989,,,
1133631248,CCC(C)(C)C(=O)OCc1ccc2c(c1)OCCOCCOCCOCCO2,,0.34634532,,,
1134375146,CNc1cc(NC)c2c(=O)[nH]c3c(N)cc(N)c4c(=O)[nH]c1c2c34,,0.33153693,,,
1134601529,CCC(C)OC(=O)C(F)(F)C(F)(F)C(F)(F)C(F)(F)C(F)(F)F,,0.32618869,,,
1134713599,CNc1ccc(NC)c2c(=O)n([C@H]3C(=O)NC(=O)[C@@H](N)C3(N)N)c(C)nc12,,0.34495062,,,
1134997266,CC(OC)=C(OC)c1ccc(C)s1,,0.371067,,,
1135072955,CC(=O)c1ccc2c(c1)C(=O)N(c1cccc(S(=O)(=O)c3cccc(N4C(=O)c5ccc(C)cc5C4=O)c3)c1)C2=O,,0.36903562,,,
1135542546,CCCCC1(CCCNC(=O)c2ccccc2-c2ccccc2C(=O)NC)c2ccccc2-c2ccccc21,,0.35838113,,,
1135550271,COc1ccc(-c2ccc(Oc3ccc(C(=O)c4ccc(C(=O)c5ccc(C)c(C(F)(F)F)c5)cc4)cc3C(F)(F)F)cc2)cc1,,0.37975744,,,
1135788027,CCC(C)OC(=O)c1ccccc1OC(C)=O,,0.33486317,,,
1135838417,COc1ccc(NC(=O)c2cc(C(=O)Nc3ccc(C)cc3)cc(C(F)(F)C(F)(F)C(F)(F)C(F)(F)F)c2)cc1,,0.34392183,,,
1136024156,CCCN(CCCCCCOc1ccc(C=Cc2ccc([N+](=O)[O-])cc2)cc1)CCOC(=O)NCCCCCCNC(=O)OC,,0.34321902,,,
1137226558,CCC(C)(C)C(=O)OCCCCCC(=O)Oc1ccc(OC(=O)c2ccc(OCCCCC)cc2)cc1,,0.34489175,,,
1137323137,COC(=O)Oc1ccc(C(C)(C)c2ccc(OC(=O)OC3CC4CC(C)CC(C3)O4)cc2)cc1,,0.34709392,,,
1137418125,CC=CCC(CC)c1ccccc1,,0.38727971,,,
1137724791,CCC(C)c1ccc2c(c1)OCO2,,0.3514226,,,
1138085523,CC(=O)Oc1ccc(-c2ccc(OC(=O)c3ccc4c(c3)C(=O)N(c3ccc(Oc5ccc(N6C(=O)c7ccc(C)cc7C6=O)cc5)cc3)C4=O)cc2)cc1,,0.35288587,,,
1138097304,CCC(C)c1ccc(CCCCCCCCCCCCCCCCCC)cc1,,0.40382331,0.3751666666666667,0.844184922,13.54553558
1138111441,CO[Si](C)(C)O[Si](C)(C)O[Si](C)(C)O[Si](C)(C)Oc1c(C)cc(-c2cc(C)c(C)c(C)c2)cc1C,,0.4031994,,,
1138356248,CNc1ccc([C@@]2(C)CCc3ccc(NC)cc32)cc1,,0.35627346,,,
1139097399,Cc1ccc(Oc2ccc(S(=O)(=O)c3ccc(Oc4ccc(-c5c6c(c(C)c7ccccc57)C(=O)N(CCCCCCCCCCCC)C6=O)cc4)cc3)cc2)cc1,,0.37826557,,,
1139542368,CNc1ccc(NC(=O)c2ccc(NC(=O)c3ccc([Si](C)(C)c4ccc(C(=O)Nc5ccc(C(C)=O)cc5)cc4)cc3)cc2)cc1,,0.35485235,,,
1139696241,CNc1c(NC)c2ccc3ccc(C)c4c(C)c(C)c(c1C)c2c34,,0.34040386,,,
1139986817,CCCCCCCNC(=O)c1ccc(C(=O)NC)c(Oc2ccc(F)cc2)c1,,0.34608545,,,
1140194913,CCCCCCSC,-55.37860961,,,,
1140956631,CCCCCCCN1C(=O)C(C)C(SCCOCCSC2C(=O)N(CCCCCCN3C(=O)CC(C)(SCCOCCSC4(C)CC(=O)N(C)C4=O)C3=O)C(=O)C2C)C1=O,,0.34774274,,,
1141098203,CCC(C)(C)C(=O)Oc1cc(C)cc(C)c1,,0.36781222,,,
1141104268,CCCCCNC(=O)CCCCCCC(=O)NC,,,0.2915,1.002012128,18.29004994
1141363047,Cc1ccc(C(=O)OCCCCCCCCCCOc2ccc(C=CC(=O)C=Cc3ccc(OCCCCCCCCCCOC(=O)c4ccc(-c5nnc(C)o5)cc4)cc3)cc2)cc1,,0.36732562,,,
1141791290,Cc1ccc2c(c1)C(=O)N(c1cccc(C(=O)Nc3ccc(Oc4cccc(Oc5ccc(NC(=O)c6cccc(N7C(=O)c8ccc(C(C)(C(F)(F)F)C(F)(F)F)cc8C7=O)c6)cc5)c4)cc3)c1)C2=O,,0.35755231,,,
1142382691,Cc1ccc(Cc2ccc(N3C(=O)C(Cl)=C(Oc4ccc(C(c5ccc(OC6=C(Cl)C(=O)N(C)C6=O)cc5)(C(F)(F)F)C(F)(F)F)cc4)C3=O)cc2)cc1,,0.36436728,,,
1142386049,CC=CC1CC(C)C2C(=O)N(c3ccc(Cl)cc3)C(=O)C12,,0.38672628,,,
1142561667,CCC(C)CNc1ccc([N+](=O)[O-])cc1[N+](=O)[O-],,0.48421101,,,
1142759458,Cc1c(C)cc(-c2cc(C)c(N3C(=O)c4cccc(Oc5ccc(C(C)(C)c6ccc(Oc7cccc8c7C(=O)N(C)C8=O)cc6)cc5)c4C3=O)c(C)c2)cc1C,,0.38334817,,,
1142909412,CN=P1(C)Oc2ccccc2-c2ccccc2O1,,0.36981013,,,
1143081598,CO[Si](C)(C)CCCOCC1COC(=O)O1,,0.34240927,,,
1143098154,Cc1ccc(Sc2cc3c(cc2Sc2ccc(N4C(=O)c5ccc(Oc6ccc7c(c6)C(=O)N(C)C7=O)cc5C4=O)cc2)C(=O)N(CCCCCCCCCCCCCCCC)C3=O)cc1,,0.37283494,,,
1143195068,Cc1ccc(OCCN(CCOc2ccc(-c3nc4ccc(Oc5ccc6nc(C)c(-c7ccccc7)nc6c5)cc4nc3-c3ccccc3)cc2)c2ccc(N=Nc3ccc([N+](=O)[O-])cc3C)cc2)cc1,,0.38224032,,,
1143212466,COC1CCC(OC(=O)CCCCCCC(C)=O)CC1,-35.83964331,,,,
1143308077,CCCCNS(C)(=O)=O,,,,1.368480015,21.72486866
1143554851,CCC(C)C(=O)OCC(F)(F)C(F)(F)C(F)(F)F,,0.32963325,,,
1143744739,CNc1cccc(C(=O)c2ccc(NC(=O)c3cccc(C(=O)c4ccc(C(C)=O)cc4)c3)cc2)c1,,0.35096229,,,
1144028367,CNc1ccc(CC(C)(C)NC(=O)CCCCC(C)=O)cc1,,0.34067775,,,
1144294791,Cc1ccc2c(c1)C(=O)N(c1cccc(C(F)(F)C(F)(F)C(F)(F)C(F)(F)C(F)(F)c3cccc(N4C(=O)c5ccc(C(F)(F)C(F)(F)C(F)(F)C(F)(F)C(F)(F)C(F)(F)C(C)(F)F)cc5C4=O)c3)c1)C2=O,,0.34340133,,,
1144375159,Cc1ccc(-c2sc(-c3cc(CCCCCCCC)c(C)s3)cc2CCCCCCCC)cc1,,0.42872185,,,
1144377193,CC(=O)Nc1cccc(C(=O)Nc2cccc(NC(=O)c3ccc4[nH]c(-c5cccc(-c6nc7cc(C)ccc7[nH]6)c5)nc4c3)c2)c1,,0.36420228,,,
1144496929,CCC(C)(COC)COCCOCCOCCOC,,0.36052012,,,
1144952297,CC(=O)c1ccc2c(c1)C(=O)N(c1ccc(Oc3ccc(C(=O)c4ccc(Oc5ccc(C(=O)c6ccc(Oc7ccc(N8C(=O)c9ccc(C)cc9C8=O)cc7)cc6)cc5)cc4)cc3)cc1)C2=O,,0.37284844,,,
1145064910,CNc1ccc(C2=CC[C@@H](c3ccc(NC)cc3)[C@@H]2c2ccc(C(C)(C)C)cc2)cc1,,0.37225779,,,
1145617844,CNc1ccc([C@@H]2C=C(C(C)C)C=C[C@@]2(c2ccc(NC)cc2)C(C)C)cc1,,0.36697228,,,
1145796233,CNc1ccc(S(=O)(=O)c2ccc(NC)cc2)cc1,,0.33955438,,,
1146375572,CCC(C)(CC(=O)OCc1ccccc1)C(=O)OCc1ccccc1,,0.34757807,0.176,1.113470646,10.67770667
1146618065,CCCCCCCOC(=O)OCCOC(=O)OCCCCCCOc1ccc(C(=O)c2ccc(OC)cc2)cc1,,0.34934036,,,
1146876238,CCCN(CCOC(=O)Nc1ccc(C)c(NC(=O)OC)c1)c1ccc(N=Nc2ccc([N+](=O)[O-])cc2)cc1,,0.34824049,,,
1146896045,CCCCNC(=O)Cc1ccc(C(=O)NC)cc1,,0.32374161,,,
1147140569,Cc1ccc(Cc2ccc(N3C(=O)c4ccc(Oc5ccc6c(c5)C(=O)N(C)C6=O)cc4C3=O)cc2)cc1,,0.37624478,,,
1147168409,CCCCCCC(=O)NC,,0.34031759,0.301,,
1148404116,Cc1ccc(Oc2ccc(N3C(=O)c4ccc(Oc5ccc6c(c5)C(=O)N(C)C6=O)cc4C3=O)cc2Br)c(Br)c1,,0.40092491,,,
1148596222,CCC(C)(C)C(=O)OCCCOc1ccc(C(=O)Oc2ccc3ccc(=O)oc3c2)cc1,,0.32418426,,,
1148927533,CCCCCCOC(=O)OCCCCCN1C(=O)c2ccc(C(=O)c3ccc4c(c3)C(=O)N(C)C4=O)cc2C1=O,,0.33350028,,,
1148967455,CNc1ccc2ccc3c(-c4ccc5ccc6ccccc6c5c4NC)cccc3c2c1,,0.35015279,,,
1149199303,CCC(C)(C)C(=O)OCC=C,,0.34181464,,,
1149265769,CNCc1cccc(NC)c1,,0.32297138,,,
1150009994,CCC(C)(CCC(C)C(=O)OC)C(=O)OC,,0.33779719,,,
1150049230,COc1ccc(NC(=O)c2ccc(C(=O)Nc3ccc(Oc4ccc(C5(c6ccc(C)cc6)C6CC7CC(C6)CC5C7)cc4)cc3)c3ccccc23)cc1,,0.37034563,,,
1150090312,CC(=O)Nc1ccc(NC(=O)c2ccc3c(c2)C(=O)N(c2cc(-c4nc5ccccc5s4)cc(N4C(=O)c5ccc(C)cc5C4=O)c2)C3=O)cc1,,0.37132377,,,
1150209468,Cc1ccc2c(c1)C(CCCCCC)(CCCCCC)c1cc(-c3cc(OCCCCCCCC)c(C)cc3OCCCCCCCC)ccc1-2,,0.40970568,0.291,0.863900052,18.18381296
1150286039,CNc1ccc2c(c1NC)[C@H](c1ccccc1)c1ccccc1-2,,0.35924295,,,
1150417190,CC(=O)c1ccc2nc(-c3ccccc3)c(-c3ccc(N4C(=O)c5ccc(C(=O)c6ccc7c(c6)C(=O)N(c6ccc(-c8nc9cc(C)ccc9nc8-c8ccccc8)cc6)C7=O)cc5C4=O)cc3)nc2c1,,0.40701998,,,
1150491517,COc1ccc(C(c2ccc(Oc3ccc(C(=O)c4ccc(C)cc4)cc3)cc2)c2ccccc2C(=O)O[Na])cc1,169.1341304,,,,
1150533909,CO[Si](C)(C)CCC(F)(F)C(F)(F)C(F)(F)C(F)(F)F,,0.3677149,,,
1150855035,CCC(C)(C)C(=O)OCCCCCCOc1ccc(C(=O)Oc2ccc(OCCCCCC)cc2)cc1,14.67015775,,,,
1150964358,CNc1ccc(-c2c(Cc3ccccc3)c(Cc3ccccc3)c(NC)c(Cc3ccccc3)c2Cc2ccccc2)cc1,,0.36853875,,,
1151260550,Cc1ccc(Oc2ccc(N3C(=O)c4ccc(Oc5ccc6c(c5)C(=O)N(c5ncc(C)s5)C6=O)cc4C3=O)cc2)cc1,,0.39445531,,,
1151287804,Cc1ccc(-c2ccc(-c3cc(-c4ccc(Oc5ccc(-c6ccccc6)cc5)cc4)c4cc(-c5ccc6nc(C)cc(-c7ccc(Oc8ccc(-c9ccccc9)cc8)cc7)c6c5)ccc4n3)cc2)cc1,,0.38807327,,,
1151566525,CCC#CC#CCOc1ccc(C(=O)OCCN(CCOC(=O)c2ccc(OC)cc2)c2ccc(N=Nc3ccc(N=Nc4cc(C)c(C#N)c(C)c4)cc3)cc2)cc1,,0.37555317,,,
1151772971,CCCOC(=O)c1ccc(-c2ccc(C(=O)OC)cc2C)c(C)c1,,0.36167035,,,
1152245354,CNc1ccc([C@@H](CCCCC)c2ccc(CCc3ccc([C@H](CCCCC)c4ccc(NC)cc4)cc3)cc2)cc1,,0.36934253,,,
1152269820,Cc1ccc(Oc2ccc(N3C(=O)C(c4ccccc4)=C(c4ccc(C5=C(c6ccccc6)C(=O)N(C)C5=O)cc4)C3=O)cc2)cc1,,0.39159291,,,
1152453728,COc1ccc(NC(=O)c2ccc(Oc3ccc(C(C)(C)c4ccc(C(C)(C)c5ccc(Oc6ccc(C(=O)Nc7ccc(C)cc7)cc6)cc5)cc4)cc3)cc2)cc1,,0.36801205,,,
1152527958,CCCCOC(=O)c1cc(N=Nc2ccc(OCC)cc2)ccc1-c1ccc(N=Nc2ccc(OCC)cc2)cc1C(=O)OC,,0.36910686,,,
1153123442,Cc1ccc2c(c1)C(=O)N(c1c(C)cc(C)c(N3C(=O)c4ccc(C(C)(C(F)(F)F)C(F)(F)F)cc4C3=O)c1C)C2=O,,0.4222629,,,
1153144775,CNc1ccccc1-c1ccc(NC(=O)c2cccc(C(C)=O)c2)cc1,,0.34730716,,,
1153274738,CC(=O)c1ccc(N=Nc2ccc(C(=O)N3C(=O)N(C)C4(CCCC4)C3=O)cc2)cc1,17.25361376,,,,
1153424706,CNc1c(C)c(N)c(N)c(NS(=O)(=O)C(C)(CC)CC)c1NC,,0.33683103,,,
1153616490,CNc1ccc(C(=O)Oc2ccc(OC(=O)c3ccc(NC)cc3)c3c2[C@H]2c4ccccc4[C@@H]3c3ccccc32)cc1,,0.36285875,,,
1153834877,CCCCCCCNC(=O)CCCCCCCCCCCCCCC(=O)NC,,0.37018411,0.367,0.913177976,25.33874374
1153885240,CCC(=O)NCCCCCCNC(=O)CCc1ccc(OC)cc1,,0.33856885,,,
1154018955,CCC(C)n1c2ccccc2c2c3ccccc3ccc21,,0.36652293,,,
1154163429,COc1ccc(N=Nc2c(C)cc(Cc3cc(C)c(N=Nc4ccc(OC(=O)c5ccc(C(C)=O)cc5)cc4)c(C)c3[N+](=O)[O-])c([N+](=O)[O-])c2C)cc1,,0.36435194,,,
1154938499,CCCCP(CCCNC(=O)CCCCC(=O)NC)CC(C)C,,0.35350822,,,
1155135793,CCC(C)(COC)COCCCCCCCCCCOc1ccc(-c2ccc(C#N)cc2)cc1,,0.37119619,,,
1155257724,CNc1ccc(Oc2ccc(C(C)(C)c3ccc(Oc4ccc(NC)cc4)cc3)cc2)cc1,,0.35032863,,,
1155325628,CCCCCCCCCCCCCCCCCCCCCc1nnc(C)o1,,,0.398,0.88997462,21.82969596
1155566609,CCCCCCCCCCOC(=O)C(O)C(O)C(=O)OC,,0.33968364,,,
1155913960,CCCN(C)C(=O)CCCCCCCCC(=O)N(C)C,,0.35452131,,,
1156088794,CCCCS(=O)(=O)CCCCS(=O)(=O)CCCOC(=O)c1cccc(C(=O)OC)c1,,0.35593374,,,
1156094009,CNc1ccc2c(c1)C1(C(C)=C2C)C(C)=C(C)c2ccc(NC)cc21,,0.39134226,,,
1156161130,CNc1ccc(C2=CC[C@@](NC)(c3ccccc3)C=C2)cc1,,0.34164757,,,
1156532186,CC([2H])([2H])C(C)([2H])c1c([2H])c([2H])c([2H])c([2H])c1[2H],,0.38844688,0.199,0.93861698,15.86735299
1156634940,COc1ccc(C(C)(C)c2ccc(Oc3ccc(C(=O)c4cccc5cccc(C(=O)c6ccc(C)cc6)c45)cc3)cc2)cc1,,0.37726443,,,
1156665768,Cc1cc(C(=O)Oc2ccc(-c3ccc(O[Si](C)(C)C(C)(C)C)cc3)cc2)cc(N2C(=O)c3ccc(-c4ccc5c(c4)C(=O)N(C)C5=O)cc3C2=O)c1,,0.39199576,,,
1156796148,CNc1ccc(C2=CC[C@H](c3ccc(NC)cc3)[C@H]2c2ccccc2)cc1,,0.35771822,,,
1156980921,CCCc1cccc(C)c1,,0.37970446,,,
1157376824,CC(=O)OCCCCCCCCCCOC(=O)c1ccc(NC(=O)c2ccc(N3C(=O)c4ccc(C)cc4C3=O)cc2)cc1,,0.34823376,,,
1157422620,CC=Cc1ccc(OC(=O)c2ccc(C(=O)Oc3cccc4ccc(C)nc34)cc2)cc1,,0.35224005,,,
1157657223,Cc1ccc(Oc2ccc(Oc3ccc(-c4cnc5cc(-c6ccc7nc(C)cnc7c6)ccc5n4)cc3)cc2)cc1,,0.39204345,,,
1158192712,COC(=O)C(CCSC)NC(=O)CCCCC(=O)NC(CCSC)C(=O)OC1COC2C(C)COC12,,0.34425455,,,
1158201779,CC(=O)Nc1ccc(NC(=O)c2ccc3[nH]c(-c4cc(-c5nc6cc(C)ccc6[nH]5)cc(N5C(=O)c6ccccc6C5=O)c4)nc3c2)cc1,,0.3726693,,,
1158220592,CCC(=O)C(C)c1ccc(C(C)(C)C)cc1,,0.38642464,,,
1158703899,CCCOCCOCCN1C(=O)c2ccc(C(=O)Oc3ccc(C(C)(C)c4ccc(OC(=O)c5ccc6c(c5)C(=O)N(C)C6=O)cc4)cc3)cc2C1=O,,0.34462113,,,
1158783004,CCC(OC=O)C(COC(=O)OC)OC=O,,0.27866603,,,
1158854097,CCCCCCCCCCCC(=O)NCCCCCCNC(=O)CCCOC,,,0.3245,0.954616145,20.55029983
1158896668,CCCOC(=O)CCC(=O)OC,,0.31070608,,,
1159125442,CCC(C)C(=O)OCC(F)(F)C(F)(F)OC(F)(F)C(F)(F)C(F)(F)F,,0.3160919,,,
1159254929,CCCCCCCCCCN1C(=O)c2ccc(C(c3ccc4c(c3)C(=O)N(C)C4=O)(C(F)(F)F)C(F)(F)F)cc2C1=O,,0.35013256,,,
1159550508,CCCCCCCCCOC(=O)NCc1ccc(CNC(=O)OC)cc1,-25.31417235,,,,
1159696305,Cc1ccc(Oc2ccc(C(c3ccc(Oc4ccc(N5C(=O)c6ccc(Oc7ccccc7Oc7ccc8c(c7)C(=O)N(C)C8=O)cc6C5=O)cc4C(F)(F)F)cc3)(C(F)(F)F)C(F)(F)F)cc2)c(C(F)(F)F)c1,,0.36819358,,,
1159981352,COc1ccc(Oc2ccc(C(C)=Nc3ccc(Oc4ccc(N=C(C)c5ccc(C)cc5)cc4)cc3)cc2)cc1,117.5082044,,,,
1160560393,Cc1cccc(NC(=O)CCCCCCCC(=O)Nc2cccc(S(C)(=O)=O)c2)c1,,0.34373731,,,
1160783446,CNC1CC(C)(C)CC(C)(CNC(=O)c2cc(NC(=O)c3ccc(NC(=O)C(CC(C)C)N4C(=O)c5ccccc5C4=O)cc3)cc(C(C)=O)c2)C1,195.2683571,,,,
1160809525,CCC(C)(C)C(=O)OC1CC(C)CC(C)(C)C1,,0.38218681,0.146,0.860209573,10.34521471
1161122757,COc1ccc(CC(NC(=O)Cc2ccc(OC(=O)CCCC(C)=O)cc2)C(=O)OCCCCCCCC)cc1,,0.34547985,,,
1161267582,COc1ccc(C2(c3ccc(Oc4ccc(C(=O)c5cccc(C(=O)c6ccc(C)cc6)c5)cc4)c(C)c3)CCC3CCCCC3C2)cc1C,,0.3933978,,,
1161429718,CNc1ccc([C@H](CCC)c2ccc(C[C@H](CC)c3ccc([C@@H](CCC)c4ccc(NC)cc4)cc3)cc2)cc1,,0.36752092,,,
1161669930,CC1CC2C3CCC(C3)C2C1C,,,,0.88601111,12.5969108
1161685710,CNc1ccc(C(=C)[C@H]2[C@@H]3C[C@H]4C[C@@H](C3)C[C@@H]2C4)cc1NC,,0.35093584,,,
1161927023,CC(=O)c1ccc2c(c1)C(=Nc1ccc(Oc3ccc(C(c4ccc(Oc5ccc(N=C6OC(=O)c7ccc(C)cc76)cc5)cc4)(C(F)(F)F)C(F)(F)F)cc3)cc1)OC2=O,,0.36045189,,,
1162303824,COc1ccc(C(=O)c2cccc(NC(=O)c3cccc(C(=O)Nc4ccc(C(=O)c5ccc(C)cc5)cc4)c3)c2)cc1,,0.35641643,,,
1162525545,CC=CCCCCCCCCCCC,,0.40688317,,,
1162986011,CCCCCCCOC(=O)c1cc(OCCCCCCOc2ccc(N=Nc3ccc(C#N)cc3)cc2)cc(C(=O)OCCCCCCN2C(=O)c3ccc(Oc4ccc5c(c4)C(=O)N(C)C5=O)cc3C2=O)c1,,0.35666694,,,
1163047718,Cc1c(C)cc(-c2cc(C)c(N3C(=O)c4ccc(Oc5c(C)cc(Cc6cc(C)c(Oc7ccc8c(c7)C(=O)N(C)C8=O)c(C)c6)cc5C)cc4C3=O)c(C)c2)cc1C,,0.40667295,,,
1163052769,COc1ccc(Oc2ccc(C(=O)c3ccc(C)cc3)cc2)cc1-c1cccc(C(F)(F)F)c1,,0.38193114,,,
1163216608,CNc1cc(NC(=O)c2ccc(C(C)=O)cc2)cc(C(=O)Oc2ccccc2)c1,,0.34066113,,,
1163273261,CNc1ccccc1-c1ccc(NC)c(-c2ccccc2)c1,,0.34288507,,,
1164865014,CCCCCCCCCCCCCCCCCOC(=O)CCCCC(=O)OC,,0.37375344,,,
1164892547,CNc1ccc(Cc2ccc(NC(=O)c3cc(C(C)=O)cc(S(=O)(=O)c4ccccc4)c3)cc2)cc1,,0.35674478,,,
1165921168,CCC(C)C(=O)OCC(COC(=O)c1ccccc1)(COC(=O)c1ccccc1)COC(=O)c1ccccc1,,0.34152411,,,
1166008818,CON(C(F)(F)F)C(F)(Br)C(C)(F)F,,0.34640325,,,
1166293848,CNC(CCCCNC(=O)NCCCCNC(C)=O)C(=O)OC,0.336556425,,,,
1166324163,Cc1ccc(Oc2ccc(Oc3ccc(N4C(=O)C5CCC6C(=O)N(C)C(=O)C6C5C4=O)cc3)cc2)cc1,,0.36688453,,,
1166598350,CNc1ccc2cc3ccccc3cc2c1NC,,0.33917986,,,
1166612863,Cc1ccc(CC(=O)Nc2cccc(NC(=O)Cc3ccc(-c4sc(C)c(-c5ccccc5)c4-c4ccccc4)cc3)c2)cc1,,0.3789381,,,
1166758072,CCCOc1ccc(C2(c3ccc(OCCO[Si](OC)(c4ccccc4)c4ccccc4)cc3)c3ccccc3-c3ccccc32)cc1,,0.36865547,,,
1167306747,CCC(C)c1ccc(Cl)cc1Cl,,,0.1006666666666666,1.218576983,14.20802348
1167512472,CCCCN(C)C,,0.38665346,,,
1168402050,COc1ccc(OC(=O)/C=C/c2ccc(/C=C/C(C)=O)cc2)cc1,,0.34258266,,,
1169343082,CC(=O)c1ccc2c(c1)C(=O)N(c1ccc(Oc3ccc(C(C)(C)c4ccccc4)cc3)c(N3C(=O)c4ccc(C)cc4C3=O)c1)C2=O,,0.38545958,,,
1169485252,COc1ccc(Oc2ccc(C=NCCN=Cc3ccc(C)cc3)cc2)cc1,,0.37614959,,,
1169539258,CCC(C)(CC(=O)OC)C(=O)O,,0.27558304,,,
1169677958,CCCCCCCOCOC,-41.68464364,,0.278,,
1169871864,CCC(C)c1ccccc1C(=O)O,,0.32924433,,,
1169954236,Cc1ccc2c(c1)C(=O)N(c1ccc(Oc3cc(C(C)(C)C)c(Oc4ccc(N5C(=O)c6ccc(C(C)(C(F)(F)F)C(F)(F)F)cc6C5=O)cc4)cc3C(C)(C)C)cc1)C2=O,,0.41309361,,,
1170082688,CCCCCCCCCCCNC(C)=NC,,0.39022876,,,
1170368720,CNc1cc(NC(=O)Nc2ccc(CCc3ccccc3NC(C)=O)cc2)ccc1C,,0.34797387,,,
1170403788,Cc1ccc(OCCOCCOCCOc2cccc(N3C(=O)c4ccc(Oc5ccc6c(c5)C(=O)N(C)C6=O)cc4C3=O)c2)cc1,,0.33992834,,,
1170534949,CNc1c(C(C)C)cc(C2(c3cc(C(C)C)c(NC)c(C(C)C)c3)c3ccccc3-c3ccccc32)cc1C(C)C,,0.41778352,,,
1171030201,COc1ccc(C(C#N)(c2ccccc2)c2ccc(OC(C)=O)cc2)cc1,,0.36601192,,,
1171188982,CNc1ccc(NC)c(-c2c(-c3ccccc3)ccc3ccccc23)c1,,0.35686225,,,
1171923773,CNc1ccc([C@H](C)c2ccc(C(CCCC)c3ccc([C@@H](C)c4ccc(NC)cc4)cc3)cc2)cc1,,0.36515652,,,
1171970548,Cc1ccc(Oc2ccc(C(=O)c3cccc(C(=O)c4ccc(Oc5ccc(N6C(=O)c7ccc(Oc8ccc9c(c8)C(=O)N(C)C9=O)cc7C6=O)cc5C(F)(F)F)cc4)n3)cc2)c(C(F)(F)F)c1,,0.35861377,,,
1173339618,CCC(C)C(N)=O,,0.23763722,,,
1173467294,CCc1ccc(COP(=O)(N=Nc2ccc(C(=O)c3ccc(N=NP(=O)(OC)OC)cc3)cc2)OC)cc1,,0.35518082,,,
1173471549,CCC(C)C(=O)OCCN(C)S(=O)(=O)C(F)(F)C(F)(F)C(F)(F)C(F)(F)C(F)(F)C(F)(F)C(F)(F)C(F)(F)F,-148.0297376,,,,
1173729020,CCC=C(C)CS(C)(=O)=O,,0.37474397,,,
1174292255,CO[Si](C)(CCC(F)(F)F)CCC(F)(F)C(F)(F)C(F)(F)C(F)(F)C(F)(F)C(F)(F)CC[Si](C)(C)CCC(F)(F)F,,0.37288957,,,
1174531602,CNc1ccccc1Sc1ccccc1NC,,0.34070371,,,
1174602411,CNc1ccc(Cc2cc(C(C)C)cc(C(C)(C)c3ccc(NC)cc3)c2)cc1,,0.36692867,,,
1175231244,CC(F)(F)C1(F)C(F)(F)C(C)(F)C1(F)F,,0.34723685,,,
1175281698,COc1ccc(C(C)(C)c2ccc(OC(=O)c3ccc4c(c3)C(C)(c3ccc(C(C)=O)cc3)CC4(C)C)cc2)cc1,,0.37916583,,,
1175337954,CC(=O)N1C(=O)N(C(=O)c2ccc3c(c2)C(=O)N(c2ccc(Oc4ccc(N5C(=O)c6ccc(C)cc6C5=O)cc4)cc2)C3=O)C(C)(C)C1=O,,0.37117268,,,
1175753193,CC(=O)Oc1ccc(OC(=O)c2ccc3c(c2)C(=O)N(c2ccc(Oc4ccc(N5C(=O)c6ccc(C)cc6C5=O)cc4)cc2)C3=O)c(-c2ccccc2)c1,,0.35913328,,,
1175936826,CCCN(CCOC(=O)c1ccc(C(=O)OC)cc1)c1ccc(N=Nc2ccc(-c3nc4ccc([N+](=O)[O-])cc4n3CC)cc2)cc1,,0.36628188,,,
1176059607,CCC(=O)Nc1ccc(Oc2ccc(NC(=O)c3ccc4c(c3)C(=O)N(C)C4=O)cc2)cc1,,0.33775225,,,
1176518490,CCC(C)CCCCCCCCC,,,0.3193333333333333,0.79444681,10.8952526
1177030933,CCC1CC(C)C(=O)OC1=O,,0.29067637,,,
1177244369,CCCCCCCNC(=O)c1ccccc1-c1ccccc1C(=O)NC,,0.34846301,,,
1177484221,Cc1cc(C(=O)Nc2ccc(-c3nnc(C)o3)cc2)cc(N2C(=O)c3ccccc3C2=O)c1,,0.3700457,,,
1177560732,COc1ccc(CC(NC(=O)Cc2ccc(OC(=O)CC(C)CCC(C)=O)cc2)C(=O)OCC)cc1,,0.33783278,,,
1177876091,CNc1ccc(C(c2ccc(NC(=O)c3cccc(C(C)=O)c3)cc2)(P2(=O)Oc3ccccc3-c3ccccc32)P2(=O)Oc3ccccc3-c3ccccc32)cc1,,0.36614746,,,
1178071397,CCC(O)CN(C)c1cc(C)c(N=Nc2ccc([N+](=O)[O-])cc2)c(C)c1,,0.36660744,,,
1178419855,Cc1ccc2c(c1)C(=O)N(c1cc(C(=O)Nc3c(C)cc(-c4cc(C)c(NC(=O)c5ccc(C)c(N6C(=O)c7ccc(C(C)(C(F)(F)F)C(F)(F)F)cc7C6=O)c5)c(C)c4)cc3C)ccc1C)C2=O,,0.38149095,,,
1178529764,CCCCCCCCCCCNC(=O)CCCCCCC(=O)NC,,,0.422,0.946533099,22.25983328
1178789985,CNc1ccc(-c2ccccc2Cc2ccccc2-c2ccc(NC)cc2)cc1,,0.351946935,,,
1179116190,CCC(C)(C)C(=O)Oc1ccc(C(C)(C)C)cc1,,0.38346494,0.181,0.896405025,11.99542846
1179190627,Cc1ccc(C)n1C(C(=O)NO)n1ccc2ccccc21,180.3082327,,,,
1179272125,Cc1ccc2c(c1)C(=O)N(c1cccc(C(F)(F)C(F)(F)C(F)(F)C(F)(F)C(F)(F)c3cccc(N4C(=O)c5ccc(C(F)(F)C(F)(F)C(C)(F)F)cc5C4=O)c3)c1)C2=O,,0.34613604,,,
1179363034,CC(C)=C(C)SCCCCCCCCCC,,0.40626048,,,
1179731134,CCCOCCOC(=O)CCCCCCCCCCC(=O)OC,,0.35940014,,,
1179754286,COC(=O)OCCCCCCOC(=O)OC1COC2C(C)COC12,,0.33128506,,,
1180333206,CCCCCNC(=O)CCCCC(=O)NC,,0.32958527,0.302,1.040711554,18.074599
1180480883,CNNC(=O)c1cc(NC(=O)c2ccc3c(c2)C(=O)N(c2ncccc2C)C3=O)cc(C(=O)NNC(=O)C(C)=O)c1,,0.32332887,,,
1180503880,CCCCCCCOC(=O)NC1CCC(CC2CCC(NC(=O)OCCCCCCOc3ccc(CCc4ccc(OC)cc4)cc3)CC2)CC1,,0.36064219,,,
1180568340,COc1ccc(C2(c3ccc(OC(=O)c4cccc(C(C)=O)c4)cc3)CCCCC2)cc1,,0.36356124,,,
1180738924,COP(=O)(Oc1cccc2c(C)cccc12)OC1CCCCC1,,0.36283438,,,
1181185977,CNc1ccc2c(CC=C)c3c(CC=C)c(NC)ccc3cc2c1,,0.34493349,,,
1181407570,Cc1cc(Oc2c(C)cc(-c3cc(C)c(Oc4cc(N5C(=O)c6ccc(Oc7ccc8c(c7)C(=O)N(C)C8=O)cc6C5=O)cc(C(F)(F)F)c4)c(C)c3)cc2C)cc(C(F)(F)F)c1,,0.38333986,,,
1181944068,CC(=O)c1ccc2c(c1)C(=O)N(c1ccc(-c3c(-c4ccc(-c5ccccc5)cc4)cc(-c4ccc(OCCCCCCOc5ccc(-c6cc(-c7ccc(-c8ccccc8)cc7)c(-c7ccc(N8C(=O)c9ccc(C)cc9C8=O)cc7)c(-c7ccc(-c8ccccc8)cc7)c6)cc5)cc4)cc3-c3ccc(-c4ccccc4)cc3)cc1)C2=O,,0.37259523,,,
1182108104,CC(=O)Nc1ccc(Oc2ccc(NC(=O)c3ccc4c(c3)C(=O)N(c3cc(C(F)(F)F)cc(N5C(=O)c6ccc(C)cc6C5=O)c3Oc3ccc(C(F)(F)F)cc3)C4=O)cc2-c2ccccc2)c(-c2ccccc2)c1,,0.3736737,,,
1182258858,CNN[C@@H](NC)[C@H](O)C(N)N,,0.29561057,,,
1182569183,CCC(OCC)C(C)(C(=O)OC)C(C)(C)C(=O)OC,,0.35110044,,,
1182679846,CCCCOC,,,0.296,,
1182712915,COc1ccc(S(=O)(=O)c2ccc(Oc3ccc(C(c4ccc(C)cc4)c4ccccc4C(=O)O)cc3)cc2)cc1,,0.37097336,,,
1182822577,Cc1ccc(-c2cc(-c3ccccc3)c3cc(-c4ccc5nc(C)cc(-c6ccccc6)c5c4)ccc3n2)cc1,,0.42908191,,,
1182969887,Cc1ccc(C(=O)Nc2ccc(Oc3ccc(S(=O)(=O)c4ccc(Oc5ccc(NC(=O)c6ccc(N7C(=O)c8ccc(-c9cccc%10c9C(=O)N(C)C%10=O)cc8C7=O)cc6)cc5)cc4)cc3)cc2)cc1,,0.35960225,,,
1183558225,Cc1ccc(-c2nc3ccc(Oc4ccc(Oc5ccc(P(=O)(c6ccccc6)c6ccc(Oc7ccc(Oc8ccc9nc(C)c(-c%10ccccc%10)nc9c8)cc7)cc6)cc5)cc4)cc3nc2-c2ccccc2)cc1,,0.40210863,,,
1183565625,CC=CCCCCCCCCCC(CCCCCCCCCC)COCCOCCOCCOCCOCCCCCC,,0.39011499,,,
1183988874,COC(=O)c1ccc(N=Nc2ccc(C(=O)OC3COC4C(C)COC34)cc2)cc1,,0.35808986,,,
1184109682,COC(=O)C(NC(=O)CCCCC(=O)NC(C(=O)OC1COC2C(C)COC12)C(C)CC)C(C)CC,,0.34256683,,,
1184454690,CCCCNC(=O)CCCCC(=O)NCCCOC,,0.33205833,,,
1184730423,COc1ccc(C2(c3ccc(OC(=O)c4cccc(C(C)=O)c4)c(C)c3)c3ccccc3-c3ccccc32)cc1C,,0.39753607,,,
1185510088,CNc1cc2c(cc1C)[C@H]1c3cc(C)c(NC)cc3[C@@H]2[C@H]2CCCC[C@H]12,,0.3950421,,,
1185605956,Cc1ccc(Oc2ccc(Oc3ccc(NC(=O)c4ccc(Oc5ccc6c(c5)C(=O)N(C)C6=O)cc4)cc3)cc2)cc1,,0.35953155,,,
1185913675,Cc1ccc(Oc2ccc(N3C(=O)CC(C4C=C(C)C5C(=O)N(C)C(=O)C5C4)C3=O)cc2)cc1,,0.36657642,,,
1186098894,CNc1ccc(C2(c3ccc(NC)cc3)CCC(CC3CCCCC3)CC2)cc1,,0.36004283,,,
1186143208,CCCCCOC(=O)CCCCCNC(=O)OC,47.28425166,,,,
1186744234,CCCCc1ccc(-c2c(-c3ccccc3)cc(-c3cccc(-c4cc(-c5ccccc5)c(-c5ccc(C)cc5)c(-c5ccccc5)c4-c4ccccc4)c3)c(-c3ccccc3)c2-c2ccccc2)cc1,,0.4003854,,,
1186809405,CCCN(CCOC(=O)c1ccc(C(=O)OC)c(OC)c1)c1ccc(N=Nc2ccc(C=Cc3nc4ccc([N+](=O)[O-])cc4n3CC)cc2)cc1,,0.35606018,,,
1187123244,CC/C=C\COC(=O)NCCCCCCNC(=O)OC,,0.32961119,,,
1187202232,CCC(C)(C(=O)OC)c1ccccc1,,0.36467404,0.1426666666666667,0.964628447,13.63274404
1187350081,CC(=O)Nc1ccc(Oc2ccc(Oc3ccc(NC(=O)c4ccc5c(c4)C(=O)N(c4ccc(Oc6ccc(C7(c8ccc(Oc9ccc(N%10C(=O)c%11ccc(C)cc%11C%10=O)cc9)cc8)NC(=O)c8ccccc87)cc6)cc4)C5=O)cc3)cc2)cc1,,0.36132612,,,
1188020715,CCCCCCOC(=O)CCCCCCCCCCN1C(=O)c2ccc(-c3ccc(-c4ccc5c(c4)C(=O)N(CCCCCCCCCCC(=O)OCCCCCN4C(=O)c6ccc(-c7ccc8c(c7)C(=O)N(C)C8=O)cc6C4=O)C5=O)cc3)cc2C1=O,,0.34769791,,,
1188519956,CCC(C)C1CC1,,,0.2175,0.863629462,14.17497209
1188842959,CCC(C)c1ccc(C)cc1,,,0.1873333333333333,0.869468057,14.54352841
1188921734,CC(=O)c1ccc2c(c1)C(=O)N(c1cccc(Nc3nc(Nc4cccc(N5C(=O)c6ccc(C)cc6C5=O)c4)nc(N(c4ccccc4)c4ccccc4)n3)c1)C2=O,,0.38475396,,,
1189256579,CCCOCCOCCOC(=O)c1ccc(-c2ccc(-c3ccc(C(=O)OC)cc3)cc2)cc1,,0.34164497,,,
1189403071,CCC(O)COc1ccc(C(C)CC(C)(C)c2ccc(OC)cc2)cc1,,0.35423541,,,
1189744629,CCC1CC1COC(=O)c1cccc(C(=O)OC)c1,10.23490017,,,,
1190275023,Cc1ccc(NC(=O)CCCCCC(=O)Nc2ccc(S(C)(=O)=O)cc2)cc1,,0.3393363,,,
1190316839,COc1ccc(C(=O)OC(C)COC(=O)c2ccc(OC(=O)c3ccc(C(C)=O)cc3)cc2)cc1,,0.33682987,,,
1190678672,CCC(C)c1ccc([Si](C)(C)C)cc1,,0.43524245,,,
1190710133,CNc1ccc(-c2ccc3cc4ccc(-c5ccc(NC)cc5)cc4cc3c2)cc1,,0.34703567,,,
1190953274,CCCCCCCCCCCNC(=O)c1ccc(C(=O)NC)c(Sc2ccccc2)c1,,0.36364477,,,
1191042202,CCC(C)C(=O)OCCn1c2ccccc2c2ccccc21,,0.35947428,,,
1191663733,COc1ccc(Oc2ccc(C(=O)c3cccc4cccc(C(=O)c5ccc(C)cc5)c34)cc2)cc1C(C)(C)C,,0.38686999,,,
1191731244,CCC=CC(CC)S(C)(=O)=O,,0.38724825,,,
1191831125,CCC(C)OC(=O)c1ccc(C(C)C)cc1,,0.37812553,,,
1192232068,CC(=O)Nc1ccc(-c2sc(-c3ccc(NC(=O)c4ccc5c(c4)C(=O)N(c4ccc(-c6sc(-c7ccc(N8C(=O)c9ccc(C)cc9C8=O)cc7)c(-c7ccccc7)c6-c6ccccc6)cc4)C5=O)cc3)c(-c3ccccc3)c2-c2ccccc2)cc1,,0.41434744,,,
1192456163,CNc1ccc(/C(=C\C/C(=C/C(C)(C)c2ccc(NC)cc2)c2ccc(N)cc2)CC(C)(C)c2ccc(N)cc2)cc1,,0.35963898,,,
1192553911,Cc1ccc2oc(-c3ccc(-c4nc5cc(C(C)(C(F)(F)F)C(F)(F)F)ccc5o4)cn3)nc2c1,,0.44520367,,,
1192592037,COc1cccc(NC(=O)c2ccc([Si](C)(C)c3ccc(C(C)=O)cc3)cc2)c1,,0.36668921,,,
1192958446,Cc1cccc(N2C(=O)c3ccc(Oc4ccccc4Oc4ccc5c(c4)C(=O)N(C)C5=O)cc3C2=O)c1,,0.36147212,,,
1193670213,CCCC[Si](C)(c1cccc2ccccc12)C1CCCCC1,,0.38478574,,,
1193720815,CCC(C)C(C)c1ccccc1,,,0.1506666666666666,,
1193815432,CNc1ccc2c(NC)cc3cccc4ccc1c2c43,,0.33523592,,,
1193899229,CC(=O)c1ccc2c(c1)C(=O)N(c1ccc(N(c3ccccc3)c3ccc(N4C(=O)c5ccc(C)cc5C4=O)cc3)cc1)C2=O,,0.40964735,,,
1194500574,CNc1cc2c3c(c1NC)C(C)(C)C(C)(C)[C@@]3(C)C(C)(C)C2(C)C,,0.36944886,,,
1194503224,CCC(C)C(=O)Oc1cccc(N(C)C)c1,,0.36366436,0.221,1.096542432,12.53190731
1195238736,CNc1ccc2c(c1)C1(c3ccccc3-c3ccccc31)c1c-2cc(-c2ccccc2)c(NC)c1-c1ccccc1,,0.38640294,,,
1195485493,Cc1cc(N2C(=O)c3ccc(-c4ccc5c(c4)C(=O)N(C)C5=O)cc3C2=O)c(O)cc1O,,0.36305869,,,
1196350517,CCC(C)(C)C(=O)Oc1cc(C)ccc1C,,0.36692261,,,
1197069937,CCC,-2.526682925,0.40967205,,0.811251102,24.4363295
1197104268,CCC/C=C(/C)C,,,0.256,,
1197180422,CCCCCC(=O)OC,,0.3399073,,,
1197310078,CCCCCCCCCCCOc1ccc(N(c2ccccc2)c2ccc(-c3ccc(N(c4ccccc4)c4ccc(OC)cc4)cc3)cc2)cc1,,0.38946721,,,
1198345617,COP(=O)(Oc1ccc(C(C)(C)c2ccc(C)cc2)cc1)Oc1c(Cl)cccc1Cl,,0.36463475,,,
1199431647,CC(=O)Nc1ccc(Cc2ccc(NC(=O)c3ccc4c(c3)C(=O)N(c3ccc(Oc5ccc6ccc(Oc7ccc(N8C(=O)c9ccc(C)cc9C8=O)cc7)cc6c5)cc3)C4=O)cc2)cc1,,0.35646665,,,
1199538165,CNc1ccccc1C1(c2ccccc2NC)c2ccccc2-c2ccccc21,,0.37077531,,,
1199796903,CCCCCCCCCC(=O)NCCCCCCNC(=O)CCCOC,,,0.286,0.961251471,18.75749252
1200344407,CNc1ccc([C@]2(C)CCc3cc(NC)ccc32)cc1,,0.35515271,,,
1200465842,Cc1ccc(Oc2ccc(Oc3ccc(N4C(=O)c5ccc(-c6ccc7c(c6)C(=O)N(C)C7=O)cc5C4=O)cc3)c(C)c2)cc1,,0.37233946,,,
1200924510,Cc1ccc(Oc2ccc(N3C(=O)c4ccc(Oc5ccc(Sc6ccc(Oc7ccc8c(c7)C(=O)N(C)C8=O)cc6)cc5)cc4C3=O)cc2)cc1,,0.3674231,,,
1201052937,CCCCCCNC(=O)OC,-13.55087665,,0.268,1.071824251,20.62252342
1201572278,Cc1ccc(-c2nnc(C)o2)c(OCCCCC)c1,,0.42893237,,,
1201617221,Cc1ccc(-c2sc(-c3cc(SCCCC)c(C)s3)cc2SCCCC)cc1,,0.50761848,,,
1201779173,CNc1ccc(C2(c3ccc(NC)cc3)C=CC(c3ccccc3)C=C2)cc1,,0.3550972,,,
1202036659,CNc1cccc(-c2c3ccccc3c(-c3cccc(N)c3N)c3ccccc23)c1NC,,0.35466159,,,
1202039443,CCC(COCC)OC,,0.37418551,,,
1202357620,CCC(C)C(=O)OCCC(C)OC,,0.35734175,0.212,1.002966511,13.18729468
1202772120,CNc1ccc(NC(=O)c2cc(C(=O)c3ccc(C(=O)O)c(C(C)=O)c3)ccc2C(=O)O)cc1,,0.31519377,,,
1202816034,COc1ccc(C(C)=Cc2ccc(OC(=O)CCCCCCCCCCC(C)=O)cc2)cc1,6.458707655,,,,
1202982181,COc1ccc(CC(NC(=O)CCc2ccc(OC(=O)CCCCCCCCC(C)=O)cc2)C(=O)OCCCC)cc1,,0.35549527,,,
1203408030,CNc1ccc(/C=C/c2ccc(/C=C/c3ccc(NC)cc3)c3ccccc23)cc1,,0.3544734,,,
1203525380,CCC(C)(CC)C(=O)OCC,,0.36305897,0.145,0.864397975,12.48037065
1203570548,CNc1cc2c(cc1NC)C(C)(C)C(C)C2(C)C,,0.36621378,,,
1203599832,CCCCCCC(=O)Oc1ccc(C(C)(C)c2ccc(OC(=O)c3ccc4c(c3)C(=O)N(C)C4=O)cc2)cc1,,0.34816577,,,
1203618670,CCCCCCCOP(=O)(N=Nc1ccc(Oc2ccc(N=NP(=O)(OC)OC)cc2)cc1)OC,,0.36018857,,,
1204067122,CSc1ccc(C(=O)c2ccc(C(c3ccc(C(=O)c4ccc(C)cc4)cc3)(C(F)(F)F)C(F)(F)F)cc2)cc1,,0.38438273,,,
1204134441,CCCCCCCOC(=O)CCCCSCCCCC(=O)OC,,,0.224,,
1204249965,CCC(C)CC(C)(C)C,,0.39627266,0.1735,0.748691234,11.55027129
1204523273,Cc1cc(CCCCOC(=O)CCC)c(C)s1,,0.38073142,,,
1204736801,CN=Nc1ccc(Nc2ccc(C(=O)c3ccc(C(=O)c4ccc(Nc5ccc(C)cc5)cc4)cc3)cc2)cc1,,0.38946168,,,
1204898498,COc1ccc(N=CC=Nc2ccc(OC(=O)NCCCCCCNC(C)=O)cc2)cc1,,0.34892214,,,
1205044664,CNc1ccc(C2(c3ccc(NC)cc3C)c3ccccc3-c3ccccc32)c(C)c1,,0.37196959,,,
1205228260,Cc1ccc(-c2ccc(-c3ccc(-c4ccc(-c5ccc6c(c5)C(=O)N(c5ccc(Oc7ccc(N8C(=O)c9ccc(C)cc9C8=O)cc7)cc5)C6=O)cc4)cc3)cc2)cc1,,0.36808729,,,
1205655131,CCC(C)(C)C(=O)OCCCCCCCCCCn1c2ccccc2c2cc(C=C(C#N)C(=O)OC)ccc21,,0.36253093,,,
1205814834,CO[Si](C)(C)O[Si](C)(C)O[Si](C)(C)O[Si](C)(C)OC(C)CCC(C)C,,0.43174845,,,
1205844020,CC(F)(F)C1(F)C(F)(F)C(C)(F)C(F)(F)C(F)(F)C1(F)F,,0.31955151,,,
1205846674,Cc1ccc(-c2ccc(-c3nc4cc(Oc5ccc(NC(=O)c6ccc7c(c6)C(=O)N(c6ccc(C(c8ccc(N9C(=O)c%10ccc(C(=O)Nc%11ccc(Oc%12ccc%13nc(-c%14ccccc%14)c(C)nc%13c%12)cc%11)cc%10C9=O)cc8)(C(F)(F)F)C(F)(F)F)cc6)C7=O)cc5)ccc4nc3-c3ccccc3)cc2)cc1,,0.38363567,,,
1206071463,CCC(C)(C)C(=O)OCCN(CC)c1ccc(N=Nc2ccc(S(C)(=O)=O)cc2)cc1,,0.37573,,,
1206416017,CCC(C)C(=O)NC(C)(C)C,,0.37998182,0.199,0.889061076,12.90682668
1206915036,Cc1ccc2c(c1)C(=O)N(c1ccc(-c3ccc(Oc4ccc5c(c4)C(C)(c4ccc(Oc6ccc(-c7ccc(N8C(=O)c9ccc(C(C)(C(F)(F)F)C(F)(F)F)cc9C8=O)cc7)cc6C(F)(F)F)cc4)CC5(C)C)c(C(F)(F)F)c3)cc1)C2=O,,0.38854581,,,
1207045788,CNc1ccc(C(c2ccc(NC(=O)c3cc(C(C)=O)cc(C(C)(C)C)c3)cc2)(P2(=O)Oc3ccccc3-c3ccccc32)P2(=O)Oc3ccccc3-c3ccccc32)cc1,,0.37321457,,,
1207110637,Cc1cccc(C(F)(F)C(F)(F)C(F)(F)c2cccc(N3C(=O)c4ccc(Oc5ccc6c(c5)C(=O)N(C)C6=O)cc4C3=O)c2)c1,,0.3566638,,,
1207409378,CC(C#N)=Cc1cc(C=C(C#N)c2ccc3c(c2)C(CCCCCCCC)(CCCCCCCC)c2cc(C)ccc2-3)cc(N(c2ccccc2)c2ccccc2)c1,,0.41240529,,,
1208726540,CCCCCCCNC(=O)/C=C/CC/C=C/C(=O)NC,2.127453311,,,,
1208748565,CCC(C)C(=O)OCCN(CC)c1ccc(N=Nc2ccc([N+](=O)[O-])cc2)cc1,,0.36721657,,,
1208847299,CC(=S)Nc1ccc(Oc2ccc(NC(=S)N3C(=O)c4ccc(C(=O)c5ccc6c(c5)C(=O)N(C)C6=O)cc4C3=O)cc2)cc1,,0.35715427,,,
1208969128,CNc1cc(NC(=O)c2cccc(C(C)=O)c2)cc(-c2nnc(-c3ccccn3)o2)c1,,0.38233539,,,
1209031692,Cc1ccc2c(c1)C(=O)N(c1ccc(C(=O)Nc3ccc(Oc4ccc(NC(=O)c5ccc(N6C(=O)c7ccc(C(C)(C(F)(F)F)C(F)(F)F)cc7C6=O)cc5)cc4)cc3)cc1)C2=O,,0.36250996,,,
1209050565,CCC(O)C(O)CN(C)c1ccc(N(C)C)cc1,,0.36101121,,,
1209050682,CCCCCOC(=O)CCCCCCCCCCCCCCCCCCCCCCCCCCCCCCCCCCC(=O)OC,,0.38882843,0.49475,0.868453809,25.68405963
1209057611,CC(=O)Nc1ccc(C(=O)c2ccc(NC(=O)c3ccc4c(c3)C(=O)N(c3ccc(NC(=O)Nc5ccc(N6C(=O)c7ccc(C)cc7C6=O)cc5)cc3)C4=O)cc2)cc1,,0.3459702,,,
1209084809,COc1ccc(-c2cc(-c3ccccc3)c(-c3ccc(OC(=O)c4ccc(C(C)=O)cc4-c4ccccc4)cc3)c(-c3ccccc3)c2-c2ccccc2)cc1,,0.38146128,,,
1209928353,CCCCCCCCCOC(=O)NCCCCCCCCCCNC(=O)OC,24.78605928,,,,
1210327805,CNC1CCC(CC2CCC(NC(=O)CCCCCCCCCCC(C)=O)CC2)CC1,,0.36732026,,,
1210773764,Cc1ccc(-c2cc(CCCCCCCC)c(-c3ccc(-c4ccc(-c5sc(-c6ccc([Si](C)(C)C)s6)cc5CCCCCCCC)s4)s3)s2)s1,,0.43305383,,,
1210971861,Cc1ccc(Oc2ccc(N3C(=O)c4ccc(Oc5ccc(C6(c7ccc(Oc8ccc9c(c8)C(=O)N(C)C9=O)cc7)CCC(c7ccccc7)CC6)cc5)cc4C3=O)cc2)cc1,,0.37299608,,,
1211550700,Cc1ccc(Oc2ccc(-c3cc(-c4ccccc4)c4cc(C5(c6ccc7nc(C)cc(-c8ccccc8)c7c6)c6ccccc6C(=O)c6ccccc65)ccc4n3)cc2)cc1,,0.42004547,,,
1212285406,CNC1(N)C=C(C2=C(c3ccccc3)C(N)(N)[C@@](O)(NC)C(c3ccccc3)=C2)C=C[C@@]1(N)O,,0.3198717,,,
1212362961,COc1c(C)cc(-c2cc(C)c(OC(=O)CCCCC(C)=O)c(C)c2)cc1C,,0.37060213,,,
1212645329,COCCCCOc1nc(C)nc(OC)n1,,0.3615296,,,
1213234132,CCOc1ccc(C=C2CCC(=Cc3ccc(OCc4nnc(-c5ccc(-c6ccc(-c7nnc(C)n7-c7ccccc7)cc6)cc5)n4-c4ccccc4)cc3)C2=O)cc1,140.326419,,,,
1213369367,CCC(C)C(=O)Nc1ccccc1Cl,,0.34811254,,,
1213893349,CNCC(C)CNC,,0.31971706,,,
1213899080,CNc1ccc2c(c1)C1(c3ccccc3-c3cc(C)ccc31)c1cc(NC)ccc1-2,,0.38631578,,,
1214234223,CCCCCCCCCCCOC(=O)CCCCCCCCCCCCCCCCC(=O)OC,,0.38276992,0.3415,0.8954389,20.54848101
1214356356,CCCCCCCCCCCCC(=O)Oc1ccc(C2(c3ccc(OC(=O)c4ccc5c(c4)C(=O)N(C)C5=O)cc3)OC(=O)c3ccccc32)cc1,,0.35534379,,,
1214422376,CCCN(C)C(=O)CCC(=O)OC,,0.31456612,,,
1214923559,CCCCCCCCCCCCCCCCCCCCCOC(=O)C(=O)OC,,,0.3545,0.917519076,22.92381656
1215056104,CNc1c(NC)c(-c2ccc(-c3c4ccccc4cc4ccccc34)cc2)c(-c2ccccc2)c(-c2ccccc2)c1-c1ccccc1,,0.37007258,,,
1215188002,CC(=O)c1ccc2c(c1)C(=O)N(c1cccc(Cc3ccc(Cc4ccc(Cc5cccc(N6C(=O)c7ccc(C)cc7C6=O)c5)cc4)cc3)c1)C2=O,,0.37158061,,,
1215512335,CCCCCCCCCCCc1ccc(-c2c(-c3ccccc3)cc(-c3ccc(-c4cc(-c5ccccc5)c(-c5ccc(C)cc5)c(-c5ccccc5)c4-c4ccccc4)cc3)c(-c3ccccc3)c2-c2ccccc2)cc1,,0.39608248,,,
1215694607,COc1ccc(C(c2ccc(Oc3ccc(C(=O)c4cccc5cccc(C(=O)c6ccc(C)cc6)c45)cc3)cc2)(C(F)(F)F)C(F)(F)F)cc1,,0.37599895,,,
1215820166,CCc1ccc2oc(=O)c(C(=O)Nc3ccc(Oc4ccc(C(c5ccc(Oc6ccc(NC(=O)c7cc8cc(C)ccc8oc7=O)cc6)cc5)(C(F)(F)F)C(F)(F)F)cc4)cc3)cc2c1,,0.34746519,,,
1216120038,CN=P(C)(OCCOC)OCCOC,,0.3536972,,,
1216424248,CCCCCCCCCCCOC(=O)c1cccc(C(=O)OC)c1,,0.35874529,,,
1217132738,CCC(C)(Cl)C(=O)OC(C)CC,,,0.174,1.057163419,14.79567929
1217226410,CCC(C)C(=O)c1ccc(OC)cc1,,0.34949255,,,
1217265261,CC(=O)Nc1ccc(C2(c3ccc(N4C(=O)c5ccc(C)cc5C4=O)cc3)CCCCC2)cc1,,0.3710893,,,
1217496894,CNC(CCC(=O)OC)C(C)=O,,0.30960525,,,
1217545349,CCC(C)C(=O)Oc1ccccc1Cl,,0.35897864,0.166,1.226889668,13.82994352
1217713342,CC(=O)c1ccc2c(c1)C(=O)N(c1ccc(C3(c4ccc(N5C(=O)c6ccc(C)cc6C5=O)cc4)c4ccccc4-c4ccccc43)cc1)C2=O,,0.42161644,,,
1217901314,Cc1ccc2c(c1)C(=O)N(c1cccc(C(F)(F)C(F)(F)C(F)(F)C(F)(F)C(F)(F)c3cccc(N4C(=O)c5ccc(C(F)(F)C(F)(F)C(F)(F)C(C)(F)F)cc5C4=O)c3)c1)C2=O,,0.34717027,,,
1218214236,CCOC(=O)OC1C(C)OC2OC(C)(C)OC21,,0.33284068,,,
1218861482,COC(C)CCOC(=O)c1cccc(C(C)=O)c1,-42.28619333,,,,
1219358292,CCCCCCCNC(=O)CC(C)(C)c1ccc(C(C)(C)CC(=O)NC)cc1,,0.35064905,,,
1219579071,Cc1cccc(OCCCCCCCCOc2cccc(N3C(=O)c4ccc(-c5ccc6c(c5)C(=O)N(C)C6=O)cc4C3=O)c2)c1,,0.34538338,,,
1219791952,CNc1c2ccccc2c(-c2c3ccccc3c(NC)c3ccc(-c4cccc5ccccc45)c(-c4cccc5ccccc45)c23)c2ccccc12,,0.37377403,,,
1220036380,COc1ccc(S(=O)(=O)c2ccc(Oc3ccc(-c4ccc(C)cc4)cc3)cc2N)c(N)c1,,0.36266828,,,
1220421998,COc1ccc(Sc2ccc(OC(=O)OC3C(C)(C)C(OC(C)=O)C3(C)C)cc2)cc1,,0.36425728,,,
1220689198,Cc1ccc(-c2ccc(C)nc2)cn1,138.2497069,,,,
1220722345,CCC(C)OC(=O)c1ccccc1OC,,0.33690183,,,
1220760786,CCCCCCCCCCCCCCCCCCCNC(=O)CCc1ccc(CCC(=O)NC)cc1,,0.37301777,0.3755,0.937104778,21.36882265
1220908034,CNc1ccc(NC(=O)c2ccc(NC(=O)CCCCCCCCC(=O)Nc3ccc(C(C)=O)cc3)cc2)cc1C(=O)OCCCCCCCCCCCCCCCCCC,,0.36094499,,,
1221040845,COP(=O)(Oc1ccc([N+](=O)[O-])cc1)Oc1c(Br)cc(C(c2cc(Br)c(C)c(Br)c2)(C(F)(F)F)C(F)(F)F)cc1Br,,0.39706819,,,
1221113390,CNC(CCC(=O)OCCC)C(C)=O,,0.33535597,,,
1221138931,CCCCCCCCCCCCCCCNC(=O)CCCCCCCCCCCCCCCCC(=O)NC,,0.38552553,0.4341428571428571,0.886924555,21.34846534
1221972864,CC=CC1CC(C)C(C#N)(CC)C1,,0.39311406,,,
1223012575,COc1ccc(CC(NC(=O)CCc2ccc(OC(=O)CCCCCCCCC(C)=O)cc2)C(=O)OCCCCCCCC)cc1,,0.35909297,,,
1223074288,COc1ccc(C(CC)(c2ccccc2)c2ccc(OC(C)=O)cc2)cc1,,0.36890167,,,
1223077195,CNc1c2ccccc2c(-c2c3ccccc3c(NC)c3ccc(-c4ccccc4)c(-c4ccccc4)c23)c2c(-c3ccccc3)c(-c3ccccc3)ccc12,,0.37429399,,,
1223442975,CCCCCCCCCCCOc1c(OC)cc(/C=C/c2ccc(/C=C/c3cc(OC)c(OC)c(OC)c3)cc2)cc1OC,,0.36539147,,,
1223466134,COc1ccccc1C(=O)OC(=O)c1ccccc1OC(=O)CCCCCCCCC(C)=O,,0.34302627,,,
1223535676,CNc1ccccc1CC(c1ccccc1N)(c1ccccc1N)c1ccccc1NC,,0.34821531,,,
1223550383,COc1ccc(C2(c3ccc(OC(=O)CCCCCCCCC(C)=O)cc3)c3ccccc3-c3ccccc32)cc1,,0.36635489,,,
1224319371,Cc1ccc2c(c1)C(=O)N(c1ccccc1Oc1ccc(N3C(=O)c4ccc(C(C)(C(F)(F)F)C(F)(F)F)cc4C3=O)cc1)C2=O,,0.37203471,,,
1224371344,CCCCCCCCCNC(=O)CCCCC(=O)NC,,0.35113971,0.291,,
1224631495,COc1ccc(S(=O)(=O)c2ccc(-c3ccc(-c4ccc(S(=O)(=O)c5ccc(C)cc5)cc4)cc3)cc2)cc1,,0.37003296,,,
1224767743,COCCON(OCCOC)c1ccc(N=Nc2cc([N+](=O)[O-])ccc2OCCOC(=O)Nc2ccc(Cc3ccc(NC(C)=O)cc3)cc2)cc1,,0.33829793,,,
1225123322,CCC(C)C(=O)OCCCOc1ccc(C(=O)OCCCC(F)(F)C(F)(F)C(F)(F)C(F)(F)C(F)(F)C(F)(F)C(F)(F)C(F)(F)F)cc1,,0.33201436,,,
1225921990,COc1ccc(C(=O)Nc2cc(SCCC#N)c(NC(=O)c3ccc(C)cc3)cc2SCCC#N)cc1,,0.36223788,,,
1225989211,CCCCC(=O)Nc1ccc(Oc2ccc(NC(=O)CCCN3C(=O)c4ccc(C(=O)c5ccc6c(c5)C(=O)N(C)C6=O)cc4C3=O)cc2)cc1,,0.33327208,,,
1226464299,CNc1c(C(C)(C)C)cc(C2(c3cc(C(C)(C)C)c(NC)c(C(C)(C)C)c3)c3ccccc3-c3ccccc32)cc1C(C)(C)C,,0.41407636,,,
1226489424,Cc1ccc(Oc2ccc(N3C(=O)c4c(F)c(F)c(Oc5c(F)c(F)c(Oc6c(F)c(F)c7c(c6F)C(=O)N(C)C7=O)c(F)c5F)c(F)c4C3=O)cc2)cc1,283.2696326,,,,
1226552406,CC(=O)Nc1ccc(NC(=O)c2ccc3c(c2)C(=O)N(c2cccc(N4C(=O)c5ccc(C)cc5C4=O)c2)C3=O)cc1,,0.34777302,,,
1226651340,COc1ccc(CC(NC(=O)CCc2ccc(OC(=O)CCCCCCC(C)=O)cc2)C(=O)OCCCCCC)cc1,,0.35314116,,,
1227244872,CCC(C)C(=O)OCCCCCCCCC,,,0.281,0.892016503,10.93715508
1227492040,Cc1cccc(-c2nc3cc(-c4ccc5c(c4)nc(C)n5C)ccc3[nH]2)c1,,0.41641721,,,
1227953094,CC(=O)c1ccc2c(c1)C(=O)N(c1cc(OCCCC)cc(N3C(=O)c4ccc(C)cc4C3=O)c1)C2=O,,0.37183498,,,
1229175862,COc1ccc(S(=O)(=O)c2ccc(Oc3ccc(C4(c5ccc(C)cc5)c5ccccc5-c5ccccc54)cc3)cc2)cc1,,0.39274981,,1.096450635,19.41986966
1229640212,CNc1ccc([C@H](C)c2ccc(C3(c4ccc([C@@H](C)c5ccc(NC)cc5)cc4)CCC(CCCC)CC3)cc2)cc1,,0.36917749,,,
1230087703,CC=Cc1ccc(-c2nnc(-c3ccc(C=Cc4ccc5c(c4)c4cc(-c6ccc7c(c6)c6cc(C)ccc6n7CCCCCCCC)ccc4n5CCCCCCCC)cc3)n2-c2ccccc2)cc1,,0.39496451,,,
1230182375,CC(=O)N1C(=O)N(C(=O)c2ccc3c(c2)C(=O)N(c2cccc(P(=O)(c4ccccc4)c4cccc(N5C(=O)c6ccc(C)cc6C5=O)c4)c2)C3=O)C(C)(C)C1=O,138.7903633,,,,
1231617285,CCC(C)NC=O,,0.27493701,,,
1231928634,CC(=O)c1cc2c(cc1Cl)C(=O)N(c1c(C)cc(C)c(N3C(=O)c4cc(C)c(Cl)cc4C3=O)c1C)C2=O,,0.41818103,,,
1233245878,Cc1ccc(Oc2ccc(-c3cccc(-c4ccc(Oc5ccc(-c6c7c(c(C)c8ccccc68)C(=O)N(c6ccccc6)C7=O)cc5)c(C(F)(F)F)c4)n3)cc2C(F)(F)F)cc1,,0.39084929,,,
1233315694,CC=Cc1ccc(C)cc1,,0.38774885,,,
1233336012,CCCOCCOc1cccc(NC(=O)c2ccc(C(=O)Nc3cccc(OC)c3)cc2)c1,,0.33599238,,,
1233529700,CCCN(CCOC(=O)C=Cc1ccc(C=CC(=O)OC)cc1)c1ccc(N=Nc2ccc([N+](=O)[O-])cc2)cc1,,0.35081029,,,
1233557380,CCC(C)(C)CCC,,0.39381473,0.174,,
1234075748,CC(=O)c1ccc2c(c1)C(=O)N(c1cccc(C(=O)c3cccc(N4C(=O)c5ccc(C)cc5C4=O)c3)c1)C2=O,,0.36313366,,,
1234355256,COc1ccc2ccc(Oc3ccc(C(=O)Nc4ccc(Oc5ccc(C(C)(C)c6ccc(C(C)(C)c7ccc(Oc8ccc(NC(=O)c9ccc(C)cc9)cc8)cc7)cc6)cc5)cc4)cc3)cc2c1,,0.36837941,,,
1235337223,CNC1=N[C@H](NC)N(CO)C(N)=N1,,0.29102826,,,
1235772628,CNc1ccc(-c2ccccc2)c(-c2c(CC)cccc2CC)c1NC,,0.3607122,,,
1235835504,COc1c(Br)cc(C(C)(C)c2cc(Br)c(OC(=O)c3cccc(C(C)=O)c3)c(Br)c2)cc1Br,,0.41973656,,,
1236281959,Cc1ccc(C(C)(C)c2ccc(N3C(=O)c4ccc(Oc5ccc6c(c5)C(=O)N(C)C6=O)cc4C3=O)cc2)cc1,,0.38484293,,,
1236372812,CC(=O)Nc1ccc(Oc2ccc(C(C)(C)c3ccc(Oc4ccc(NC(=O)c5ccc6c(c5)C(=O)N(c5ccc(Oc7ccc8ccc(Oc9ccc(N%10C(=O)c%11ccc(C)cc%11C%10=O)cc9)cc8c7)cc5)C6=O)cc4)cc3)cc2)cc1,,0.36074861,,,
1236653976,CCCOCCOC(=O)OC,,0.32111694,,,
1236698324,Cc1cccc(C(c2cccc(N3C(=O)c4ccc(Oc5ccc6c(c5)C(=O)N(C)C6=O)cc4C3=O)c2)(C(F)(F)F)C(F)(F)F)c1,,0.36984267,,,
1237680808,CN=P(C)(Oc1ccc(C(C)C)cc1)Oc1ccc(C(C)C)cc1,,0.40872556,,,
1237730261,CNc1ccc(C(C)(C)c2ccc(NC(=O)c3cc(C(C)=O)cc(N4C(=O)C=CC4=O)c3)cc2)cc1,,0.34689977,,,
1237783866,COc1ccc(C(c2ccc(Oc3c(F)c(F)c(C(=O)c4c(F)c(F)c(C)c(F)c4F)c(F)c3F)cc2)(C(F)(F)F)C(F)(F)F)cc1,,0.3658273,,,
1237875565,CCCN(CCN1C(=O)c2ccc(C(c3ccc4c(c3)C(=O)N(C)C4=O)(C(F)(F)F)C(F)(F)F)cc2C1=O)c1ccc(C=Cc2ccc([N+](=O)[O-])cc2)cc1,,0.36049034,,,
1238011731,CCC(C)(C)C(=O)OCCCCCCOc1ccc(C=Nc2ccc(C#N)cc2)cc1,,0.3618059,,,
1238020141,CCC(C)OC(=O)C1(C)CCCCC1,,0.3613498,,,
1238107253,Cc1cc(N2C(=O)c3ccc(Oc4cccc5c(Oc6ccc7c(c6)C(=O)N(C)C7=O)cccc45)cc3C2=O)cc(C(F)(F)F)c1,,0.37819795,,,
1238169222,CN=P(C)(OCc1ccc(Br)cc1)OCc1ccc(Br)cc1,,0.37799409,,,
1238226226,Cc1ccc(Cc2ccc(N3C(=O)CC(Nc4ccc(Cc5ccc(NC6CC(=O)N(C)C6=O)cc5)cc4)C3=O)cc2)cc1,,0.3630038,,,
1238987612,CNCc1cccc(CNC)c1,,0.31831938,,,
1239353537,CC(=O)OCCOC(=O)c1ccc(N2C(=O)c3ccc(C)cc3C2=O)cc1,,0.3305321,,,
1239672440,CCCCOc1ccc(C(=O)OC(=O)c2ccc(OC)cc2)cc1,,0.34021913,,,
1239731818,Cc1ccc(Sc2ccc(Sc3ccc(N4C(=O)c5ccc(Oc6ccc7c(c6)C(=O)N(C)C7=O)cc5C4=O)cc3)s2)cc1,,0.37246963,,,
1239746533,CCCCCCOC(=O)c1ccc2cc(C(=O)OC)ccc2c1,,0.3442798,,,
1239868812,COc1ccc(-c2ccc(OC(=O)c3ccc(-c4ccc(C(C)=O)cc4)cc3-c3ccccc3)cc2)cc1,,0.35602332,,,
1240229654,CC1C2CC(C1C)C([Si](C)(C)C)C2,,0.43382057,,,
1240400626,CC(=O)Oc1ccc(OCCCCCCCCCCCCOc2ccc(OC(=O)c3ccc4c(c3)C(=O)N(c3ccc(Cc5ccc(N6C(=O)c7ccc(C)cc7C6=O)cc5)cc3)C4=O)cc2)cc1,,0.35267151,,,
1240885962,COc1ccc(Oc2ccc(C(=O)c3ccc(C)cc3)cc2)cc1-c1ccc(Oc2ccccc2)cc1,,0.37479029,,,
1241111211,CNc1cc2c(cc1NC)C(CCCCCCCC)(CCCCCCCC)c1ccccc1-2,,0.36691614,,,
1241410417,Cc1ccc(-c2ccc(N3C(=O)c4ccc(Oc5ccc6c(c5)C(=O)N(C)C6=O)cc4C3=O)cc2)cc1,,0.37368209,,,
1241617720,CCC(COC)(CS(=O)(=O)CC)CS(=O)(=O)CC,,0.37003283,,,
1242192055,CCCCCOC(=O)NCC(F)(F)C(F)(F)C(F)(F)C(F)(F)CNC(=O)OC,,0.31017139,,,
1242216634,CC(F)C(C)C(F)(F)F,,0.31361691,,,
1242356842,CNc1ccc2c3ccc4ccc5ccccc5c4c3c3ccccc3c2c1NC,,0.35285371,,,
1242684513,CCCCCCOC(=O)c1ccc(C(=O)OC)cc1,,0.34203506,,,
1242973596,CCC(C)(C)C(=O)OC1(C)C2CC3CC(C2)CC1C3,,0.37224912,,,
1242989659,CCCOCCOCCOC(=O)c1ccc(C(=O)OC)cc1,36.06576581,,,,
1243367222,Cc1ccc(Oc2ccc(Oc3ccc(P(=O)(c4ccccc4)c4ccc(Oc5ccc(Oc6ccc(-c7nc8ccc(-c9ccc%10nc(C)oc%10c9)cc8o7)cc6)cc5)cc4)cc3)cc2)cc1,,0.38892688,,,
1243527935,CNc1ccc(Oc2ccc(Nc3ccc4c(c3)c3cc(C)ccc3n4CC(CC)CCCC)cc2)cc1,,0.38890239,,,
1244119715,C/C=C/c1cc(CCCCCCCCCCC)c(/C=C/c2ccc(C)cc2)cc1CCCCCCCCCCC,,,0.368,0.89127614,15.68183389
1244604743,Cc1cc(O)c(O)cc1C,158.9171015,,0.183,0.986360805,13.85120498
1244610888,Cc1ccc(-c2nc3ccc(Oc4ccc5nc(C)c(-c6ccccc6)c(-c6ccccc6)c5c4)cc3c(-c3ccccc3)c2-c2ccccc2)cc1,,,0.27,0.956272559,25.28802464
1245028222,COc1ccc(Oc2ccc(NC(=C(C#N)C#N)c3ccc(C(Nc4ccc(C)cc4)=C(C#N)C#N)cc3)cc2)cc1,,0.39351854,,,
1245052771,Cc1ccc(NC(=O)c2cccc(C(=O)Nc3ccc(N4C(=O)c5ccc(Oc6ccc7c(c6)C(=O)N(C)C7=O)cc5C4=O)cc3)c2)cc1,155.8375326,,,,
1245106816,COc1c(C(C)C)cc(C)cc1C(C)C,,0.44422978,,,
1245265865,CC=CC1CC(C)C2C(=O)N(c3ccc(C)cc3)C(=O)C12,,0.38445256,,,
1245320293,COc1ccc(Oc2ccc(C(=O)c3ccc(C)cc3)cc2)cc1C,,0.37828298,,,
1245611127,CCC(OC)c1ccccc1,,0.36793308,0.181,1.068349202,12.8198381
1246412636,Cc1cccc(N2C(=O)c3ccc(Oc4c(C)cc(-c5cc(C)c(Oc6ccc7c(c6)C(=O)N(C)C7=O)c(C)c5)cc4C)cc3C2=O)c1,,0.39022826,,,
1246466408,CC(=O)Nc1ccc(Oc2ccc(-c3ccc(Oc4ccc(NC(=O)c5ccc6c(c5)C(=O)N(c5ccc(Oc7ccccc7-c7ccccc7Oc7ccc(N8C(=O)c9ccc(C)cc9C8=O)cc7)cc5)C6=O)cc4)cc3)cc2)cc1,,0.3624363,,,
1246478630,CCC(C)(C)C(=O)OCCCCCCCCCCOc1ccc(OC(=O)c2ccc(OC)cc2)cc1,,0.35295865,,,
1247053205,COc1c(Cl)cc(C2(c3cc(Cl)c(OC(C)=O)c(Cl)c3)CC3CCC2C3)cc1Cl,,0.40020648,,,
1247276415,CCCNC(=O)c1ccc([Si](c2ccccc2)(c2ccccc2)c2ccc(C(=O)NCCN(C)c3ccc(/C=C/c4ccc([N+](=O)[O-])cc4)cc3)cc2)cc1,,0.35889095,,,
1247283822,COc1ccc(C(C)(C)c2ccc(Oc3ccc(C(=O)c4ccc(P(=O)(c5ccccc5)c5ccc(C(=O)c6ccc(C)cc6)cc5)cc4)cc3)cc2)cc1,,0.38593544,,,
1247292893,CC(=O)c1ccc2c(c1)C(=O)N(c1cccc(OCCOCCOc3cccc(N4C(=O)c5ccc(C)cc5C4=O)c3)c1)C2=O,,0.34407338,,,
1247307752,Cc1ccc(OCCCCCCCCCCCOc2ccc(-c3ccc4nc(-c5cccc(-c6cc(-c7ccccc7)c7cc(C)ccc7n6)c5)cc(-c5ccccc5)c4c3)cc2)cc1,,0.3894808,,,
1247311317,CCCC(C)C(C)CCNC(=O)c1cc(C(=O)NC)cc(C(C)(C)C)c1,,0.35663758,,,
1247317223,CNc1ccc(-c2cc3ccc2CCc2ccc(c(-c4ccc(NC)c(N)c4)c2)CC3)cc1N,,0.36354697,,,
1247694906,CC(=O)Nc1cc(C(F)(F)F)ccc1Oc1cccc2c(Oc3ccc(C(F)(F)F)cc3NC(=O)c3ccc4c(c3)C(=O)N(c3ccc(Oc5ccc(N6C(=O)c7ccc(C)cc7C6=O)cc5-c5ccccc5)c(-c5ccccc5)c3)C4=O)cccc12,,0.36667366,,,
1248082530,CC(=Cc1cc(OCCCCCCCC)c(C=C(c2ccccc2)c2ccc3c(c2)Sc2ccc(C)cc2S3)cc1OCCCCCCCC)c1ccccc1,,0.39856806,,,
1248304721,Cc1ccc(Oc2ccc(-c3cnc4cc(-c5ccc6nc(C)cnc6c5)ccc4n3)cc2)cc1,,0.39789231,,,
1248717152,CC(=O)Nc1ccc(Oc2ccc(NC(=O)c3ccc4c(c3)C(=O)N(c3cccc(P(=O)(c5ccccc5)c5cccc(N6C(=O)c7ccc(C)cc7C6=O)c5)c3)C4=O)cc2)cc1,,0.36252693,,,
1248950707,CCCC(=O)NCC(=O)NC,70.42884183,,,,
1249625777,CCCCNC(=O)CNC(=O)C(NC(=O)C(Cc1ccccc1)NC(=O)CCCCCCCCC(=O)NC(Cc1ccccc1)C(=O)NC(C(=O)NCC(=O)NCCCOCCOCCOC)C(C)C)C(C)C,,0.34386538,,,
1249855570,Cc1ccc(C(c2ccc(C(=O)OC)cc2)c2ccc(N(C)c3ccc(C)cc3)cc2)cc1,,0.42975739,,,
1250128226,CCC(CC)(CC)COC,,0.3776766,,,
1250174161,CCC(C)C(C)(C)C,,0.37444531,0.2026666666666666,,
1250664164,CNc1cc2cc3cc4cc5ccccc5cc4cc3cc2cc1NC,,0.34863907,,,
1250759727,CNc1ccc(-c2c3ccccc3c(-c3ccc(NC)cc3)c3ccccc23)cc1,,0.3582881,,,
1250976105,COc1ccc(NC(=O)/C=C/c2ccc(/C=C/C(=O)Nc3ccc(C)cc3)cc2)cc1,,0.33908362,,,
1251251952,CC=CC(C)(C)C,,0.41706039,,,
1251718993,CC(=O)CCCCCCCCC(=O)N1CC(C)N(C)CC1C,,0.35664394,,,
1251846091,CCCN(CCOC(=O)Nc1ccc(Cc2ccc(NC(=O)OC)cc2)cc1)c1ccc(N=Nc2ccc([N+](=O)[O-])cc2)cc1,,0.34851961,,,
1251856230,Cc1ccc2c(c1)C(=O)N(c1ccc(Oc3ccc(N4C(=O)c5ccc(C(F)(F)C(F)(F)C(F)(F)C(C)(F)F)cc5C4=O)cc3)cc1)C2=O,,0.35606637,,,
1252158010,Cc1ccc(S(=O)(=O)c2ccc(N3C(=O)c4ccc(Oc5ccc6c(c5)C(=O)N(C)C6=O)cc4C3=O)cc2)cc1,,0.37544083,,,
1252177757,Cc1ccc(Oc2ccc(Oc3ccc(N4C(=O)c5ccc(Oc6ccc(C7(c8ccc(Oc9ccc%10c(c9)C(=O)N(C)C%10=O)cc8)CCC(c8ccccc8)CC7)cc6)cc5C4=O)cc3)c(C(C)(C)C)c2)cc1,,0.38624967,,,
1252473600,CC(C)C(C)C(=O)OC12CC3CC(CC(C3)C1)C2,,0.38554512,,,
1252624826,CC[Si](C)(C)CCCCCC,,0.39640493,,,
1252741517,CNc1ccc(-c2ccc(NC)c(/C=C/c3ccccc3)c2/C=C/c2ccccc2)cc1,,0.35976311,,,
1252756161,CSCC(=O)NN=Cc1ccc(OCCCCCCCCCCOc2ccc(C=NNC(=O)CSc3nnc(C)s3)cc2)cc1,,0.36696758,,,
1252814215,CCC(C)C(=O)NCCCCCCCCCCCCCCCC,,,0.3105,0.864456022,12.35489175
1252824054,CC=CC1CC(C)C(C(=O)Oc2ccccc2)C1,,0.36298238,,,
1253121067,CCCCCCOC(=O)c1ccc(-c2ccc(C(=O)OC)cc2)cc1,,0.34210366,,,
1253393179,CCC(COC(C)OCC)OC,,0.36879886,,,
1253409024,CC(=O)Nc1cccc(NC(=O)c2ccc3c(c2)C(=O)N(c2ccc(S(=O)(=O)c4ccc(N5C(=O)c6ccc(C)cc6C5=O)cc4)cc2)C3=O)c1,,0.35906708,,,
1253785759,CCC(C)(F)C(=O)OCCC,,0.35411146,,,
1253961002,COc1ccc([Si](c2ccccc2)(c2ccccc2)c2ccc(OC(=O)c3ccc4c(c3)Cc3cc(C(C)=O)ccc3-4)cc2)cc1,,0.38005772,,,
1254056862,CCC(C)(C)C(=O)OCCCCCCCCCCOc1ccc(N=Nc2ccc(C3OCC4(CO3)CC3C=CC4C3)cc2)cc1,,0.3670177,,,
1254412515,CC#Cc1cccc(C#C[SiH](C)C)c1,,0.48442803,,,
1254752288,CNc1ccc(-c2ccc3c(c2)C(C)(C)c2cc(-c4ccc(NC)cc4)ccc2-3)cc1,,0.3647088899999999,,,
1255030804,CNc1ccc(-c2cc(NC)cc(-c3ccccc3)c2)cc1,,0.34439898,,,
1255406268,Cc1ccc2c(c1)C(=O)N(c1c(C(C)C)cc(Cc3cc(C(C)C)c(N4C(=O)c5ccc(C(C)(C(F)(F)F)C(F)(F)F)cc5C4=O)c(C(C)C)c3)cc1C(C)C)C2=O,,0.43780015,,,
1255816024,Cc1cccc(Cc2cccc(N3C(=O)c4ccc([Si](C)(C)c5ccc([Si](C)(C)c6ccc7c(c6)C(=O)N(C)C7=O)cc5)cc4C3=O)c2)c1,,0.39436632,,,
1256351112,CNc1ccc(C2(c3ccc(NC)cc3)c3cccc(C)c3-c3cccc(C)c32)cc1,,0.3731668,,,
1256508173,CC(=O)Nc1cccc(Oc2ccc(S(=O)(=O)c3ccc(Oc4cccc(NC(=O)c5ccc(N6C(=O)c7ccc(C)cc7C6=O)cc5)c4)cc3)cc2)c1,,0.35369558,,,
1256836915,CNc1ccc(C)cc1OCCCCCCCCCCCCCCCC,,,0.3671666666666667,0.899934311,14.9826959
1256957523,CCCOP(=O)(N=Nc1ccc(-c2ccc(N=NP(=O)(OC)OCC)cc2)cc1)OCC,,0.35913079,,,
1256991095,CC=CC1CC(C)C2C(=O)N(CCCCCCCCC)C(=O)C12,,0.37137448,,,
1257255803,COc1ccc2ccc(Oc3ccc(C(=O)Nc4ccc(Oc5ccc(C(C)(C)c6ccc(Oc7ccc(NC(=O)c8ccc(C)cc8)cc7)cc6)cc5)cc4)cc3)cc2c1,,0.36672584,,,
1257657215,Cc1ccc(Oc2ccc(Oc3ccc(-c4nc(C)nc(-c5ccccc5)n4)cc3)cc2)cc1,,0.40894875,,,
1257792790,CO[Si](C)(CCC(F)(F)C(F)(F)C(F)(F)C(F)(F)C(F)(F)C(F)(F)F)O[Si](C)(C)c1ccc([Si](C)(C)C)cc1,,0.39205725,,,
1257932675,CCC(C)OC(=O)CC(C)=O,9.819405608,,,,
1257958128,CCCCCCCCCCNC(=O)CCCCCCCCCC(=O)NC,,,0.312,0.933531017,25.4839371
1258103517,CNc1ccc(-c2ccc(NC)c(C)c2-c2ccccc2)cc1,,0.35793789,,,
1258628140,COc1ccc(-c2ccc(OC(C)(Oc3ccccc3)Oc3ccccc3)c(C)c2)cc1C,,0.3726312,,,
1259156024,CC(=O)Nc1cccc(NC(=O)c2cccc(C(=O)Nc3cccc(N4C(=O)c5ccc(C)cc5C4=O)c3)c2)c1,213.4893774,,,,
1259678348,CCC(C)C(=O)Oc1ccc(-c2ccccc2)cc1,,0.3489094,0.2055,1.091305455,11.54820166
1259746879,CC(=O)Nc1ccc(NC(=O)c2ccc3c(c2)C(=O)N(c2ccc(Oc4ccc(N5C(=O)c6ccc(C)cc6C5=O)cc4)cc2)C3=O)cc1,48.20867337,,,,
1260132541,Cc1ccc(Cc2ccc(N3C(=O)c4ccc([Si](C)(C)c5ccc6c(c5)C(=O)N(C)C6=O)cc4C3=O)cc2)cc1,,0.39071977,,,
1260477255,CCCCCCCNC(=O)c1c(Cl)c(Cl)c(C(=O)NC)c(Cl)c1Cl,,0.35512749,,,
1260660121,CCC/C=C(/C)CCCCCCC,,,0.269,,
1261008131,CC(=O)c1cc(C(=O)c2ccc3c(c2)C(=O)N(c2ccc(Oc4ccc(S(=O)(=O)c5ccc(Oc6ccc(N7C(=O)c8ccc(C)cc8C7=O)cc6)cc5)cc4)cc2)C3=O)cc(C(C)(C)C)c1,,0.37319105,,,
1261139473,COc1ccc(C2(c3ccc(OC(=O)c4ccc(C(C)=O)cc4)cc3)c3ccccc3Cc3ccccc32)cc1,,0.3749586,,,
1261531807,CCCc1ccc(CCNC(=O)CCCCCCCCCCCCC(=O)NC)cc1,,0.36154696,,,
1261888727,CC(=O)c1ccc(C(=O)N(CCC)c2ccc(Cc3ccc(N(C)CCC)cc3)cc2)cc1,173.7390032,,,,
1262712163,COP(=O)(Oc1ccc(-c2ccc(C)cc2)cc1)OC1CCCCC1,,0.36429244,,,
1263057506,CCC(C)(C)C(=O)OCC#C,,0.35098547,,,
1263366372,COc1ccc(CC(NC(=O)CCc2ccc(OC(=O)CCCC(C)=O)cc2)C(=O)OCc2ccccc2)cc1,,0.33929019,,,
1263725170,Cc1ccc(Oc2cccc(Oc3ccc(N4C(=O)c5ccc(Oc6cccc(Oc7ccc8c(c7)C(=O)N(C)C8=O)c6)cc5C4=O)cc3)c2)cc1,,0.35641912,,,
1263773798,COc1ccc(C2(c3ccc(OC(=O)CCCCCCCCCCC(C)=O)cc3)c3ccccc3-c3ccccc32)cc1,,0.36830388,,,
1263993270,COc1ccc(Oc2ccc(C(=O)c3cccc4cccc(C(=O)c5ccc(C)cc5)c34)cc2)cc1,,0.3769196,,,
1264073564,CNc1ccc([C@@H](CC)c2cccc([C@H](CC)c3ccc(NC)cc3)c2)cc1,,0.36105687,,,
1264214740,CSc1ccc(Nc2ccc(Nc3ccc(C)cc3)cc2)cc1,,0.4021004,,,
1264383388,CNc1ccc(/N=N/c2ccc(/C=C/c3ccc(/N=N/c4ccc(NC)c5ccccc45)cc3)cc2)c2ccccc12,,0.36475136,,,
1264421130,CCC(C)c1cc(-c2ccc(C(=O)OC(C)CCCCCC)cc2)ccc1-c1ccc(C(=O)OC(C)CCCCCC)cc1,,0.37966374,,0.947782381,10.01820949
1264684812,CCC(C)c1cc(C(=O)Oc2ccc(OC)cc2)ccc1C(=O)Oc1ccc(OC)cc1,,0.34367981,,,
1264707088,CCCOC(=O)Nc1ccc(CCCCc2ccc(NC(=O)OC)cc2)cc1,,0.34609329,,,
1264767069,COc1ccc(OC(=O)c2cc(N=Nc3ccc(OCC)cc3)ccc2-c2ccc(N=Nc3ccc(OCC)cc3)cc2C(C)=O)cc1,,0.36951145,,,
1264867007,Cc1ccc(Oc2ccc(C(=O)c3ccc(C(=O)c4ccc(Oc5ccc(-c6cc(C)[nH]n6)cc5)cc4)cc3)cc2)cc1,,0.38159758,,,
1265296504,Cc1cc(C(=O)OCC)cc(N2C(=O)CC(C3Cc4ccccc4C4C(=O)N(C)C(=O)C43)C2=O)c1,,0.36068687,,,
1265311522,CC(=O)c1ccc2c(c1)C(=O)N(c1ccc(C(=O)c3ccc(C(=O)c4ccc(N5C(=O)c6ccc(C)cc6C5=O)cc4)cc3)cc1)C2=O,,0.37431986,,,
1265853164,CCCSCc1ccc(Cc2ccc(CSCCOC(=O)CCSCc3ccc(Cc4ccc(CSCCC(=O)OC)cc4)cc3)cc2)cc1,,0.36622097,,,
1266330575,Cc1ccc(-c2cc(C(C)(C)C)c(Oc3ccc(N4C(=O)c5ccc(-c6ccc7c(c6)C(=O)N(C)C7=O)cc5C4=O)cc3)c(C(C)(C)C)c2)cc1,,0.40434518,,,
1266599294,CCCCCCOC(=O)Nc1ccc(C)c(NC(=O)OC)c1,,0.33765741,,,
1266997255,CCCOC(=O)c1ccccc1C(=O)OC,,0.3271084,,,
1267045105,Cc1cc(C(c2ccc(OCCN(c3ccccc3)c3ccc(C=CC4=CC(=C(C#N)S(C)(=O)=O)CC(C)(C)C4)cc3)c(N3C(=O)c4ccc(Oc5ccc6c(c5)C(=O)N(C)C6=O)cc4C3=O)c2)(C(F)(F)F)C(F)(F)F)ccc1OCCN(c1ccccc1)c1ccc(C=CC2=CC(=C(C#N)S(C)(=O)=O)CC(C)(C)C2)cc1,,0.37934659,,,
1267165499,CNc1cccc(-c2cccc(/C=C/c3ccccc3)c2/C=C/c2ccccc2)c1NC,,0.35817163,,,
1267231154,CC(=O)Nc1cccc(NC(=O)c2ccc3c(c2)C(=O)N(c2cc(-c4nc5ccccc5s4)cc(N4C(=O)c5ccc(C)cc5C4=O)c2)C3=O)n1,,0.36524921,,,
1267496441,CCCCN(C)C(=O)CCCCC,,0.36869304,,,
1267767457,CCCCCCCCC(=O)OCCOC(=O)CCCCCCCC1OCC(COCC2COC(C)O2)O1,-2.553202642,,,,
1267983155,CCC(C)(COC)COCC(F)(F)C(F)(F)C(F)(F)C(F)(F)C(F)(F)C(F)(F)C(F)(F)F,,0.33988756,,,
1268212088,CNC1=C(/C=C/c2ccc(NC)cc2)C=C(Cc2ccccc2)C(N)(N)[C@@H]1Cc1ccccc1,,0.34133831,,,
1268591883,CC(C)C(=O)OC(C)(C)C,12.73837737,,,,
1268903954,CCC1CCC(COC(=O)c2ccc(NC(=O)OC)cc2)CC1,148.8519878,,,,
1269165942,CCCOc1ccc(S(=O)(=O)c2ccc(OCCOP(=O)(OC)Oc3ccc(C)cc3)cc2)cc1,,0.34896025,,,
1269399876,CCC(O)COc1ccc(S(=O)(=O)c2ccc(OC)c(C)c2)cc1C,,0.35246453,,,
1269445005,CCC(=O)Nc1cccc2c(NC(=O)COc3ccc4ccccc4c3Sc3c(OC)ccc4ccccc34)cccc12,,0.34427885,,,
1269889405,CCC(C)c1cc(Br)ccc1OCCCC,,0.41686593,0.1493333333333333,1.214722149,12.90254496
1269952522,CNc1ccc2c(c1)-c1cc(NC)ccc1C2(c1ccccc1N)c1ccccc1N,,0.36757979,,,
1270138741,CNc1ccc2cc3ccccc3cc2c1-c1c(NC)ccc2cc3ccccc3cc12,,0.35802001,,,
1270448600,CNc1ccccc1C1(c2cc(C)ccc2NC)CCCCC1,,0.36301614,,,
1270893836,CCCCCCCCCCOC(=O)c1ccc(C(=O)NCCCCCCNC(=O)c2ccc(C(=O)OC)cc2)cc1,,,0.259,,
1271079066,Cc1ccc(-c2ccc(N(C)c3ccc(CCCC)cc3)cc2)cc1,,0.43625228,,,
1271134038,COc1cccc2ccc(Oc3ccc(NC(=O)c4ccc(Oc5ccc(Oc6ccc(C(=O)Nc7ccc(C)cc7)cc6)cc5)cc4)cc3)cc12,,0.35493198,,,
1272587185,Cc1ccc(Oc2ccc(-c3cc(-c4ccccc4)c4cc5nc(C)cc(-c6ccccc6)c5cc4n3)cc2)cc1,,0.42862349,,,
1273620790,CCC(C)C(=O)OCCCCOc1ccc(N=Nc2ccc([N+](=O)[O-])cc2)cc1,,0.35994367,,,
1274254712,CCC(O)COc1ccc(C(C)(C)c2ccc(OCC(O)COc3ccc(NC(=O)CCCC(=O)Nc4ccc(OC)cc4)cc3)cc2)cc1,,0.3351735,,,
1275263414,CCCCCNC(=O)c1ccc(C(=O)NC)c(Oc2ccccc2)c1,,0.33751561,,,
1275276173,COc1ccc(NC(=O)c2ccc(P(=O)(c3ccccc3)c3ccc(C(=O)Nc4ccc(Oc5ccc(P(=O)(c6ccccc6)c6ccc(C)cc6)cc5)cc4)cc3)cc2)cc1,,0.37546944,,,
1275591013,CC(=O)c1ccc2c(c1)C(=O)N(c1ccc(-c3ccc(N4C(=O)c5ccc(C)cc5C4=O)c(C)c3)cc1C)C2=O,,0.38954407,,,
1275707146,COc1ccc(Oc2ccc(Oc3ccc(Oc4ccc(OC(=O)c5cccc(C(C)=O)c5)cc4)cc3)cc2)cc1,,0.35576866,,,
1275832134,C/C=C/c1cc(CCCCCCCCCCCC)c(/C=C/c2ccc(C)cc2)cc1CCCCCCCCCCCC,,,0.315,0.863597922,16.18461866
1276163646,CCCCCCCN(C(=O)C(F)(F)C(F)(F)C(F)(F)C(=O)N(C)C(C)C)C(C)C,,0.35467829,,,
1276246944,Cc1ccc(OC(=O)Nc2ccc(-c3ccc(NC(=O)Oc4ccc(-c5nc(-c6ccc([N+](=O)[O-])cc6)[nH]c5C)cc4)cc3OC)c(OC)c2)cc1,,0.36184068,,,
1276410560,Cc1ccc2c(c1)C(=O)N(c1ccc(NC(=O)C(F)(F)C(F)(F)C(F)(F)C(F)(F)C(F)(F)C(F)(F)C(=O)Nc3ccc(N4C(=O)c5ccc(C(C)(C(F)(F)F)C(F)(F)F)cc5C4=O)cc3)cc1)C2=O,,0.33986713,,,
1276975260,CCCN(CCOC(=O)c1ccc(C(=O)OC)c(OCCC)c1)c1ccc(-c2nc3ccc([N+](=O)[O-])cc3o2)cc1,,0.35306861,,,
1277787594,CCCCCCCOC(=O)Nc1ccc(C)c(NC(=O)OCCCCCCOc2ccc(-c3ccc(OC)cc3)cc2)c1,,0.3490302,,,
1277971955,CCC(C)(C)C#N,,,0.146,0.912756425,16.28256988
1278963276,Cc1ccc(Oc2cccc(NC(=O)c3cc(C(=O)Nc4cccc(Oc5ccc(-c6nnc(C)o6)cc5)c4)cc(N4C(=O)c5c(Cl)c(Cl)c(Cl)c(Cl)c5C4=O)c3)c2)cc1,,0.3655579,,,
1279775850,Cc1ccc(Oc2ccc(C3(c4ccc(Oc5ccc(N6C(=O)c7ccc(Oc8ccc(C9(c%10ccc(Oc%11ccc%12c(c%11)C(=O)N(C)C%12=O)cc%10)CCCCCCCCCCC9)cc8)cc7C6=O)cc5)cc4)CCC(C(C)(C)C)CC3)cc2)cc1,,0.38480107,,,
1279821267,CCC(C)(C)C(=O)OC,,,0.1594999999999999,0.906319536,14.29532166
1280165390,CNc1ccc(-c2ccc(NC)c(OC)c2)cc1OC,,0.33411517,,,
1280502593,CCCCCCCCOC(=O)c1ccc(-c2ccc(C(=O)OC)cc2)cc1,,0.35177391,,,
1280563800,CCC(C)OC(=O)OCCC(F)(F)C(F)(F)C(F)(F)C(F)(F)C(F)(F)C(F)(F)F,,0.32384943,,,
1282073595,COc1ccc(C(C)(C)c2ccc(Oc3ccc(C(=O)c4c(C(=O)c5ccc(C)cc5)c(-c5ccc(F)cc5)c(-c5ccc(F)cc5)c(-c5ccc(F)cc5)c4-c4ccc(F)cc4)cc3)cc2)cc1,,0.40131849,,,
1282093980,CCCCCCCNC(=O)c1ccc(C2(C)CC(C)(C)c3ccc(C(=O)NC)cc32)cc1,,0.35883552,,,
1282732042,CC(=O)c1ccc2c(c1)C(=O)N(c1ccc(-c3nc(-c4ccccc4)nc(-c4ccc(N5C(=O)c6ccc(C)cc6C5=O)cc4)n3)cc1)C2=O,,0.40912107,,,
1282744521,CNc1ccc(CC2=CC[C@H](Cc3ccc(NC)cc3)C=C2)cc1,,0.34680076,,,
1283103305,CCC(Cc1cccc2ccccc12)C[Si](C)(C)C,,0.37233408,,,
1283259076,CCC(C)c1ccc(CCCCCCCC)cc1,,0.40676664,0.2674999999999999,0.86701632,11.37694228
1284040004,CNc1ccc([C@H]2[C@H](C)c3cc(NC)ccc3C2(C)C)cc1,,0.36746212,,,
1284082821,CCC(O)COc1ccc(C(C)(C)c2ccc(OCC(O)COc3cccc(NC(=O)CCCCCC(=O)Nc4cccc(OC)c4)c3)cc2)cc1,,0.33816204,,,
1284164313,Cc1ccc(Oc2ccc(-c3nc4cc(Oc5ccc6nc(C)c(-c7ccccc7)nc6c5)ccc4nc3-c3ccccc3)cc2)cc1,,0.41462508,,,
1285221061,CCCCCCCCN1C(=O)c2ccc(C(c3ccc4c(c3)C(=O)N(C)C4=O)(C(F)(F)F)C(F)(F)F)cc2C1=O,,0.3489851,,,
1285571721,CCC1CCCC(CNC(=O)CCCCC(=O)NC)C1,,0.33557048,,,
1285747694,CCCCCCCCCCCCCCCCCCCCCOC(=O)CCCCCCC(=O)OC,,,0.3379999999999999,0.892806607,20.14069114
1286286715,CCC(C)(C)C(=O)OCCN(CC)c1ccc(N=Nc2nc3ccc([N+](=O)[O-])cc3s2)cc1,,0.37343287,,,
1286574060,Cc1ccc(-c2ccc(-c3c(-c4ccccc4)nc4ccc(Oc5ccc6nc(-c7ccccc7)c(C)c(-c7ccccc7)c6c5)cc4c3-c3ccccc3)cc2)cc1,,0.40808604,,,
1286616307,Cc1ccc(C2(c3ccc(-c4cc(-c5ccccc5)c5cc(C6(c7ccc8nc(C)cc(-c9ccccc9)c8c7)c7ccccc7-c7ccccc76)ccc5n4)cc3)c3ccccc3-c3ccccc32)cc1,,0.44097468,,,
1286748689,COc1ccc(-c2ccc(-c3ccc(Oc4ccc(C(c5ccc(C)cc5)(C(F)(F)F)C(F)(F)F)cc4)c(C(F)(F)F)c3)cc2)cc1C(F)(F)F,,0.37834788,,,
1286920787,CC=C(C#N)C(=O)OCCCCCCOC(=O)C(C#N)=Cc1ccc2c(c1)c1cc(C)ccc1n2CCCCCCCCCCCOc1ccc(C=Cc2ccc([N+](=O)[O-])cc2)cc1,,0.36240665,,,
1287697682,Cc1ccc2cc(OC(=O)c3cccc(C(=O)Oc4ccc5cc(-c6nc7ccccc7nc6C)ccc5c4)c3)ccc2c1,,0.37114739,,,
1287726377,COc1ccc(Oc2ccc(C(=O)c3ccc(C(=O)c4ccc(C)cc4)cc3)cc2)cc1,,0.37938549,,,
1287850309,CC=C(C)c1ccccc1C(F)(F)F,,0.41894641,,,
1287920729,Cc1ccc(Sc2cc3c(cc2Sc2ccc(N4C(=O)C5C6C=CC(C7C(=O)N(C)C(=O)C67)C5C4=O)cc2)C(=O)N(CCc2ccccc2)C3=O)cc1,,0.38062067,,,
1288275829,COc1ccc(C(C)(C)c2ccc(Oc3ccc(C(=O)Nc4cccc(NC(=O)c5ccc(C)cc5)c4)cc3)cc2)cc1,,0.36217731,,,
1288612893,CNc1ccc2c(c1)-c1ccc3c4ccc5c6c(ccc(c7ccc(c1c73)C2)c64)Cc1c(NC)cccc1-5,,0.33775178,,,
1289045435,CNc1cc(C)c(-c2cccc(C)c2-c2cc(C)c(NC)cc2C)cc1C,,0.37804144,,,
1289126534,CCCCC1(CCCNC(=O)CCCCC(=O)NC)c2ccccc2-c2ccccc21,,0.34825862,,,
1289234945,CCC(C)C(=O)OCCCCCCCOC(=O)c1ccc(OC(=O)c2ccc(C#N)cc2)cc1,,0.35313837,,,
1289453744,CN=P(C)(OCC(F)(F)C(F)(F)C(F)(F)F)OCC(F)(F)C(F)(F)C(F)(F)F,-77.91107652,,,,
1290046924,COc1ccc(NC(=O)c2cc(NC(=O)CCCN3C(=O)c4ccccc4C3=O)cc(C(=O)Nc3ccc(C)cc3)c2)cc1,,0.33591306,,,
1290159505,CC(=O)Nc1cccc2c(NC(=O)c3ccc4c(c3)C(=O)N(c3ccc(Oc5cccc6c(N7C(=O)c8ccc(C)cc8C7=O)cccc56)cc3)C4=O)cccc12,,0.36744912,,,
1290242331,COc1ccc(C(=C(Cl)Cl)c2ccc(OC(C)=O)cc2)cc1,,0.37391919,,,
1290671546,CNc1ccc2c(c1)-c1ccccc1-c1cc(NC)ccc1-c1cc(N)ccc1-2,,0.37663236,,,
1290806312,Cc1ccc(Oc2ccc3ccc(Oc4ccc(N5C(=O)CC(=O)N(C)C5=S)cc4)cc3c2)cc1,,0.37149644,,,
1290822168,Cc1cc(N=Nc2ccc(C#N)cc2)cc(C)c1O,,0.39563271,,,
1291515166,CCC(C)OC(=O)C1(F)C(F)(F)C(F)(F)C(F)(F)C(F)(F)C1(F)F,,0.33243377,0.086,0.81190569,13.56949767
1291566068,CCCCCCCCCCCCC(=O)Oc1ccc(C(C)(C)c2ccc(OC(=O)c3ccc4c(c3)C(=O)N(C)C4=O)cc2)cc1,,0.357058,,,
1291851819,CCCCCCCCCCCCCNC(=O)CCCCC(=O)NC,,,0.3745,0.944709172,22.08425305
1292415850,CC(Cl)=C(C)CCCCCC,,0.40438433,,,
1292622955,CNc1ccc(/C=C/c2ccc(NC)c(C)c2C)cc1,,0.35534148,,,
1293239198,C=c1cc2ccc3cc(=c4c5ccccc5c(=C)c5ccccc45)cc4ccc(c1)c2c34,437.49,,,,
1293974706,CNc1cc2c3ccccc3c3ccccc3c2c(NC)c1N,,0.3316594,,,
1294053022,CC1C2CCC(C2)C1C,,0.39273913,,0.859348965,14.8573309
1294362796,CCC(C)C(=O)OCCCCCCCCCCCCCC,,,0.3215,0.867171478,11.51022625
1294421875,CCCCCCCOC(=O)OCCCOC(=O)OCCCCCCN1C(=O)c2ccc(C(=O)c3ccc4c(c3)C(=O)N(C)C4=O)cc2C1=O,,0.33499957,,,
1294607317,COc1ccc(C(C)c2ccc(OC(=O)c3ccc(Oc4ccc(C(C)=O)cc4)cc3)cc2)cc1,76.95210942,,,,
1295002110,Cc1ccc2c(c1)C(=O)N(c1ccc(Sc3ccc(Sc4ccc(Sc5ccc(N6C(=O)c7ccc(C(C)(C(F)(F)F)C(F)(F)F)cc7C6=O)cc5)cc4)cc3)cc1)C2=O,,0.38799659,,,
1295229741,CCCCCCCOC(=O)CCCCCCCCC(=O)OCCCCCCN1C(=O)c2ccc(S(=O)(=O)c3ccc4c(c3)C(=O)N(C)C4=O)cc2C1=O,,0.34948634,,,
1295293979,CC1C(C)C2CC1C1C=CCC12,,0.43220188,,,
1295301974,CCC(C)C(=O)OCCOCC(F)(F)C(F)(F)C(F)(F)F,,0.33448798,,,
1295510505,CCCC[Si](C)(C)O[Si](C)(C)CCCN1C(=O)c2ccc(C(=O)c3ccc4c(c3)C(=O)N(C)C4=O)cc2C1=O,,0.37495768,,,
1295536082,Cc1ccc(Oc2ccc(-c3ccc(Oc4ccc(N5C(=O)c6ccc(Oc7ccc(-c8ccc(Oc9ccc%10c(c9)C(=O)N(C)C%10=O)cc8)cc7)cc6C5=O)cc4)cc3)cc2)cc1,,0.36892515,,,
1295850561,CNc1ccc(CC(CC(C)(C)c2ccc(NC)cc2)=C(C)C)cc1,,0.34957516,,,
1295880392,CNCCCNCCNCCCNC,,0.33492047,,,
1296143576,CO[Si](C)(C)CCCN=C1C=CC(=NCCC[Si](C)(C)C)c2c(O)ccc(O)c21,,0.39150617,,,
1296755065,Cc1ccc(C)nc1,322.0959561,,,,
1297415322,CN=P(C)(OCCCCCC)OCCCCCC,,0.4012116,,,
1297876567,Cc1ccc(Oc2ccccc2Oc2ccc(N3C(=O)c4ccc(-c5ccc6c(c5)C(=O)N(C)C6=O)cc4C3=O)cc2)cc1,,0.36105469,,,
1297972519,CCCCCCCCCCCCCCCCCC(=O)NC,15.38660594,,0.379,,
1298070198,CCC(C)C(=O)OCC(C)CCC,,,0.217,0.903896392,12.10743643
1298418799,CNNC(=O)c1ccc(C(C)=O)cc1OCC,,0.33579349,,,
1298446728,Cc1ccc2c(c1)C(=O)N(c1ccc3c(c1)Cc1cc(N4C(=O)c5ccc(C(C)(C(F)(F)F)C(F)(F)F)cc5C4=O)ccc1-3)C2=O,,0.40300966,,,
1298577403,Cc1cccc(Oc2cccc(Oc3cccc(N4C(=O)C5C6C=CC(C7C(=O)N(C)C(=O)C67)C5C4=O)c3)c2)c1,,0.37016836,,,
1298805440,CCC(C)(C)C(=O)OCCC(C)(C)C,,,0.1895,0.860835583,11.4609216
1299104612,CCC(C)C(=O)NCCCCCC(=O)O,,0.30692904,0.2495,1.07691203,11.78404643
1299119036,CNc1ccccc1-c1ccc(NC(=O)c2ccc(C(C)=O)cc2)cc1,,0.34525764,,,
1299451372,CNc1ccc2c(c1)C(C)(C)c1cc3cc4ccccc4c(NC)c3cc1-2,,0.36945143,,,
1299554017,CCCCCCCCCCCCC(=O)NC,,0.37505502,0.3409999999999999,,21.42021733
1299836604,CCC(C)C(=O)OCCCCCCCCCCCCCCCCCCCCCC,,,0.3585,0.846770802,13.56836556
1300048574,Cc1ccc2c(c1)C(=O)N(c1ccc(Oc3c(C(C)(C)C)cc(-c4ccc(N5C(=O)c6ccc(C(C)(C(F)(F)F)C(F)(F)F)cc6C5=O)cc4)cc3C(C)(C)C)cc1)C2=O,,0.41772006,,,
1300127001,CCC1(C)CC(=O)OC1=O,143.854555,,,,
1300383951,CO[Si](C)(C)O[Si](C)(C)O[Si](C)(C)O[Si](C)(C)C#Cc1ccc(C#C[Si](C)(C)C)cc1,,0.46246248,,,
1300562294,COc1ccc(-c2ccc(OC(=O)c3ccc(C(C)=O)cc3Sc3ccc4ccccc4c3)cc2)cc1,,0.35785251,,,
1300646660,Cc1ccc(Oc2ccc(-c3cccc(-c4ccc(Oc5ccc(-c6c7c(c(C)c8ccccc68)C(=O)N(c6ccccc6)C7=O)cc5)c(C(F)(F)F)c4)c3)cc2C(F)(F)F)cc1,,0.38085344,,,
1300902354,CNc1ccc([C@H](C)c2ccc(C3(c4ccc([C@@H](C)c5ccc(NC)cc5C)cc4)CCCCC3)cc2)c(C)c1,,0.37089997,,,
1300907784,CSc1ccc(C(=O)c2ccc(C(C)(C)c3ccc(C(=O)c4ccc(C)cc4)cc3)cc2)cc1,,0.40938395,,,
1301068905,COC(COC(=O)c1ccc(C(C)=O)cc1)COc1ccc(N=Nc2ccc(C#N)cc2)cc1,,0.35889758,,,
1301288779,CCC(C)OC(=O)C(C)(C)C,,0.3821509,,,
1301620481,CNc1ccc2c(c1)C(c1ccc(C)cc1)(c1ccc(C)cc1)c1cc(NC)ccc1-2,,0.38337526,,,
1301630790,Cc1ccc(Oc2ccc(-c3ccc(Oc4ccc(N5C(=O)c6ccc(Oc7ccc(C8(c9ccc(Oc%10ccc%11c(c%10)C(=O)N(C)C%11=O)cc9)CCCCCCCCCCC8)cc7)cc6C5=O)cc4)cc3C)c(C)c2)cc1,,0.38784907,,,
1301948076,CCC(OCC)C1C(=O)OC(=O)C1C,,0.31032484,,,
1302310440,Cc1ccc(CCc2ccc(N3C(=O)C(=O)N(c4ccc(CCc5ccccc5N5C(=O)C(=O)N(C)C5=O)cc4)C3=O)cc2)cc1,,0.35446793,,,
1302453294,CNc1cccc(NC(=O)c2ccc(C(=O)Nc3cccc(NC(=S)NC(=O)CCCCCCCCC(=O)NC(C)=S)c3)cc2)c1,,0.34740592,,,
1302563585,COS(=O)(=O)c1ccc(Oc2ccc(S(=O)(=O)Oc3ccc(C4(c5ccc(C)cc5)CCCCC4)cc3)cc2)cc1,149.9071313,,,,
1303245845,CNc1ccc(Cc2ccccc2-c2ccccc2-c2ccc(NC)cc2)cc1,,0.35281368,,,
1304546254,CC=CC1CC(C)C2C(=O)N(CCCCCCC)C(=O)C12,,0.36908283,,,
1305600405,CNc1c(N)c(O)c(C)c(O)c1NC,,0.30904003,,,
1305829895,CCCCCCCCCNC(=O)C(OC)C(OC)C(=O)NC,,0.3476494,,,
1306591589,COc1ccc(Oc2ccc(S(=O)(=O)c3ccc(-c4ccc(S(=O)(=O)c5ccc(C)cc5)cc4)cc3)cc2)cc1,,0.36986468,,,
1307322805,Cc1ccc(Oc2ccc(Oc3ccc(NC(=O)c4cccc(Oc5ccc6c(c5)C(=O)N(C)C6=O)c4)cc3)cc2)cc1,,0.35725183,,,
1307515193,Cc1ccc(NC2CC(=O)N(c3ccc(-c4sc(-c5ccc(N6C(=O)CC(Nc7ccc(-c8nc(C#N)c(C#N)nc8C)cc7)C6=O)cc5)c(-c5ccccc5)c4-c4ccccc4)cc3)C2=O)cc1,,0.40408501,,,
1307775698,CCCCC1(CCCNC(=O)c2cccc(C(=O)NC)c2)c2ccccc2-c2ccccc21,,0.35132317,,,
1308167790,CC(=O)c1ccc2c(c1)C(=O)N(c1cccc(Cc3ccc(C(=O)c4cccc(N5C(=O)c6ccc(C)cc6C5=O)c4)cc3)c1)C2=O,,0.37344882,,,
1308663062,CN[C@@]12C3=CCc4ccccc4[C@]31[C@@]21[C@]2(NC)C3=CCc4ccccc4[C@]321,,0.35949556,,,
1308684557,COc1ccc(-n2on2-c2ccc(OC(=O)CCCCCCCCCCC(C)=O)cc2C)c(C)c1,50.67469492,,,,
1308745603,CCC(C)(C)C(=O)OCCCCCCCCCCCC,,,0.2665,0.876333907,11.1507459
1308822610,CNc1ccc([C@@]2(C)c3ccc(NC)cc3CC2(C)C)cc1,,0.36731857,,,
1308893158,Cc1ccc(-c2ccc(-c3cc(-c4ccc(-c5ccc(Oc6ccccc6)cc5)cc4)c4cc(-c5ccc6nc(C)cc(-c7ccc(-c8ccc(Oc9ccccc9)cc8)cc7)c6c5)ccc4n3)cc2)cc1,,0.38479819,,,
1309160623,CCCOC(=O)NNC(=O)CCCCCCCCC(=O)NNC(=O)OC,,0.3238941,,,
1309401144,Cc1cccc(S(=O)(=O)c2cccc(N3C(=O)c4ccc(Oc5ccc6c(c5)C(=O)N(C)C6=O)cc4C3=O)c2)c1,,0.36365297,,,
1310550432,CCC(OCC(C)C)C1(C)C(=O)OC(=O)C1(C)C,,0.34284139,,,
1310881775,CC(=O)Oc1ccc(C(c2ccc(OC(=O)c3ccc4c(c3)C(=O)N(c3c(C)cc(-c5cc(C)c(N6C(=O)c7ccc(C)cc7C6=O)c(C)c5)cc3C)C4=O)cc2)(C(F)(F)F)C(F)(F)F)cc1,,0.37721251,,,
1311329501,C[Se]c1c(Cl)c(Cl)c(C)c(Cl)c1Cl,,0.39302909,,,
1311388075,CC(=O)c1ccc2c(c1)C(=O)N(c1ccc(C(=O)Nc3ccc(N4C(=O)c5ccc(C)cc5C4=O)cc3)cc1)C2=O,,0.36650764,,,
1311473361,COc1ccc(C(=Cc2cc(OC)c(C=C(c3ccc(C)cc3)c3ccc(C(F)(F)F)cc3)cc2OC)c2ccc(C(F)(F)F)cc2)cc1,,0.3904137,,,
1312487500,CNC(CC(=O)OCc1ccccc1)C(C)=O,70.10647363,,,,
1312935547,CCC(C)C(=O)OCCCCCCCCCCCCOC(=O)c1ccc(OC(=O)c2ccc(C#N)cc2)cc1,,0.3602016,,,
1313130081,COc1ccc(NC(=O)c2cc(NC(=O)C34CC5CC(CC(C5)C3)C4)cc(C(=O)Nc3ccc(C)cc3)c2)cc1,,0.35628794,,,
1313149520,Cc1ccc(C(c2ccccc2)(c2ccc(N3C(=O)c4ccc(Oc5ccc6c(c5)C(=O)N(C)C6=O)cc4C3=O)cc2)C(F)(F)F)cc1,,0.39310677,,,
1313165210,CNc1ccc(C2(c3ccc(NC)c(F)c3)c3ccccc3-c3ccccc32)cc1F,,0.37295561,,,
1313737543,CO[Si](C)(C)c1cccc(C(F)(F)C(F)(F)C(F)(F)c2cccc([Si](C)(C)C)c2)c1,,0.39988791,,,
1313953255,CCC(CC(C)(C#N)C#N)c1ccc(Cl)cc1,,0.39209317,,,
1314048322,CNc1cc2ccc3cc4ccccc4cc3c2c(C=C)c1NC,,0.34315656,,,
1314252641,CCC(O)COc1ccc(C(=O)c2ccc(OCC(O)COc3ccc(C(C)(C)c4ccc(OC)cc4)cc3)cc2)cc1,,0.34542983,,,
1314700598,CCCCCCCNC(=O)CCP(C)(=O)CCC(=O)NC,,0.33988654,,,
1314710990,COc1ccc(C(C)(C)c2ccc(Oc3ccc(C(=O)Nc4ccc(-c5ccc(NC(=O)c6ccc(C)cc6)cc5C(F)(F)F)c(C(F)(F)F)c4)cc3)cc2)cc1,,0.36383822,0.2685,1.198766828,27.69445684
1315123551,CO[Si](C)(C)O[Si](C)(C)Oc1c(C)cc(-c2cc(C)c(C)c(C)c2)cc1C,,0.3890851,,,
1315505306,COc1ccc(OC(=O)c2ccc(OCCCCCCCCOc3ccc(C(C)=O)cc3)cc2)cc1C(=O)CC,,0.35362648,,,
1315760893,CNc1ccc([C@H](C=C)c2ccc(Cc3ccc([C@@H](C=C)c4ccc(NC)cc4)cc3)cc2)cc1,,0.35508348,,,
1315872207,CCC(C)(C)C(=O)Oc1ccc(C(=O)C=Cc2ccc(Cl)cc2)cc1,,0.3546963,,,
1316732452,COC(=O)OCCCCOC(=O)OC1COC2C(C)COC12,,0.3180929,,,
1316887618,CCC(C)(C)C1=NC(C)(C)C(=O)O1,,0.35497529,,,
1318130357,CC=CC1CC(C)C2C(=O)N(c3ccc(Br)cc3)C(=O)C12,,0.39805684,,,
1318650528,CCCCC(C)C,,0.40163185,,,
1318766747,CCCN(CCOC(=O)Nc1ccc(C)c(NC(=O)OC)c1)c1ccc(N=Nc2ccc(B(c3c(C)cc(C)cc3C)c3c(C)cc(C)cc3C)cc2)cc1,,0.34069727,,,
1318838343,CNc1ccc(NC(=O)C=CC(C)=O)cc1,115.1255691,,,,
1319010024,CCC(C)c1cccc(NC(C)=O)c1,,0.3447239,,1.037473199,12.26908267
1319112543,Cc1ccc(-c2c(-c3ccccc3)nc3ccc(-c4ccc5nc(-c6ccccc6)c(C)c(-c6ccccc6)c5c4)cc3c2-c2ccccc2)cc1,,0.39774474,,,
1319321747,CCC(C)c1ccc(-c2ccc3c(c2)C(CCCCCC)(CCCCCC)c2cc(-c4ccc5c(c4)C(CCCCCC)(CCCCCC)c4ccccc4-5)ccc2-3)cc1,,0.40538104,,0.887288053,12.74028627
1319410597,COc1cccc(OC(=O)c2cc(C(C)(C)C)c(OC(=O)c3ccc(C(=O)Oc4c(C(C)(C)C)cc(C(C)=O)cc4C(C)(C)C)cc3)c(C(C)(C)C)c2)c1,135.2011857,,,,
1320165565,CNc1cc(C)c(C2(c3c(C)cc(NC)cc3C)c3ccccc3-c3ccccc32)c(C)c1,,0.3801695,,,
1320607876,COc1ccc(C2(c3ccc(OC(=O)CCCC(C)=O)cc3)c3ccccc3-c3ccccc32)cc1,,0.36266451,,,
1321017513,COc1ccc(-c2ccc(C(C)(C)c3ccc(-c4ccc(OC(C)=O)c(F)c4)cc3)cc2)cc1F,,0.36767878,,,
1321194504,CCC(C)P(=O)(c1ccccc1)c1ccccc1,,0.38231193,,,
1321346245,COC1C(COCC)OC(C)C(OCC)C1OCC,,0.37498776,,,
1321681529,COc1ccc(OC(=O)c2cc(OCCCCCCOCC3CCCN3c3ccc([N+](=O)[O-])cc3)c(C(C)=O)cc2OCCCCCCOCC2CCCN2c2ccc([N+](=O)[O-])cc2)cc1,,0.34952872,,,
1321705347,COP(=O)(Oc1ccccc1)OC(CCl)COc1ccc(S(=O)(=O)c2ccc(OCC(C)CCl)cc2)cc1,,0.35156893,,,
1321934906,COc1ccc(N=Nc2ccc(C)cc2)cc1,116.9759489,,,,
1322145207,Cc1cc(/C=N/c2ccc(C)cc2)c(C)c(OC)c1,,,0.215,0.9332806,24.66422713
1322304083,CNc1ccc(C(c2ccc(N)cc2)c2cccc(NC)c2)cc1,,0.35836442,,,
1322409102,COc1ccc(CC(NC(=O)CCc2ccc(OC(=O)CCCCCCC(C)=O)cc2)C(=O)OCCCCCCCC)cc1,,0.35829726,,,
1322812178,Cc1ccc(Oc2ccc(-c3ccc(Oc4ccc(N5C(=O)c6ccc(Oc7ccc8ccc(Oc9ccc%10c(c9)C(=O)N(C)C%10=O)cc8c7)cc6C5=O)cc4)cc3)cc2)cc1,,0.36611158,,,
1322899924,Cc1cc(C(=O)OCCCCCCCCCCOc2ccc(-c3ccc(OC(=O)c4ccc(OCC(F)CCCCCC)cc4)cc3)cc2)c(C)s1,,0.36606782,,,
1323119594,COC(=O)C(C)NC(=O)CCCCCC(=O)NC(C)C(=O)OC1COC2C(C)COC12,,0.32870245,,,
1323225597,Cc1cccc(N2C(=O)c3cccc(Oc4ccc(S(=O)(=O)c5ccc(Oc6cccc7c6C(=O)N(C)C7=O)cc5)cc4)c3C2=O)c1,,0.36430041,,,
1323245183,CNc1ccc(C)c(C)c1-c1c(NC)ccc(C)c1C,,0.36698246,,,
1323525187,CCC(C)C(=O)OCCN(C)C,,0.36492858,,,
1323609368,CC(=Cc1cc(OC)c(C=C(c2ccc(F)cc2)c2ccc3cc(C)ccc3c2)cc1OC)c1ccc(F)cc1,,0.3940856,,,
1324036450,CNc1ccc(-c2cc(NC)ccc2-c2c(-c3ccccc3)ccc(-c3ccccc3)c2-c2ccccc2)cc1,,0.36283476,,,
1324493760,CNc1cc(CC)c(C2(c3cc(CC)c(NC)cc3CC)c3ccccc3-c3ccccc32)cc1CC,,0.38916158,,,
1325509753,CNc1ccc(C(=O)c2ccc(NC)cc2)cc1,,0.337244965,,,
1325980765,CCC(C)(C)C(=O)OCCCCCC(=O)Oc1ccc(OC(=O)c2ccc(OC)cc2)cc1,,0.3349532,,,
1326111661,CCC(CCCC)C(CCCC)COC(=O)c1ccc(C(=O)OC)cc1,,0.36856898,,,
1326151916,Cc1ccc(Cc2ccc(N3C(=O)CC(Nc4ccc(N(c5ccc(Nc6ccc([N+](=O)[O-])cc6)cc5)c5ccc(NC6CC(=O)N(C)C6=O)cc5)cc4)C3=O)cc2)cc1,,0.37796488,,,
1327742614,COc1ccc(S(=O)(=O)c2ccc(OC(=O)c3ccc([Si](c4ccccc4)(c4ccccc4)c4ccc(C(C)=O)cc4)cc3)cc2)cc1,,0.37668952,,,
1328109466,CCCCC1CC(=O)N(C)C(=O)C1,,0.32853402,0.23,1.09306772,17.92550338
1328279815,CO[Si](C)(C)CCCCCCOc1ccc(C(=O)Oc2ccc(C(=O)OCC(C)CC)cc2)cc1,,0.36613468,,,
1328538029,CN=P(C)(OC)OC,,0.33810683,,,
1329379844,CCC(C)OC(=O)C(F)(F)C(F)(F)C(F)(F)C(F)(F)C(F)(F)C(F)(F)C(F)(F)C(F)(F)C(F)(F)F,,0.32895822,,,
1329476125,CC(=O)Nc1ccc(Cc2ccc(NC(=O)c3ccc4c(c3)C(=O)N(c3ccc(S(=O)(=O)c5ccc(N6C(=O)c7ccc(C)cc7C6=O)cc5)cc3)C4=O)cc2)cc1,,0.35825823,,,
1329795537,CCC(O)COC(=O)CCCCCCCCCCC(=O)OCC(O)COc1ccc(OC)cc1,,0.34177602,,,
1329805417,Cc1ccc(-c2sc(-c3cc(CCCC)c(C)s3)cc2CCCC)cc1,,0.49358329,,,
1330350980,CCC(O)COc1ccc(C(C)(C)c2ccc(OCC(O)COc3cccc(NC(=O)CCCCC(=O)Nc4cccc(OC)c4)c3)cc2)cc1,,0.34097584,,,
1330491095,COc1ccc(C(C)(C)c2ccc(OC(=O)Oc3ccc(Cc4ccc(OC(C)=O)cc4)cc3)cc2)cc1,,0.35217052,,,
1330672528,CNc1nc(C)nc(NC)n1,,0.3244865,,,
1330783970,CCCCCCCNC(=O)C(O)C(O)C(=O)NC,149.1553302,,,,
1330841310,CCCCCCCCCCCOC(=O)c1ccc(-c2ccc(C(=O)OC)cc2)cc1,,0.35720916,,,
1330844840,CCC(COCOCC(C)([N+](=O)[O-])[N+](=O)[O-])OC,,0.44890128,,,
1331449531,CCCC(C(=O)OCC)C(C)C(=O)OCC,,,0.2075,0.983422084,17.46362519
1332074394,Cc1ccc(N2C(=O)c3ccc(-c4ccc5c(c4)C(=O)N(C)C5=O)cc3C2=O)cc1,,0.38387233,,,
1332282841,CCC(C)C(=O)OCCCCCCCCCCCn1c2ccccc2c2ccccc21,,0.36992924,,,
1332783697,COC(=O)OCC1OC(C)(C)OC1COC(=O)OC1COC2C(C)COC12,,0.32749602,,,
1332933153,Cc1ccc([Si](C)(C)C)cc1,126.7080905,,,,
1333138019,COc1ccc(CC(NC(=O)Cc2ccc(OC(=O)CCCC(C)=O)cc2)C(=O)OCC)cc1,,0.33525127,,,
1333183317,COc1ccc(C(C)=Nc2ccc(N=C(C)c3ccc(Oc4ccc(C(c5ccccc5)(c5ccccc5)c5ccc(C)cc5)cc4)cc3)cc2)cc1,,0.38978483,,,
1333418832,CNc1ccc(-c2ccc3c4ccc(-c5ccc(NC)cc5)cc4c4ccccc4c3c2)cc1,,0.34206693,,,
1333567417,CNc1ccc(C2(c3ccc(NC)cc3)C=C(C(C)C)C=C[C@@H]2C(C)C)cc1,,0.37150212,,,
1333596225,CC(=O)c1ccc2c(c1)C(=O)N(c1ccc(-c3ccc(N4C(=O)c5ccc(C)cc5C4=O)cc3C)c(C)c1)C2=O,,0.39115299,,,
1333610491,CNc1ccc(-c2ccc(NC)c(-c3ccccc3-c3cccc4ccccc34)c2)cc1,,0.35656149,,,
1333766804,CCCCOCCCCOCCCN1C(=O)c2ccc(C(=O)Oc3ccc(-c4ccc(OC(=O)c5ccc6c(c5)C(=O)N(C)C6=O)cc4)cc3)cc2C1=O,,0.33894182,,,
1333923150,CNCCCNCCCNC,,0.3265421,,,
1334743519,COc1ccc(C(c2ccc(Oc3ccc(C(=O)c4ccc(C(c5ccc(C(=O)c6ccc(C)cc6)cc5)(C(F)(F)F)C(F)(F)F)cc4)cc3)cc2)(C(F)(F)F)C(F)(F)F)cc1,,0.37426463,,,
1335169485,CCCc1ccc(C)c(Br)c1,,0.40939985,,,
1335256384,COc1ccc(C(=O)NNC(=O)c2cccc(C(=O)NNC(=O)c3ccc(OC(=O)c4cccc(C(C)=O)c4)cc3)c2)cc1,,0.33756272,,,
1335530924,CC(=O)Nc1ccc(C2(c3ccc(N4C(=O)c5ccc(C)cc5C4=O)cc3)CCC(CC)CC2)cc1,,0.37532282,,,
1335818219,CCC(C)c1ccc(CCCCCCCCCCCC)cc1,,0.40128707,0.3035,0.85312948,11.9470464
1335837736,CC(=O)OCCN(CCOC(=O)c1ccc2c(c1)C(=O)N(c1cccc(N3C(=O)c4ccc(C)cc4C3=O)c1)C2=O)c1ccc(N=Nc2ccc(C)cc2)cc1,,0.35543807,,,
1335930330,Cc1cccc(N2C(=O)c3ccc(Oc4cccc5c(Oc6ccc7c(c6)C(=O)N(C)C7=O)cccc45)cc3C2=O)c1,,0.36724296,,,
1336441380,CCCCOC(=O)c1cccc(C(=O)OC)c1,,0.3342418,,,
1336532550,CCCN(C)C(=O)CCC(F)(F)C(F)(F)C(F)(F)C(F)(F)C(F)(F)C(F)(F)F,-52.64825421,,,,
1336700268,COc1ccc(-c2ccc(OC(=O)c3ccc(Oc4ccc(C5(c6ccc(Oc7ccc(C(C)=O)cc7)cc6)CCC(C(C)(C)C)CC5)cc4)cc3)cc2C)c(C)c1,,0.37755445,,,
1336943329,CC(C)F,,0.33115728,,,
1336999615,CNc1ccc(-c2ccc(NC)c(Cc3ccccc3)c2Cc2ccccc2)cc1,,0.35426981,,,
1337045352,CCCCCCCOC(=O)OCCCCCCCCCCOC(=O)OCCCCCCOc1ccc(C(=O)c2ccc(OC)cc2)cc1,,0.36434074,,,
1337142448,COc1ccc(NC(=O)c2ccc([Si](C)(C)c3ccc(C(C)=O)cc3)cc2)cc1,,0.36897255,,,
1337289078,COc1ccc(S(=O)(=O)c2ccc(-c3ccc(C)cc3)cc2)cc1,,0.37072306,,,
1337317565,CCC(C)(C)C(=O)O,,0.2715841,,,
1337375382,CC(=O)Nc1ccc(Oc2ccc(NC(=O)c3ccc4c(c3)C(=O)N(c3ccc(S(=O)(=O)c5ccc(N6C(=O)c7ccc(C)cc7C6=O)cc5)cc3)C4=O)cc2)cc1,,0.35862232,,,
1337675110,COc1ccc2ccc(Oc3ccc(C(=O)Nc4ccc(Oc5ccc(Oc6ccc(NC(=O)c7ccc(C)cc7)cc6)cc5)cc4)cc3)cc2c1,,0.35681519,,,
1337696117,CCCCCCCCCCCCNC(=O)CCCCCCCCCCC(=O)NC,,0.37340882,0.389,,
1337772240,Cc1ccc(OC(=O)c2cccc(C(=O)Oc3ccc(C4(C)C(=O)Nc5c(Cl)cc(Cl)cc54)cc3)c2)cc1,,0.3679968,,,
1338251164,COC(COC(=O)c1ccccc1C(C)=O)COc1ccc(N=Nc2ccc(C#N)cc2)cc1,,0.35887152,,,
1338688328,CCC(C)(C)C(=O)OC(C)C(C)(C)C,,0.3963458,0.1674999999999999,0.844615787,10.99075229
1339056719,Cc1cccc(N2C(=O)c3ccc(Oc4ccc(Oc5ccc(Oc6ccc7c(c6)C(=O)N(C)C7=O)cc5)cc4)cc3C2=O)c1,,0.3655675,,,
1339302130,CCC(C)C(=O)OCCCC,,,0.2075,0.952753315,12.71172021
1339379527,CC(C)=C(C)c1ccccc1,,0.41349595,,,
1340249291,Cc1ccc2c(c1)C(=O)N(c1cccc(N3C(=O)c4ccc(C(C)(C(F)(F)F)C(F)(F)F)cc4C3=O)c1)C2=O,,0.38859265,,,
1340852987,CCC(C)(C)C(=O)OCC[N+](C)(C)CCCCS(=O)(=O)O,,0.45104433,,,
1341096524,CC=CC1CC(C)C2C(=O)N(CCCCCCCC)C(=O)C12,,0.36926721,,,
1341187910,CCc1cccc(CNC(=O)CCCCC(=O)NC)c1,,0.32740895,,,
1341702533,CC=Cc1ccc(C=Cc2ccc3c(c2)Sc2cc(C)ccc2N3c2ccc(OCCCCCCCCCCCC)cc2)cc1,,0.3922989,,,
1341724908,CNc1ccc(Oc2ccc(C(c3ccc(Oc4ccc(NC)cc4)cc3)(C(F)(F)F)C(F)(F)F)cc2)cc1,,0.34875187,,,
1341866550,CNc1cc(C)c(Cc2ccc(CCCCCCCCCCCCCCCCCc3ccc(Cc4c(C)cc(NC)cc4C)cc3)cc2)c(C)c1,,0.35929695,,,
1342064373,COc1ccc(OC(=O)c2ccc(C(C)=O)cc2Sc2ccccc2)cc1-c1ccccc1,,0.36668313,,,
1342174126,CC(=O)c1ccccc1-c1ccccc1C(=O)N1CCN(C)CC1,,0.36072955,,,
1342666772,Cc1ccc(C(=O)c2ccc(-c3nc4cc(-c5ccc6nc(C)[nH]c6c5)ccc4[nH]3)cc2)cc1,300.9001313,,,,
1343284955,CC(=O)c1cc2c(cc1Cl)C(=O)N(c1cc(C(=O)OC)cc(N3C(=O)c4cc(C)c(Cl)cc4C3=O)c1)C2=O,,0.39142907,,,
1344066127,CCCCCCCCCCCOc1ccc(CCc2ccc(OC)cc2C)cc1,,0.3784776,,,
1344203582,Cc1ccc(-c2sc(-c3ccc(-c4cc(CCCCCCCCCCCC)c(C)s4)cc3)cc2CCCCCCCCCCCC)cc1,,0.42148672,,,
1344237352,Cc1c(C)cc(C(c2cccc(C(F)(F)F)c2)c2cc(C)c(N3C(=O)c4ccc(Oc5ccc6c(c5)C(=O)N(C)C6=O)cc4C3=O)c(C)c2)cc1C,,0.41905022,,,
1344927771,CCC(C)C(=O)OCCCOc1ccc(N=Nc2ccc([N+](=O)[O-])cc2)cc1,,0.35935263,,,
1345021190,CCCCCCCCCOc1ccc(C=C2CCC(=Cc3ccc(OCCCCCCCCOP(=O)(OC)OCC)c(OC)c3)C2=O)cc1OC,,0.36323545,,,
1345501676,COc1ccc(CC(NC(=O)CCc2ccc(OC(=O)COCC(C)=O)cc2)C(=O)OCc2ccccc2)cc1,,0.33379444,,,
1345670200,CCC(COc1ccc(C(C)(c2ccccc2)c2ccc(OC)cc2)cc1)OC(C)=O,,0.35362656,,,
1345726690,CCC#CCOC(=O)CCCCCCC(=O)OC,,0.35175594,,,
1345866279,CO[Si](C)(C)c1ccc(C)cc1,,0.39948933,,,
1345870350,Cc1ccc(Oc2ccc(C(=O)c3ccc(C(=O)c4ccc(Oc5ccc(-c6nc7ccccc7n6-c6ccc(-n7c(C)nc8ccccc87)cc6)cc5)cc4)cc3)cc2)cc1,,0.3802456,,,
1345870546,CCCCCCCCCN1C(=O)c2ccc(C(c3ccc4c(c3)C(=O)N(C)C4=O)(C(F)(F)F)C(F)(F)F)cc2C1=O,,0.35143027,,,
1346046576,COc1ccc(C(=O)OCCCCCCOC(=O)c2ccc(C)cc2)cc1,,0.35010483,,,
1346259301,CC=CC(C)C(C)C(=O)OCCN(C)c1ccc(N(C)C)cc1,,0.37701058,,,
1346551249,CCC1(C)CCC(C)CC1,,,0.164,,
1346729731,CNc1ccc2cc(NC)c(-c3cc4ccccc4c(N)c3N)cc2c1,,0.34931736,,,
1346910233,CCCCCCCCCCCCCOc1ccc(N(c2ccccc2)c2ccc(-c3ccc(N(c4ccccc4)c4ccc(OC)cc4)cc3)cc2)cc1,,0.39073827,,,
1347090486,CCCCCCCCCCCOC(=O)CCCCCCCCC(=O)OC,,0.37098942,0.281,0.930218098,21.56106622
1347844859,Cc1ccc2c(c1)C(=O)N(c1cccc(S(=O)(=O)c3cccc(N4C(=O)c5ccc(C(C)(C(F)(F)F)C(F)(F)F)cc5C4=O)c3)c1)C2=O,,0.37548521,,,
1347977204,CCCOC(=O)CC(=O)OC,-90.52916041,,,,
1349126211,CCC(C)C(=O)Oc1cccc(C(=O)OC)c1,,0.33263806,,,
1349202654,CCC1CCC(COC(=O)c2cccc(C(=O)OC)c2)CC1,,0.35579865,,,
1349238031,CCCCCCCN1C(=O)c2ccc(C(=O)c3ccc4c(c3)C(=O)N(C)C4=O)cc2C1=O,,0.34709523,,,
1349530452,COc1ccc(CC(NC(=O)CCc2ccc(OC(=O)CCCCCCC(C)=O)cc2)C(=O)OC(C)C)cc1,,0.34605005,,,
1349559067,CCC(CS(=O)(=O)C(C)C)OC,,0.37689062,,,
1349609988,CNc1c(N)n(C)c(NC)nc1=O,,0.3003834,,,
1349614436,Cc1ccc2c(c1)C(=O)N(c1ccc(C(=O)Nc3ccc(Oc4ccccc4Oc4ccc(NC(=O)c5ccc(N6C(=O)c7ccc(C(C)(C(F)(F)F)C(F)(F)F)cc7C6=O)cc5)cc4)cc3)cc1)C2=O,,0.35589538,,,
1349968586,CNC(=O)[C@H](CCC[C@H](N)C(=O)O)NC,,0.29081425,,,
1350186524,Cc1c(C)cc(Cc2cc(C)c(N3C(=O)c4ccc(Oc5cc6ccccc6cc5Oc5ccc6c(c5)C(=O)N(C)C6=O)cc4C3=O)c(C)c2)cc1C,,0.38811935,,,
1350245180,CNc1ccc(C(CCCC[C@H]2CC[C@H](/C=C/[C@H]3CC[C@H](CCC)CC3)CC2)c2ccc(NC)cc2)cc1,,0.3683838,,,
1350837084,CCC(C)(CC)C(=O)OC,,0.3539173,,,
1350968415,CC1C(=O)N(CCCCCCCCOc2ccc(-c3ccc(C#N)cc3)cc2)C(=O)C1C,,0.35300767,,,
1351618025,CCC(C)(C)C(=O)OCCOC(=O)c1cc(OC(=O)c2ccc(N=Nc3ccc(OCCCCCCC)cc3)cc2)cc(OC(=O)c2ccc(N=Nc3ccc(OCCCCCCC)cc3)cc2)c1,9.014452923,,,,
1352932501,CNc1ccc(-c2ccc(-c3cc(-c4ccc(NC)cc4)cc(-c4ccc(-c5ccc(N)cc5)cc4)c3)cc2)cc1,,0.35536772,,,
1353112393,CCCCCCCCCCCNC(=O)CCCCCCCCCCCCCCCCCCCCC(=O)NC,,,0.38825,0.884434958,21.19385371
1353148965,CNc1cc(NC)c2c3ccccc3c3ccccc3c2c1,,0.33007057,,,
1353215039,Cc1cccc(Oc2ccc(P(=O)(c3ccccc3)c3ccccc3)c(Oc3cccc(N4C(=O)c5ccc(-c6ccc7c(c6)C(=O)N(C)C7=O)cc5C4=O)c3)c2)c1,,0.3682581,,,
1354246474,CC(=O)Nc1ccc(C(c2ccc(NC(=O)c3ccc(N4C(=O)c5ccc(C)cc5C4=O)cc3C)cc2)(C(F)(F)F)C(F)(F)F)cc1,,0.36478693,,,
1355319996,CC(=O)NCCN(CCNC(=O)c1ccc(N2C(=O)c3ccc(C)cc3C2=O)cc1)c1ccc(C=Cc2ccc([N+](=O)[O-])cc2)cc1,,0.33834048,,,
1355567925,COc1ccc(NC(=O)c2ccc(Oc3ccc(C(C)(C)c4ccc(C(C)(C)c5ccc(Oc6ccc(C(=O)Nc7ccc(Oc8ccc(-c9ccc(C)cc9)cc8)cc7)cc6)cc5)cc4)cc3)cc2)cc1,,0.36733109,,,
1355819266,CNc1cccc(NC(=O)CCCCCCCCC(C)=O)c1,,0.34121372,,,
1356052280,CCCOCCOCCOCCOc1ccc(/C=C(\C)c2ccc(OC)cc2)cc1,,0.35954959,,,
1356279835,CCC(C)c1ccccc1Cl,,,0.1436666666666667,,
1356849537,Cc1ccc(N(c2ccc(N(C)C)cc2)c2ccc(N3C(=O)c4ccc(S(=O)(=O)c5ccc6c(c5)C(=O)N(C)C6=O)cc4C3=O)cc2)cc1,,0.417039,,,
1356914950,Cc1cccc(N2C(=O)c3cccc(Oc4ccc(-c5ccc(Oc6cccc7c6C(=O)N(C)C7=O)cc5)cc4)c3C2=O)c1,,0.36636392,,,
1357039642,COc1ccc(S(=O)(=O)c2ccc(-c3ccc(S(=O)(=O)c4ccc(C)cc4)cc3)cc2)cc1,,0.37627805,,,
1357177247,Cc1ccc(-c2ccc(-c3ccc(-c4ccc(N(C)c5ccc(C)cc5)cc4)c4c(C)ccc(C)c34)c3c(C)ccc(C)c23)cc1,,0.41844123,,,
1358109974,CNc1ccc(/C=C/c2cc(/C=C/c3ccc(N)cc3)cc(/C=C/c3ccc(NC)cc3)c2)cc1,,0.35610463,,,
1358861008,CC(=O)Nc1ccc(Oc2ccc(Oc3ccc(NC(=O)c4ccc5c(c4)C(=O)N(c4ccc(Oc6ccc(C7(c8ccc(Oc9ccc(N%10C(=O)c%11ccc(C)cc%11C%10=O)cc9)cc8)CC8CC7C7CCCC87)cc6)cc4)C5=O)cc3)cc2)cc1,,0.36692147,,,
1358943628,CCC(C)(F)C(=O)OC,,0.3195917,,,
1359050753,CNC1=C(CC=C)[C@H](CCCCC)c2cccc3ccc(NC)c1c23,,0.3464462,,,
1359082710,Cc1ccc(Oc2ccc(C(c3ccc(Oc4ccc(-c5nnc(C)n5-c5cccc(C(F)(F)F)c5)cc4)cc3)(C(F)(F)F)C(F)(F)F)cc2)cc1,,0.38188218,,,
1359130105,Cc1cccc(N2C(=O)c3cccc(Oc4ccc(Oc5ccc(Oc6cccc7c6C(=O)N(C)C7=O)cc5)cc4)c3C2=O)c1,,0.36431938,,,
1359436093,CNc1ccc(-c2ccc(C)cc2)c(-c2ccc(C)cc2)c1NC,,0.36465263,,,
1359594039,Cc1ccc(C=C(c2ccc(OC)cc2)c2ccc(C(=Cc3ccc(N(C)c4ccccc4)cc3)c3ccc(OC)cc3)cc2)cc1,,0.40199668,,,
1359687224,COc1ccc(CC(NC(=O)CCc2ccc(OC(=O)CCC(C)=O)cc2)C(=O)OCCCCCCCC)cc1,,0.35002992,,,
1359872176,CCC(C)(C)C(=O)NC(=O)OC(C)COc1ccc(S(=O)(=O)c2ccc(OCC(C)O)cc2)cc1,,0.33219505,,,
1360256183,CCc1ccc(C(C)(C)c2ccc(CN3C(=O)c4ccc(C(c5ccc6c(c5)C(=O)N(C)C6=O)(C(F)(F)F)C(F)(F)F)cc4C3=O)o2)o1,,0.35852465,,,
1361184303,CNc1ccc(C2(c3ccc(NC)c(-c4ccccc4)c3)c3ccccc3-c3ccccc32)cc1-c1ccccc1,,0.379009425,,,
1361620762,CC=CC(C)C(C)C(=O)OC,,0.36981772,,,
1361875495,Cc1cc(C(C(=O)OC)C(=O)OC)c(C)s1,,0.39850796,,,
1362818896,COc1ccc(C2(c3ccc(Oc4ccc(C(=O)c5ccc(Oc6ccc(C(=O)c7ccc(C)cc7)cc6)cc5)cc4)cc3)c3ccccc3-c3ccccc32)cc1,,0.39211202,,,
1362829798,CCC(C)P(=O)(OCC)N(C)C,,0.3661564,,,
1362985746,CC=NN(CCCC)c1ccc(S(=O)(=O)c2ccc(N(CCCC)N=Cc3ccc4c(c3)c3cc(C)ccc3n4CC)cc2)cc1,139.604302,,,,
1363453372,COc1ccc(Oc2ccc(NC(=O)c3cc(C(=O)Nc4ccc(C)cc4)cc(N4C(=O)c5c(Cl)c(Cl)c(Cl)c(Cl)c5C4=O)c3)cc2)cc1,315.5911196,,,,
1363602163,CCCCCc1ccc(-c2c(-c3ccccc3)cc(-c3cccc(-c4cc(-c5ccccc5)c(-c5ccc(C)cc5)c(-c5ccccc5)c4-c4ccccc4)c3)c(-c3ccccc3)c2-c2ccccc2)cc1,,0.39697678,,,
1364091804,CCC(C)(C)C(=O)OCCCCCCCCCCOc1ccc(N=Nc2ccc(C#N)cc2)cc1,,0.37216814,,,
1364709079,CO[Si](C)(C)O[Si](C)(C)O[Si](C)(C)c1ccc([Si](C)(C)C)cc1,,0.438999,,,
1365155281,CC#Cc1cccc(C#C[SiH](C)c2ccccc2)c1,,0.45724186,,,
1365375368,CCC(C)C(=O)Oc1cc(C)cc(C)c1,,0.36603281,,,
1365608843,CCCCCCCNC(=O)C(OC)C(OC)C(=O)NC,,0.33568737,,,
1365694834,CCCCCCCCC(=O)OCC1COC(C)O1,,0.35131956,,,
1365820335,CC1OCCCC1C1C(=O)OC(=O)C1C,,0.31521835,,,
1365848174,Cc1ccc(-c2nc3cc4nc(-c5ccccc5)c(C)nc4cc3nc2-c2ccccc2)cc1,,0.51398194,,,
1365937405,CCC(OC(C)C)C1C(=O)OC(=O)C1C,,0.31948862,,,
1366065674,Cc1ccc(Oc2ccc(C(=O)c3ccc(Oc4ccc(N5C(=O)c6ccc(Oc7ccc8c(c7)C(=O)N(C)C8=O)cc6C5=O)cc4)cc3)cc2)cc1,,0.36983712,,,
1366196353,CNc1ccc(-c2ccc(NC)cc2-c2cccc3ccccc23)c(-c2cccc3ccccc23)c1,,0.35926745,,,
1366250569,CCCCCCCCCCCCCOC,,,0.4307499999999999,0.85333452,24.21423422
1366419204,CNc1ccc(C2(c3ccc(NC)c(C)c3)c3cc(-c4ccccc4)ccc3-c3ccc(-c4ccccc4)cc32)cc1C,,0.3801140149999999,,,
1366538369,COc1ccc(OC(=O)c2ccc(NC(=O)c3ccc(C(C)=O)cc3)cc2)cc1,176.5386789,,,,
1366987461,CNc1ccc(C(=CCC(C)(c2ccc(N)cc2)c2ccc(NC)cc2)c2ccc(N)cc2)cc1,,0.35500045,,,
1367013502,CN=P(C)(OCCOCCOC)OCCOCCOC,,0.35370177,,,
1367398148,CCCCOC(=O)OC,,0.31917204,,,
1367679735,CCC1CCC(COP(=O)(N=Nc2ccc(C(=O)c3ccc(N=NP(=O)(OC)OC)cc3)cc2)OC)CC1,,0.36569586,,,
1367828072,CCC(C)(C)C(=O)Oc1ccc(OCc2ccccc2)cc1,,0.34318377,,,
1367832773,Cc1ccc(N(c2ccccc2)c2ccc(N3C(=O)c4ccc(S(=O)(=O)c5ccc6c(c5)C(=O)N(C)C6=O)cc4C3=O)cc2)cc1,,0.41550047,,,
1367879345,CCCSC(=O)CCCCC(=O)SC,-21.91188888,,,,
1368560795,CNc1ccc2c(-c3ccccc3)c3cc(NC)ccc3c(-c3ccccc3)c2c1,,0.36152182,,,
1369201997,CC(=O)NC1CCC(CC2CCC(NC(=O)c3ccc(N4C(=O)c5ccc(C)cc5C4=O)cc3)CC2)CC1,,0.3545699,,,
1369478865,CCC(C)S(=O)c1ccccc1,137.9705527,,,,
1369988926,COc1ccc(C(C)(C)c2ccc(Oc3ccc(C(=O)c4ccc(C(=O)c5ccc(C)cc5)cc4)cc3)cc2)cc1,,0.38241921,,,
1370170679,COc1ccc(C(CC)(CC)c2ccc(OC(=O)c3ccc(C(C)=O)cc3)cc2)cc1,,0.36895658,,,
1370228225,CCCCCC(c1ccc(O)cc1)C(C)c1ccc(O)cc1C,,0.35379237,,,
1370311648,COc1cccc(NC(=O)c2ccc(C(c3ccc(C(=O)Nc4ccc(C)cc4)cc3)(C(F)(F)F)C(F)(F)F)cc2)c1,157.6228264,,,,
1370577687,CCC(C)C(=O)NCC(N)=O,,0.24561261,,,
1370610727,CCCCC=C(C)c1ccccc1,,0.38339331,,,
1370707470,CCCN(C)CC[Si](C)(C)C,,0.41091348,,,
1370747504,CCCCCCCNC(=O)CCCCCCCCCCCCC(=O)NC,,,0.355,0.933728856,22.40485025
1370904651,COc1ccc(C(c2ccc(OC(C)=O)cc2)C2C3CCC(C3)C2c2ccccc2)cc1,,0.36998662,,,
1371045959,CC1C2CC(C)C(C2)C1C,,0.40953416,,,
1372092396,COc1ccc(C(C)(C)c2ccc(OC(=O)c3ccc(C(C)=O)cc3)c(Cl)c2)cc1Cl,,0.37511386,,,
1372197295,COc1c(C)cc(C)cc1C,,,,0.945927386,16.3810139
1372357517,CCCCCCCOC(=O)OC,,0.34844798,,,
1372478864,COc1ccc(-c2ccc(OC(=O)c3ccc(-c4ccc(C(C)=O)cc4C(F)(F)F)c(C(F)(F)F)c3)cc2C(=O)OCCCCCCCCCCCOc2ccc(-c3ccc(C#N)cc3)cc2)c(C(=O)OCCCCCCCCCCCOc2ccc(-c3ccc(C#N)cc3)cc2)c1,,0.36028801,,,
1373042522,COc1ccc(CC(NC(=O)CCc2ccc(OC(=O)CCCC(C)=O)cc2)C(=O)OCCCCCC)cc1,,0.34700053,,,
1373216700,CNc1ccc2c(c1)C1(c3cc(N)ccc3-2)c2cc(N)ccc2-c2ccc(NC)cc21,,0.38294109,,,
1373295279,CNc1ccc(C(c2ccc(NC)cc2)[C@H](CCC)CCCCC(c2ccc(N)cc2)c2ccc(N)cc2)cc1,,0.35865315,,,
1373519109,CCC(CCCCCCCCOc1ccc(C(=O)Oc2ccc(C(=O)OCC(C)CC)cc2)cc1)OC,-0.17829817,,,,
1373716942,COc1ccc(CC(NC(=O)CCc2ccc(OC(=O)CCCCC(C)=O)cc2)C(=O)OCCCCCCCCCCCC)cc1,,0.36106386,,,
1373795866,CNc1ccc(-c2ccc(-c3ccc(-c4ccc(NC)cc4)c4ccccc34)c3ccccc23)cc1,,0.36481305,,,
1375025595,CC(=O)Oc1ccc([Si](C)(CC)c2ccc(OC(=O)c3ccc(C)s3)cc2)cc1,,0.3789267,,,
1375441577,CN/N=N\c1ccc2ccccc2c1-c1c(/N=N/NC)ccc2ccccc12,,0.36086898,,,
1375874201,CNC1=CC=C(C2(c3ccc(NC)cc3)CCCCC2)CC=C1,,0.35363223,,,
1376051647,CCC(C)(C)C(=O)Oc1cccc(C)c1C,,0.36564325,,,
1376172701,CNc1ccc(C(C)(CCc2cc(NC)ccc2-c2ccc(N)cc2C)c2ccc(N)cc2)cc1,,0.36703698,,,
1376346368,Cc1ccc(-c2ccc(-c3ccc4c(c3)C(CCCCCCCC)(CCCCCCCC)c3cc(-c5ccc(C)s5)ccc3-4)s2)cn1,,0.45492217,,,
1376684295,COc1ccc(NC(=O)c2ccc(Oc3ccc(C(=O)Nc4ccc(C)cc4)cc3)cc2)cc1,,0.35061579,,,
1376982255,CCCCCCCCCCCC(=O)Nc1ccc(Oc2cccc(NC(=O)CCCCCCCCCCN3C(=O)c4ccc(C(=O)c5ccc6c(c5)C(=O)N(C)C6=O)cc4C3=O)c2)cc1,,0.34938578,,,
1377024014,CC(=O)NNC(=O)c1ccc(C)nc1,135.1836518,,,,
1377176379,Cc1ccc(C2(c3ccc(-c4nnc(C)o4)cc3)OC(=O)c3ccccc32)cc1,,0.4359793,,,
1377849521,CCC(C)c1ccc(COCCO)cc1,,0.34743668,,,
1378439616,CCCCCCC(=O)Nc1ccc(NC(=O)CCCCCN2C(=O)c3ccc(C(=O)c4ccc5c(c4)C(=O)N(C)C5=O)cc3C2=O)cc1,,0.33248324,,,
1378483093,Cc1ccc(Oc2ccc(Oc3ccc(Oc4ccc(-c5nc6ccc(-c7ccc8nc(C)c(-c9ccccc9)nc8c7)cc6nc5-c5ccccc5)cc4)cc3)cc2)cc1,,0.39796101,,,
1378557946,CN[C@H]1CC[C@H](C[C@H]2CC[C@H](NC)[C@@H](C)C2)C[C@@H]1C,,0.36416977,,,
1378818444,CNc1ccc(C(Cc2ccccc2)(Cc2ccccc2)c2ccc(NC)cc2)cc1,,0.36110645,,,
1379119982,CCC(C)(C)C(=O)OCCCCCCOc1ccc(C=CC2=C(C#N)C(=C(C#N)C#N)OC2(C)C)cc1OCCCCCC,,0.37360953,,,
1379290572,COc1ccc(NC(=O)Nc2ccccc2CCc2ccccc2NC(=O)Nc2ccc(C)cc2)cc1,,0.35119431,,,
1380589062,CCC(C)OCCCCCCCCCCCOc1ccc(C(=O)Oc2ccc(OCC)cc2)cc1,,0.36990497,,,
1380807593,Cc1ccc(Oc2ccc(C(=O)c3cccc(C(=O)c4ccc(Oc5ccc(N6C(=O)c7ccc(Oc8ccc9c(c8)C(=O)N(C)C9=O)cc7C6=O)cc5)cc4)c3)cc2)cc1,,0.36329439,,,
1381195647,Cc1ccc(NC2CC(=O)N(c3ccc(Cc4ccc(N5C(=O)CC(Nc6ccc(-c7nc(-c8ccc(C=Cc9ccc([N+](=O)[O-])cc9)cc8)[nH]c7C)cc6)C5=O)cc4)cc3)C2=O)cc1,,0.37470794,,,
1381337604,COc1ccc(C(=Cc2ccc(-c3ccc(C=C(c4ccccc4)c4ccc(OC(=O)CCCCC(C)=O)cc4)cc3)cc2)c2ccccc2)cc1,,0.37196915,,,
1381529897,CCC(C)(C)C(=O)OCCNC(C)(C)C,,0.36999858,0.184,0.899956342,11.94476747
1382189340,CCCC=C(C)C(C)C,,0.40099098,,,
1382529497,CO[Si](C)(C)O[Si](C)(C)C#Cc1ccc(C#C[Si](C)(C)C)cc1,,0.4683381,,,
1382532575,CNc1ccc(C2=CC[C@](NC)(c3ccccc3)C=C2)cc1,,0.343948335,,,
1382706123,COc1c(F)c(F)c(S(=O)(=O)c2c(F)c(F)c(Oc3ccc(C(c4ccc(C)cc4)(C(F)(F)F)C(F)(F)F)cc3)c(F)c2F)c(F)c1F,,0.36236981,,,
1382769983,CNc1cccc2c1OC1(Oc3c(cccc3NC)C=C1C)C(C)=C2,,0.35078115,,,
1383097828,CCC(C)(C)C(=O)OC(F)(F)C(F)(F)C(F)(F)C(F)(F)C(F)(F)C(F)(F)C(F)(F)C(F)(F)F,,0.32884638,0.084,1.517768128,12.13515797
1383379124,COc1ccc(CC(NC(=O)CCc2ccc(OC(=O)CCCCC(C)=O)cc2)C(=O)OCC(C)C)cc1,,0.34693865,,,
1383381631,CNc1ccc(C2(c3ccc(NC)cc3)c3ccccc3-c3cccc(N)c32)cc1,,0.368668165,,,
1383628967,CC(=O)c1ccc(Oc2ccc(N3C(=O)c4ccc(C)cc4C3=O)cc2)cc1,,0.36913731,,,
1384565570,CCCCCCCCCOc1ccc(CCc2ccc(OC)cc2C)cc1,,0.37561448,,,
1385095283,CNc1cccc2c1-c1ccc(NC)c3cccc-2c13,,0.33425976,,,
1385421838,CCCCCCCCCCCCCNC(=O)CCCCCCCCCCCCCCCCCCCCC(=O)NC,,,0.3944285714285714,0.881825572,22.00194528
1386193418,CNc1ccc(C(CC)(c2ccc(N)cc2)c2ccc(NC)cc2)cc1,,0.36099654,,,
1386252295,CCC(CS(=O)(=O)CC)OC,,0.36974777,,,
1386318462,Cc1ccc(Oc2ccc(C(c3ccc(Oc4ccc(-c5nc(-c6ccccn6)nnc5C)cc4)cc3)(C(F)(F)F)C(F)(F)F)cc2)cc1,,0.39042731,,,
1386480271,CCC(C)n1c2ccccc2c2cc3ccccc3cc21,,0.38102074,,,
1386834034,CCCCCCCCCCCCCCCCCOC(=O)NCc1ccc(CNC(=O)OC)cc1,,0.36337534,,,
1387274327,COC(C)C(=O)NC(C)C(C)=O,,0.33069722,,,
1387462410,CCCN(C)C(=O)c1ccccc1F,,0.34924662,,,
1387474634,Cc1cc(C(c2ccc(OCCN(C)c3ccc(C=CC4=CC(=C(C#N)C(=O)OCc5ccc(Oc6c(F)c(F)c(F)c(F)c6F)cc5)CC(C)(C)C4)cc3)c(N3C(=O)c4ccc(Oc5ccc6c(c5)C(=O)N(C)C6=O)cc4C3=O)c2)(C(F)(F)F)C(F)(F)F)ccc1OCCN(c1ccccc1)c1ccc(C=CC2=CC(=C(C#N)C(=O)OCc3ccc(Oc4c(F)c(F)c(F)c(F)c4F)cc3)CC(C)(C)C2)cc1,,0.36411083,,,
1387601413,CCCN(CCNC(=O)c1ccc2c(c1)C(=O)N(C)C2=O)c1ccc(C=Cc2ccc([N+](=O)[O-])cc2)cc1,,0.34587663,,,
1387608181,CCC(C)CCCCCCCCCCCCCCCCCCCC,21.77937998,,0.4019999999999999,,
1387610033,CNc1ccccc1NC(=O)c1ccc(C(C)=O)cc1,231.8080905,,,,
1387678477,Cc1ccc(-c2cnc3cc4ncc(C)nc4cc3n2)cc1,,0.44896941,,,
1387768222,COc1ccc(S(=O)(=O)c2ccc(Oc3ccc(C(C)(C)c4ccc(C)c([N-][N+]#N)c4)cc3[N-][N+]#N)cc2)cc1,181.1592195,,,,
1388155176,CNc1ccc2c(c1NC)Cc1ccccc1C2,,0.3459074,,,
1388167094,CC1c2cccc3cccc(c23)C1C,,0.40696221,,,
1388289215,CCCCCNC(=O)C(=O)NC,,0.29824188,,,
1388694213,CCC(C)(F)C(=O)OCC(F)(F)C(F)(F)C(F)(F)C(F)(F)C(F)(F)C(F)(F)C(F)(F)F,-98.70472035,,,,
1388851619,CNc1cccc2c1C(CCC)(CCC)c1c(NC)cccc1-2,,0.36616885,,,
1388941962,COP(=O)(Oc1ccc([N+](=O)[O-])cc1)Oc1ccc(S(=O)(=O)c2ccc(C)cc2)cc1,,0.35035156,,,
1389124790,Cc1cccc(S(=O)(=O)c2cccc(N3C(=O)c4ccc(Oc5ccc(Sc6ccc(Oc7ccc8c(c7)C(=O)N(C)C8=O)cc6)cc5)cc4C3=O)c2)c1,,0.36721228,,,
1389236508,CCC(C)(C)C(=O)OC(COc1cc2ccccc2c2ccccc12)COc1cc2ccccc2c2ccccc12,,0.34422999,,,
1389502780,CNc1ccc2cc3c(NC)cccc3cc2c1,,0.3412073,,,
1389796975,COc1ccc(-c2ccc(Oc3ccc(C(=O)c4ccccc4-c4ccccc4C(=O)c4ccc(C)cc4)cc3)cc2)cc1,,0.37420624,,,
1389935777,CCC(C)C(=O)NC,,0.31352975,,,
1390124643,Cc1c(C)cc(-c2cc(C)c(N3C(=O)c4ccc(S(=O)(=O)c5ccc6c(c5)C(=O)N(C)C6=O)cc4C3=O)c(C)c2)cc1C,,0.39879809,,,
1390426236,CCC(C)c1cccc(OC(C)=O)c1,,0.34951316,,1.002961799,14.19064142
1390442930,CCC(CCCCCCCC)COC(=O)NC(=O)c1cccc(C(=O)NC(=O)OC)c1,,0.33456199,,,
1390880036,COc1ccc(-c2ccc(OC(=O)/C=C/c3ccc(/C=C/C(C)=O)cc3)cc2)cc1,,0.34195777,,,
1390904524,CCC(C)(C)C(=O)OCC1CC(NC(=O)OC(C)(C)C)CN1C(=O)OC(C)(C)C,,0.36053611,,,
1391196204,CCC(C)SCCCC,,0.42462566,,,
1391471000,Cc1ccc(Oc2ccc(C(=O)c3ccc(Oc4ccc(-c5c6c(c(C)c7ccccc57)C(=O)N(c5ccccc5C(F)(F)F)C6=O)cc4)cc3)cc2)cc1,,0.38249401,,,
1391471674,CNNC(=O)c1cc(NC(=O)c2ccc3c(c2)C(=O)N(c2ncccc2C)C3=O)cc(C(=O)NNC(=O)CCCC(C)=O)c1,,0.3253017,,,
1391761944,CCc1cc(C(C)(C)C)cc(C)c1O,,0.40309705,,,
1392013159,CC(=O)c1ccc2c(c1)C(=O)N(c1ccc(-c3ccc(N4C(=O)c5ccc(C)cc5C4=O)cc3)cc1)C2=O,,0.37421287,,,
1392018017,Cc1ccc2c(c1)C(=O)N(c1ccc(-c3ccc(-c4ccc(N5C(=O)c6ccc(C(C)(C(F)(F)F)C(F)(F)F)cc6C5=O)cc4)cc3)cc1)C2=O,302.652739,,,,
1392118578,CCCCCCCCCOC(=O)CCCCCNC(=O)c1ccc(C(=O)NCCCCCC(=O)OC)cc1,,,0.276,,
1392601033,CNc1ccc(C(=C(c2ccc(N)cc2)c2ccc(NC)cc2)c2ccc(N)cc2)cc1,,0.36763505,,,
1393144437,CCCOC(=O)c1ccc(C2(C)CC(C)(C)c3ccc(C(=O)OC)cc32)cc1,,0.36910231,,,
1393145054,Cc1ccc2c(c1)C(=O)N(c1ccc(Cc3ccc(N4C(=O)c5ccc(C(C)(C)CCCCC(C)(C)C)cc5C4=O)cc3)cc1)C2=O,,0.36933669,,,
1393359836,CC(=O)Nc1ccc(Sc2ccc(NC(=O)c3ccc4c(c3)C(=O)N(c3ccc(Oc5ccc(C6(c7ccc(Oc8ccc(N9C(=O)c%10ccc(C)cc%10C9=O)cc8)cc7)NC(=O)c7ccccc76)cc5)cc3)C4=O)cc2)cc1,,0.36914488,,,
1393430812,CNc1ccc(CC[C@H](c2ccccc2)c2ccc(NC)cc2)cc1,,0.34550971,,,
1394137835,CO[Si](C)(C)c1ccc2cc3cc([Si](C)(C)C)ccc3cc2c1,,0.407332,,,
1394335529,CCCCCCCCCCCCCCCCCCCCCCCOC(=O)CC(CC(=O)OC)c1ccccc1,,,0.354,,
1394769597,CNc1ccc2ccc3c4ccccc4ccc3c2c1NC,,0.34015504,,,
1394885564,Cc1ccc(-c2ccc(C(C)(C(F)(F)F)C(F)(F)F)cc2)cc1,,0.38907083,,,
1394969707,COC(COC(=O)c1ccc(C)cc1C(C)=O)COc1ccc(N=Nc2ccc(C#N)cc2)cc1,,0.3633577,,,
1395351360,COc1cccc2ccc(Oc3ccc(NC(=O)c4ccc(Oc5ccc(C(C)(C)c6cccc(C(C)(C)c7ccc(Oc8ccc(C(=O)Nc9ccc(C)cc9)cc8)cc7)c6)cc5)cc4)cc3)cc12,,0.36813986,,,
1395602302,COc1ccc(C(=O)c2ccc(C)cc2)cc1,,0.37786189,,1.182134646,25.66079856
1395946154,Cc1ccc(C(c2ccc(C#N)cc2)c2ccc(N(C)c3ccc(C)cc3)cc2)cc1,,0.45124557,,,
1396011418,COc1ccc2c(c1)C(C)(c1ccc(OC(C)=O)cc1)CC2(C)C,,0.37135373,,,
1396173463,CNC(=O)O[C@@H]1/C=C\C=C/[C@H](C)[C@@H](/C(C)=C/C(N)(NC)C(N)(N)C[C@]2(O)CC(=O)O[C@@H](CC)[C@H]2C)OC(=O)CC/C=C(\C)[C@H](C)[C@H](O)[C@@H]1C,,0.30358477,,,
1396280832,CNc1ccc2c(c1)-c1cc(NC)ccc1C2(C)C,,0.36307576,,,
1396448482,CNc1ccc(CCc2cc3ccc2CCc2ccc(c(CCc4ccc(NC)cc4)c2)CC3)cc1,,0.35371722,,,
1396499237,CNc1ccc([C@]23C[C@@]4(c5ccc(N)cc5)C[C@](c5ccc(N)cc5)(C[C@](c5ccc(NC)cc5)(C4)C2)C3)cc1,,0.37559858,,,
1397085325,CNc1cc(C)c(Cc2ccc(CCCCCCc3ccc(Cc4c(C)cc(NC)cc4C)cc3)cc2)c(C)c1,,0.35526555,,,
1397226441,Cc1ccc(Oc2ccc(N3C(=O)c4ccc(Oc5ccc(C6(c7ccc(Oc8ccc9c(c8)C(=O)N(C)C9=O)cc7)CCCCCCCCCCC6)cc5)cc4C3=O)cc2)cc1,,0.37598187,,,
1397367740,CO[Si](C)(C)CCCCCCOC(=O)C(C)Oc1ccc(OC(=O)c2ccc(-c3ccc(OCCCCCCCCCC[Si](C)(C)C)cc3)cc2)cc1[N+](=O)[O-],,0.37268989,,,
1397495008,Cc1ccc(Oc2ccc(Oc3ccc(-c4cnc5ccc(-c6ccc7nc(C)cnc7c6)cc5n4)cc3)cc2)cc1,,0.38737398,,,
1397532955,CCC(F)(F)C1(F)CC(CC(O)(C(F)(F)F)C(F)(F)F)CC1C,,0.32389296,,,
1397660267,CCCOC(=O)c1ccc(-c2ccc(-c3ccc(C(=O)OC)cc3)cc2)cc1,,0.34358239,,,
1397915827,CNCCC[Si](C)(C)O[Si](C)(C)CCCNC,,0.37320765,,,
1397995354,Cc1ccc(Oc2ccc(Sc3ccc(Oc4ccc(N5C(=O)c6ccc(Oc7ccc(Oc8ccc9c(c8)C(=O)N(C)C9=O)cc7)cc6C5=O)cc4)cc3)cc2)cc1,,0.36490067,,,
1398649969,Cc1cc(CCCCCCCCCCCCCCC)c(C)s1,,,0.3742499999999999,0.902739983,16.04613034
1399574805,CCCCCCCN(C)C(=O)CCCC(=O)N(C)C,,0.35107943,,,
1399918189,Cc1ccc(Oc2ccc(C(=O)c3ccc(Oc4ccc(-c5c6c(c(C)c7ccccc57)C(=O)N(c5ccccc5-c5ccccc5)C6=O)cc4)cc3)cc2)cc1,,0.38081371,,,
1399962717,Cc1cccc(S(=O)(=O)NCCCCNS(C)(=O)=O)c1,,0.33938166,,,
1399980984,CCC(C)(C)C(=O)OCCCCCCC(F)(F)C(F)(F)C(F)(F)C(F)(F)C(F)(F)C(F)(F)C(F)(F)C(F)(F)C(F)(F)C(F)(F)C(F)(F)C(F)(F)F,,0.348815,,,
1400204987,COC(CCl)COC(=O)C1=C(C(=O)OCC(CCl)OC(=O)c2ccc(C(C)=O)cc2)C2C=CC1C2,,0.35028816,,,
1400904747,CNc1cccc(-c2ccccc2-c2cccc3ccccc23)c1NC,,0.35403641,,,
1401313512,COP(=O)(Oc1c(Cl)cccc1Cl)Oc1c(Cl)c(Cl)c(C)c(Cl)c1Cl,,0.35947365,,,
1401699288,COC1C(C)(C)C(OC(=O)c2ccc(C(C)=O)cc2)C1(C)C,,0.37886333,,,
1401767370,CCC(C)C(=O)OCCCSCC,,0.39575862,0.2155,1.049932374,13.79806606
1401880967,CCC(C)(C)C(=O)OCCCCCCCCCCCCCCCC,,,0.26,,
1401907543,CC(=C(C#N)c1ccc(C(=O)OC2CCN(C)CC2)cc1)c1ccc(OC)cc1,,0.38086854,,,
1402707423,CCC(C)(C)C(=O)OCCC(C)CC(C)(C)C,,0.37283397,0.198,,
1403025307,CCC(C)Cc1ccccc1C,,0.37559758,,,
1403056181,CNc1ccc(-c2ccc(NC)cc2-c2cccc(C)c2)cc1,,0.35636161,,,
1403885669,CC(F)(F)C(F)(F)C1(F)C(C)(F)OC(F)(F)C1(F)F,,,0.1265,1.564699369,19.456651
1404736558,COc1ccc(CC(NC(=O)Cc2ccc(OC(=O)CCCCCCCCC(C)=O)cc2)C(=O)OCC)cc1,,0.34457254,,,
1404881179,COc1ccc(OC(=O)Oc2ccc(C(C)(C)c3ccc(OC(C)=O)cc3)cc2)cc1,,0.34624319,,,
1404906780,CCC(C)c1c(C)cc(C)cc1C,,0.40245926,0.1669999999999999,,
1405342945,CCC(C)(C)C(=O)OCCN(CC)c1ccc(N=Nc2ccc([N+](=O)[O-])c3ccccc23)cc1,,0.35424799,,,
1405483472,Cc1ccc(NC(=O)c2cc(C(=O)Nc3ccc(S(C)(=O)=O)cc3)cc(S(=O)(=O)c3ccccc3)c2)cc1,,0.35464323,,,
1405504097,Cc1ccc2c(c1)C(=O)N(c1ccc(OCCCCCCOc3ccc(N4C(=O)c5ccc(C(C)(C(F)(F)F)C(F)(F)F)cc5C4=O)cc3)cc1)C2=O,,0.35628749,,,
1405932277,CC1CCC(CC2CCC(N3C(=O)c4ccc(-c5ccc6c(c5)C(=O)N(C)C6=O)cc4C3=O)CC2)CC1,,0.36947651,,,
1406114427,CNc1ccc([C@H](C=C)c2ccc(C3(c4ccc([C@@H](C=C)c5ccc(NC)cc5)cc4)CCC(CCCC)CC3)cc2)cc1,,0.36703684,,,
1407338879,CC(=O)c1cc(C(=O)c2ccc3c(c2)C(=O)N(c2ccc(C(c4ccc(N5C(=O)c6ccc(C)cc6C5=O)cc4)(C(F)(F)F)C(F)(F)F)cc2)C3=O)cc(-c2ccccc2)c1,,0.37734538,,,
1408229683,CCC(C)(C)C(=O)OCc1ccccc1Cl,,0.35759108,0.159,1.151611779,13.32041855
1408675476,COc1ccc(C(c2ccc(OC(=O)c3ccc(C(C)=O)cc3)cc2)(C(F)(F)F)C(F)(F)F)cc1,150.9011854,,,,
1408691704,CNc1cccc(NC(=O)c2cccc(C(=O)Nc3cccc(NC(=S)NC(=O)CCCCC(=O)NC(C)=S)c3)c2)c1,,0.33460461,,,
1408899479,CCCCCCCCCCCCCCCC(=O)NC,,0.37887581,0.389,0.89024336,23.00931982
1409017581,Cc1ccc(Oc2ccc(C(=O)c3cccc(C(=O)c4ccc(Oc5ccc(-c6nc(-c7ccccn7)nnc6C)cc5)cc4)c3)cc2)cc1,,0.37990238,,,
1409490636,CNc1ccc(C)c2c(NC)cccc12,,0.33694341,,,
1409584413,CCC(C)c1ccccc1C(=O)NC,,0.35557991,0.1836666666666666,,
1409830378,CCC(OC)C1C(=O)OC(=O)C1C,,0.287972,,,
1409947542,CCC(C)(C)C(=O)OCCC1CCCCC1,,0.36923892,,,
1410914942,COc1ccc(S(=O)(=O)c2ccc(Oc3c(C)cc(C(c4cc(C)c(C)c(C)c4)(C(F)(F)F)C(F)(F)F)cc3C)cc2)cc1,,0.39642368,,1.103576244,21.11102867
1411169396,COc1cc(CCCCCCCCCCCCC)cc(OC(=O)c2cccc(C(C)=O)c2)c1,,0.37339649,,,
1411192314,Cc1ccc(-c2cc(-c3ccc(-c4ccccc4)cc3)cc(-c3ccc(N4C(=O)c5ccc(NC(=O)Nc6ccc(-c7cc(-c8ccc(-c9ccccc9)cc8)cc(-c8ccc(NC(=O)Nc9ccc%10c(c9)C(=O)N(C)C%10=O)cc8)n7)cc6)cc5C4=O)cc3)n2)cc1,,0.3711086,,,
1411288736,CCC(=O)NCCCCCCNC(=O)CC1COC(C)CO1,,0.32963111,,,
1411415365,CCCOC(=O)c1cc(C(=O)OC)cc(C(C)(C)C)c1,,0.35812909,,,
1411771596,COc1ccc(S(=O)(=O)c2ccc(Oc3ccc(C=C4CCCC(=Cc5ccc(C)cc5)C4=O)cc3)cc2)cc1,,0.37492274,,,
1411897079,Cc1ccc(C(=O)Oc2ccc(C(C)(C)c3ccc(OC(=O)c4ccc(N5C(=O)CC(SCCOCCSC6CC(=O)N(C)C6=O)C5=O)cc4)cc3)cc2)cc1,,0.34542063,,,
1412120720,CNc1cccc(NC(=O)c2cccc(C(=O)Nc3ccc(C(=O)NC(C)=S)cc3)c2)c1,,0.33903798,,,
1412223212,CCC(C)(C)C(=O)OCc1ccc(OCCOCCOCCOCC)c(OCCOCCOCCOCC)c1,,0.35316611,,,
1412767415,CCC(O)COc1ccc(C(C)(C)c2ccc(OCC(O)COc3ccc(S(=O)(=O)c4ccc(OC)cc4)cc3)cc2)cc1,,0.34762026,,,
1412954804,CCC(C)c1ccc(COc2ccc(-c3ccc(-c4ccc(C)cc4)c4nsnc34)cc2)cc1,,0.35943603,,,
1413330755,CC(=O)Nc1ccc(C(c2ccc(NC(=O)c3ccc4c(c3)C(=O)N(c3ccc(Oc5ccc6ccc(Oc7ccc(N8C(=O)c9ccc(C)cc9C8=O)cc7)cc6c5)cc3)C4=O)cc2)(C(F)(F)F)C(F)(F)F)cc1,,0.35976848,,,
1413610901,COc1ccc(OC(=O)c2cc(OCCCCCCCOCC3CCCN3c3ccc([N+](=O)[O-])cc3)c(C(C)=O)cc2OCCCCCCCOCC2CCCN2c2ccc([N+](=O)[O-])cc2)cc1,,0.35542806,,,
1413611773,COc1cc(C)c(C)c(C)c1Br,,0.42901007,,,
1413837140,CCC(C)(C)C(=O)OCSC,,0.36623582,,,
1414225049,CCC(C)C(=O)NCC,55.10481694,,,,
1415337639,CCCOCCOCCOCCOC(=O)c1ccc(-c2ccc(-c3ccc(C(=O)OC)cc3)cc2)cc1,,0.3414643,,,
1415406733,CC(=O)CCCCC(=O)c1ccc(C=C2CCC(=Cc3ccc(C)cc3)C2=O)cc1,197.4539358,,,,
1415457510,CNc1cc2ccccc2c(-c2cccc(C)c2)c1NC,,0.35472795,,,
1416739755,CNc1cccc(C2(c3cccc(NC)c3C)c3ccccc3-c3ccccc32)c1C,,0.371195595,,,
1417031371,CCC(C)c1cc(Br)ccc1OC(C)C,,0.4237647,0.124,,
1417043259,CNc1ccc(C2=CC(C)(C)[C@H](NC)C(C)(C)C2)cc1,,0.36534008,,,
1417054451,CNc1ccc(/C=C/c2ccc(NC)c(-c3ccccc3)c2-c2ccccc2)cc1,,0.36615587,,,
1417361969,CCC(C)c1ccc(C(=O)N2CCCCC2)cc1,,0.37271412,,,
1417768053,CNc1ccc([Si](c2ccccc2)(c2ccccc2)c2ccc(NC(=O)c3ccc4c(c3)Cc3cc(C(C)=O)ccc3-4)cc2)cc1,,0.37694297,,,
1417800703,COc1cccc(N(c2ccccc2)c2ccc(-c3ccc(N(c4ccc(N=Nc5ccc([N+](=O)[O-])cc5)cc4)c4cccc(OC(=O)OCCOCCOC(C)=O)c4)cc3)cc2)c1,,0.37231044,,,
1417827855,CC(=O)Nc1ccc(Oc2ccc(C3(c4ccc(Oc5ccc(NC(=O)c6ccc7c(c6)C(=O)N(c6ccc(N8C(=O)c9ccc(C)cc9C8=O)cc6)C7=O)cc5)cc4)NC(=O)c4ccccc43)cc2)cc1,,0.36551103,,,
1418585210,CCC(C)c1cccc(O)c1,,0.34145083,,,
1418607549,CCC(C)c1ccc(CCl)cc1,,0.38772297,,,
1418628819,CCC(COC)(CSC)CSC,,0.41704128,,,
1419016384,CCC(C)C(=O)OCCN(CC)c1ccc(/N=N/c2ccc([N+](=O)[O-])cc2)cc1,,,0.2135,1.12679408,12.43938389
1419552421,CNc1ccccc1C(c1ccccc1)(c1ccccc1N)c1ccccc1NC,,0.37480672,,,
1420611006,CCCCC1(C)CCN(C(=O)CCCC(=O)N2CCC(C)(C)CC2)CC1,,0.3501927,,,
1420737735,CN[C@@H](CCCC(=O)[C@](N)(CS)C(=O)O)C(=O)[C@@](CS)(NC)C(=O)O,,0.30543387,,,
1420812496,COC(COC(=O)c1cc(C(C)=O)cc(C(C)(C)C)c1)COc1ccc(N=Nc2ccc(C#N)cc2)cc1,,0.37044454,,,
1421209921,COc1ccccc1C(=O)OC(=O)c1ccccc1OC(=O)CCCCCCC(C)=O,,0.33135982,,,
1421320527,COc1ccc(CC(NC(=O)CCc2ccc(OC(=O)COCCOCC(C)=O)cc2)C(=O)OC(C)C)cc1,,0.33859086,,,
1421392945,CCNC(=O)OCC(OC(=O)NCc1ccc(C(C)(C)c2ccc(C)o2)o1)c1ccco1,,0.34356107,,,
1421653372,COP(=O)(Oc1ccc(C)cc1)Oc1c(C)cc(S(=O)(=O)c2cc(C)c(C)c(C)c2)cc1C,,0.36875805,,,
1421658168,CNc1ccc(-c2ccc(Cc3ccccc3)cc2)c(C)c1NC,,0.34585663,,,
1421896070,CCCN(C)C(=O)CCCCCCC,,0.37652091,,,
1421909568,CNCCOCCNC,,0.310244355,,,
1422009513,CCC(C)C1CCCC1,,,0.2016666666666666,,
1422047403,CC[Si](C)(C)[Si](C)(C)[Si](C)(C)[Si](C)(C)C,,0.44384338,,,
1422066716,Cc1ccc(-c2ccc(N(c3ccc(OC)cc3)c3ccc4ccc(N(C)c5ccc(OC)cc5)cc4c3)cc2)cc1,,0.43192443,,,
1422469487,Cc1ccc(Oc2ccc(S(=O)(=O)c3ccc(Oc4ccc(-c5c6c(c(C)c7ccccc57)C(=O)N(c5ccc(C(F)(F)F)cc5)C6=O)cc4)cc3)cc2)cc1,,0.38077033,,,
1422560601,CNC(C)(C)C(C)(C)NC,,0.338250255,,,
1423269762,CCCCCCCCC(=O)OCCOC(=O)CCCCCCCC1OCC2(COC(C)OC2)CO1,,0.34857545,,,
1423401067,Cc1ccc(Oc2ccc(C(C)(C)c3ccc(Oc4ccc(-c5cccc(C)n5)cc4C(F)(F)F)cc3)cc2)c(C(F)(F)F)c1,,0.39554354,,,
1423424888,CNc1c(NC)c2cc3ccccc3cc2c2cc3ccccc3cc12,,0.34595266,,,
1423530794,Cc1ccc(Oc2ccc(N3C(=O)N4C(c5ccc(OC)cc5)N(C)C(=O)N4C3c3ccc(OC)cc3)cc2)cc1,,0.39684923,,,
1424144967,Cc1ccc(C(C)c2ccc(-n3c(=O)c4cc5c(=O)n(C)c(=O)c5cc4c3=O)cc2)cc1,307.2645731,,,,
1424387141,Cc1ccc2c(c1)C(=O)N(c1ccc(Oc3ccc(N4C(=O)c5ccc(C(F)(F)C(F)(F)C(F)(F)C(F)(F)C(F)(F)C(F)(F)C(C)(F)F)cc5C4=O)cc3)cc1)C2=O,,0.35411311,,,
1424467870,CNc1ccc(Cc2cccc(Cc3ccc(NC)cc3)c2)cc1,,0.3462571,,,
1426385152,CCCCOc1ccc(OCCCc2nnc(-c3ccc(-c4nnc(C)o4)cc3)o2)c(C)c1,,0.37021373,,,
1426651085,Cc1ccc2c(c1)C(=O)N(c1ccc(Oc3cccc(Oc4ccc(N5C(=O)c6ccc(C(C)(C(F)(F)F)C(F)(F)F)cc6C5=O)cc4)c3)cc1)C2=O,,0.36867528,,,
1426845091,COc1ccc(N=C(C)c2ccc(Oc3ccc(C(c4ccccc4)(c4ccccc4)c4ccc(Oc5ccc(C(C)=Nc6ccc(C)cc6)cc5)cc4)cc3)cc2)cc1,,0.38825618,,,
1426880410,CCC(C)(F)C(=O)OC(C(F)(F)F)C(F)(F)F,,0.31561364,,,
1426978607,COc1ccc(S(=O)(=O)c2ccc(Oc3ccc4c(=O)n5c6cc(-c7ccc8c(c7)nc7c9ccc(C)c%10cccc(c(=O)n87)c%109)ccc6nc5c5cccc3c45)cc2)cc1,,0.37552366,,,
1427121961,CCC(C)(N=C=O)C1C(=O)OC(=O)C1C,,0.29181625,,,
1427163348,CC1C(=O)N(c2cc(Br)c(O[Si](C)(C)C(C)(C)C)c(Br)c2)C(=O)C1C,,0.46658823,,,
1427715399,Cc1ccc2c(c1)C(=O)N(c1ccc(C(c3ccccc3)(c3ccc(N4C(=O)c5ccc(C(C)(C(F)(F)F)C(F)(F)F)cc5C4=O)cc3)C(F)(F)F)cc1)C2=O,,0.40799156,,,
1428013665,CCCCCCCCCOC(=O)c1cccc(C(=O)OC)c1,,0.35394853,,,
1428459269,CCCCP(CCCNC(=O)NC)c1ccccc1,-49.19787298,,,,
1429766327,CNc1ccc(-c2ccc(-c3ccc(NC)cc3)c3ccccc23)cc1,,0.35146434,,,
1429793294,CNc1cc(NC)c(N)cc1N,,0.32432141,,,
1430116322,CCC(SSC)c1ccccc1,,0.40293208,,,
1430315937,CCC(O)COc1cccc(OC)c1,,0.33076501,,,
1430519110,CC(=O)c1ccc(C(=O)c2ccc(C=C3CCCC(=Cc4ccc(C)cc4)C3=O)cc2)cc1,240.3798309,,,,
1430804351,COc1ccc(Oc2ccc(C(=O)Nc3ccc(Oc4ccc(S(=O)(=O)c5ccc(Oc6ccc(NC(=O)c7ccc(C)cc7)cc6)cc5)cc4)cc3)cc2)cc1-c1ccccc1,,0.3631401,,,
1431061733,CCC(C)c1ccc(Cl)c([N+](=O)[O-])c1,,0.45234816,,,
1431221596,Cc1cccc(NC(=O)CCCCCCCCCCC(=O)Nc2cccc(S(C)(=O)=O)c2)c1,,0.35368633,,,
1431937128,CCC(C)(C)C(=O)Oc1ccc(C(=O)Oc2ccc(C)cc2)cc1,,0.34694127,,,
1432698021,CCC(C)OC(=O)c1ccc([Si](C)(C)C)cc1,,0.40244256,,,
1432821779,CCCN(CCOC(=O)c1ccc([Si](C)(C)c2ccc(C(=O)OC)cc2)cc1)c1ccc(C=Cc2ccc([N+](=O)[O-])cc2)cc1,,0.3656424,,,
1432826264,CCCCCOC(=O)c1cccc(C(=O)OC)c1,,0.33869423,,,
1433887505,CNC1CCC(CC(C)(C)NC(=O)CCCCC(C)=O)CC1,,0.33902943,,,
1434137991,CCCCCCCCCSSCCCCSSC,,,0.192,,
1434167997,C/C=C/CCCCCCCCCC(Cl)CCCCCCCCCC,,,0.3419999999999999,0.878956685,20.00761368
1435049128,CCC(C)(C)C(=O)OCCCCCC(=O)Oc1ccc(OC(=O)c2ccc(OCCC)cc2)cc1,,0.34387044,,,
1435571706,CCC(F)(F)CC(C)(C(F)(F)F)C(F)(F)F,,0.3151687,,,
1435785371,CCCCCCOC(=O)CCCCSCCCCC(=O)OC,,,0.202,,
1436177841,CCC(C)C1CCC(C(C)(C)C)CC1,,0.41878097,,,
1436330682,Cc1ccc2c(c1)C(=O)N(c1ccc(C(C)(C)c3ccc(N4C(=O)c5ccc(C(C)(C(F)(F)F)C(F)(F)F)cc5C4=O)cc3)cc1)C2=O,,0.40114484,,,
1436575335,CNc1ccc2c(c1)C(C)(C)c1cc(NC)ccc1-2,,0.36132753,,,
1436896741,CCC(C)(C)C(=O)OCCN(CC)c1ccccc1,,0.36250293,,,
1437172858,CNc1ccc(NC(=O)c2cc(NC(=O)c3ccncc3)cc(C(C)=O)c2)cc1,,0.33138478,,,
1437182858,CNc1cccc(NC(=O)c2cccc(C(=O)Nc3cccc(NC(=S)NC(=O)c4ccc(C(=O)NC(C)=S)cc4)c3)c2)c1,,0.33973914,,,
1437198887,CCCCC(=O)Nc1ccc(Oc2ccc(Oc3ccc(NC(=O)CCCN4C(=O)c5ccc(C(=O)c6ccc7c(c6)C(=O)N(C)C7=O)cc5C4=O)cc3)cc2)cc1,,0.33944014,,,
1437455994,CCC(C)c1cccc2ccccc12,,,0.194,0.993182994,12.95937506
1437522401,CC=CC1=C(C)CC(C(=O)OCC)(C(=O)OCC)C1,,0.37814836,,,
1437709159,CNc1ccc2ccccc2c1-c1ccc2ccccc2c1NC,,0.35558527,,,
1437848848,Cc1ccc(Oc2ccc(C(C)(C)c3ccc(Oc4ccc(S(C)(=O)=O)cc4)cc3)cc2)s1,,0.3741321,,,
1438275910,Cc1ccc(Oc2ccc(-c3csc(N=Cc4ccc(OCCCCCCCCOc5ccc(C=Nc6nc(C)cs6)cc5)cc4)n3)cc2)cc1,,0.37304106,,,
1438410833,COc1ccc(CC(NC(=O)CCc2ccc(OC(=O)COCCOCC(C)=O)cc2)C(=O)OCCCC)cc1,,0.34168737,,,
1438539748,CCCCOC(=O)OCCCCCCOC(=O)OCCCN1C(=O)c2ccc(C(=O)c3ccc4c(c3)C(=O)N(C)C4=O)cc2C1=O,,0.32872339,,,
1439560323,CCCCC(=O)NCCCCCCNC(=O)CCCOC(=O)c1ccc(C(=O)OC)cc1,60.02078862,,,,
1439590900,COc1ccc(NC(=O)Nc2ccccc2CCc2ccc(NC(=O)Nc3ccc(C)cc3)cc2)cc1,,0.34891233,,,
1439796054,Cc1ccc(C(c2ccc(N3C(=O)c4cc5c(cc4C3=O)C(C(F)(F)F)(C(F)(F)F)c3cc4c(cc3O5)C(=O)N(C)C4=O)cc2)(C(F)(F)F)C(F)(F)F)cc1,,0.42823132,,,
1439837660,CC(=O)Nc1ccc(C2(c3ccc(NC(=O)c4ccc5c(c4)C(=O)N(c4ccc(Oc6cccc(Oc7ccc(N8C(=O)c9ccc(C)cc9C8=O)cc7)c6)cc4)C5=O)cc3)c3ccccc3-c3ccccc32)cc1,,0.36700382,,,
1439947780,CNc1ccc(C(c2ccc(NC)cc2)c2ccc(C(C)C)cc2)cc1,,0.36575628,,,
1441154602,CNc1ccc2ccc3ccc(NC)c4ccc1c2c34,,0.33563497,,,
1441221742,CCCCOC(=O)CCCCCC(=O)OC,-71.28231613,,,,
1441373602,Cc1ccc(C(=O)Nc2ccc(-c3cc(Br)ccc3NC(=O)c3ccc(S(C)(=O)=O)cc3)cc2)cc1,,0.36672831,,,
1441731142,Cc1ccc(Cc2ccc(NC(=O)c3cccc(Oc4ccc5c(c4)C(=O)N(C)C5=O)c3)cc2)cc1,,0.35744351,,,
1441736260,CCCCCCOc1ccc(C(=O)OC(=O)c2ccc(OC)cc2)cc1,,0.35004101,,,
1442807010,CCC(C)(F)C(=O)OCC(F)(F)F,,0.31655801,,,
1443435953,CNc1ccc2c3cccc4cccc(c5c(NC)ccc1c25)c43,,0.33627702,,,
1443684978,Cc1ccc(-c2ccc(N3C(=O)c4ccc(Oc5ccc(Sc6ccc(Oc7ccc8c(c7)C(=O)N(C)C8=O)cc6)cc5)cc4C3=O)cc2)cc1,,0.36479388,,,
1443853019,CCC(C)C(=O)NCCCCCCCCCCCCCC,,,0.3746666666666667,0.86728938,11.91385451
1443895665,CNc1ccccc1-c1cc(-c2ccccc2N)cc(-c2ccccc2NC)c1,,0.34714968,,,
1443962559,CCC(=O)NCCCCCCNC(=O)COC(=O)CCCCCCCCC(=O)OC,,0.33901503,,,
1444001096,CCC(C)C(=O)OCCCOc1ccc(-c2ccc(C#N)cc2)cc1,,0.35282472,,,
1444443456,CCC(C)C(=O)OC1CCCCC1,,0.36637018,0.201,0.975831621,11.16519036
1444497775,CNc1ccc2c(c1)C(C)(C)c1cc3cc4ccc(NC)cc4cc3cc1-2,,0.366552245,,,
1444677131,Cc1ccc(NC(=O)c2ccc(OCCOCCOCCOCCOc3ccc(C(=O)Nc4ccc5[nH]c(C)nc5c4)cc3)cc2)cc1,,0.34281464,,,
1444682939,CNc1cccc(NC(=O)c2cccc(C(=O)Nc3cccc(NC(=S)NC(=O)c4cccc(C(=O)NC(C)=S)c4)c3)c2)c1,,0.34030013,,,
1444841962,Cc1ccc(Oc2ccc(-c3csc(N=Cc4ccc(OCCCCOc5ccc(C=Nc6nc(C)cs6)cc5OC)c(OC)c4)n3)cc2)cc1,104.0626058,,,,
1446315012,CNc1ccc2c(C)c3cc(NC)ccc3c(C)c2c1,,0.34480504,,,
1446335630,CNc1ccc(C(CCCC[C@H]2CC[C@H](/C=C\[C@H]3CC[C@H](CCC)CC3)CC2)(CCCC[C@H]2CC[C@H](/C=C\[C@H]3CC[C@H](CCC)CC3)CC2)c2ccc(NC)cc2)cc1,,0.376234835,,,
1446403769,COc1ccc(Oc2cccc(C)n2)c(-c2ccccc2)c1,,0.36427467,,,
1446406615,CNc1ccc(C2(c3ccc(NC)cc3)c3cccc(N)c3-c3c(N)cccc32)cc1,,0.36840054,,,
1446517158,CCC(C)c1ccc(C(C)(C)O)cc1,,0.3711129,0.2316666666666666,0.934073122,12.4288407
1446956621,CCC(C)C(=O)Oc1ccc(C(C)(C)C)cc1,,0.37651726,0.2245,0.958441992,10.3213082
1447075360,CCCCCCCCCCCCNC(=O)CCCCCCCCC(=O)NCCCCCCCCCCCNC(=O)C(=O)NC,,,0.3195,0.945505999,21.31594048
1447287020,CCCCOC(=O)c1ccc(C(=O)OC)cc1,,0.33381899,,,
1447445383,COc1ccc(C(C)(C)c2ccc(Oc3nc(C)nc(OC)n3)cc2)cc1,121.2094568,,,,
1447629123,COc1ccc(Oc2ccc(OC(C)=O)cc2)cc1,,0.34396355,,,
1447631278,COc1cccc(Oc2cccc(C)c2)c1C#N,,0.37237337,,,
1448332716,CCC(C)(CC(=O)OCCCCCCCC)C(=O)OCCCCCCCC,,0.38613046,,,
1448341292,COc1c(-c2ccccc2)cc(C)cc1-c1ccccc1,,,,1.041525617,16.01472431
1448448374,CO[Si](C)(CCC(F)(F)F)CCC(F)(F)C(F)(F)C(F)(F)C(F)(F)CC[Si](C)(C)CCC(F)(F)F,,0.37622546,,,
1448731732,CNc1cccc(-c2c3ccccc3cc3ccccc23)c1NC,,0.34840678,,,
1449297338,CCCCCCCCCCCCCCCCCCCCCOC(=O)COCC(=O)OC,,,0.3249999999999999,0.930690382,21.36408001
1449481867,CCC(C)C(=O)OCCc1ccccc1,,0.35483589,0.196,1.060028456,12.57995644
1449543209,Cc1cc(CCCCCCCCCCCCCC)c(C)s1,,,0.4182499999999999,0.91341608,16.14848283
1449552519,CCCCCCOC(=O)c1ccccc1C(=O)O[Cd]OC(=O)c1ccccc1C(=O)OCCCCCOC(=O)NCCCCCCNC(=O)OC,,0.3810089,,,
1450236105,CC#Cc1cccc(C#C[Si](C)(C)C)c1,,0.49595595,,,
1450460730,COc1ccc(C(C)(CCC(=O)O)c2ccc(OC(=O)c3cccc(C(C)=O)c3)c([N+](=O)[O-])c2)cc1[N+](=O)[O-],127.0784722,,,,
1450812051,COc1ccc(OC(=O)c2ccc(C(C)=O)cc2)cc1C(F)(F)F,,0.33995878,,,
1450851242,COc1ccc(CC(NC(=O)CCc2ccc(OC(=O)CCCC(C)=O)cc2)C(=O)OC)cc1,,0.33262746,,,
1451556354,CCC(C)c1ccc(F)cc1,,,,0.989259062,16.36886102
1451589071,Cc1ccc2cc(OC(=O)c3ccc(C(=O)Oc4ccc5cc(-c6nc7ccccc7nc6C)ccc5c4)cc3)ccc2c1,,0.37059699,,,
1451687458,CNc1ccc(-c2ccc(NC(=O)c3cc(C(C)=O)cc(S(=O)(=O)c4ccccc4)c3)cc2)cc1,,0.35263573,,,
1451767844,CSC(C)C(C)=O,,0.38098783,,,
1452233273,CCC(CCCC)(CCCC)C(=O)OC,-17.98562642,,,,
1452416309,Cc1ccc(Oc2ccc(C(=O)c3ccc(Oc4ccc(-c5nc(-c6cccc(-c7nc(C)c(-c8ccccc8)[nH]7)c6)[nH]c5-c5ccccc5)cc4)cc3)cc2)cc1,,0.39966133,,,
1452761460,CCc1cccc(CNC(=O)c2ccccc2-c2ccccc2C(=O)NC)c1,,0.34299947,,,
1452778640,CCCCOC(=O)C1CCC(C(=O)OC)CC1,,0.33783784,0.222,1.082251488,20.95656384
1453017209,CC=C(C)c1ccc([N+](=O)[O-])cc1,-12.60583746,,,,
1453388212,CCOC(=O)Nc1ccc(Cc2ccc(NC(=O)OCc3ccc(C)o3)cc2)cc1,,0.3423126,,,
1453450335,COc1cccc(Oc2cccc(NC(=O)c3cc(Oc4ccc(C(=O)O)c(C(=O)Nc5cccc(C)c5)c4)ccc3C(=O)O)c2)c1C#N,,0.33531487,,,
1453479470,CNc1ccc(C2(c3ccc(NC)cc3C)CCCCC2)c(C)c1,,0.35510458,,,
1453811128,CC(=O)c1ccc2c(c1)C(=O)N(c1ccc(-c3ccc(NC(=O)c4cccc(C(=O)Nc5ccc(-c6ccc(N7C(=O)c8ccc(C)cc8C7=O)cc6)cc5)c4)cc3)cc1)C2=O,,0.35651308,,,
1453894655,COc1ccc(S(=O)(=O)c2ccc(Oc3ccc(C(=C)c4ccc(C)cc4)cc3)cc2)cc1,,0.37206608,,,
1453979051,CNc1cc(Oc2ccccc2)c(NC)c2c1C(=O)c1c(N)c(Oc3ccccc3)cc(N)c1C2=O,,0.34012349,,,
1454170504,CC(=O)c1ccc2c(c1)C(=O)N(c1ccc(C(C)(C)c3ccc(C(C)(C)c4ccc(N5C(=O)c6ccc(C)cc6C5=O)cc4)cc3)cc1)C2=O,,0.39003172,,,
1454388009,Cc1ccc(-c2ccc(N(C)c3ccc(C(F)(F)F)cc3)cc2)cc1,,0.44845876,,,
1454873499,COc1ccc(Oc2ccc(C=Nc3ccc(Oc4ccc(N=Cc5ccc(C)cc5)cc4)cc3)cc2)cc1,,0.37351245,,,
1455090776,CNc1ccc(-c2ccccc2)c(-c2ccc(NC)c3ccccc23)c1-c1cccc2ccccc12,,0.36684133,,,
1455134437,CC(=O)Nc1ccc(NC(=O)c2ccc3c(c2)C(=O)N(c2cccc(P(=O)(c4ccccc4)c4cccc(N5C(=O)c6ccc(C)cc6C5=O)c4)c2)C3=O)cc1,,0.3614848,,,
1455221251,COc1ccc(CC(NC(=O)CCc2ccc(OC(=O)CCCC(C)=O)cc2)C(=O)OCC(C)C)cc1,,0.34198543,,,
1455433082,CCCN(C)C(C)=O,,0.32742534,,,
1455448064,Cc1ccc(Oc2ccc(-c3c(-c4ccccc4)nc4ccc(-c5ccc6nc(-c7ccccc7)c(C)c(-c7ccccc7)c6c5)cc4c3-c3ccccc3)cc2)cc1,,0.40050787,,,
1455477899,CC(=O)CCCCCCCCC(=O)N1CCN(C)CC1,,0.3439724,,,
1455663460,CNc1ccc([C@]2(C)c3cc(NC)ccc3[C@@H](C)[C@H]2C)cc1,,0.3637627799999999,,,
1455763004,CCC(C)C(=O)c1ccc(C)c(C)c1,,0.3826776,,,
1455946712,CNc1ccc(-c2cccc3c2[C@@H](c2ccc(NC)cc2)c2ccccc2C3)cc1,,0.36094468,,,
1456134582,CCCCCCCNC(=O)CCP(=S)(CCC(=O)NC)c1ccccc1,,0.34436665,,,
1457502415,Cc1ccc(Cc2ccc(N3C(=O)c4cc(-c5ccc([Si](C)(C)C)cc5)c(-c5cc6c(cc5-c5ccc([Si](C)(C)C)cc5)C(=O)N(C)C6=O)cc4C3=O)cc2)cc1,,0.43467136,,,
1457793219,CCC(CCCCCCOc1ccc(N=Nc2ccc(C(F)(F)F)cc2)cc1)COC(=O)CCCCC(=O)OC,,0.35608461,,,
1458472862,CC(=O)Nc1ccc(Oc2cccc(NC(=O)c3ccc4c(c3)C(=O)N(c3ccc(Oc5ccc6ccc(Oc7ccc(N8C(=O)c9ccc(C)cc9C8=O)cc7)cc6c5)cc3)C4=O)c2)cc1,,0.35874109,,,
1458806978,CNc1c(CC)cc(C2(c3cc(CC)c(NC)c(C(C)C)c3)c3ccccc3-c3ccccc32)cc1C(C)C,,0.40355199,,,
1458835114,CCC(C)c1ccc(C#N)cc1,,0.40396396,,,
1458927340,CCCN(CCOC(=O)c1ccc(C(=O)OC)c(OCCC)c1)c1ccc(N=Nc2ccc(-c3nc4ccccc4o3)cc2)cc1,,0.36708551,,,
1458930812,CCCCCCCCCCCCCc1nc2ccc(-c3ccc4nc(C)oc4c3)cc2o1,,0.39112847,,,
1459842972,CN[C@H]1OC(N)(NC)NC1=O,,0.29071263,,,
1459846963,Cc1ccc2c(c1)C(=O)N(c1ccc(Oc3ccc(N4C(=O)c5ccc(C(F)(F)C(F)(F)C(F)(F)C(F)(F)C(F)(F)C(C)(F)F)cc5C4=O)cc3)cc1)C2=O,,0.35492786,,,
1460712253,CCCCCCCCCCNC(=O)C(OC)C(OC)C(=O)NC,,0.35120821,,,
1460910986,CNc1ccc(-c2c(-c3ccc(C(c4ccccc4)c4ccccc4)cc3)cc(-c3cccc(NC)c3)cc2-c2ccc(C(c3ccccc3)c3ccccc3)cc2)cc1,,0.36459266,,,
1461036801,CC=C(C)CCCCCCCCCCOc1ccc(-c2ccc(OCC(F)CCCCCC)cc2)cc1,27.34580481,,,,
1461767577,Cc1ccc(Oc2ccccc2Oc2ccc(N3C(=O)c4ccc(Oc5cc6ccccc6cc5Oc5ccc6c(c5)C(=O)N(C)C6=O)cc4C3=O)cc2)cc1,,0.36199186,,,
1461784308,Cc1ccc(N(c2ccc(C#N)cc2)c2ccc(N3C(=O)c4ccc(Oc5ccc(C(C)(C)c6ccc(C(C)(C)c7ccc(Oc8ccc9c(c8)C(=O)N(C)C9=O)cc7)cc6)cc5)cc4C3=O)cc2)cc1,,0.395355,,,
1461861414,Cc1ccc(-c2nnc(C)o2)c(OCCCCCCCCCC)c1,,0.41425345,,,
1462340201,CC1CC2CC1C(C)C2CCCC,,0.41628236,,0.793157119,12.17988527
1462614613,COP(=O)(Oc1ccc(C)cc1)OC1CCCCC1,,0.35761127,,,
1462748332,Cc1ccc(-c2nc3ccc(-c4ccc5nc(C)c(-c6ccccc6)nc5c4)cc3nc2-c2ccccc2)cc1,,0.53276928,,,
1462931199,CN=P(C)(OCCCCCCC)OCCCCCCC,,0.40469164,,,
1463007614,CCCCCCCCCCCCCCCCCCCNC(=O)CCCCCCCCCCC(=O)NC,,,0.4337499999999999,0.890200365,20.23441523
1463085835,Cc1ccc(Oc2cc3ccccc3cc2Oc2ccc(N3C(=O)c4ccc(Oc5ccccc5Oc5ccc6c(c5)C(=O)N(C)C6=O)cc4C3=O)cc2)cc1,,0.35912156,,,
1463095437,COc1ccc(N=CC=Nc2ccc(OC(=O)Nc3ccc(Cc4ccc(NC(C)=O)cc4)cc3)cc2)cc1,,0.35769059,,,
1463175891,CC([2H])([2H])C(C)(C([2H])([2H])[2H])C([2H])([2H])[2H],85.2671101,,,,
1463811998,CCCCCCCCCCCOC(=O)C(=O)OC,-65.08541819,,,,
1464019841,COc1ccc(NC(=O)c2ccc(-c3ccc(C(=O)Nc4ccc(Oc5ccc(C6(c7ccc(C)cc7)CC7CCC6C7)cc5)cc4)cc3)cc2)cc1,,0.3665982,,,
1464421877,COc1ccc(OC(=O)c2cc(OCCCCCCCCCCCC)c(C(C)=O)cc2OCCCCCCCCCCCC)cc1-c1ccccc1,,0.38150674,,,
1464436894,Cc1ccc2c(c1)C(=O)N(c1ccc(N3C(=O)c4ccc(-c5c(-c6ccccc6)c(-c6ccccc6)c(-c6ccc(Sc7ccc(-c8c(-c9ccccc9)c(-c9ccccc9)c(C)c(-c9ccccc9)c8-c8ccccc8)cc7)cc6)c(-c6ccccc6)c5-c5ccccc5)cc4C3=O)cc1)C2=O,,0.40791529,,,
1464819967,CNc1ccc(-c2c(C)cccc2C2(c3cccc(C)c3-c3ccc(NC)cc3)CCCCC2)cc1,,0.37034703,,,
1465340291,CCC(C)(C)C(=O)NC(=O)Oc1ccc(S(=O)(=O)c2ccc(O)cc2)cc1,,0.31639128,,,
1465942783,CCC(C)c1ccc(OC(C)=O)cc1,,0.35340606,0.2005,1.037413892,13.82349277
1466879267,CCC(C)C(=O)OC(F)(F)C(F)(F)C(F)(F)C(F)(F)C(F)(F)C(F)(F)C(F)(F)C(F)(F)F,,0.31737027,,,
1467166248,CCC(C)C(=O)OC(C(F)(F)F)C(F)(F)F,,0.32320653,,,
1467252065,CCC(O)CCCCC(O)CN(C)c1ccc(N(C)C)cc1,,0.35960485,,,
1468461975,Cc1ccc(Oc2ccc(N3C(=O)C4CCC5C(=O)N(C)C(=O)C5C4C3=O)cc2)cc1,,0.36953337,,,
1468518443,CCC(C)(C)C(=O)OCCCCCC,,,0.184,0.903441723,11.78953051
1468882159,CCC(CBr)OC,,0.39889944,,,
1468958338,CNc1cccc2cc3cccc(NC)c3cc12,,0.33370765,,,
1469078897,CCCc1ccc(C)c(C)c1,,0.39177788,,,
1469251580,CNc1ccc(-c2c(C)cc(C3(c4cc(C)c(-c5ccc(NC)cc5)c(C(C)C)c4)c4ccccc4-c4ccccc43)cc2C(C)C)cc1,,0.4084913999999999,,,
1469266389,CCC(C)(C)COC(=O)NC1CCC(CC2CCC(NC(=O)OC)CC2)CC1,15.9792949,,,,
1469368089,CCCN(CCOC(=O)c1ccc(C(=O)OC)cc1)c1ccc(C=C(C#N)C#N)cc1,,0.35440714,,,
1469495249,CC(=O)Oc1ccc([Si](C)(C)c2ccc(OC(=O)c3ccc(C)s3)cc2)cc1,,0.37656746,,,
1469675356,CO[Si](C)(C)O[Si](C)(C)O[Si](C)(C)c1c(F)c(F)c(F)c(F)c1F,,0.40336035,,,
1469897580,CCC(C)(C)C(=O)OCCCCCCOc1ccc(N=Nc2ccc(C#N)cc2)cc1,,0.36995915,,,
1470418130,Cc1ccc(Cc2ccc(N3C(=O)N(c4ccc(Cc5ccc(N6C(=O)N(C)C(C)(C)C6=O)cc5)cc4)C(=O)C3(C)C)cc2)cc1,,0.4025765,,,
1470645091,CC(=O)c1ccc2c(c1)C(=O)N(c1c(C)cc(Cc3cc(C)c(N4C(=O)c5ccc(C)cc5C4=O)c(C)c3)cc1C)C2=O,,0.41157762,,,
1470768847,CCC(C)C(=O)OCCCCCCOc1ccc(N=Nc2ccc([N+](=O)[O-])cc2)cc1,,0.36065471,,,
1470774077,Cc1ccc(Oc2ccccc2Oc2ccc(N3C(=O)c4ccc(Oc5ccc6c(c5)C(=O)N(C)C6=O)cc4C3=O)cc2C(F)(F)F)c(C(F)(F)F)c1,,0.36576424,,,
1471142716,CC=C(c1ccc(C)cc1)c1ccc(C(F)(F)F)cc1,,0.40375931,,,
1472109489,CCCCCN1C(=O)c2ccc(C(c3ccc4c(c3)C(=O)N(C)C4=O)(C(F)(F)F)C(F)(F)F)cc2C1=O,,0.34468789,,,
1472118288,CCC(C)(F)C(=O)OCC(F)(F)C(F)(F)F,,0.32568695,,,
1472271341,CCCCCCCCCCCCCOc1ccc(C(C)(C)c2ccc(OCOc3ccc(C(C)(C)c4ccc(OC)cc4)cc3)cc2)cc1,,0.36755988,,,
1472751426,Cc1cc(N2C(=O)c3ccc(P(=O)(c4ccccc4)c4ccc5c(c4)C(=O)N(C)C5=O)cc3C2=O)cc(C(F)(F)F)c1,,0.3984853,,,
1473380579,Cc1ccc2c(c1)C(=O)N(c1c(C)cc(-c3cc(C)c(-c4cc(C)c(N5C(=O)c6ccc(C(C)(C(F)(F)F)C(F)(F)F)cc6C5=O)c(C)c4)cc3C)cc1C)C2=O,,0.42965902,,,
1473395922,Cc1ccc(Oc2ccc(C3(c4ccc(Oc5ccc(N6C(=O)c7ccc(Oc8ccc(C9(c%10ccc(Oc%11ccc%12c(c%11)C(=O)N(C)C%12=O)cc%10)CCCCCCCCCCC9)cc8)cc7C6=O)cc5)cc4)C4CC5CC(C4)CC3C5)cc2)cc1,,0.38174277,,,
1473570358,CC(=O)c1ccc(Oc2ccc(S(=O)(=O)c3ccc(Oc4ccc(C(=O)c5ccc6c(c5)C(=O)N(c5ccc(Oc7ccc(N8C(=O)c9ccc(C)cc9C8=O)cc7)cc5)C6=O)cc4)cc3)cc2)cc1,,0.37060615,,,
1473690215,CNc1ccc2c(c1)C(c1ccccc1N)(c1ccccc1NC)c1cc(N)ccc1-2,,0.3674954,,,
1473745481,CC1CCC1C,69.57488221,,0.163,0.823406686,14.41189122
1474070468,COc1c(C(C)(C)C)cc(C(C)=O)cc1C(C)(C)C,206.7951116,,,,
1474131719,COc1ccc(C(C)(C)c2ccc(OC(=O)Sc3ccc(C(C)(C)c4ccc(SC(C)=O)cc4)cc3)cc2)cc1,,0.35298003,,,
1474494101,COc1ccc(Sc2ccc(Sc3ccc(Sc4ccc(C)cc4)cc3)cc2)cc1,,0.38951806,,,
1474888709,CCC(C)(C)C(=O)OCc1ccc(OCCOCCOCC)c(OCCOCCOCC)c1,,0.35596618,,,
1474909304,CCCCCCNc1nc(NCCCCCc2nc3cc(-c4ccc5[nH]c(C)nc5c4)ccc3[nH]2)nc(N(CC)CC)n1,,0.37614223,,,
1474978524,CCCCN(C)C(=O)CC,,0.34854625,,,
1475222377,CC(=O)Nc1cccc(NC(=O)c2ccc3[nH]c(-c4cccc(-c5nc6cc(C)ccc6[nH]5)c4)nc3c2)c1,,0.37766539,,,
1475370376,CC(=O)c1cccc(C(=O)c2ccc3c(c2)C(=O)N(c2ccc(Oc4ccc(S(=O)(=O)c5ccc(Oc6ccc(N7C(=O)c8ccc(C)cc8C7=O)cc6)cc5)cc4)cc2)C3=O)c1,,0.36035989,,,
1475746225,CO[Si](C)(C)CCCCCCCCCCCOc1ccc(/C=C/c2ccc(OCCCC)cc2)cc1,,0.38608209,,,
1476123993,CCC=CCOC(=O)C(Cc1ccccc1)NC(=O)CCCCC(=O)NC(Cc1ccccc1)C(=O)OC,,0.34434051,,,
1476310950,Cc1[nH]c(C)c(CC(=O)OCCCCCCCCCCCC)c1CC(=O)OCCCCCCCCCCCC,,,0.2794999999999999,0.913558675,11.77651013
1476461237,COc1ccc(P(=O)(c2ccccc2)c2ccc(Oc3ccc(C(C)(C)c4ccc(C)cc4)cc3)cc2)cc1,,0.39008003,,,
1476641400,CNc1ccc2c(c1)C(C)(C)CC21CC(C)(C)c2cc(NC)ccc21,,0.380516755,,,
1476707326,CC(=O)Nc1ccc(Oc2ccccc2-c2ccccc2Oc2ccc(NC(=O)c3ccc4c(c3)C(=O)N(c3ccc(Oc5ccccc5-c5ccccc5Oc5ccc(N6C(=O)c7ccc(C)cc7C6=O)cc5)cc3)C4=O)cc2)cc1,,0.36139938,,,
1476896117,CCC(C)c1ccccc1OC,160.10962,,0.1946666666666666,,
1476896274,Cc1cccc(N2C(=O)c3ccc(C(c4ccc5c(c4)C(=O)N(c4cccc(N6C(=O)c7ccc(-c8ccc9c(c8)C(=O)N(C)C9=O)cc7C6=O)c4)C5=O)(C(F)(F)F)C(F)(F)F)cc3C2=O)c1,,0.37976208,,,
1476946894,Cc1cccc(NC(=O)CCCCCCC(=O)Nc2cccc(S(C)(=O)=O)c2)c1,,0.34455896,,,
1477172876,CCC(C)C[Si](C)(C)C,,0.41950012,,,
1477353024,CN=P(C)(Nc1ccccc1)Nc1ccccc1,,0.38717322,,,
1477468420,CCc1ccc(COP(=O)(N=Nc2ccc(Oc3ccc(N=NP(=O)(OC)OC)cc3)cc2)OC)cc1,,0.35571352,,,
1477631774,CC(=O)Nc1ccc(Oc2ccccc2-c2ccccc2Oc2ccc(NC(=O)c3ccc4c(c3)C(=O)N(c3ccc(Oc5ccc(C(C)(C)c6ccc(Oc7ccc(N8C(=O)c9ccc(C)cc9C8=O)cc7)cc6)cc5)cc3)C4=O)cc2)cc1,,0.36567383,,,
1477890619,COc1ccc(Oc2ccc(NC(=O)c3ccc(Oc4ccc(Oc5ccc(C(=O)Nc6ccc(C)cc6)cc5)cc4C)cc3)cc2)cc1,,0.35751398,,,
1478638391,CCC(C)(C)C(=O)OCCOCCOCCOCCOc1ccc(N=Nc2ccc(C#N)cc2)cc1,,0.35894931,,,
1479037928,Cc1cc(Br)c(OC(=O)c2cccc(C(=O)Oc3c(Br)cc(C4(C)OC(=O)c5ccccc54)cc3Br)c2)c(Br)c1,245.9668197,,,,
1479528015,CNc1ccc(-c2ccc(NC)c(-c3ccc(N)cc3)c2)cc1,,0.34495239,,,
1479577775,COc1ccc(N=Cc2ccc(N(c3ccccc3)c3ccc(C=Nc4ccc(C)cc4)cc3)cc2)cc1,,0.39892551,,,
1479997464,CCCCCCCCNC(=O)CCCCCCCCC(=O)NC,,,0.3235,0.943364885,20.0736371
1480032186,CNc1ccc(C2(c3ccc(NC)cc3CC)c3ccccc3-c3ccccc32)c(CC)c1,,0.37129273,,,
1480316431,CNc1ccc(C(c2ccccc2)c2ccc(NC)cc2)cc1,,0.35100351,,,
1480445744,CNc1ccc(NC(=O)c2ccc(NC(=O)C=Cc3ccc(C=CC(=O)Nc4ccc(C(C)=O)cc4)cc3)cc2)cc1,169.7759737,,,,
1480784338,Cc1ccc([Si](c2ccccc2)(c2ccccc2)c2ccc(-c3nnc(-c4ccc(-c5nnc(C)o5)o4)o3)cc2)cc1,,0.47072462,,,
1480818126,CC=Cc1cc(OCC(CC)CCCC)c(C)cc1-c1ccc(N(c2ccc(OC)cc2)c2ccc(OC)cc2)cc1,,0.38664092,,,
1480945963,CCC(CSCCC)OC,,0.41871813,,,
1481083200,COc1ccc(SSCCCCSSc2ccc(C)cc2)cc1,102.260186,,,,
1481177497,CCCC1C(=O)N(CCC)C(=O)C1C,,0.34544005,,,
1481191612,CNc1cc(C)c(Cc2ccc(CCCCCCCCCCCCCCCCCCCCc3ccc(Cc4c(C)cc(NC)cc4C)cc3)cc2)c(C)c1,,0.3609597,,,
1481448213,CNc1cc([N+](=O)[O-])c(NC(=O)CCCCCCCCC(C)=O)cc1C=Cc1ccc(N(C)C)cc1,,0.35183378,,,
1481540874,CCCCCCCNC(=O)CCCC(=O)OC,,0.33848118,,,
1482021173,CCC(C)C(=O)NC,,0.32319229,,,
1482072500,Cc1ccc(C(C)(C)c2ccc(C(C)(C)c3ccc(N4C(=O)c5ccc(Oc6cccc7c(Oc8ccc9c(c8)C(=O)N(C)C9=O)cccc67)cc5C4=O)cc3)cc2)cc1,,0.38669783,,,
1482083544,Cc1ccc(Sc2ccc(Sc3ccc(N4C(=O)c5ccc(Sc6ccc(Sc7ccc(Sc8ccc9c(c8)C(=O)N(C)C9=O)cc7)cc6)cc5C4=O)cc3)s2)cc1,,0.37801232,,,
1482120134,COc1ccc(NC(=O)c2cc(C(=O)Nc3ccc(C)cc3)cc(S(=O)(=O)c3ccccc3)c2)cc1,,0.35307461,,,
1482727524,CC(=O)Nc1ccc(Oc2ccccc2-c2ccccc2Oc2ccc(NC(=O)c3ccc4c(c3)C(=O)N(c3ccc(Oc5ccc(N6C(=O)c7ccc(C)cc7C6=O)cc5)cc3)C4=O)cc2)cc1,,0.36288338,,,
1482787899,CCCCCCCCCOc1c(OC)cc(/C=C/c2ccc(/C=C/c3cc(OC)c(OC)c(OC)c3)cc2)cc1OC,,0.36086403,,,
1483068354,CNc1ccc(-c2cccc3ccccc23)c(-c2cccc3ccccc23)c1NC,,0.36015799,,,
1483153718,CNc1ccc([C@H](CCC)c2ccc(C[C@@H](CCCCCC)Cc3ccc([C@H](CCC)c4ccc(NC)cc4)cc3)cc2)cc1,,0.36041733,,,
1483304960,CC=CC(CC)OC,,0.3862843999999999,,,
1483538338,CNc1cccc(/C(=C(/c2ccccc2)c2cccc(NC)c2)c2ccccc2)c1,,0.37179153,,,
1483754768,CNc1ccc(-c2c(-c3ccc(-c4ccccc4)cc3)cc(-c3ccc(-c4cc(-c5ccc(-c6ccccc6)cc5)c(-c5ccc(NC(=O)c6ccc(C(C)=O)cc6)cc5)c(-c5ccc(-c6ccccc6)cc5)c4)cc3)cc2-c2ccc(-c3ccccc3)cc2)cc1,,0.37232804,,,
1484029097,CC(OCOC(C)C(C)(F)F)C(C)(F)F,,0.34668638,,,
1484271204,CNc1ccc2ccccc2c1-c1c(NC)c(-c2ccccc2)cc2ccccc12,,0.35903974,,,
1484621104,COc1cccc(Oc2cccc(NC(=O)c3cccc(Oc4cccc(Oc5cccc(C(=O)Nc6cccc(C)c6)c5)c4)c3)c2)c1,,0.35258693,,,
1484839925,CCCCCCCCCCCOCCCCCCCCCCOCCCCOC,,,0.329,0.882717038,21.18686489
1484940598,CC=C(C#N)C(=O)OCCCCCCOC(=O)C(C#N)=Cc1ccc2c(c1)c1cc(C)ccc1n2CCCCCCCCCCCCCC,,0.38239556,,,
1485740570,CCCC=CCCC1CC(CCC2CC(C)OC2=O)C(=O)O1,,0.33942699,,,
1485822682,CCCCCCCCCCCC(=O)OC,,0.37420675,,,
1485858652,CCC(C)(C)C(=O)OCC1COC(c2ccccc2)O1,,0.33388652,,,
1485862700,Cc1ccc(-c2nc3cc(Oc4ccc(NC(=O)c5ccc6c(c5)C(=O)N(c5ccc(C(c7ccc(N8C(=O)c9ccc(C(=O)Nc%10ccc(Oc%11ccc%12nc(-c%13ccccc%13)c(C)nc%12c%11)cc%10)cc9C8=O)cc7)(C(F)(F)F)C(F)(F)F)cc5)C6=O)cc4)ccc3nc2-c2ccccc2)cc1,,0.38075733,,,
1486120892,Cc1ccc2c(c1)C(=O)N(c1ccc(S(=O)(=O)c3ccc(N4C(=O)c5ccc(C(C)(C(F)(F)F)C(F)(F)F)cc5C4=O)cc3)cc1)C2=O,,0.38857369,,,
1486334179,CCC(C)c1ccc(C(O)CCN(C)C)cc1,,0.39056968,,,
1486442979,CCCC(OC)(C(F)(F)F)C(F)(F)F,-8.026293088,,,,
1487203237,CCCCCCCCCCNC(=O)C(CCCCCCCCCCCC)C(=O)NC,,,0.347,,
1487747929,COc1ccc(S(=O)(=O)c2ccc(Oc3c(C)cc(C(C)(C)c4cc(C)c(C)c(C)c4)cc3C)cc2C(O)(C(F)(F)F)C(F)(F)F)c(C(O)(C(F)(F)F)C(F)(F)F)c1,,0.38564574,,,
1487920180,CCC(C)(C)C(=O)OCCCCCCOc1ccc(C(=O)Oc2ccc(OCCCC)cc2)cc1,,0.35353312,,,
1488067118,CC(=O)c1ccc2c(c1)C(=O)N(c1cccc(C(=O)c3c(C)cc(C)c(N4C(=O)c5ccc(C)cc5C4=O)c3C)c1)C2=O,,0.39668425,,,
1488760517,CCCCCCCN1C(=O)c2ccc(-c3ccc(-c4ccc5c(c4)C(=O)N(C)C5=O)cc3)cc2C1=O,,0.34646376,,,
1488918987,CCCOc1ccc(S(=O)(=O)c2ccc(OCCOP(=O)(OC)Oc3ccc([N+](=O)[O-])cc3)cc2)cc1,,0.3392001,,,
1489195327,CC(=O)Nc1ccc(Oc2ccc(NC(=O)c3ccc(N4C(=O)c5ccc(C)cc5C4=O)cc3)cc2)cc1,,0.34828568,,,
1489614055,Cc1ccc(Oc2ccc(C(=O)c3ccc(-c4ccc(C(=O)c5ccc(Oc6ccc(-c7nc(-c8ccc(-c9nc(C)c(-c%10ccccc%10)[nH]9)cc8)[nH]c7-c7ccccc7)cc6)cc5)cc4)cc3)cc2)cc1,,0.40415832,,,
1490448831,Cc1ccc2c(c1)C(=O)N(c1cccc(C(F)(F)C(F)(F)C(F)(F)c3cccc(N4C(=O)c5ccc(C(F)(F)C(F)(F)C(F)(F)C(C)(F)F)cc5C4=O)c3)c1)C2=O,,0.34642034,,,
1490582596,CCC(C)CCCCCCCCCCC,,,0.3206666666666666,0.803315138,10.73852636
1490863909,CCC(C)(C)C(=O)OCc1ccc2c(c1)c1ccccc1n2CCCCCCCCCCCCCCCC,,0.37558543,,,
1490994278,CNc1cccc(NC(=O)CCCCC(=O)Nc2cccc(NC(=S)NC(=O)CCCCC(=O)NC(C)=S)c2)c1,,0.33328285,,,
1491147756,CC(=O)Nc1ccc(Oc2ccc(NC(=O)c3ccc4c(c3)C(=O)N(c3ccc(Oc5ccc(N6C(=O)c7ccc(C)cc7C6=O)cc5-c5ccccc5)c(-c5ccccc5)c3)C4=O)cc2-c2ccccc2)c(-c2ccccc2)c1,,0.37066383,,,
1491246883,COc1ccc(OC(=O)c2ccc(C(C)=O)cc2Oc2ccc(F)cc2)cc1,,0.34953736,,,
1491854107,CC=CCC(C)(CCC)C(=O)OC,-28.15217408,,,,
1492808796,CNc1ccc2c3ccc(cc3)c2c1NC,,0.33320503,,,
1493417341,COc1ccc(C(C)(C)c2ccc(OC(=O)c3ccc(C(c4ccc(C(C)=O)cc4)(C(F)(F)F)C(F)(F)F)cc3)cc2)cc1,,0.36851832,,,
1493656978,Cc1ccc(Oc2ccc(C(=O)c3cccc(C(=O)c4ccc(Oc5ccc(-c6c7c(c(C)c8ccccc68)C(=O)N(c6ccc(F)cc6)C7=O)cc5)cc4)c3)cc2)cc1,,0.37299965,,,
1494135620,CO[Si](C)(C)CCCN=C1C=C(O)C(=NCCC[Si](C)(C)C)C=C1O,,0.39375505,,,
1494459100,CNc1cc(C)c(Cc2ccc(CCCCCCCCCCCCCCCCc3ccc(Cc4c(C)cc(NC)cc4C)cc3)cc2)c(C)c1,,0.35893266,,,
1495114099,CNc1ccc(Cc2ccccc2Cc2ccc(NC)c(C)c2)cc1C,,0.35364083,,,
1495561124,Cc1cccc(C(=O)Nc2ccc(Oc3ccc(S(=O)(=O)c4ccc(Oc5ccc(NC(=O)c6cccc(N7C(=O)c8ccc(-c9ccc%10c(c9)C(=O)N(C)C%10=O)cc8C7=O)c6)cc5)cc4)cc3)cc2)c1,,0.35728456,,,
1495657690,CCCCCCCNC(=O)CCCCCC(=O)NC,,0.34167967,0.278,,
1495695702,Cc1ccc2c(c1)C(=O)N(c1ccc(C3(c4ccc(N5C(=O)c6ccc(C(C)(C(F)(F)F)C(F)(F)F)cc6C5=O)cc4)c4ccccc4-c4ccccc43)cc1)C2=O,,0.42357892,,,
1496106807,CCCCC(C)O[Si](C)(C)OC,,0.4012962,,,
1496171453,CCC(C)c1ccc(OCCOCCOC(C)=O)cc1,,0.34580144,,,
1496884432,CCCN(C)C(=O)C1CC1,,0.34943923,,,
1497450918,COc1ccc(OC(=O)c2ccc(Sc3cccc(OC(=O)c4ccc(C(=O)Oc5cccc(Sc6ccc(C(C)=O)cc6)c5)cc4)c3)cc2)cc1C,,0.36045779,,,
1497637197,Cc1ccc2c(c1)C(=O)N(c1cccc(C(=O)Nc3ccc(-c4ccc(NC(=O)c5cccc(N6C(=O)c7ccc(C(C)(C(F)(F)F)C(F)(F)F)cc7C6=O)c5)cc4)cc3)c1)C2=O,,0.35883674,,,
1497639710,CCC(C)(C)C(=O)OCCCCCCN1CCN(c2ccc(N=Nc3ccc(C#N)cc3)cc2)CC1,,0.37393027,,,
1498294171,CCC(C)c1ccc(-c2ccc3c(c2)C(CCCCCC)(CCCCCC)c2ccccc2-3)cc1,,0.40118451,,0.899366976,10.82333757
1498407701,CCCCCCCc1nc2cc(NC(=O)CCCCCCCCC(=O)Nc3ccc4oc(C)nc4c3)ccc2o1,,0.35561284,,,
1498502031,Cc1ccc(Oc2ccc(C(c3ccc(Oc4ccc(N5C(=O)CC(=O)N(C)C5=S)cc4)cc3)(C(F)(F)F)C(F)(F)F)cc2)cc1,,0.37856211,,,
1498613996,Cc1ccc2c(c1)C(CCCCCC)(CCCCCC)c1cc(-c3cc(CCCCCCCC)c(C)cc3CCCCCCCC)ccc1-2,,0.41835338,0.349,0.85154393,17.51524142
1498770138,CCC(C)(C)C(=O)OCCOCCO,,0.31660238,,,
1498889771,CCC(C)C(=O)OCCCCCCCCCCCCCCCC,,,0.3626666666666667,0.864622073,12.59659455
1499027687,CNc1cccc(-c2ccc(-c3ccccc3-c3ccc(-c4ccccc4)cc3)cc2)c1NC,,0.35096567,,,
1499293987,Cc1ccc(OCCN(CCOc2ccc(-c3nc4ccc(Oc5ccc6nc(C)c(-c7ccccc7)nc6c5)cc4nc3-c3ccccc3)cc2)c2ccc(N=Nc3ccc([N+](=O)[O-])cc3)cc2)cc1,,0.38165004,,,
1500693468,Cc1ccc(N(c2ccc(C#N)cc2)c2ccc(N3C(=O)c4ccc(Oc5ccc(C6(c7ccc(Oc8ccc9c(c8)C(=O)N(C)C9=O)cc7)CCCCC6)cc5)cc4C3=O)cc2)cc1,,0.39468168,,,
1500711821,CCCCCOC(=O)Cc1ccc(CC(=O)OC)cc1,-34.10658315,,,,
1500837944,Cc1ccc(Oc2cc(C(C)(C)C)c(Oc3ccc(N4C(=O)c5ccc(S(=O)(=O)c6ccc7c(c6)C(=O)N(C)C7=O)cc5C4=O)cc3)cc2C(C)(C)C)cc1,,0.40608449,,,
1501114922,Cc1cccc(N2C(=O)c3ccc(Oc4ccc(Oc5ccc6c(c5)C(=O)N(C)C6=O)cc4)cc3C2=O)c1,,0.36338221,,,
1501485804,CNc1ccc(C[C@@H](C)C2(Cc3ccc(NC)cc3)CCCCC2)cc1,,0.3481947,,,
1501914019,CCC(C)(C)C(=O)OC1CCC(C)CC1,,0.37962423,0.1709999999999999,0.895972858,11.80505526
1502018022,CC=CC1CC(C)C2C(=O)N(c3cc(C(F)(F)F)cc(C(F)(F)F)c3)C(=O)C12,,0.3593193,,,
1502215930,CC=Cc1cc(CCCCCCCCCCCCCCCC)c(C=Cc2nc(C)c(C#N)c(C=Cc3ccc(N(c4ccccc4)c4ccccc4)cc3)c2C#N)cc1CCCCCCCCCCCCCCCC,,0.40312645,,,
1502259897,Cc1ccc(Oc2ccc(Oc3ccc(N4C(=O)c5ccc(-c6ccc7c(c6)C(=O)N(C)C7=O)cc5C4=O)cc3)c(C(C)(C)C)c2)cc1,,0.38670531,,,
1502465383,CNc1ccc(-c2ccc3c(c2-c2ccc(NC)c(C)c2)Cc2ccccc2-3)cc1C,,0.36453901,,,
1502724295,CCCCCCCOC(=O)OCCCCCCCCCCCCOC(=O)OCCCCCCOc1ccc(C(=O)c2ccc(OC)cc2)cc1,,0.35846938,,,
1502897533,COc1c(-c2ccccc2)cc(-c2cc(-c3ccccc3)c(OC(=O)CCCCCCCCC(C)=O)c(-c3ccccc3)c2)cc1-c1ccccc1,,0.37181135,,,
1503069300,COc1ccc(CC(NC(=O)CCc2ccc(OC(=O)CCC(C)=O)cc2)C(=O)OCCCCCC)cc1,,0.34701241,,,
1503134682,COc1ccc(C(C)(C)c2ccc(OC(=O)OC3C(C)(C)C(OC(C)=O)C3(C)C)cc2)cc1,,0.36526848,,,
1504210048,CCCCCCCCCCCCCCCCCCCCCOC(=O)CCC(=O)OC,-32.76938912,,0.362,,
1504320453,Cc1ccc(Oc2ccc(NC(=O)c3ccc(Oc4ccc5c(c4)C(=O)N(C)C5=O)cc3)cc2)cc1,,0.35373697,,,
1504459006,CCCCCCCCCCCCCCCCCOC(=O)CCCCCCCCC(=O)OC,,,0.442,0.912106929,22.06826429
1504692554,CNc1ccc(C2(c3ccc(NC)cc3)CC=CCC2)cc1,,0.35342761,,,
1504708152,CCc1ccc(CN(C)C(=O)CCCCCCCCCCCCCCC(=O)N(C)C)cc1,-14.32362541,,,,
1504763552,CC#CC(Cn1c2ccc(CCCCCCCCCCCCCCCC)cc2c2cc(CCCCCCCCCCCCCCCC)ccc21)=C(C)Cn1c2ccc(CCCCCCCCCCCCCCCC)cc2c2cc(CCCCCCCCCCCCCCCC)ccc21,-2.237818484,,,,
1505007551,COc1ccc(C(C)(C)c2ccc(OC(=O)c3cccc(C(C)=O)c3)cc2)cc1,,0.36148157,,1.101878575,18.7163871
1505164160,CNc1ccccc1-c1c(N)ccc2c1ccc1c(-c3ccccc3N)c(NC)ccc12,,0.35843699,,,
1505192900,COc1cccc(C(=O)Nc2ccc(S(=O)(=O)c3ccc(NC(=O)c4cccc(Oc5nc(C)nc(Sc6ccccc6)n5)c4)cc3)cc2)c1,,0.35247357,,,
1506883443,Cc1ccc(C(c2ccccc2)c2ccc(N3C(=O)c4ccc(-c5ccc6c(c5)C(=O)N(C)C6=O)cc4C3=O)cc2)cc1,,0.40443369,,,
1506970146,CCC(C)c1ccc(C(C)(O)CC)cc1,,0.37635976,0.2266666666666666,,
1507536890,CCCCCCOc1ccc(-c2ccc(OC)c3ccccc23)c2ccccc12,,0.36158697,,,
1507569319,Cc1ccc(NC(=O)c2cc(NC(=O)c3ccc(OC(C)=O)cc3)cc(C(=O)Nc3ccc(-c4nnc(C)o4)cc3)c2)cc1,,0.34832358,,,
1507772517,Cc1ccc(Cc2ccc(N3C(=O)C4CCC(C5CCC6C(=O)N(C)C(=O)C6C5)CC4C3=O)cc2)cc1,,0.38536816,,,
1508066220,CCC(C)c1ccc(COCCCC)cc1,,0.38801598,,,
1508126626,CNc1cccc(C#Cc2ccc(NC(=O)c3cccc(C(C)=O)c3)cc2)c1,,0.37889334,,,
1508181683,CNc1ccc([C@H](CCCCC)c2ccc([C@@](CCCC)(c3ccc([C@H](CCCCC)c4ccc(NC)cc4C)cc3)C3CCCCC3)cc2)c(C)c1,,0.38359453,,,
1508221747,COc1ccc(S(=O)(=O)c2ccc(Oc3ccc(NC(=O)c4cc(NC(=O)c5ccc(OC(C)=O)cc5)cc(C(=O)Nc5ccc(C)cc5)c4)cc3)cc2)cc1,,0.34979882,,,
1508323114,COC1CCC(OC(=O)CCCCCCCCC(C)=O)CC1,,0.35688418,,,
1508373353,COc1cc(C(C)(C)C)c(Oc2ccc(C(=O)Nc3ccc(C(c4ccc(NC(=O)c5ccc(C)cc5)cc4)(C(F)(F)F)C(F)(F)F)cc3)cc2)cc1C(C)(C)C,,0.37989241,,,
1508770794,Cc1ccc(C2(c3ccc(N4C(=O)c5ccc(Oc6ccc7c(c6)C(=O)N(C)C7=O)cc5C4=O)cc3)c3ccccc3-c3ccccc32)cc1,,0.41356417,,,
1509674504,COc1cccc(OC(=O)c2ccc(OC(=O)c3cccc(C(=O)Oc4ccc(C(C)=O)cc4)c3)cc2)c1,,0.33712765,,,
1509700944,Cc1ccc(Oc2cccc3c(Oc4ccc(N5C(=O)c6ccc(S(=O)(=O)c7ccc8c(c7)C(=O)N(C)C8=O)cc6C5=O)cc4)cccc23)cc1,,0.38098412,,,
1509770012,Cc1ccc2c(c1)C(=O)N(c1cccc(P(=O)(c3ccccc3)c3cccc(N4C(=O)c5ccc(C(C)(C(F)(F)F)C(F)(F)F)cc5C4=O)c3)c1)C2=O,,0.39499825,,,
1509773761,CCC(C)(C)C(=O)OCc1ccc2c(c1)c1ccccc1n2CCCCCCCCCC,,0.37281948,,,
1509897801,CNCC(C)NC,,0.31754129,,,
1510154304,CNc1ccc(C2(c3ccc(NC)cc3)c3ccccc3-c3ccc(C)cc32)cc1,,0.37464154,,,
1510186873,CC(=O)c1ccc2c(c1)C(=O)N(c1ccc(C(CCCCC)c3ccc(N4C(=O)c5ccc(C)cc5C4=O)cc3)cc1)C2=O,204.7640603,,,,
1510690030,CC(=O)OCCN(CCOC(=O)c1ccc2c(c1)C(=O)N(c1c(C)cc(Cc3cc(C)c(N4C(=O)c5ccc(C)cc5C4=O)c(C)c3)cc1C)C2=O)c1ccc(N=Nc2ccc([N+](=O)[O-])cc2C#N)cc1,,0.37188038,,,
1510766002,CNc1ccc(-c2cccc(-c3ccc(NC)cc3)c2)cc1,,0.34163964,,,
1510829152,CCC(COc1ccc(C(C)(C)c2ccc(OC)cc2)cc1)OC(=O)C=Cc1ccco1,,0.3534342,,,
1510840632,CCC(COC(=O)OC)OCCOc1ccc(C=Cc2ccc([N+](=O)[O-])cc2)cc1,,0.34394609,,,
1510846055,CC=C(C)C(CCC)[Si](C)(C)CCCCCC,,0.40434862,,,
1511018789,CCCc1ccc(C)c(CC)c1,,0.39486528,,,
1511476999,Cc1ccc2c(c1)C(=O)N(c1cc(OCCCC)cc(N3C(=O)c4ccc(C(C)(C(F)(F)F)C(F)(F)F)cc4C3=O)c1)C2=O,,0.38373514,,,
1511530438,COC(=O)C(NC(=O)CCCCCCCCC(=O)NC(C(=O)OC1COC2C(C)COC12)C(C)CC)C(C)CC,,0.35095234,,,
1511995434,CNc1cccc(-c2cc(-c3ccc(C4(c5ccccc5)c5ccccc5-c5ccccc54)cc3)c(-c3ccc(C4(c5ccccc5)c5ccccc5-c5ccccc54)cc3)c(-c3ccc(C4(c5ccccc5)c5ccccc5-c5ccccc54)cc3)c2NC)c1,,0.38354872,,,
1512069165,COCCCCCCCCCCC(=O)Oc1ccc(-c2ccc(C(=O)Oc3ccc(C(=O)OC)c(OC(=O)c4ccc(-c5ccc(OC(=O)CCCCCCCCC(C)COC)cc5)cc4)c3[N+](=O)[O-])cc2)cc1,,0.38046147,,,
1512407115,CNc1ccc(-c2c(-c3ccccc3)cc(NC)c(C)c2-c2ccccc2)cc1,,0.36604674,,,
1512415132,CNc1ccccc1-c1cccc(-c2cccc(-c3ccccc3)c2)c1NC,,0.34626289,,,
1512714339,CCC(C)(C)C(=O)OCCCCCCOc1ccc(N=Nc2ccncc2)cc1,,0.36156812,,,
1513366860,CO[Ca]OC(=O)c1ccccc1C(=O)OCCCCCOC(=O)NCCCCCCNC(=O)OCCCCCOC(=O)c1ccccc1C(C)=O,,0.3810089,,,
1513913960,CCC(C)(C)C(=O)OCCCCCCOc1ccc(OC(=O)c2ccc(-c3ccc(OC)cc3)cc2)cc1,,0.34280149,,,
1514104618,CCCCNC(=O)CCCCCCCCCCCCCCCCCCC(=O)NC,,,0.407,,20.46241251
1514204622,COc1ccc(CC(NC(=O)Cc2ccc(OC(=O)COCC(C)=O)cc2)C(=O)OCCCCCC)cc1,,0.34424319,,,
1514327735,CCC(C)c1ccc(C(C)C)cc1C(C)C,,,0.1979999999999999,0.839803273,10.87873099
1514376697,CCCCC(C)(C)CNC(=O)CCCCCC(=O)NC,,0.3440828,,,
1514418516,COC1C(COC(C)=O)OC(C)C(OC(C)=O)C1O,,0.32163018,,,
1514514964,CC(=O)c1ccc(Oc2c(C)cc(-c3cc(C)c(Oc4ccc(C(=O)c5ccc6nc(C)ccc6c5)cc4)c(C)c3C)c(C)c2C)cc1,,0.40570264,,,
1514572566,Cc1ccc(Sc2ccc(Sc3ccc(Sc4ccc(N5C(=O)c6ccc(Sc7ccc(Sc8ccc(Sc9ccc%10c(c9)C(=O)N(C)C%10=O)cc8)cc7)cc6C5=O)cc4)cc3)cc2)cc1,,0.37974001,,,
1514643124,CCC(C)(C)c1ccc(C(C)C)cc1,,0.40109572,0.2013333333333333,0.808542478,12.41984319
1514751058,CNc1ccc(-c2cc(NC)cc(-c3ccc(N)cc3)c2)cc1,,0.34788734,,,
1515428777,CCCCCCCNC(=O)c1cc(C(=O)NC)cc(C(C)(C)C)c1,,0.35198152,,,
1515861742,CNc1ccc(-c2ccc(NC(=O)c3cccc(C(C)=O)c3)c(S)c2)cc1S,,0.35876694,,,
1515864887,CNC1CCC(CC2CCC(NC(=O)CCCCCCCCC(C)=O)CC2)CC1,,0.36172537,,,
1515872647,CCC(C)C(=O)N1CCOCC1,,0.340331,0.212,1.114429035,11.35819502
1515877635,CCC(C)(C)C(=O)OCC(C)(C)C,,,0.1555,0.810146915,10.91862442
1515920130,CC(=O)NCCCCCCCCCCNC(=O)c1cccc(C)n1,49.59402876,,,,
1516275191,CNc1cc([N+](=O)[O-])c(NC(=O)CCCCCCC(C)=O)cc1C=Cc1ccc(N(C)C)cc1,,0.34625185,,,
1516593013,CCc1ccc2oc(=O)c(C(=O)Nc3ccc(C(c4ccc(NC(=O)c5cc6cc(C)ccc6oc5=O)cc4)(C(F)(F)F)C(F)(F)F)cc3)cc2c1,,0.34097421,,,
1516837155,CCCCCCCN(CC(F)(F)C(F)(F)F)C(=O)C(F)(F)C(F)(F)C(F)(F)C(=O)N(C)CC(F)(F)C(F)(F)F,,0.33260446,,,
1517122573,CCCCP(CCCNC(=O)CCCCC(=O)NC)c1ccccc1,,0.34331894,,,
1517401237,CCC(C)c1cc(C(=O)OCC)ccc1-c1ccc(OCCCCCCCC)cc1,,0.38076446,,,
1517587457,CCC(C)(Cl)C(=O)OCCC,,,0.173,1.102798912,12.27540357
1517792443,Cc1ccc(Oc2cccc(Oc3ccc(N4C(=O)c5ccc(-c6ccc7c(c6)C(=O)N(C)C7=O)cc5C4=O)cc3)c2C#N)cc1,,0.37073474,,,
1518669456,CCCCCCCCCCCC(=O)N(C)C,,0.37747863,,,
1518803212,Cc1ccc(Oc2ccc(S(=O)(=O)c3ccc(Oc4ccc(N5C(=O)c6ccc(Oc7ccc(Oc8ccc9c(c8)C(=O)N(C)C9=O)cc7)cc6C5=O)cc4)cc3)cc2)cc1,,0.36893387,,,
1519364280,CCCC(C)O[Si](C)(C)OC,,0.39779568,,,
1519582452,CNc1c(CC(C)(C)C)cc2ccccc2c1-c1c(NC)c(CC(C)(C)C)cc2ccccc12,,0.39483113,,,
1520136246,CC(=O)Oc1ccc(C2(c3ccc(OC(=O)c4ccc5c(c4)C(=O)N(c4ccc(-c6ccc(N7C(=O)c8ccc(C)cc8C7=O)cc6C)c(C)c4)C5=O)cc3)CC3CC2C2CCCC32)cc1,,0.37865395,,,
1520266361,Cc1ccc(-c2nc(-c3cccc(-c4nnc(-c5ccccc5)c(C)n4)n3)nnc2-c2ccccc2)cc1,,0.44423251,,,
1521487084,COc1ccc(P(C)(=O)c2ccc(Oc3ccc(C(C)(C)c4ccc(C)cc4)cc3)cc2)cc1,,0.38231831,,,
1522414034,CCC(C)c1cc(C(=O)OCCCC)ccc1-c1ccc(OCCCCCCCC)cc1,,0.38549986,,,
1522625717,CC(C)=C(C)CCCCCCC,,0.40916746,,,
1523167762,CCC(C)C(=O)NC(C)(C)CC(C)=O,,0.33505306,,,
1523200168,CCCCCCCCCCCOc1ccc(N=Cc2ccc(C=Nc3ccc(OC)cc3C)cc2)c(C)c1,,0.38083348,,,
1523230328,Cc1c(C)cc(Cc2cc(C)c(N3C(=O)c4ccc(Oc5cccc6c(Oc7ccc8c(c7)C(=O)N(C)C8=O)cccc56)cc4C3=O)c(C)c2)cc1C,,0.39800868,,,
1523654682,CCC(O)COc1c(C)cc(C(C)(C)c2cc(C)c(OCC(O)COc3c(C)cc(S(=O)(=O)c4cc(C)c(OC)c(C)c4)cc3C)c(C)c2)cc1C,,0.36996727,,,
1523715614,CCCCCCCCCCCNC(=O)c1ccc(C(=O)NC)cc1,50.1155014,,,,
1523905334,CNc1cc(C)c(C2(c3cc(C)c(NC)cc3C)c3ccccc3-c3ccccc32)cc1C,,0.38791749,,,
1524051176,CCCCCNC(=O)C(OC)C(OC)C(=O)NC,,0.32364481,,,
1524213012,Cc1cc(C=Nc2ccc3c(c2)c2cc(N=Cc4cc(C)c(O)c(C)c4)ccc2n3CCCC)ccc1O,,0.36995322,,,
1524317479,CCC(C)(CC(=O)OCCOCCOC)C(=O)OCCOCCOC,,0.33439887,,,
1524856753,COc1ccc(NC(=O)c2ccc(C(=O)Nc3ccc(OC4COC5C(C)COC45)cc3)cc2)cc1,,0.33832234,,,
1524880405,Cc1ccc(OC(=O)c2cccc(C(=O)Oc3ccc(C4(C)OC(=O)c5ccccc54)cc3)c2)cc1,,0.35513866,,,
1525026548,COc1ccc(-c2ccc(-c3cc(-c4ccccc4)c(-c4ccc(-c5ccc(OC(=O)c6ccc(C(C)=O)cc6-c6ccccc6)cc5)cc4)c(-c4ccccc4)c3-c3ccccc3)cc2)cc1,,0.38238683,0.315,0.963593,27.63852935
1525361018,CCCOC(=O)C1=CCCCC(N2CCCC2)=C1C(=O)OC,,0.35148816,,,
1525755711,CC=CC1CC(C)C(C(=O)Oc2ccccc2)C1C(=O)Oc1ccccc1,,0.353015,,,
1526653040,COc1ccc(Oc2ccc(OC(=O)c3ccc(C(c4ccc(C(C)=O)cc4)(C(F)(F)F)C(F)(F)F)cc3)cc2)cc1,,0.35598766,,,
1526713439,CCCc1ccc(C)s1,,0.39157828,0.288,1.164977581,25.29233638
1527011099,CC(=O)N1C(=O)N(C(=O)c2ccc3c(c2)C(=O)N(c2ccc(Oc4ccc(N5C(=O)c6ccc(C)cc6C5=O)cc4)cc2)C3=O)C(CC)(CC)C1=O,,0.36982444,,,
1527133418,COc1ccc(NC(=O)CCCCC(=O)Nc2ccc(C)cc2)cc1,,0.3339539,,,
1527614677,CCCCP(CCCNC(=O)CCCCCCCCC(=O)NC)c1ccccc1,56.20366062,,,,
1527753234,Cc1cccc(C(=O)c2ccc(Oc3ccc(N4C(=O)c5ccc(Oc6ccc7c(c6)C(=O)N(C)C7=O)cc5C4=O)cc3C(F)(F)F)cc2)c1,,0.3698895,,,
1527864576,Cc1ccc(Nc2ccc(C3(c4ccc(Nc5ccc(S(C)(=O)=O)cc5)c(C)c4)c4ccccc4-c4ccccc43)cc2C)cc1,,0.42014539,,,
1528273395,Cc1ccc(Oc2ccc(Oc3ccc(N4C(=O)c5ccc(Oc6ccc7c(c6)C(=O)N(C)C7=O)cc5C4=O)cc3C(F)(F)F)cc2)cc1,,0.37524227,,,
1528295982,CCC(c1ccccc1)C1C(=O)N(CCN(CC)c2ccc(N=Nc3ccc([N+](=O)[O-])cc3)cc2)C(=O)C1C,,0.36659752,,,
1528389333,CCCCCCCCCCCNC(=O)CCCCCCCCC(=O)NCCCCCCCCCCNC(=O)C(=O)NC,82.2677155,,0.4125,0.955200662,21.885982
1528618359,CNc1ccc(C(C)(C)c2ccc(NC)cc2-c2ccccc2)cc1,,0.35615321,,,
1528836681,CCCCCCCCCCCOC(=O)c1cccc(-c2cccc(C(=O)OC)c2)c1,8.531981028,,,,
1529298649,CC=CC1CC(C)C(C#N)([Si](C)(C)O[Si](C)(C)C)C1,,0.43871287,,,
1529319759,Cc1cc(C(=O)NCCCC)cc(N2C(=O)c3ccc(-c4ccc5c(c4)C(=O)N(C)C5=O)cc3C2=O)c1,,0.37595452,,,
1529607957,CC(=O)Nc1ccc(Oc2ccc(-c3ccc(Oc4ccc(NC(=O)c5ccc6c(c5)C(=O)N(c5ccc(Oc7cccc8c(Oc9ccc(N%10C(=O)c%11ccc(C)cc%11C%10=O)cc9)cccc78)cc5)C6=O)cc4)cc3)cc2)cc1,,0.36093422,,,
1529815158,CNc1ccc(C[C@@H](c2ccccc2)c2ccc(NC)cc2)cc1,,0.35117651,,,
1530164061,CCC(C)OC(=O)c1cccc([N+](=O)[O-])c1,,0.37430809,,,
1530902893,COc1cccc(Oc2ccc(Nc3ccc(Nc4ccc(Nc5ccc(Nc6ccc(C)cc6)cc5)cc4)cc3)cc2)c1C(=O)Nc1ccc(N=Nc2ccccc2)cc1,238.4094841,,,,
1531080761,Cc1cccc(OCCCCCCCCCCCOC(=O)c2ccc(C(=O)OCCCCCCCCCCCOc3cccc(-c4nnc(C)s4)c3)cc2)c1,,0.37334678,,,
1531336843,CC(=O)c1ccc2c(c1)C(=O)N(c1ccc(Oc3cccc(-c4cc(-c5ccccc5)cc(-c5cccc(Oc6ccc(N7C(=O)c8ccc(C)cc8C7=O)cc6)c5)n4)c3)cc1)C2=O,,0.37590071,,,
1531370497,CC1CC2CC1C(C)C2CCCCCCCCCC,,,,0.855255368,14.39063477
1531901492,CC(=O)N(C)CC=C,164.8639006,,,,
1532003406,Cc1ccc(OCCCCCOc2ccc(N3C(=O)c4ccc(-c5cccc6c5C(=O)N(C)C6=O)cc4C3=O)cc2)cc1,,0.35403674,,,
1532503851,CCCCCCNC(=O)CC(=O)NC,,0.31630581,,,
1532559190,CO[Si](C)(CCC(F)(F)F)CCC(F)(F)C(F)(F)CC[Si](C)(C)CCC(F)(F)F,,0.38905129,,,
1532694125,CC=CC1CC(C)C(C#N)([Si](C)(C)[Si](C)(C)C)C1,,0.44453599,,,
1533215185,CC(=O)c1ccc(N(C)CCCCCCC)cc1,,0.39237717,,,
1533241544,Cc1ccc(C(c2ccc(N(C)c3ccc(C)cc3)cc2)c2ccc([N+](=O)[O-])cc2)cc1,,0.42700988,,,
1533331471,COc1ccc(C2(c3ccc(Oc4ccc(C(=O)c5ccccc5-c5ccccc5C(=O)c5ccc(C)cc5)cc4)cc3)c3ccccc3-c3ccccc32)cc1,,0.38946752,,,
1533352868,CCCN(C)C(=O)c1cc(F)c(F)cc1F,,0.34420285,,,
1533947375,CCC1CCCC(CN2C(=O)c3ccc(Oc4ccc5c(c4)C(=O)N(C)C5=O)cc3C2=O)C1,,0.35941978,,,
1534103449,CNc1ccc(C)cc1CCCCCCCCCCCCCCC,,,0.314,0.876967341,16.45604164
1534344479,CCC(O)COc1ccc(C(C)(C)c2ccc(OCC(O)COc3ccc(NC(=O)CCCCCC(=O)Nc4ccc(OC)cc4)cc3)cc2)cc1,,0.33850297,,,
1534350557,CCCCCCCOc1ccc(-c2cc(-c3ccc(-c4ccccc4)cc3)c(-c3ccc(NC(=O)c4ccc(C(=O)Nc5ccc(-c6c(-c7ccc(-c8ccccc8)cc7)cc(-c7ccc(OC)cc7)cc6-c6ccc(-c7ccccc7)cc6)cc5)cc4)cc3)c(-c3ccc(-c4ccccc4)cc3)c2)cc1,,0.36743587,,,
1535224949,CC(=O)c1cc(C(=O)c2ccc3c(c2)C(=O)N(c2ccc(C(c4ccc(N5C(=O)c6ccc(C)cc6C5=O)cc4)(C(F)(F)F)C(F)(F)F)cc2)C3=O)cc(C(C)(C)C)c1,,0.38923634,,,
1535521231,CNc1noc2nc3c(C(=O)OCC)cc(C(=O)c4ccccc4)c(N)c3c(NC)c12,,0.33255113,,,
1535630026,Cc1cc(C=Nc2ccc3c(c2)c2cc(N=Cc4cc(C)c(O)c(C)c4)ccc2n3CCCCCCCCCCCC)ccc1O,,0.37679256,,,
1535916456,COc1ccc(S(=O)(=O)c2ccc(Oc3ccc(C(c4ccc(C)cc4)(C(F)(F)F)C(F)(F)F)cc3)cc2[Si](C)(C)C)c([Si](C)(C)C)c1,,0.39362302,,,
1536018562,COc1ccc(OC(=O)c2cccc(Sc3ccc(OC(=O)c4ccc(C(=O)Oc5ccc(Sc6cccc(C(C)=O)c6)cc5)cc4)cc3)c2)cc1-c1ccccc1,,0.36413304,,,
1536084197,CCCCCCCCCCCCCCCCCCCCCCCOC(=O)CCC(=O)OC,,,0.387,0.905357803,22.64614546
1536340511,CNc1ccc(-c2ccc(NC)c(-c3ccccc3)c2-c2ccccc2)c(-c2ccccc2)c1-c1ccccc1,,0.37552726,,,
1536369221,CCC(F)(F)C1(F)C(C)CC(O)(C(F)(F)F)C1(F)F,,0.30442544,,,
1536452950,COc1ccc(Oc2ccc(C(=O)c3ccc(Oc4ccc(Oc5ccc(C(=O)c6ccc(C)c(C(C)C)c6)cc5)cc4)cc3)cc2C(C)C)cc1,,0.3952199,,,
1536569579,CNc1c(F)c(F)c(NC)c(F)c1F,,0.32203175,,,
1536803717,CCC(C)(C)COC(=O)OC,,0.35059905,,,
1537088176,CCCCCCCCC(c1ccc(O)cc1)C(C)c1ccc(O)cc1C,,0.36937148,,,
1537297732,CCC(C)c1ccc(Cl)c(F)c1,,,0.1275,,
1537341767,CC(=O)Nc1ccc(Oc2ccccc2-c2ccccc2Oc2ccc(NC(=O)c3ccc4c(c3)C(=O)N(c3ccc(Oc5cccc(Oc6ccc(N7C(=O)c8ccc(C)cc8C7=O)cc6)c5)cc3)C4=O)cc2)cc1,,0.35644883,,,
1537875008,CNc1ccc([C@]2(C)CC(C)(C)c3cc(NC)ccc32)cc1,,0.365803385,,,
1538292595,COc1c(C(=O)Oc2ccc(OC(=O)c3ccc4ccccc4c3Oc3nc(C)nc(N4CCCCC4)n3)cc2)ccc2ccccc12,288.7077709,,,,
1538729127,CC=C(C)c1ccccc1[Si](C)(C)C,,0.43881448,,,
1539719616,CCCC1C(=O)N(CCCCCCCCCCCC)C(=O)C1C,,0.37602495,,,
1540110087,CC(=O)Nc1ccc(Oc2ccc(C3(c4ccc(Oc5ccc(NC(=O)c6ccc7c(c6)C(=O)N(c6cccc(N8C(=O)c9ccc(C)cc9C8=O)c6)C7=O)cc5)cc4)NC(=O)c4ccccc43)cc2)cc1,,0.36739248,,,
1541215652,CCC(C)(C)C(=O)OC1CCCCC1C(C)(C)C,,0.39683141,,,
1541292142,Cc1ccc(Oc2ccc(C3(c4ccc(Oc5ccc(N6C(=O)CC(=O)N(C)C6=S)cc5)cc4)c4ccccc4-c4ccccc43)cc2)cc1,,0.39690658,,,
1541529952,Cc1ccc(C2(c3ccc(N4C(=O)C(c5ccccc5)=C(c5ccc(C6=C(c7ccccc7)C(=O)N(C)C6=O)cc5)C4=O)cc3)c3ccccc3-c3ccccc32)cc1,,0.42593569,,,
1541871733,CNc1ccc(/C=C/c2ccc(NC)c(-c3ccc4ccccc4c3)c2-c2ccc3ccccc3c2)c(-c2ccc3ccccc3c2)c1-c1ccc2ccccc2c1,,0.37000522,,,
1542132482,CNc1ccccc1-c1c(N)c(N)c(-c2ccccc2N)c(-c2ccccc2N)c1-c1ccccc1NC,,0.31405732,,,
1542525425,Cc1ccc(Oc2ccc(N3C(=O)c4ccc(Oc5ccc(-c6ccc(Oc7ccc8c(c7)C(=O)N(C)C8=O)cc6)cc5)cc4C3=O)cc2)cc1,,0.36540863,,,
1542527766,CNc1cccc(-c2cccc(-c3cccc(N)c3)c2-c2cccc(NC)c2)c1,,0.35421263,,,
1542725530,CNc1c(NC)c(-c2ccccc2)c2ccccc2c1-c1ccccc1,,0.35701914,,,
1543008224,CCC(COC(=O)c1ccc(N2C(=O)C3C4C=CC(C4)C3C2=O)cc1)OC,,0.34283926,,,
1543532086,CCC(CC)(CCl)COC,,0.37740492,,,
1543949166,Cc1ccc(C=C(C#N)c2cc(OCCCCCCCC)c(C(C#N)=Cc3ccc(N(C)c4ccccc4)cc3)cc2OCCCCCCCC)cc1,,0.40051472,,,
1543966603,CN=C1c2ccccc2C(=Nc2ccc(C)cc2)c2ccccc21,158.2579262,,,,
1544175741,COc1ccc(S(=O)(=O)c2cccc3c(S(=O)(=O)c4ccc(Oc5c(C)cc(-c6cc(C)c(C)c(C)c6)cc5C)cc4)cccc23)cc1,,0.3844626,,,
1544534408,CCC(C)c1ccc([Si](C)(C)O[Si](C)(C)C)cc1,,0.45403849,,,
1544660750,CC(=O)OCC(COc1ccc(N=Nc2ccc(C#N)cc2)cc1)OC(=O)c1ccc(C)s1,,0.36682863,,,
1544969349,CNc1ccc(-c2c(C)c(-c3ccccc3)c(NC)c(-c3ccccc3)c2-c2ccccc2)c(C)c1-c1ccccc1,,0.38234636,,,
1545578155,COc1ccc(C(C)(C)c2ccc(Oc3ccc(C(=O)c4ccc(C(=O)c5ccc(C)c(C(F)(F)F)c5)cc4)cc3C(F)(F)F)cc2)cc1,,0.38323456,,,
1545962534,CNc1ccc2c(c1)/C(=C/c1ccccc1NC)c1ccccc1-2,,0.35465087,,,
1546473891,CCCCCCCN1C(=O)c2ccc(C(=O)Nc3ccc(S(=O)(=O)c4cccc(NC(=O)c5ccc6c(c5)C(=O)N(C)C6=O)c4)cc3)cc2C1=O,,0.34528361,,,
1546892007,COc1ccc(C2(c3ccc(OC(=O)c4ccc(C(C)=O)cc4)cc3)CC3CC2C2CCCC32)cc1,,0.37879602,,,
1546988712,Cc1ccc2oc(-c3ccc(Oc4ccc(-c5nc6cc(C(C)(C(F)(F)F)C(F)(F)F)ccc6o5)cc4)cc3)nc2c1,,0.41418077,,,
1547038341,CCCCCCCCCNC(=O)CCCCCCCC(=O)NC,,,0.308,0.959342877,19.77502946
1547095755,CCC(C)c1cc(C(=O)Oc2ccc(OCCCC)cc2)ccc1C(=O)Oc1ccc(OCCCC)cc1,,0.36628846,,,
1547207194,COc1ccc(-c2ccc(OC(=O)c3ccc(C(=O)c4ccc(C(C)=O)cc4)cc3)c(-c3ccccc3)c2)cc1-c1ccccc1,,0.37083826,,,
1547263064,C=CC#C[Si](C#CC=NN=C)(c1ccccc1)c1ccccc1,131.2577432,,,,
1548438831,CCCCCCCCCCCCCC(=O)OC,,0.38106509,,,
1548803977,CCC(C)(F)C(=O)OCC(F)(F)C(F)(F)C(F)(F)C(F)(F)F,,0.31898609,,,
1549041363,Cc1c(C)cc(-c2cc(C)c(N3C(=O)c4cccc(Oc5c(C)cc(-c6cc(C)c(Oc7cccc8c7C(=O)N(C)C8=O)c(C)c6)cc5C)c4C3=O)c(C)c2)cc1C,,0.39657814,,,
1549091300,Cc1ccc2c(c1)C(=O)N(c1cccc(C(=O)Nc3ccc(Oc4ccc(Oc5ccc(NC(=O)c6cccc(N7C(=O)c8ccc(C(C)(C(F)(F)F)C(F)(F)F)cc8C7=O)c6)cc5)cc4)cc3)c1)C2=O,,0.35694819,,,
1549258915,CCCC(=O)NCCCCCCNC(=O)CCSC,,0.3462525,,,
1549335676,Cc1ccc(Oc2cccc(N3C(=O)c4ccc(-c5ccc6c(c5)C(=O)N(C)C6=O)cc4C3=O)c2)cc1,,0.36487368,,,
1549802812,CCC(C)c1cc(C(=O)OCCCCCCCCCC)ccc1-c1ccc(OCCCCCCCC)cc1,,0.39428806,,,
1549944889,COP(=O)(Oc1ccc(C)cc1)Oc1ccc(S(=O)(=O)c2ccc(C)cc2)cc1,,0.35406248,,,
1550023737,CNc1ccc(NC(=O)c2ccc(P(=O)(c3ccccc3)c3ccc(C(C)=O)cc3)cc2)cc1,,0.35999445,,,
1550446062,CCC(C)(C)C(=O)OCC(=O)c1ccccc1,,0.34187342,,,
1550628326,COc1ccc(S(=O)(=O)c2ccc(Oc3ccc(C(c4ccc(C)c(Br)c4)(C(F)(F)F)C(F)(F)F)cc3Br)cc2)cc1,,0.39473159,,,
1550853194,Cc1ccc(Oc2cccc(NC(=O)c3cc(C(=O)Nc4cccc(Oc5ccc(-c6nnc(C)o6)cc5)c4)cc(N4C(=O)c5ccccc5C4=O)c3)c2)cc1,,0.35911141,,,
1551100568,Cc1ccc(Oc2ccc(P(=O)(c3ccccc3)c3ccc(Oc4ccc(-c5cc(C)n(-c6ccccc6)n5)cc4)cc3)cc2)cc1,,0.39388717,,,
1551636938,CC(=O)Nc1ccc(Oc2ccc(NC(=O)c3ccc4c(c3)C(=O)N(c3cc(C(F)(F)F)cc(N5C(=O)c6ccc(C)cc6C5=O)c3Oc3ccc(C(F)(F)F)cc3)C4=O)cc2)cc1,,0.36716401,,,
1551667752,CCCCCCCCCNC(=O)CCCCCCCCCCC(=O)NC,,0.36786948,0.3463333333333334,0.92885236,22.0513884
1551816010,Cc1ccc(N2C(=O)c3ccc(Oc4ccc(C(C)(C)c5ccc(Oc6ccc7c(c6)C(=O)N(c6ccc8[nH]c(C)nc8c6)C7=O)cc5)cc4)cc3C2=O)cc1,,0.37965627,,,
1551966818,CCC(C)(C)COC(=O)NC(=O)c1cccc(C(=O)NC(=O)OC)c1,,0.3112599,,,
1552546218,CNc1ccc(-c2ccc(N)c(-c3ccc(N)cc3)c2-c2ccc(NC)cc2)cc1,,0.35816613,,,
1553018997,CCC(C)C(=O)NC(C)(C)CS(=O)(=O)O,,0.32186501,,,
1553515923,CCC1CCC(COC(=O)CCC(=O)OC)CC1,,0.34271914,,,
1553955153,CCCCCCC(C)CC,,0.40321995,,,
1553956004,Cc1cccc(N2C(=O)c3ccc(-c4ccc5c(c4)C(=O)N(C)C5=O)cc3C2=O)c1,,0.37375949,,,
1553967571,CCC(C)C(=O)Oc1ccc(C(=O)OCC)cc1,,0.34094172,,,
1554515864,CNc1ccc(-c2cc(NC)ccc2-c2ccccc2)cc1,,0.34986039,,,
1554954449,CNc1ccc2c(c1NC)[C@@H]1CC[C@H]2c2ccccc21,,0.3649256549999999,,,
1555593891,CCSC,,,0.172,1.374050717,21.43297913
1556257502,CCCCCCCOc1ccc(C=C2CCC(=Cc3ccc(OCCCCCCOP(=O)(OC)OCC)c(OC)c3)C2=O)cc1OC,,0.35788491,,,
1556355257,CC(=O)c1cccc(C(=O)c2ccc3c(c2)C(=O)N(c2cccc(N4C(=O)c5ccc(C)cc5C4=O)c2)C3=O)c1,,0.3547336,,,
1556370617,COc1ccc(CC(NC(=O)CCc2ccc(OC(=O)CCCC(C)=O)cc2)C(=O)OCCCC)cc1,,0.3441071,,,
1556403536,Cc1ccc(Oc2ccc3ccccc3c2-c2c(Oc3ccc(N4C(=O)c5ccc(NC(=O)Nc6ccc(Oc7ccccc7-c7ccccc7Oc7ccc(NC(=O)Nc8ccc9c(c8)C(=O)N(C)C9=O)cc7)cc6)cc5C4=O)cc3)ccc3ccccc23)cc1,,0.36530403,,,
1557378931,COc1ccc(C(=O)OCCOCCOCCOC(=O)c2ccc(OC(=O)c3ccc(C(C)=O)cc3)cc2)cc1,,0.33612915,,,
1558106067,CC(=O)c1ccc2c(c1)C(=O)N(c1ccc(Cc3ccccc3N3C(=O)c4ccc(C)cc4C3=O)cc1)C2=O,,0.3701528,,,
1558371855,CCCOCCOCCOC(=O)c1ccc(-c2ccc(C(=O)OC)cc2)cc1,,0.33902352,,,
1558525027,CCCN(C)C(=O)c1ccc(C)cc1,87.3045689,,,,
1558867907,CCCCCCCOC(=O)OCCCCCCN1C(=O)c2ccc(C(=O)c3ccc4c(c3)C(=O)N(C)C4=O)cc2C1=O,,0.3458372,,,
1558987909,CCCNC(=O)CCCCCCCCCCCCCCCCC(=O)NC,,,0.359,0.932585043,19.09375808
1559096063,Cc1ccc(C)n1C(C)C(=O)OC,279.4452403,,,,
1559539391,CC(F)C(C)(F)OC(F)(F)F,,0.31331253,,,
1559560345,CCC(C)(C)C(=O)OCCCl,,,0.1325,1.111949892,14.37849945
1560086845,CCC(C)(CCC)C(=O)OC,,0.36777777,,,
1560341376,CCCN(C)C(=O)c1cccc(F)c1F,,0.34608851,,,
1560496789,CNc1ccc(C(c2ccc(N)cc2)(c2ccc(NC)cc2)C2CCCCC2)cc1,,0.38230718,,,
1560564433,CNc1ccc2c(c1)[C@@H]1c3cc(NC)ccc3[C@@H]3c4ccccc4[C@H]2[C@@]31C,,0.3710363,,,
1560692719,CC(=O)CCCCCCCCC(=O)NC1CCCCN(C)C1,,0.34895116,,,
1561264127,CO[Si](C=C)(C=C)O[Si](C)(C)c1ccc([Si](C)(C)C)cc1,,0.42288522,,,
1561282165,Cc1ccc(Oc2ccc(S(=O)(=O)c3ccc(Oc4ccc(-c5c6c(c(C)c7ccccc57)C(=O)N(c5ccccc5F)C6=O)cc4)cc3)cc2)cc1,314.5599695,,,,
1561451639,CNc1ccc(-c2ccc(NC)c3ccccc23)cc1,,0.34980398,,,
1561539918,COc1ccc(OC(=O)c2cc(OCCCCCCCCCCCC)c(C(C)=O)cc2OCCCCCCCCCCCC)cc1C,,0.38901226,,,
1561870991,CCC(C)(C)C(=O)OCC(O)C1CC(C)(c2ccccc2)C1,,0.35190962,,,
1561932824,CCCCCCCS(C)(=O)=O,,,,1.13916765,20.45790421
1561944332,CNc1cc(C)c(C2(c3c(C)cc(NC)cc3C(C)C)c3ccccc3-c3ccccc32)c(C(C)C)c1,,0.39323,,,
1562058837,Cc1cc(CCCCCCCCCCCCCCCCCC)c(C)s1,,,0.36525,0.892099579,14.38765864
1562112815,CCCCCOc1ccc(C=C2CCC(=Cc3ccc(OC)c(OC)c3)C2=O)cc1OC,36.19808899,,,,
1562477562,CC=Cc1cc2c(cc1CCCCCC)c1cc(CCCCCC)c(C)cc1n2CCCCCCCC,45.45691415,,,,
1562707517,CCCCCCCCCCCCCNC(=O)CCCCCCCCC(=O)NC,,,0.374,,
1562741783,CNc1ccc(C2(c3ccc(NC)cc3)CCC(C[C@H]3CC[C@H](CCC)CC3)CC2)cc1,,0.36143785,,,
1562941493,CCC(CCCCCCOc1ccc(N=Nc2ccc(C)cc2)cc1)COC(=O)CCCCC(=O)OC,,0.36238059,,,
1563279330,C/C=C/c1ccc(Oc2ccc(-c3ccc(-c4ccc(-c5ccc(Oc6ccc(/C=C/c7ccc8c(c7)c7cc(C)ccc7n8CC(CC)CCCC)cc6)c(C#N)c5)cc4)cc3)cc2C#N)cc1,129.2206103,,,,
1563303704,CNc1ccc2c(c1)c(-c1ccc(C)cc1)c(-c1ccc(C)cc1)c1c3cccc(NC)c3c3ccc4ccccc4c3c21,,0.37838795,,,
1563844313,CNCCSCCNC,,0.323520965,,,
1564078436,CC(=O)Nc1ccc(Oc2ccc(C(C)(C)c3cccc(C(C)(C)c4ccc(Oc5ccc(N6C(=O)c7ccc(C)cc7C6=O)cc5)cc4)c3)cc2)cc1,,0.36727722,,,
1564080444,Cc1ccc(-c2ccc(-c3nc4ccc(-c5ccc6nc(C)c(-c7ccccc7)c(-c7ccccc7)c6c5)cc4c(-c4ccccc4)c3-c3ccccc3)cc2)cc1,,0.43300062,,,
1564406631,Cc1ccc(Oc2ccc(N3C(=O)c4cccc(Oc5ccc(S(=O)(=O)c6ccc(Oc7cccc8c7C(=O)N(C)C8=O)cc6)cc5)c4C3=O)cc2)cc1,,0.36611669,,,
1564555962,CCCCCCCOC(=O)OCCCCCCCCOC(=O)OCCCCCCOc1ccc(C(=O)c2ccc(OC)cc2)cc1,,0.35645109,,,
1564587390,Cc1ccc(-c2cc(Oc3ccc(S(=O)(=O)O[Na])cc3)c(C)cc2Oc2ccc(S(=O)(=O)O[Na])cc2)cc1,172.5717242,,,,
1565016562,CCCc1ccc(CCNC(=O)CCCCCCCCC(=O)NC)cc1,,0.35145021,,,
1565300761,CN=P(C)(OCC(F)(F)C(F)(F)F)OCC(F)(F)C(F)(F)F,,0.3709865,,,
1565790126,CCCCCCCOC(=O)OCCCCCOC(=O)OCCCCCCOc1ccc(Oc2ccc(OC)cc2)cc1,,0.35226204,,,
1566134688,COc1cc(C(C)(C)C)c(Oc2ccc(C(=O)c3ccc(C)cc3)cc2)cc1C(C)(C)C,,0.40798893,,,
1566591359,C/C=C/CCCCCCCCCC(CCCCCCCCCC)COCCOCCOCCOCCOCCCCCC,,,0.31,0.891002299,16.02209513
1567869573,CCCCC(C)Cl,-30.93658282,,,,
1567960062,CCc1cc2cc(C(=O)Nc3ccc(S(=O)(=O)c4ccc(NC(=O)c5cc6cc(C)c(OC(=O)COc7ccc8ccc(=O)oc8c7)cc6oc5=O)cc4)cc3)c(=O)oc2cc1OC(=O)COc1ccc2ccc(=O)oc2c1,,0.32527333,,,
1568651103,CCC(C)c1ccc(CCCCCCCCCC)cc1,,0.40394942,0.2825,0.864032282,11.38875554
1568726838,CCCC(=O)OC(=O)CCc1ccc(C)n1C,78.11959859,,,,
1569031119,CO[Si](C)(c1ccccc1)c1ccccc1,,0.39090744,,,
1569186084,CCCCCCCCOC(=O)NCCCCCCNC(=O)OC,,0.34603241,,,
1569573588,CCCCCOC(=O)NNC(=O)CCCCCCCCC(=O)NNC(=O)OC,,0.33104417,,,
1569767963,CCCCCSCCSC,,,0.226,,
1570146193,CNc1nc(NC)n(N)c(=O)n1,,0.30702692,,,
1570200324,CC#Cc1cc(OCCCCCCCCCC)c(C)cc1OCCCCCCCCCC,61.85443636,,,,
1570351096,CCC(C)(C)C(=O)OCCC1CCN(CCCCCCOc2ccc(N=Nc3ccc([N+](=O)[O-])cc3)cc2)CC1,,0.36030129,,,
1570401711,CCC(C)c1ccc(C(=O)c2ccc(C)cc2)cc1,,0.38272585,,,
1570549360,CCC(C)c1nnn[nH]1,,0.32198673,,,
1570654852,CCC(CC(C)(C#N)C(=O)OC)c1ccccc1,127.0156605,,0.176,0.987197772,16.39022868
1570972826,Cc1ccc2c(c1)C(=O)N(c1ccc(OCCOCCOc3ccc(N4C(=O)c5ccc(C(C)(C(F)(F)F)C(F)(F)F)cc5C4=O)cc3)cc1)C2=O,,0.34948491,,,
1571736697,Cc1cc(CCCCCCOC(=O)COc2ccccc2)c(C)s1,,0.36035574,,,
1571763607,CNc1ccc(-c2ccc(NC)c(-c3ccccc3CC=C)c2-c2ccccc2CC=C)cc1,,0.35761142,,,
1572134392,CCC(C)c1c(F)c(F)c(OC)c(F)c1F,,0.34990398,,,
1572433772,CC(=O)c1ccc2c(c1)C(=O)N(c1ccc(CP(=O)(OCCCl)OCCCl)c(N3C(=O)c4ccc(C)cc4C3=O)c1)C2=O,,0.37206034,,,
1572814745,CNC1=C(c2c(NC)ccc3c2CCCC3)[C@H]2CCCC[C@H]2C=C1,,0.36912749,,,
1573303082,CO[Si](O[Si](O[Si](O[Si](CC[Si](C)(C)O[Si](C)(C)O[Si](C)(C)CC[Si](C)(c1ccccc1)c1ccccc1)(c1ccccc1)c1ccccc1)(c1ccccc1)c1ccccc1)(c1ccccc1)c1ccccc1)(c1ccccc1)c1ccccc1,,0.3950591,,,
1573438487,CCCCCCCCCCCCCCCCCCCCCOC(=O)CCCC(=O)OC,,,0.302,0.90650602,20.12266872
1573472944,CC1C(=O)OC(=O)C1C1C2CC(C(=O)OC(C)CC)C(C2)C1C,,0.34154769,,,
1573776034,CCC(C)C(=O)c1ccc(Cl)cc1,,0.38087651,,,
1573828532,CCc1ccc(CNC(=O)CC(C)(C)CC(C)C(=O)NC)cc1,,0.33698788,,,
1573986676,CO[Si](C)(C)CCCCCCCCCCCOc1ccc(/C=C/c2ccc(C#N)cc2)cc1,,0.39092299,,,
1574150308,CC(=O)OCCCCCCCCOC(=O)c1ccc(N2C(=O)c3ccc(C)cc3C2=O)cc1,,0.34482566,,,
1574744073,Cc1ccc(Oc2ccc(C(=O)c3ccc(Oc4ccc(-c5c6c(c(C)c7ccccc57)C(=O)N(c5ccc(Cl)cc5)C6=O)cc4)cc3)cc2)cc1,,0.38253331,,,
1574797277,CCC(C)C(=O)OCc1c(Br)c(Br)c(Br)c(Br)c1Br,,0.39447334,,,
1575153085,COc1ccc(C(=O)c2cccc(NC(=O)c3cccc(C(=O)Nc4cccc(C(=O)c5ccc(C)cc5)c4)c3)c2)cc1,,0.35264877,,,
1575277153,CCC(C)C(=O)OC(C)CCCCC,,,0.2405,0.89263762,11.17976548
1575557277,CCC(C)OCCCCCCCOc1ccc(-c2ccc(C#N)cc2)cc1,,0.36732307,,,
1575613666,COc1ccc(NC(=O)c2ccc(S(=O)(=O)c3ccc(C(=O)Nc4ccc(Oc5ccc(C(c6ccc(C)cc6)(C(F)(F)F)C(F)(F)F)cc5)cc4)cc3)cc2)cc1,,0.36216369,,,
1576291879,Cc1ccc(C(=O)OCCCCCCCCCCOC(=O)c2ccc(-c3nnc(C)s3)cc2)cc1,,0.36609452,,,
1576399281,C/C=C/C(C(=O)OC(C)C)C(C)C(=O)OC(C)C,,,,0.971892426,13.10146733
1576797553,CCCCCCCCCOc1c(OC)cc(C=Cc2cc(CCCCCC)c(C=Cc3cc(OC)c(OC)c(OC)c3)cc2CCCCCC)cc1OC,,0.38267439,,,
1577222221,CC(=O)Nc1cccc(C#Cc2cccc(N3C(=O)c4ccc(C)cc4C3=O)c2)c1,,0.38902251,,,
1577413316,CSc1ccc(Sc2ccc(Sc3ccc4c(c3)Sc3ccc(C)cc3S4)cc2)cc1,,0.39801974,,,
1577441045,CCC(C)(C)C(=O)OC1CCCCCCC1,,0.36870383,,,
1577638731,CCCCCCCSSC,,0.44419731,,,
1578441092,Cc1ccc(-c2cc(-c3ccc(-c4ccccc4)cc3)cc(-c3ccc(N4C(=O)c5ccc(NC(=O)Nc6ccc(Oc7ccccc7-c7ccccc7Oc7ccc(NC(=O)Nc8ccc9c(c8)C(=O)N(C)C9=O)cc7)cc6)cc5C4=O)cc3)n2)cc1,,0.36226249,,,
1578457961,Cc1cccc(NC(=O)c2ccc(OCCOCCOCCOc3ccc(C(=O)Nc4ccc5[nH]c(C)nc5c4)cc3)cc2)c1,,0.34384925,,,
1578702981,CC(F)=C(F)C(F)(C(C)(F)F)C(F)(F)F,,0.32146163,,,
1578799819,CNc1cccc(-c2ccccc2-c2ccccc2-c2cc(NC)ccc2-c2ccccc2)c1,,0.3577192,,,
1579112957,CCCCCCCCCCCCCNC(=O)CCc1ccc(CCC(=O)NC)cc1,,0.36073378,,,
1579365390,Cc1ccc(Oc2ccc(C(=O)c3ccc(Oc4ccc(-c5c6c(c(C)c7ccccc57)C(=O)N(c5ccccc5)C6=O)cc4)cc3)cc2)cc1,,0.38301295,,,
1579852324,CC(=O)Nc1cc(NC(=O)c2ccc3c(c2)C(=O)N(c2cc(-c4nc5ccccc5s4)cc(N4C(=O)c5ccc(C)cc5C4=O)c2)C3=O)cc(-c2nc3ccccc3[nH]2)c1,,0.37929546,,,
1579941096,CNc1c2ccccc2c(NC)c2c(-c3ccccc3)cccc12,,0.35157885,,,
1580080124,CCC(O)CN(C)c1ccc(N=Nc2ccc(Cl)cc2)cc1,,0.37983776,,,
1580221416,COC(=O)c1ccc(C2(C)CC(C)(C)c3ccc(C(=O)Oc4ccc5c(c4)Oc4cc(C)ccc4C5(C)C)cc32)cc1,,0.38516135,,,
1580258863,CCC(C)c1ccc(C[Si](C)(C)C)cc1,,0.42588217,,,
1580474538,Cc1ccc(C(=O)NNC(=O)c2ccc(C(=O)NNC(=O)c3ccc(C4(C)OC(=O)c5ccccc54)cc3)cc2)cc1,,0.35041515,,,
1580553227,Cc1ccc(-c2cc(-c3ccc(OCCCC#N)cc3)cc(-c3ccc(N4C(=O)c5ccc(Oc6ccc7c(c6)C(=O)N(C)C7=O)cc5C4=O)cc3)n2)cc1,,0.38498267,,,
1580795142,CCC(C)OC(=O)C(C)(C(C)C)C(C)C,,0.38169655,,,
1580898665,Cc1ccc(-c2ccc(-n3c(=O)c4cc5c(=O)n(C)c(=O)c5cc4c3=O)c(C)c2)cc1C,271.2577887,,,,
1580966726,COc1ccc(-c2ccc(OC(=O)c3cccc(C(C)=O)c3)cc2)cc1,,0.34552239,,,
1581168714,CC(=O)OCCCCCCCOC(=O)c1ccc(NC(=O)c2ccc(N3C(=O)c4ccc(C)cc4C3=O)cc2)cc1,,0.34341892,,,
1581284687,CNc1ccc(C2(c3ccc(NC)cc3)CC2)cc1,,0.35420303,,,
1581446027,CCC(C)CCCCCCCCCCCC,,0.40857787,0.339,0.805359167,11.32200697
1581749502,CC(C)C(=O)N1C(=O)N(C(=O)C(C)n2c(=O)c3cc4c(=O)n(C)c(=O)c4cc3c2=O)C(=O)C1(C)C,252.5865186,,,,
1582367381,CCC(COc1ccc(S(=O)(=O)c2ccc(OC)cc2)cc1)OC(C)=O,,0.34921256,,,
1582377269,C/C=C/c1cc(OCCCCCC)c(C)cc1OC,,,0.524,0.956645411,21.10266717
1582774157,COc1ccc(Oc2ccc(C(=O)Nc3ccc(Oc4ccc(-c5ccc(Oc6ccc(NC(=O)c7ccc(C)cc7)cc6)cc5)cc4)cc3)cc2)cc1C,,0.36164862,,,
1583167273,COc1ccc(Oc2ccc(Oc3ccc(-c4ccc(Oc5ccc(Oc6ccc(Oc7ccc(C(=O)c8ccc(C)c(S(=O)(=O)O)c8)cc7S(=O)(=O)O)cc6)cc5)cc4)cc3)cc2)cc1,151.7193386,,,,
1583422885,CC=Cc1ccc(C)c(OCc2cc(OCc3cc(OCCC(C)CCCC(C)C)cc(OCCC(C)CCCC(C)C)c3)cc(OCc3cc(OCC(CC)CCCC)cc(OCC(CC)CCCC)c3)c2)c1,,0.38019139,,,
1583607044,CCCCOc1cccc(C(=O)OC(=O)c2cccc(OC)c2)c1,,0.33347035,,,
1583883601,CNc1ccc([C@@](C)(c2ccccc2)c2cccc(NC)c2)cc1,,0.35514854,,,
1583954692,CC#CC#Cc1ccc2c3ccc(C)cc3n(CCCCCCCCCCCCCCCC)c2c1,68.35869686,,,,
1584418791,CO[Si](C)(C)O[Si](C)(C)O[Si](C)(C)OC(C)CCCCC(C)C,,0.42325418,,,
1584609339,CO[Si](C)(C)c1ccc([Si](C)(C)C)c2ccccc12,,0.41683838,,,
1584656772,COc1ccc(C(C)(C)c2ccc(OP3(Oc4ccc(C(=O)OCCC)cc4)=NP(Oc4ccc(C(=O)OCCC)cc4)(Oc4ccc(C(=O)OCCC)cc4)=NP(C)(Oc4ccc(C(=O)OCCC)cc4)=N3)cc2)cc1,,0.35923565,,,
1584683487,CCC(C)(C)C(=O)OCCCCCCOc1ccc(N=Nc2ccc(C3OCC4(CO3)CC3C=CC4C3)cc2)cc1,,0.3605339,,,
1584732566,CCC(C)(C)C(=O)Oc1ccc2ccccc2c1,,,0.1639999999999999,1.079099726,12.73790543
1586829326,CNc1ccc(C(C)(C)c2ccc(NC(=O)c3cccc(C(C)=O)c3)cc2)cc1,,0.35733919,,,
1587202589,CC(=O)Nc1ccc(Oc2ccc(NC(=O)c3ccc4c(c3)C(=O)N(c3ccc(Oc5ccc(C6(c7ccc(Oc8ccc(N9C(=O)c%10ccc(C)cc%10C9=O)cc8)cc7)CC7CC6C6CCCC76)cc5)cc3)C4=O)cc2)cc1,,0.36705724,,,
1587391923,COc1ccc(S(=O)(=O)c2ccc(OC(=O)c3cc(NC(=O)c4ccc(NC(=O)C(C)N5C(=O)c6ccccc6C5=O)cc4)cc(C(C)=O)c3)cc2)cc1,,0.34562786,,,
1587431956,CCCCS(=O)(=O)CCCS(=O)(=O)CCCOC(=O)c1cccc(C(=O)OC)c1,,0.35154023,,,
1587454382,CC(=O)Nc1ccc(Oc2ccc(NC(=O)c3ccc4c(c3)C(=O)N(C3CCC(CC5CCC(N6C(=O)c7ccc(C)cc7C6=O)CC5)CC3)C4=O)cc2)cc1,,0.36177897,,,
1587941896,CCCCC(C)(C)CNC(=O)CCCCCCCC(=O)NC,,0.34975469,,,
1588269269,CNc1c(N)c(N)c2c(c1NC)C(=O)OC2=O,,0.32340891,,,
1588320432,CCCN(CCCCCCOc1ccc(C=Cc2ccc([N+](=O)[O-])cc2)cc1)CCOC(=O)Nc1ccc(C)c(NC(=O)OC)c1,,0.34069727,,,
1588395205,Cc1ccc(Oc2ccccc2Oc2ccc(N3C(=O)c4ccc(-c5ccc6c(c5)C(=O)N(C)C6=O)cc4C3=O)cc2C(F)(F)F)c(C(F)(F)F)c1,,0.3645119,,,
1588401171,CNc1ccc(C(CCC(c2ccc(N)cc2)c2ccc(NC)cc2)c2ccc(N)cc2)cc1,,0.35794575,,,
1588466256,CCC(C)c1ccc(CC)cc1,,0.4044765,0.2013333333333333,,
1588472676,COc1ccc(C(C)(C)c2ccc(OC(=O)c3cc(NC(=O)c4ccc(NC(=O)C(C)N5C(=O)c6ccccc6C5=O)cc4)cc(C(C)=O)c3)cc2)cc1,,0.34759081,,,
1588623527,CNc1ccc(C2=C(c3ccc(NC)cc3)CCCC2)cc1,,0.36462438,,,
1588749798,CCC(=C)COCC(=C)COC(=O)OC,,0.3369446,,,
1589240697,COc1ccc(C(c2ccc(OC(C)=O)cc2)C2CCCCC2)cc1,,0.37459903,,,
1589532910,CC=CC1CC(C)C(C(=O)OC)C1C(=O)OC,,0.35233888,,,
1589608719,CCCCCCC(C)CCCCCCCCCCCCCC,,,0.403,0.80443165,14.47745133
1589952649,CNc1ccc(NC(=O)CCCC(C)=O)cc1,,0.31441962,,,
1590006077,CO[Si](C)(C)C#C[Si](C)(C)C#C[Si](C)(C)C#C[Si](C)(C)C#C[Si](C)(C)C#C[Si](C)(C)C,,0.49804119,,,
1590491705,Cc1ccc2c(c1)C(=O)N(c1cccc(Oc3ccc(N4C(=O)c5ccc(-c6c(-c7ccccc7)c(-c7ccccc7)c(-c7ccc(Oc8ccc(-c9c(-c%10ccccc%10)c(-c%10ccccc%10)c(C)c(-c%10ccccc%10)c9-c9ccccc9)cc8)cc7)c(-c7ccccc7)c6-c6ccccc6)cc5C4=O)cc3)c1)C2=O,,0.39872119,,,
1591097153,CCCCCOC(=O)NCCCCNC(=O)OC,,0.32569334,,,
1591202562,COC(=O)OCCCCCCCCOC(=O)OC1COC2C(C)COC12,,0.33598554,,,
1591469994,CCC(C)CC(C)C,,,0.2083333333333333,0.765836941,11.25375484
1591544351,CC(C#N)=Cc1cc(OCCCCCCCCCCCCCCCC)c(C=C(C#N)c2cc(OCCCCCCCCCCCCCCCC)c(C)cc2OC)cc1OC,,0.39805364,,,
1591651244,CCCC1CCC(C)C1,,,,0.880692229,25.78669657
1591681848,CNc1ccc(-c2c(-c3ccccc3)ccc(NC)c2-c2ccccc2)cc1,,0.36149058,,,
1591697879,COc1ccc(S(=O)(=O)c2ccc(Oc3ccc(NC(=O)c4cc(NC(=O)c5ccncc5)cc(C(=O)Nc5ccc(C)cc5)c4)cc3)cc2)cc1,,0.35362805,,,
1592713963,COc1ccc(CC(NC(=O)CCc2ccc(OC(=O)COCCOCC(C)=O)cc2)C(=O)OCCCCCCCC)cc1,,0.34916517,,,
1592724652,COc1ccc(C(C)(C)c2ccc(OC(=O)c3ccc(C(C)=O)cc3)c(C(C)C)c2)cc1C(C)C,,0.39498446,,,
1593705376,CNc1cc(NC(=O)NC2CCC(CC3CCC(NC(C)=O)CC3)CC2)cc(C(=O)Nc2cccc3c2C(=O)c2ccccc2C3=O)c1,,0.34331689,,,
1594377223,Cc1ccc(NC(=O)CCCCCCCC(=O)Nc2ccc(S(C)(=O)=O)cc2)cc1,,0.34520274,,,
1594695636,COc1ccc(C(=O)OCCOC(=O)c2ccc(C)cc2)cc1,,0.34122405,,,
1594797785,COc1ccc(Sc2ccc(Oc3ccc(-c4ccc(-c5ccc(C)c(C(F)(F)F)c5)cc4)cc3C(F)(F)F)cc2)cc1,,0.37806344,,,
1594981326,CCC(=O)Nc1ccc(Oc2c(F)c(F)c(Oc3ccc(NC(=O)c4ccc5c(c4)C(=O)N(C)C5=O)cc3)c(F)c2F)cc1,,0.33657991,,,
1595107250,COc1ccc(C2(c3ccc(Oc4nc(C)nc(OC)n4)cc3)CCCCC2)cc1,,0.36354043,,,
1595192960,CCCC(=O)Nc1ccc(Cc2ccc(NC(=O)CCN3C(=O)c4ccc(C(=O)c5ccc6c(c5)C(=O)N(C)C6=O)cc4C3=O)cc2)cc1,,0.33616908,,,
1595605865,CCC(C)OC(=O)c1ccccc1,,0.356021,0.1669999999999999,1.101556822,13.40000836
1595837642,CNc1ccc([C@@H](CC)c2ccccc2[C@H](CC)c2ccc(NC)cc2)cc1,,0.36286788,,,
1596320590,COc1ccc(CC(NC(=O)CCc2ccc(OC(=O)COCC(C)=O)cc2)C(=O)OCCCCCCCCCCCC)cc1,,0.35696126,,,
1596743017,CC=CC,,0.42573737,,,
1597060488,COc1ccc(Oc2ccc(OC(=O)c3ccccc3-c3ccccc3C(C)=O)cc2)cc1,,0.35136953,,,
1597874068,COc1ccc(C(C)(C)c2ccc(Oc3ccc(C(=O)c4ccc(C)cc4)cc3)cc2)cc1,,0.37756242,,,
1598034786,CCC#CC(C#CCOC(=O)CCCCCCCCC(=O)OC)=Cc1ccc(C#Cc2ccccc2)cc1,,0.38414122,,,
1598043126,CCC(C)(C)C(=O)Oc1ccc(CC#N)cc1,,0.36393077,0.1655,1.056556928,12.67707231
1598367606,CNc1ccc(CCc2ccc(NC)cc2)cc1,,0.3443961399999999,,,
1598423326,CCC(C)(C)C(=O)OCCCCCCOc1ccc(N=Nc2ccc(OC)cc2)cc1,,0.35997482,,,
1598641133,Cc1ccc(-c2ccc(Oc3ccc(C4(C)CC(C)(C)c5ccc(Oc6ccc(-c7ccc(N8C(=O)c9ccc(Oc%10ccc%11c(c%10)C(=O)N(C)C%11=O)cc9C8=O)cc7)cc6C(F)(F)F)cc54)cc3)c(C(F)(F)F)c2)cc1,,0.38259605,,,
1599410150,CN=P(C)(Oc1ccc(Cl)cc1Cl)Oc1ccc(Cl)cc1Cl,,0.40414822,,,
1599847368,CCC(=O)Nc1ccc(Oc2ccc(NC(=O)COc3ccc4ccccc4c3Sc3c(OC)ccc4ccccc34)cc2)cc1,,0.34293502,,,
1599967213,Cc1ccc2ccc3c(C)cc(C#CC=C)c4ccc1c2c34,,,0.429,0.757428031,34.48730282
1600032316,CC(=O)c1ccc2c(c1)C(=O)N(c1cccc(C(=O)c3ccc(Oc4ccc(N5C(=O)c6ccc(C)cc6C5=O)cc4)cc3)c1)C2=O,,0.36374877,,,
1600783315,COc1ccc(S(=O)(=O)c2ccc(Oc3ccc(C(C)(C)c4ccc(C)cc4)cc3)cc2)c(N)c1,,0.37235553,,,
1601240060,CC(=O)c1ccc2c(c1)C(=O)N(c1ccc(-c3ccc(-c4ccc(N5C(=O)c6ccc(C)cc6C5=O)cc4)cc3)cc1)C2=O,232.2309602,,,,
1601398939,CCCCCSC(=O)NCCCCCCNC(=O)SC,-33.13797704,,,,
1601741460,CC(=O)c1ccc(Oc2ccc(C(C)(C)c3ccc(Oc4ccc(C)s4)cc3)cc2)cc1,,0.37738334,,,
1601815856,CC(F)(F)C(C)(F)OC(F)C(F)F,,0.33442051,,,
1601908846,COc1ccc(Sc2ccc(OC3(F)C(C)(F)C(F)(F)C3(F)F)cc2)cc1,,0.36289708,,,
1602086005,CO[Si](C)(CCC)c1ccccc1,,0.40185046,,,
1602099447,CC=C(C)CCCOC(=O)c1cc(-c2ccc(OC)cc2)ccc1-c1ccc(OC)cc1,,0.34537263,,,
1602838431,CCC(C)c1cc(-c2ccc(C(=O)OC3CC(C)CCC3C(C)C)cc2)ccc1-c1ccc(C(=O)OC2CC(C)CCC2C(C)C)cc1,,0.3845381,,,
1602898253,CNc1cccc(C(=O)c2cccc(NC)c2)c1,,0.33606974,,,
1603135089,CCCCCNC(=O)CCCCCCCCCCC(=O)NC,,,0.332,,
1603270914,CCCN(CCOC(=O)c1cccc(C(=O)OC)c1)c1ccccc1,,0.34654736,,,
1603750308,CCC(C)C(=O)OCCCCCCOc1ccc(C(=O)Oc2ccc(OC)cc2)cc1,,0.34223337,,,
1604219408,CNc1ccc(-c2cccc(-c3cccc(NC)c3)c2)cc1,,0.34269282,,,
1604312905,Cc1ccc(Oc2cccc(Oc3ccc(N4C(=O)c5ccc(Oc6ccc(C(=O)c7ccc(Oc8ccc9c(c8)C(=O)N(C)C9=O)cc7)cc6)cc5C4=O)cc3)c2)cc1,,0.36139134,,,
1605023913,CCCCCCCCCCCOc1ccc(C=Cc2ccc(OCCCCCCCCCCOP(=O)(OC)OCCCCCCCCCCOc3ccc(N=Nc4ccc(-c5ccccc5)cc4)cc3)cc2)cc1,,0.37252491,,,
1605095414,CCC(C)C(=O)OCCCOc1ccc(C(=O)OCCCC(F)(F)C(F)(F)C(F)(F)C(F)(F)C(F)(F)C(F)(F)F)cc1,,0.333167,,,
1606219609,COc1ccc(S(=O)(=O)c2ccc(Oc3ccc(C=Cc4ccc(C)cc4)cc3)cc2)cc1,,0.37415859,,,
1606350633,CCCCCCCCCCNC(=O)CCCCC(=O)NC,,0.35373615,,,
1606377766,CCC1CCC(CNC(=O)CCCCCCCCC(=O)NC)CC1,,0.35003033,,,
1606526460,Cc1ccc(N(c2ccc(C#N)cc2)c2ccc(N3C(=O)c4ccc(S(=O)(=O)c5ccc6c(c5)C(=O)N(C)C6=O)cc4C3=O)cc2)cc1,,0.42173166,,,
1606960640,CCC=CCS(C)(=O)=O,,0.37641025,,,
1607403554,CCCCCCOC(=O)c1ccc(-c2ccc(-c3ccc(C(=O)OC)cc3)cc2)cc1,,0.34308602,,,
1607507482,CCCOC(=O)C(C)OC,,0.33713195,,,
1607608174,CCCCCCCNC(=O)Cc1ccc(CC(=O)NC)cc1,,0.33740451,,,
1607796915,CCC(C)c1ccc(CCCC)cc1,,,0.2096666666666666,,
1607934568,CCC(C)C(=O)OCC(F)(F)C(F)(F)OC(F)(F)C(F)(F)C(F)(F)C(F)(F)F,,0.31780305,0.086,,
1608160782,CCC(C)C(=O)NCCCCCCCC/C=C/CCCCCCCC,,,0.3065,0.860743742,12.94376545
1608321923,CCC(C)C1CCCC(C)C1,,0.40571007,0.1806666666666666,,
1608343989,CCC(C)C(=O)OCCCCSC,,0.39787287,0.2005,1.049744475,12.27513461
1608850279,COc1ccc(C2(c3ccc(OC(=O)OC4C(C)(C)C(OC(C)=O)C4(C)C)cc3)CCC(C(C)(C)C)CC2)cc1,,0.37377889,,,
1609267020,CCC(C)(C)COC(=O)NC(=O)c1cc(C(=O)NC(=O)OC)cc(C(C)(C)C)c1,,0.33019089,,,
1609304413,CCCN(C)C(=O)CC(C)C,,0.36933528,,,
1609366983,CC=CC1CC(C)C2CC=CC12,,0.39371357,,,
1609819225,COc1cccc(C(=O)c2ccc(Oc3ccc(C(=O)c4ccc(C)cc4)cc3)cc2)c1,,0.36799842,,,
1609876819,CCCCCOCOC,,0.35936946,,,
1609935858,CNc1cccc(C2(c3cccc(NC)c3)c3ccccc3-c3ccccc32)c1,,0.36665477,,,
1610540990,COc1ccc(C(C)(C)c2ccc(OC(=O)c3ccc(C(C)(C)c4ccc(C(C)=O)cc4)cc3)cc2)cc1,,0.37152028,,,
1610776533,CNc1cccc(/C(=C(\c2ccccc2)c2cccc(NC)c2)c2ccccc2)c1,,0.37286645,,,
1611088763,CC=Cc1c(OC(=O)c2ccc(C(=O)Oc3ccc4ccccc4c3C=Cc3cccc(C)n3)cc2)ccc2ccccc12,,0.36780539,,,
1611331043,CCCCCCCCC(=O)NC,,0.35123354,0.329,,
1611579500,CCC(C)c1cc(Br)ccc1OCC,,0.41409342,0.124,1.223503114,13.17144668
1611681441,CCCC(C)=C(C)C,46.49641909,,,,
1611694557,CCCCCCCCCCCCCOC(=O)CCCCC(=O)OC,,,0.292,0.946344135,19.57740116
1612093023,COc1ccc(C2(c3ccc(Oc4ccc(-c5ccc(NC(=O)c6cc(C(=O)Nc7ccc(-c8ccc(C)c(C(F)(F)F)c8)cc7)cc(C(C)(C)C)c6)cc5)cc4C(F)(F)F)cc3)c3ccccc3-c3ccccc32)cc1,,0.38174779,,,
1612493686,Cc1ccc(C)n1CC,112.6054346,,,,
1612521768,Cc1ccc(-c2ccc3c(c2)C(CCCCCCCC)(CCCCCCCC)c2cc(C)ccc2-3)cc1,,0.40991145,,,
1612716794,CNc1cc2c3ccccc3c3ccccc3c2cc1NC,,0.3239493,,,
1613645225,COC(=O)Nc1ccc(Cc2ccc(NC(=O)OC3CC4CC(C)CC(C3)O4)cc2)cc1,,0.34955799,,,
1613665911,CNc1ccc(NC(=O)CCCCC(C)=O)cc1,,0.32538533,,,
1613802032,CCCN(C)C(=O)C(OC)(c1ccccc1)C(F)(F)F,,0.3539454,,,
1613873087,Cc1cccc(NC(=O)CCCCCCCCC(=O)Nc2cccc(S(C)(=O)=O)c2)c1,,0.34846813,,,
1613930825,COc1ccc(C2(c3ccc(OC(=O)CCCC(C)=O)cc3)c3cc(N(C)C)ccc3-c3ccc([N+](=O)[O-])cc32)cc1,,0.37150042,,,
1614031170,Cc1cc(CCCCCC)c(C)s1,,0.42393246,,,
1614212128,COc1c(C)cc(-c2cc(C)c(Oc3ccc(C(=O)c4ccc5cc(C(=O)c6ccc(C)cc6)ccc5c4)cc3)c(C)c2)cc1C,,0.40029643,,,
1614580924,CCC(C)(C)C(=O)OCCCC1CCCCC1,,0.36533383,,,
1614865951,COC(=O)Cc1ccc(CC(C)=O)cc1,,0.32669712,,,
1615078461,CC(=O)Nc1cccc(NC(=O)c2ccc(-c3nc4cc(C)ccc4[nH]3)cc2)c1,,0.35660397,,,
1615328669,CCC(C)(C)C(=O)OC(OCC)C(F)(F)F,,0.35450066,,,
1616202781,CCC(CO)(CO)COC,,0.29427699,,,
1617425937,CC=CC1CCC(C)C1,,0.3888656,,,
1617530326,Cc1ccc(Cc2ccc(N3C(=O)c4c(c(-c5ccccc5)c(-c5ccc(Oc6ccc(-c7c(-c8ccccc8)c8c(c(-c9ccccc9)c7-c7ccccc7)C(=O)N(C)C8=O)cc6)cc5)c(-c5ccccc5)c4-c4ccccc4)C3=O)cc2)cc1,,0.40959126,,,
1618024485,CCC(COC)(CSC(C)C)CSC(C)C,,0.41655745,,,
1618337987,CC(=O)c1ccc2c(c1)C(=O)N(c1ccc(Oc3ccc(S(=O)(=O)c4ccc(C)cc4)cc3)c(N3C(=O)c4ccc(C)cc4C3=O)c1)C2=O,,0.38455792,,,
1618366828,CO[Si](C)(C)O[Si](C)(C)O[Si](C)(C)c1ccc(Oc2ccc([Si](C)(C)C)cc2)cc1,,0.41576369,,,
1618451585,CNc1ccc(-c2ccc(-c3cccc(NC)c3)cc2)cc1,,0.34006851,,,
1618749599,Cc1ccc(OC(=O)c2cccc(C(=O)Oc3ccc(C4(C)OC(=O)c5ccccc54)cc3C)c2)c(C)c1,,0.37167757,,,
1618910183,CNc1cccc(NC(=O)c2ccc(C(C)=O)cc2)c1,,0.33550053,,,
1618911351,CCC(C)(C)C(=O)OCCCCCCOc1ccc(C(=O)Oc2ccc(-c3cccc(OC(=O)c4ccc(OC(=O)c5ccc(OCCCCCCCCCCCC)cc5)cc4)c3)cc2)cc1,,0.36170245,,,
1618992612,CCCCCC(=O)Oc1ccc(OC(=O)c2ccc3c(c2)C(=O)N(C)C3=O)cc1,,0.33028108,,,
1619024957,CCC1(C)CCCCC1,,0.36650758,0.1443333333333333,0.795413005,12.99416817
1619167656,COc1ccc(S(=O)(=O)c2ccc(Oc3ccc(P(=O)(c4ccccc4)c4ccc(C)cc4)cc3)cc2)cc1,,0.38096649,,,
1619197321,CC(=O)OCCCCCCCCOC(=O)c1ccc(NC(=O)c2ccc(N3C(=O)c4ccc(C)cc4C3=O)cc2)cc1,,0.34367333,,,
1619494019,COc1ccc(C(=Cc2ccc(-c3ccc(C=C(c4ccccc4)c4ccc(OC(=O)c5ccc(C(C)=O)cc5)cc4)cc3)cc2)c2ccccc2)cc1,,0.37848459,,,
1619516534,CCC(C)c1ccc(COCCC(F)(F)C(F)(F)C(F)(F)C(F)(F)C(F)(F)C(F)(F)C(F)(F)C(F)(F)F)cc1,,0.34583882,,,
1619538915,CNc1cccc(Cc2ccccc2)c1-c1cccc(C[C@H](NC)c2ccccc2)c1,,0.34966936,,,
1619869238,CCCCCCCCCCCNC(=O)CCCCCCCCCCCC(=O)NC,,,0.3685,0.912914925,24.40781229
1620174791,COc1ccc(N=C(c2ccccc2)c2ccc(Oc3ccc(C(c4ccccc4)(c4ccccc4)c4ccc(Oc5ccc(C(=Nc6ccc(C)cc6)c6ccccc6)cc5)cc4)cc3)cc2)cc1,,0.38989325,,,
1620481410,Cc1ccc(Cc2ccc(N3C(=O)C(Cl)=C(Oc4ccc(C(C)(C)c5ccc(OC6=C(Cl)C(=O)N(C)C6=O)cc5)cc4)C3=O)cc2)cc1,,0.36623451,,,
1620933064,C/C=C(/C)CCCCCCCCCCCCCCCCCCCCC(=O)O,,,0.403,0.868463517,14.07855526
1621708323,COC(CCCCCCC=C)CC(C)=O,,0.37192791,,,
1621972035,CCC(C)(C)C(=O)OCCCCCCOc1ccc(-c2ccc(C#N)cc2)cc1,,0.35758203,,,
1622243076,CNc1ccc2ccc3cc4c(ccc5ccccc54)cc3c2c1NC,,0.33607115,,,
1622288666,CC=CC(C)C(C)C(=O)OCCCN(C)c1ccc(N(C)C)cc1,,0.37642636,,,
1622533278,CNc1cc2c3ccc(-c4ccc(C)c(C)c4)c(-c4ccc(C)c(C)c4)c3c(NC)cc2c2ccccc12,,0.36400797,,,
1623779443,Cc1ccc(Oc2ccc(-c3csc(NC(=O)Nc4ccc(Cc5ccc(NC(=O)Nc6nc(C)cs6)cc5)cc4)n3)cc2)cc1,221.6298798,,,,
1623821086,CNc1ccc(NC(=O)c2cc(C(C)=O)c(C(=O)O)cc2C(=O)O)cc1S(=O)(=O)O[Na],129.970858,,,,
1623930170,Cc1ccc(Oc2ccc(-c3ccc(Oc4ccc(N5C(=O)c6ccc(Oc7ccc(C(c8ccc(Oc9ccc%10c(c9)C(=O)N(C)C%10=O)cc8)(C(F)(F)F)C(F)(F)F)cc7)cc6C5=O)cc4)cc3)cc2)cc1,,0.36693527,,,
1624065789,Cc1ccc(C(=O)NCCCCCCCCCCCCNC(=O)c2ccc(-c3nc4ccccc4nc3C)cc2)cc1,,0.36749027,,,
1624256779,COC(C)CCCCC(C)=O,,0.35745036,,,
1624258093,Cc1ccc(Oc2ccc(NC(=O)c3cc(C(=O)Nc4ccc(Oc5ccc(-c6nnc(C)o6)cc5)cc4)cc(N4C(=O)c5ccccc5C4=O)c3)cc2)cc1,,0.36154579,,,
1624614703,Cc1c(C)cc(C(c2cccnc2)c2cc(C)c(N3C(=O)CC(Nc4ccc(NC5CC(=O)N(C)C5=O)cc4)C3=O)c(C)c2)cc1C,,0.38844622,,,
1624631059,CCC(C)(C)C(=O)OCCCCCCOc1ccc(OC(=O)c2ccc(OCCCC)cc2)cc1,,0.35532561,,,
1625056718,COc1ccc(CC(NC(=O)CCc2ccc(OC(=O)CC(C)CCC(C)=O)cc2)C(=O)OC(C)CC)cc1,,0.3483794,,,
1625717733,CCC(=O)NC,,,0.277,,
1626154089,COc1c(-c2ccccc2)cc(C)cc1-c1ccc(C)cc1,,0.40218767,,,
1626255936,COc1ccc(C(C)(C)c2ccc(OC(=O)c3cccc(C(F)(F)C(F)(F)C(F)(F)c4cccc(C(C)=O)c4)c3)cc2)cc1,,0.35753446,,,
1626278445,CNc1ccc([C@@]23CC4C[C@@](c5ccc(N)cc5)(C2)C[C@](c2ccc(NC)cc2)(C4)C3)cc1,,0.36179754,,,
1626805714,CCCOCCOCCOc1ccc(/C=C(\C)c2ccc(OC)cc2)cc1,,0.36211153,,,
1626973373,COc1ccc(CC(NC(=O)Cc2ccc(OC(=O)CCCCCCCCC(C)=O)cc2)C(=O)OCCCCCC)cc1,,0.35488648,,,
1627008695,CNc1cc(-c2ccccc2)c(-c2ccccc2)c(NC)c1-c1ccccc1,,0.36654455,,,
1627088494,Cc1ccc2c(c1)C(=O)N(c1cccc(C(O)c3cccc(N4C(=O)c5ccc(C(C)(C(F)(F)F)C(F)(F)F)cc5C4=O)c3)c1)C2=O,,0.37192753,,,
1628056427,Cc1ccc2c(c1)C(=O)N(c1cccc(C(O[Si](C)(C)O[Si](C)(C)O[Si](C)(C)C)c3cccc(N4C(=O)c5ccc(C(C)(C(F)(F)F)C(F)(F)F)cc5C4=O)c3)c1)C2=O,,0.39990729,,,
1628304289,COC(C)CCC#N,,,0.1704999999999999,1.042557473,13.31406094
1629034930,CNc1ccc([C@]2(C)c3ccccc3C(C)(C)C2(N)NC)cc1,,0.36227751,,,
1629642981,CCC(C)(C)C(=O)OCCCCCCc1ccc(C(C)=Cc2ccc(OC)cc2)cc1,,0.36591214,,,
1629866625,CC(=O)Nc1ccc(Oc2ccc(Oc3ccc(NC(=O)c4ccc5c(c4)C(=O)N(c4ccc(Oc6ccc(N7C(=O)c8ccc(C)cc8C7=O)cc6)cc4)C5=O)cc3)cc2)cc1,,0.35336088,,,
1629965547,CCCCCOc1ccc(C=C2CCC(=Cc3ccc(OCCCCOP(=O)(OC)OC)c(OC)c3)C2=O)cc1OC,,0.35092765,,,
1630109402,CNNC(=O)c1cc(NC(=O)c2ccc3c(c2)C(=O)N(c2ncccc2C)C3=O)cc(C(=O)NNC(=O)CC(C)=O)c1,,0.3203758,,,
1630196267,CCCCCCCCNC(=O)CCCCCCCCCCCCCCCCCCC(=O)NC,,0.38015472,0.4137499999999999,0.900754814,21.54347658
1630481907,CC(=O)c1ccc2c(c1)C(=O)N(c1ccc(Oc3ccccc3Oc3ccc(N4C(=O)c5ccc(C)cc5C4=O)cc3C(F)(F)F)c(C(F)(F)F)c1)C2=O,,0.37183855,,,
1630836772,CNc1cc2ccc3cc(NC)cc4ccc(c1)c2c34,,0.33777593,,,
1630847021,CNc1ccc(C(=CC=C(c2ccccc2)c2ccccc2)c2ccc(NC)cc2)cc1,,0.3719653,,,
1631091445,CCC(SC)c1ccccc1,,0.3836093,,,
1631230577,CNc1cc2c(cc(NC)c3c(-c4ccccc4)c(-c4ccccc4)c(-c4ccccc4)c(-c4ccccc4)c32)c2ccccc12,,0.37324607,,,
1631608831,CCCNC(=O)c1cccc(OC)c1,,0.32622214,,,
1632405014,CC(=O)Nc1ccc(Cc2ccc(NC(=O)c3ccc4c(c3)C(=O)N(c3c(C)cc(-c5cc(C)c(N6C(=O)c7ccc(C)cc7C6=O)c(C)c5)cc3C)C4=O)c(C)c2)cc1C,,0.37933895,,,
1632457388,CNc1c(NC)c2c(ccc3c4ccccc4c4ccccc4c32)c2ccccc12,,0.35171057,,,
1632465618,CC(=O)Oc1ccc(C(C)(C)c2ccc(OC(=O)c3ccc4c(c3)C(=O)N(c3ccc(O)c(N5C(=O)c6ccc(C)cc6C5=O)c3)C4=O)cc2)cc1,,0.35532952,,,
1632814958,COS(=O)(=O)c1cc(S(=O)(=O)Oc2ccc(C3(c4ccc(C)c(C)c4)CCCCC3)cc2C)ccc1C,,0.37582472,,,
1632815353,CC(=O)c1ccc(Oc2ccc(C3(c4ccc(Oc5ccc(C(=O)c6ccc7c(c6)C(=O)N(c6ccc(Oc8ccc(N9C(=O)c%10ccc(C)cc%10C9=O)cc8)cc6)C7=O)cc5)cc4)OC(=O)c4ccccc43)cc2)cc1,,0.37651211,,,
1633207070,CCC(C)c1ccccc1COCCC(C)C,,0.3832793,0.1943333333333333,0.924684677,10.79545525
1633403102,CNc1ccc(C(Cc2ccccc2)(Cc2ccccc2)NC)cc1,,0.35111176,,,
1633678871,COc1ccc(-c2ccc(OC(=O)c3cc(OCCCc4ccccc4)c(C(C)=O)cc3OCCCc3ccccc3)cc2)cc1,,0.3524536,,,
1634407816,Cc1ccc(-c2cc(-c3ccc(OCCCCCCCCCCCC)cc3)cc(-c3ccc(-c4ccc5c(c4)C(CCCCCC)(CCCCCC)c4cc(C)ccc4-5)cc3)c2-c2ccc(OCCCCCCCCCCCC)cc2)cc1,,0.39788041,,,
1634561399,CNc1ccc(C(c2ccc(NC)cc2)c2ccccc2N)cc1,,0.3535621049999999,,,
1634574344,COc1c(F)c(F)c(Sc2c(F)c(F)c(Oc3ccc(C(c4ccc(C)cc4)(C(F)(F)F)C(F)(F)F)cc3)c(F)c2F)c(F)c1F,,0.37421023,,,
1634828189,CCC(c1ccccc1)C1C(=O)N(c2ccc(NC(=O)OCC3CCCN3c3ccc([N+](=O)[O-])cc3)cc2)C(=O)C1C,,0.35437904,,,
1634832271,COc1ccc(Oc2ccc(Oc3ccc(NC(=O)c4cc(C(=O)Nc5ccc(C)cc5)cc(C(C)(C)C)c4)cc3)cc2)cc1,,0.36514177,,,
1635058755,Cc1ccc(-c2ccc(-c3cc(-c4ccccc4)c4cc(C5(c6ccc7nc(C)cc(-c8ccccc8)c7c6)c6ccccc6-c6ccccc65)ccc4n3)cc2)cc1,,0.43428946,,,
1635294822,Cc1ccc(Oc2ccc(Sc3ccc(Oc4ccc(N5C(=O)c6ccc(Oc7ccc(Sc8ccc(Oc9ccc%10c(c9)C(=O)N(C)C%10=O)cc8)cc7)cc6C5=O)cc4)cc3)cc2)cc1,,0.36662186,,,
1635582225,Cc1ccc2c(c1)C(=O)N(c1c(C)cc(-c3cc(C)c(N4C(=O)c5ccc(C(C)(C(F)(F)F)C(F)(F)F)cc5C4=O)c(C)c3)cc1C)C2=O,,0.41327874,,,
1635861860,Cc1ccc(-c2ccc(-c3ccc(-c4ccc(-c5ccc6c(c5)C(=O)N(c5cccc(N7C(=O)c8ccc(C)cc8C7=O)c5)C6=O)cc4)cc3)cc2)cc1,,0.3765538,,,
1636249880,CNc1nc(NC)nc(-c2ccccc2)n1,,0.33811735,,,
1637316087,COc1c(C)cc(C2(c3cc(C)c(Oc4ccc(C(=O)c5cccc(C(=O)c6ccc(C)cc6)c5)cc4)c(C)c3)c3ccccc3-c3ccccc32)cc1C,,0.41055555,,,
1637447040,COc1cc(Oc2ccc(C(C)(C)c3ccc(C)cc3)cc2)cc(C(=O)Oc2ccc(N=Nc3ccc(C#N)cc3)cc2)c1,,0.37807662,,,
1637633691,Cc1cccc(Oc2ccc(P(=O)(c3ccccc3)c3ccccc3)c(Oc3cccc(N4C(=O)c5ccc(Oc6ccc(-c7ccc(Oc8ccc9c(c8)C(=O)N(C)C9=O)cc7)cc6)cc5C4=O)c3)c2)c1,,0.37011172,,,
1637714713,CCC(C)F,,0.35585104,,,
1638121977,CCCOC(=O)CC(=CC(=O)OC)c1ccc(OCC)cc1,1.131191733,,,,
1638169555,COc1ccc(C2(c3ccc(OC(C)=O)cc3)CC3CCC2C3)cc1,,0.36263983,,1.084486229,20.59461102
1638182470,CNc1ccc(NC(=O)c2cc(-c3ccc(C(=O)OC)c(C(C)=O)c3)ccc2C(=O)OC)cc1,,0.33582892,,,
1638745393,CCC(C)(CC(=O)OCC)C(=O)OCC,,0.34796844,0.1689999999999999,0.965285515,13.08823383
1638921879,COc1ccc(CC(NC(=O)CCc2ccc(OC(=O)COCCOCC(C)=O)cc2)C(=O)OCC(C)C)cc1,,0.3422569,,,
1639290741,CCCCCCCOc1ccc(-c2cc(-c3ccccc3)c(-c3ccc(NC(=O)c4ccc(C(=O)Nc5ccc(-c6c(-c7ccccc7)cc(-c7ccc(OC)cc7)cc6-c6ccccc6)cc5)cc4)cc3)c(-c3ccccc3)c2)cc1,,0.37246219,,,
1639497900,COc1ccc(CC(NC(=O)CCc2ccc(OC(=O)COCCOCC(C)=O)cc2)C(=O)OCCCCCCCCCCCC)cc1,,0.35598861,,,
1639513148,CCC(C)c1cc(C(=O)Oc2ccc(OCC)cc2)ccc1C(=O)Oc1ccc(OCC)cc1,,0.34938746,,,
1639677802,CC([2H])([2H])C(C)(C(=O)OC([2H])([2H])[2H])C([2H])([2H])[2H],,0.33761653,,,
1639769736,CCCCCCCCCCCNC(=O)CCCCCCCCCCC(=O)NC,,0.3710755,,,
1639915624,C/C=C/CCC,,,0.2486666666666666,0.8411584645000001,19.29341066
1640063479,CCCOCCOCCOCCOC(=O)CCSCCC(=O)OC,,0.34735821,,,
1640191566,COCCOc1cc(C)nc2ccc(C)cc12,88.77435741,,,,
1640510001,CNc1cc(C)c(Cc2ccc(CCCCCCCCCCCCCCCc3ccc(Cc4c(C)cc(NC)cc4C)cc3)cc2)c(C)c1,,0.35958208,,,
1640870840,CCCCCCCCNC(=O)CCCCCC(=O)NC,,0.34960498,0.334,,
1640890711,Cc1ccc(Oc2ccc(N3C(=O)c4ccc(Oc5ccc6c(c5)C(=O)N(C)C6=O)cc4C3=O)cc2)cc1,,0.37216457,,,
1640897195,Cc1cccc(Oc2ccc(P(=O)(c3ccccc3)c3ccccc3)c(Oc3cccc(N4C(=O)c5ccc(Oc6ccc7c(c6)C(=O)N(C)C7=O)cc5C4=O)c3)c2)c1,,0.37114282,,,
1640937510,Cc1ccc(Nc2cc(CCCCCCCC)c(C)s2)cc1,49.50827798,,,,
1641068572,COc1ccc(Oc2ccc(C(=O)c3ccc(C)cc3)cc2)cc1-c1ccccc1,,0.38222364,,,
1641679741,COc1cccc(OC(=O)c2ccc(Oc3ccc(C(C)=O)cc3)cc2)c1,,0.34914542,,,
1641687238,CCCCCOC(=O)NC1CC1NC(=O)OC,47.31586772,,,,
1642318561,CNc1ccc(C(C)C)c(-c2cccc(-c3cc(NC)ccc3C(C)C)c2)c1,,0.3756884,,,
1642394880,COc1ccc(CC(NC(=O)Cc2ccc(OC(=O)CCCCCCC(C)=O)cc2)C(=O)OCCCCCC)cc1,,0.35213618,,,
1642545320,CSc1ccc(Sc2ccc(Sc3cccc4c3C(=O)N(N3C(=O)c5cccc(C)c5C3=O)C4=O)cc2)cc1,,0.38724478,,,
1643898977,Cc1ccc2c(c1)C(=O)N(c1cccc(Oc3cccc(Oc4cccc(N5C(=O)c6ccc(C(C)(C(F)(F)F)C(F)(F)F)cc6C5=O)c4)c3)c1)C2=O,,0.36251078,,,
1644429324,CCCCCCCCCOc1ccc(C=Cc2cc(OCCCCCCCC)c(C=Cc3ccc(OC)cc3)cc2OCCCCCCCC)cc1,,0.38771383,,,
1645271820,CCCCCCCCCCCCCCCOC(=O)CCCCC(=O)OC,,,0.3555,0.934642528,21.38435354
1645416728,CCCC1C[N+](C)(C)CC1C,,0.77709707,,,
1645801286,COc1ccc(N=Cc2ccc(OC(=O)CCCCC(=O)Oc3ccc(C=Nc4ccc(C)cc4)cc3OC)c(OC)c2)cc1,47.38250675,,,,
1646057229,CNc1ccc([C@@H](CCCCC)c2ccc(C(CCCCC)c3ccc([C@H](CCCCC)c4ccc(NC)cc4)cc3)cc2)cc1,,0.37024472,,,
1646177027,COc1ccc(-c2ccc(Oc3ccc(C(=O)c4ccc(C(=O)c5ccc(C)cc5)cc4)cc3)cc2)cc1,,0.37532001,,,
1646241575,CCC(F)(F)C(F)(F)C(F)(F)COC(=O)c1cc(OCCCCC)cc(C(=O)OC)c1,,0.34110244,,,
1646656305,CCC(C)CCC(C)C,,,0.216,0.772296641,12.17429097
1646893921,CCC1CCC(COC(C)OC(=O)c2cccc(C(=O)OC(C)OC)c2)CC1,,0.35679176,,,
1646933225,CNc1ccc(-c2ccc(NC)c(-c3ccccc3)c2-c2ccccc2)c(-c2ccccc2)c1,,0.36556523,,,
1646984336,CNc1ccc(-c2c(-c3ccccc3)c(-c3ccccc3)c(NC)c(-c3ccccc3)c2-c2ccccc2)c(C)c1C,,0.3811955,,,
1647029479,CCc1cccc(CNC(=O)c2cccc(C(=O)NC)c2)c1,,0.32986558,,,
1647212497,CNc1ccc(C2(c3ccc(NC)cc3)CCCc3ccccc32)cc1,,0.35799942,,,
1647532424,COc1ccc(CC(NC(=O)CCc2ccc(OC(=O)CCC(C)=O)cc2)C(=O)OCC)cc1,,0.33994048,,,
1647821918,CCC(C)(C)C(=O)OCC1COC(CP(=O)(OCC)OCC)O1,,0.34351571,,,
1648167915,COCCOC(=O)CCCC(=O)OCCOc1nc(-c2ccc(OC)cc2)nc(C)c1-c1ccc(OC)cc1,,0.34869133,,,
1648532900,CCC(C)(C)C(=O)OCCOCCOCC[N+](CC)(CC)CCCCS(=O)(=O)O,,0.40560629,,,
1648622866,CO[Si](C)(C)CCCn1c2ccccc2c2ccccc21,,0.37981607,,,
1649223775,CNC(C)CC(C)=O,,0.32169997,,,
1649295248,CNC1=CCCC(c2ccc(NC)cc2)=C1c1ccccc1,,0.35914225,,,
1649345915,CNCc1ccc(NC)cc1,,0.322561555,,,
1649518604,CNc1ccc(C(c2ccccc2)(c2ccccc2)c2cc(C(c3ccccc3)(c3ccccc3)c3ccc(N)cc3)cc(C(c3ccccc3)(c3ccccc3)c3ccc(NC)cc3)c2)cc1,,0.3872297,,,
1650000609,CCC(O)COc1ccc(C(C)(C)c2ccc(OCC(O)COc3c(C)cc(S(=O)(=O)c4cc(C)c(OC)c(C)c4)cc3C)cc2)cc1,,0.36906105,,,
1650198770,Cc1ccc(Cc2ccc(N3C(=O)c4ccc([Si](C)(C)c5ccc([Si](C)(C)c6ccc7c(c6)C(=O)N(C)C7=O)cc5)cc4C3=O)cc2)cc1,,0.39503017,,,
1650263868,CCC(C)(C)C(=O)OCCOCCOCCOCCOCCOCCOCCOCCOC,,0.35087647,,,
1650643323,CCC(C)(C)C(=O)OCCCn1c2ccccc2c2ccccc21,,0.35272474,,,
1651023431,CCC(C)C#N,,,0.207,0.979429396,20.43708909
1651258408,COc1cccc(NC(=O)CCCCCCCCCCC(=O)Nc2ccc(C)cc2)c1,,0.35425809,0.319,1.057348058,21.51389258
1651483269,COc1ccc(OC(=O)c2ccc(C(C)=O)cc2)cc1,,0.33710135,,,
1652170327,Cc1ccc(N[Se]Nc2ccc(S(C)(=O)=O)cc2)cc1,,0.38429931,,,
1652404686,CCCN1C(=O)c2ccc(C(c3ccc4c(c3)C(=O)N(C)C4=O)(C(F)(F)F)C(F)(F)F)cc2C1=O,,0.35651058,,,
1652549742,COc1ccc(OC(=O)Oc2ccc(OC(C)=O)cc2)cc1C,120.5520321,,,,
1652695363,CC(=O)Nc1cccc(NC(=O)c2ccc3c(c2)C(=O)N(c2cc(-c4nc5ccccc5o4)cc(N4C(=O)c5ccc(C)cc5C4=O)c2)C3=O)n1,,0.36221433,,,
1652765029,CNc1c(C)c(N)c2c(c1O)C(=N)[C@@H](NC)[C@@H]2N,,0.32698788,,,
1653502391,CCC(C)(CC(=O)OCCCc1ccccc1)C(=O)OCCCc1ccccc1,,,0.2055,1.080352066,10.10003467
1653539066,CCCCCCCNC(=O)NCCCCNC(=O)NC,60.10434296,,,,
1653668180,CCC(C)(C)C(=O)Oc1ccc(C)cc1C,,0.36833301,0.157,0.95674619,12.26970455
1653699030,COc1ccc(CC(NC(=O)Cc2ccc(OC(=O)CCCC(C)=O)cc2)C(=O)OCCCCCC)cc1,,0.3472328,,,
1653991852,CNc1cc(NC(=O)NC2CCC(CC3CCC(NC(C)=O)CC3)CC2)cc(C(=O)Nc2ccc3c(c2)C(=O)c2ccccc2C3=O)c1,,0.34250678,,,
1654010569,CCC(C)(C)COC(=O)CCC(=O)OC,,0.33568039,,,
1654213224,CCC(C)CC1CCCCC1,,,0.2256,0.816505893,9.943107453
1654272225,COc1c(Cl)cc(C)cc1Cl,,0.40066645,,,
1654827899,CNc1cc2ccc3cccc4ccc(c1NC)c2c34,,0.33185759,,,
1654848941,COc1ccc(CCNC(=O)c2cccc(C(C)=O)c2)cc1,,0.33770384,,,
1655220585,Cc1ccc(N2C(=O)c3ccc(C(=O)c4ccc5c(c4)C(=O)N(c4ccc6[nH]c(C)nc6c4)C5=O)cc3C2=O)cc1,,0.39105508,,,
1655318742,COP(=O)(Oc1ccc(C)cc1)Oc1c(Br)cc(C(c2cc(Br)c(C)c(Br)c2)(C(F)(F)F)C(F)(F)F)cc1Br,,0.39766764,,,
1655336489,CNc1ccc2c(c1)Cc1cc(NC)ccc1-2,,0.34702763,,,
1655603853,CC(Cl)=C(C)CCCC,,0.40171374,,,
1655950813,COC1CCC(OC(=O)OCCCCCCCOC(C)=O)CC1,,0.3452967,,,
1656073293,CO[Si](C)(C)c1cccc2c([Si](C)(C)C)cccc12,,0.41204539,,,
1656097465,Cc1ccc(Oc2ccc(-c3ccc(Oc4ccc(N5C(=O)c6cccc(Oc7ccc(C(C)(C)c8ccc(Oc9cccc%10c9C(=O)N(C)C%10=O)cc8)cc7)c6C5=O)cc4)cc3)cc2)cc1,,0.36779038,,,
1656589637,CNc1c(C)c(C)c(NC(=O)c2ccc(C(C)=O)cc2)c(C)c1C,205.6552433,,,,
1656633508,CCCCOC(=O)Nc1cc(NC(=O)OC)ccc1C,,0.32689509,,,
1657554335,COc1ccc(OC(=O)c2ccc(C(C)=O)cc2-c2ccccc2)cc1,227.700588,,,,
1658493417,CNc1ccc(C2=C3CC=CC=C3[C@H](c3ccc(NC)cc3)c3ccccc32)cc1,,0.36999408,,,
1658830563,CNc1ccc2c(c1)C1(c3ccc(C)cc3-c3cc(C)ccc31)c1cc(NC)ccc1-2,,0.3945016,,,
1659755878,CCCCCCCCCCCCCCCNC(=O)CCCCCCCCC(=O)NC,,,0.3944999999999999,0.916585437,18.81872143
1659835488,CCC(C)(CC)COC(=O)c1ccc(C(=O)OC)cc1,,0.35427733,,,
1659919472,CCC(=O)Nc1ccc(Oc2cccc(NC(=O)CN3C(=O)c4ccc(C(=O)c5ccc6c(c5)C(=O)N(C)C6=O)cc4C3=O)c2)cc1,,0.33266973,,,
1660751847,CCCCCCCCCCCOC(=O)NCCCCCCNC(=O)OC,,0.35820456,,,
1661316204,Cc1ccc(-c2ccc(-c3cnc4cc(Oc5ccc6nc(C)cnc6c5)ccc4n3)cc2)cc1,,0.40678866,,,
1661521840,CCCCc1ccc(-c2c(-c3ccccc3)cc(-c3ccc(-c4cc(-c5ccccc5)c(-c5ccc(C)cc5)c(-c5ccccc5)c4-c4ccccc4)cc3)c(-c3ccccc3)c2-c2ccccc2)cc1,,0.4001193,,,
1661804021,Cc1ccc(Sc2ccc(-c3nn(-c4ccc(S(=O)(=O)c5ccc(-n6nc(C)c7ccccc7c6=O)cc5)cc4)c(=O)c4ccccc34)cc2)cc1,,0.39793898,,,
1662111173,Cc1ccc(Oc2ccc(-c3nc4ccc(Oc5ccc6nc(C)c(-c7ccccc7)nc6c5)cc4nc3-c3ccccc3)cc2)cc1,,0.42723558,,,
1662427032,CNc1ccc([C@H]2C=C[C@](NC)(c3ccccc3)C=C2)cc1,,0.34408307,,,
1662473606,CO[Si](C)(C)O[Si](C)(C)O[Si](C)(C)O[Si](C)(C)O[Si](C)(C)c1ccc([Si](C)(C)C)cc1,,0.44568378,,,
1662846692,Cc1ccc2c(c1)C(=O)N(c1ccc(C(c3ccc(C)c(N4C(=O)c5ccc(C(C)(C(F)(F)F)C(F)(F)F)cc5C4=O)c3)(C(F)(F)F)C(F)(F)F)cc1C)C2=O,,0.39438371,,,
1663220707,CC1C=CC(C)CC1,103.377349,,,,
1663257488,CC(=O)Nc1ccc(S(=O)(=O)c2ccc(NC(=O)c3ccc4c(c3)C(=O)N(c3cccc(P(=O)(c5ccccc5)c5cccc(N6C(=O)c7ccc(C)cc7C6=O)c5)c3)C4=O)cc2)cc1,,0.36301636,,,
1663514336,CCCCCCCCCCCCCOC(=O)CCCCCCC(=O)OC,,,0.284,0.931066388,19.58490022
1663579742,CC1C2CCC(C2)C1S(C)(=O)=O,,0.369056,,,
1664000422,CC(=O)Nc1ccc(S(=O)(=O)c2ccc(NC(=O)c3ccc4c(c3)C(=O)N(c3cc(-c5nc6ccccc6o5)cc(N5C(=O)c6ccc(C)cc6C5=O)c3)C4=O)cc2)cc1,,0.36410497,,,
1664419715,Cc1cc(C(=O)Oc2cccc3cccnc23)c(C)s1,,0.37063906,,,
1665128334,COc1c(Cl)cc(C2(c3cc(Cl)c(OC(C)=O)c(Cl)c3)CC3CC2C2CCCC32)cc1Cl,,0.40815455,,,
1665519447,CCCCCCCOC(=O)CCCCC(=O)OC,,0.34866959,,,
1665622920,CCCCCCCc1ccc(-c2c(-c3ccccc3)cc(-c3ccc(-c4cc(-c5ccccc5)c(-c5ccc(C)cc5)c(-c5ccccc5)c4-c4ccccc4)cc3)c(-c3ccccc3)c2-c2ccccc2)cc1,,0.39784741,,,
1666147237,COc1ccc(NCC(=O)c2ccc(Sc3ccc(C(=O)CNc4ccc(C)cc4)cc3)cc2)cc1,,0.37243845,,,
1666787967,CNc1c(NC)c(C=C)c2c(c(N)cc3cc4ccccc4cc32)c1N,,0.33559089,,,
1666962714,CNC(CCC(=O)OCc1ccc(C(F)(F)F)cc1)C(C)=O,,0.32727613,,,
1667507467,CCC(=O)C(C)C,,0.3478615,,,
1668029928,Cc1ccc(Oc2ccc(-c3cccc4c3C(=O)N(Oc3ccc(C(=O)c5ccc(Oc6cccc7c6C(=O)N(C)C7=O)cc5)cc3)C4=O)cc2)cc1,,0.36324031,,,
1668423016,CCc1cc(C)c(CNC(=O)CCCCC(=O)NC)cc1C,,0.33390015,,,
1668799995,CCc1ccc2oc(=O)c(C(=O)Nc3ccc(Oc4ccc(Oc5ccc(NC(=O)c6cc7cc(C)ccc7oc6=O)cc5)cc4)cc3)cc2c1,,0.34606436,,,
1669065753,CCC(C)c1c(F)c(F)c(OCC(F)(F)C(F)(F)C(F)(F)C(F)(F)C(F)(F)C(F)(F)C(F)(F)F)c(F)c1F,,0.33681331,,,
1669177512,CCC(C)OC(=O)C(C)(C)CCC,,0.37264329,,,
1669233687,CNc1ccc2c(c1)-c1cc(NC)ccc1C2(c1cccc(N)c1)c1cccc(N)c1,,0.36327094,,,
1669324306,CCC(C)c1ccc(C(O)CCN2CCOCC2)cc1,,0.35614962,,,
1669400778,CCC(C)(C)C(=O)OCC1CCC1,,0.36732984,,,
1669411867,Cc1ccc(Oc2cccc(N3C(=O)c4ccc([Si](C)(C)O[Si](C)(C)c5ccc6c(c5)C(=O)N(c5cccc(Oc7ccc(-c8nnc(C)o8)cc7)c5)C6=O)cc4C3=O)c2)cc1,,0.38763458,,,
1669796123,CCCOCCOC(=O)NCCCCCCNC(=O)OC,,0.33299427,,,
1669900077,CNc1ccc2c3ccccc3c3ccc(NC)c4ccc1c2c43,,0.32846656,,,
1669945913,CCC(C)c1ccc([Si](C)(C)O[Si](C)(C)O[Si](C)(C)C)cc1,,0.45056995,,,
1670036740,Cc1ccc(Oc2ccc(Oc3ccc(N4C(=O)c5ccc(Oc6ccc7c(c6)C(=O)N(C)C7=O)cc5C4=O)cc3)cc2)cc1,,0.37228943,,,
1670250046,CCC(=O)Nc1ccc(Cc2ccc(NC(=O)c3ccc4c(c3)C(=O)N(C)C4=O)cc2)cc1,,0.34110112,,,
1670434070,Cc1ccc(-c2ccc(-c3ccc(-c4ccc(-c5cc(-c6ccccc6)c6cc(-c7ccc8nc(C)cc(-c9ccccc9)c8c7)ccc6n5)cc4)cc3)cc2)cc1,,0.40260098,,,
1670881683,CNc1ccc2cc(C)ccc2c1-c1c(NC)ccc2cc(C)ccc12,,0.36235466,,,
1671082130,CCC(O)CN(C)S(=O)(=O)c1cccc(S(=O)(=O)N(C)CC(O)COc2ccc(C3(c4ccc(OC)cc4)c4ccccc4-c4ccccc43)cc2)c1,,0.34976889,,,
1671135336,CCC(C)(COC)COCC(F)(F)F,,0.36946745,,,
1671251574,CC(=O)Nc1cccc(NC(=O)c2ccc3c(c2)C(=O)N(c2cccc(P(=O)(c4ccccc4)c4cccc(N5C(=O)c6ccc(C)cc6C5=O)c4)c2)C3=O)n1,,0.35663308,,,
1671488348,CNc1ccc(-c2ccc(NC)c(-c3ccc(C=C)cc3)c2-c2ccc(C=C)cc2)cc1,,0.35874439,,,
1671953980,CCCCCCCNC(=O)CCc1ccc(CCC(=O)NC)cc1,,0.34609374,,,
1672793262,COc1ccc(S(=O)(=O)c2ccc(Oc3ccc(NC(=O)c4cc(C(=O)Nc5ccc(C)cc5)cc(C(C)(C)C)c4)cc3)cc2)cc1,,0.36687927,,,
1672845324,CCC(C)c1ccc(Cl)cc1C,,,0.1366666666666667,1.05867232,13.55500415
1672978154,CCCN(C)C(=O)c1cc(F)c(F)c(F)c1,,0.33491733,,,
1673102109,Cc1ccc(C2(c3ccc(-c4cc(-c5ccccc5)c5cc(C6(c7ccc8nc(C)cc(-c9ccccc9)c8c7)c7ccccc7C(=O)c7ccccc76)ccc5n4)cc3)c3ccccc3C(=O)c3ccccc32)cc1,,0.43993459,,,
1673426681,CCC(C)(C)C(=O)OCCS(=O)CC,,0.3575264,0.199,1.117069249,12.05051013
1673485707,Cc1nc(C)nc(N(CCCCCCCCCCN(C)c2ccccc2)c2ccccc2)n1,,0.39169547,,,
1673575394,CNc1cccc(S(=O)(=O)c2cccc(NC)c2)c1,,0.336299775,,,
1673823356,CNNC(=O)c1ccc(C(C)=O)cc1OCCCCCCCCCC,,0.36401661,,,
1674464256,COc1ccc(C2(c3ccc(OC(C)=O)c(C)c3)CC3CCC2C3)cc1C,,0.38156407,,,
1674887519,CCC(C)C(=O)OCCC(C)C,,,0.224,0.928263907,11.86917301
1674948032,CSc1c(C)cc(C)cc1C,,0.42844078,0.145,1.048021071,18.9131789
1674954682,Cc1ccc2c(c1)C(=O)N(C1CCC(CC3CCC(N4C(=O)c5ccc(C(C)(C(F)(F)F)C(F)(F)F)cc5C4=O)CC3)CC1)C2=O,,0.36673379,,,
1675272151,CCC(C)(C)C(=O)Oc1ccc(C(=O)Oc2ccc(C(=O)c3ccccc3)cc2)cc1,,0.34771734,,,
1675542774,CCCC(C)(C)C(C)(C)C,,0.38272137,,,
1675605229,CCCC1CC(C)C2C3CC(c4ccc(COC(C)CC)cc4)C(C3)C12,,0.37580265,,,
1675845282,CCC(C)C(=O)NC(C)C,,0.36205539,0.203,0.951472262,13.50097132
1676036975,Cc1ccc(Oc2ccc(C3(c4ccc(Oc5ccc(-c6nc(-c7ccccn7)nnc6C)cc5)cc4)c4ccccc4-c4ccccc43)cc2)cc1,,0.40668886,,,
1676176971,COc1ccc(C(CC)(c2ccccc2)c2ccc(OC(=O)c3ccc(C(C)=O)cc3)cc2)cc1,,0.37078236,,,
1676315941,COc1ccc(C(C)(C)c2ccc(Oc3c(F)c(F)c(COC(c4cccc(C(OCc5c(F)c(F)c(C)c(F)c5F)(C(F)(F)F)C(F)(F)F)c4)(C(F)(F)F)C(F)(F)F)c(F)c3F)cc2)cc1,,0.34981945,,,
1676729998,CCC(C)(C)C(=O)OCCN(C)c1ccc(N(C)C)cc1,,0.36781623,,,
1676759354,Cc1cccc(C(=O)Nc2ccc(Oc3cccc(Oc4ccc(NC(=O)c5cccc(N6C(=O)c7ccc(-c8ccc9c(c8)C(=O)N(C)C9=O)cc7C6=O)c5)cc4)c3)cc2)c1,,0.35354105,,,
1676853034,CCC(C)(C)C(=O)OCc1ccc(C=CC(=O)Oc2ccc3oc(=O)ccc3c2)cc1,,0.32586124,,,
1677073370,CC=CC1CC(C)C([Si](C)(C)C[Si](C)(C)C)C1,,0.40768894,,,
1677533093,CNc1ccc(-c2ccccc2)c(-c2ccc(N)c(N)c2)c1NC,,0.33277847,,,
1677600893,COc1ccc(C(C)(C)c2ccc(OC(=O)c3ccc(C(C)=O)cc3)cc2)cc1,,0.36082508,,1.104373146,25.54111019
1677738702,COc1ccc(NC(=O)c2ccc(P(=O)(c3ccccc3)c3ccc(C(=O)Nc4ccc(C)cc4)cc3)cc2)cc1,,0.36140539,,,
1677875786,Cc1ccc(Oc2ccc(Oc3ccc(Oc4ccc(N5C(=O)C6CCC(C7CCC8C(=O)N(C)C(=O)C8C7)CC6C5=O)cc4)cc3)cc2)cc1,,0.37368086,,,
1678384884,CCC(C)OCCCCCCCCCCCCCCCCCC,,,0.3868,0.834274703,12.10790061
1678410522,Cc1ccc(Oc2cccc(Oc3ccc(N4C(=O)c5ccc(Oc6ccc7c(c6)C(=O)N(C)C7=O)cc5C4=O)cc3)c2)cc1,,0.36119682,,,
1678521620,CCC(OC)c1ccco1,,0.36350816,,,
1678768525,CC(=O)Oc1ccc(C2(c3ccc(OC(=O)c4ccc5c(c4)c4cc(C)ccc4n5C)cc3)OC(=O)c3ccccc32)cc1,262.5942508,,,,
1678882147,CCC(C)OC(=O)c1ccc(Br)cc1,,0.38128079,,,
1679226425,CNc1ccc(C2(c3ccc(NC)cc3)CCC2(c2ccc(N)cc2)c2ccc(N)cc2)cc1,,0.37813226,,,
1679285370,Cc1cccc(OCCCCCCOc2cccc(N3C(=O)c4ccc(-c5ccc6c(c5)C(=O)N(C)C6=O)cc4C3=O)c2)c1,,0.34918119,,,
1680789160,CC(=O)Nc1ccc(C2(c3ccc(N4C(=O)c5ccc(C)cc5C4=O)cc3)CCC(C(C)(C)CC)CC2)cc1,,0.37936354,,,
1681110916,Cc1ccc(Oc2ccc(C(=O)c3ccc(Oc4ccc(-c5c6c(c(C)c7ccccc57)C(=O)N(c5ccc(F)cc5)C6=O)cc4)cc3)cc2)cc1,,0.3755704,,,
1681628667,CNc1ccc(C2(c3ccc(NC)c(CC)c3)c3ccccc3-c3ccccc32)cc1CC,,0.38152925,,,
1681775861,CNc1ccc2c(-c3ccccc3)c(NC)c(-c3ccccc3)cc2c1,,0.35638928,,,
1681905956,CNc1ccc2cc3ccc4cccc5ccc(c2c1NC)c3c45,,0.33707635,,,
1682827181,COc1ccc(CC(NC(=O)CCc2ccc(OC(=O)CCC(C)=O)cc2)C(=O)OCCCC)cc1,,0.34685932,,,
1682832675,CCCCCCCOC(=O)C(C(=O)OCCCCCCOc1ccc(-n2on2-c2ccc(OC)cc2)cc1)c1ccccc1,,0.35801462,,,
1682900060,Cc1ccc(Oc2ccc(NC(=O)c3ccc4c(c3)C(=O)N(c3ccc(Sc5ccc(N6C(=O)c7ccc(C(=O)Nc8ccc(Oc9ccc(C%10(C)NC(=O)c%11ccccc%11%10)cc9)cc8)cc7C6=O)cc5)cc3)C4=O)cc2)cc1,,0.3676725,,,
1683248477,CNc1ccc(Cc2ccc(CCC(CC)(c3ccc(Cc4ccc(N)cc4)cc3)c3ccc(Cc4ccc(NC)cc4)cc3)cc2)cc1,,0.36374897,,,
1683353689,CCCCCCCNC(=O)C=C(C)C(=O)NC,,0.33327284,,,
1683593138,CC(=O)c1ccc2c(c1)C(=O)N(c1ccc(-c3ccccc3N3C(=O)c4ccc(C)cc4C3=O)cc1)C2=O,,0.37532508,,,
1683816678,CCC(C)CCCCCCCCCCCCC,,,0.3383333333333333,0.803265072,11.57516404
1683834264,CCC=Cc1cc(C(C)(C)c2ccc(O)c(C=CCC3CC(=O)N(c4ccc(Cc5ccc(N6C(=O)CC(C)C6=O)cc5)cc4)C3=O)c2)ccc1O,,0.35434136,,,
1683937350,CC(C)(F)F,,0.32274038,,,
1684744857,CNc1ccc(NC)cc1,,0.32369134,,,
1684855250,CO[Si](C)(C)C#C[Si](C)(C)C#C[Si](C)(C)C#C[Si](C)(C)C#C[Si](C)(C)C#C[Si](C)(C)C#C[Si](C)(C)C,,0.49693178,,,
1685057897,COCCCCOC1COC2C(OC(=O)CCCCC(=O)OC3COC4C(C)COC34)COC12,,0.33206648,,,
1685441802,CNc1ccc([C@]2(C)CC(C)(C)c3cc(NC)c(N)cc32)cc1,,0.36997618,,,
1685639309,CNc1ccc(NC)c2cc3ccccc3cc12,,0.33960265,,,
1685741842,COc1ccc(S(=O)(=O)c2ccc3cc(S(=O)(=O)c4ccc(Oc5c(C)cc(-c6cc(C)c(C)c(C)c6)cc5C)cc4)ccc3c2)cc1,,0.39138896,,,
1685793065,CNC1=CC[C@H](C(c2ccc(N)cc2)(c2ccc(N)cc2)c2ccc(NC)cc2)C=C1,,0.35960608,,,
1685901918,CCCCCCCC(=O)Oc1ccc(OC(=O)c2ccc3c(c2)C(=O)N(C)C3=O)cc1,,0.33743021,,,
1686044145,CNc1ccc(-c2ccc(NC)cc2-c2ccc(-c3ccccc3)cc2)cc1,,0.34993468,,,
1686536548,CC(=O)c1ccc2c(c1)C(=O)N(c1c(C)cc(C(c3cc(C)c(N4C(=O)c5ccc(C)cc5C4=O)c(C)c3)c3cccc4ccccc34)cc1C)C2=O,,0.43039552,,,
1686718921,CCCCCCCCCCCC(=O)Nc1ccc(Oc2ccc(Oc3ccc(NC(=O)CCCCCCCCCCN4C(=O)c5ccc(C(=O)c6ccc7c(c6)C(=O)N(C)C7=O)cc5C4=O)cc3)cc2)cc1,,0.35369987,,,
1686919611,CNc1cc2c(NC)ccc3c4cc(N)c5c(O)cc(O)c6c5c4c(c(c1)c23)=CC6=N,,0.33150168,,,
1686952032,COc1ccc(NC(=C(C#N)C#N)c2ccc3cc(C(Nc4ccc(C)cc4)=C(C#N)C#N)ccc3c2)cc1,,0.40578459,,,
1687301626,CNc1ccc(C2(c3ccc(N)c(NC)c3)c3ccccc3-c3ccccc32)cc1N,,0.374004235,,,
1687734708,CCC(C)c1nc(C)nc(C)n1,,0.41591473,,,
1687858276,Cc1ccc2c(c1)C(=O)N(c1cccc(Oc3ccc(S(=O)(=O)c4ccc(Oc5cccc(N6C(=O)c7ccc(C(C)(C(F)(F)F)C(F)(F)F)cc7C6=O)c5)cc4)cc3)c1)C2=O,,0.36843914,,,
1687871916,Cc1ccc2c(c1)C(=O)N(c1c(C)cc(C(c3cc(C(F)(F)F)cc(C(F)(F)F)c3)c3cc(C)c(N4C(=O)c5ccc(C(C)(C(F)(F)F)C(F)(F)F)cc5C4=O)c(C)c3)cc1C)C2=O,,0.42868802,,,
1687937320,COc1cccc(S(=O)(=O)c2ccc(C)cc2)c1,,0.36277988,,,
1688474833,COC(=O)c1ccc(C(F)(F)C(F)(F)C(F)(F)c2ccc(C(C)=O)cc2)cc1,,0.34059869,,,
1688918153,COc1ccc(C(=O)c2cccc(NC(=O)CCCCCCCCC(=O)Nc3ccc(C(=O)c4ccc(C)cc4)cc3)c2)cc1,,0.35168897,,,
1689325307,CNc1cc(Oc2ccccc2)c(NC)c(N)c1N,,0.32209092,,,
1689591467,CCCCCCCCCCCCNC(=O)CCCCC(=O)NC,,,0.3295,0.9550917,21.59948372
1689883319,C=C=C=C(CCCCOC(=O)Nc1ccccc1)C(=C)CCCCOC(=O)Nc1ccccc1,,,,1.089327475,15.55466977
1690031324,CCC(C)c1cc(Cl)ccc1Cl,,,0.1119999999999999,1.217628771,15.81204712
1691054850,CC(=O)Nc1ccc(Oc2c(C)cc(C(C)(C)c3cc(C)c(Oc4ccc(NC(=O)c5ccc6c(c5)C(=O)N(c5ccc(Oc7ccc(C8(c9ccc(Oc%10ccc(N%11C(=O)c%12ccc(C)cc%12C%11=O)cc%10)cc9)CC9CC8C8CCCC98)cc7)cc5)C6=O)cc4)c(C)c3)cc2C)cc1,,0.382364,,,
1691146038,COC(COC(=O)NCCCCCCNC(C)=O)c1ccco1,,0.33835382,,,
1691546435,Cc1nc2cc(S(=O)(=O)c3ccc4oc(C5CCC(C)CC5)nc4c3)ccc2o1,,0.3932565,,,
1692151346,CCC1CCCC(COC(=O)c2ccc(C(=O)OC)cc2)C1,,0.35298607,,,
1692408347,CCC(C)(C)C(=O)OCCN(C)c1ccc(N=Nc2ccc(S(=O)(=O)Nc3cc(C)on3)cc2)cc1,,0.36514397,,,
1692538741,CCC(C)(C#N)C(=O)OC,,,0.161,1.044265535,17.02409485
1693140082,CO[Si](C)(C)CCC(F)(F)C(F)(F)C(F)(F)C(F)(F)C(F)(F)C(F)(F)F,-68.87734458,,,,
1693262682,Cc1ccc(Oc2ccc(N3C(=O)c4ccc(Oc5ccc(C(C)(C)c6ccc(Oc7ccc8c(c7)C(=O)N(C)C8=O)cc6)cc5)cc4C3=O)cc2)cc1,,0.36953742,,,
1693536620,C/C=C/CCCC,,,0.26655,0.834588519,18.18601938
1694201985,Cc1ccc(Oc2ccc(Oc3ccc(P(=O)(c4ccccc4)c4ccc(Oc5ccc(Oc6ccc(-c7nc8ccccc8nc7C)cc6)cc5)cc4)cc3)cc2)cc1,,0.38425793,,,
1695745153,CC(=O)c1ccc2c(c1)C(=O)N(c1ccc(Oc3c(C)cc(Cc4cc(C)c(Oc5ccc(N6C(=O)c7ccc(C)cc7C6=O)cc5)c(C)c4)cc3C)cc1)C2=O,,0.38922074,,,
1695808727,CN=P(C)(OCCOCCOCCOC)OCCOCCOCCOC,,0.35486325,,,
1695838608,CO[Si](C)(C)c1cc(OCCO)c([Si](C)(C)C)cc1OCCO,,0.37188313,,,
1695890113,CCCCCCCCCCCC(Cl)C(C)Cl,,0.39676884,0.316,1.005372382,22.70085055
1696155039,CC([2H])([2H])C(C)([2H])Cl,,0.37387095,,,
1696182166,COc1ccc(C(=O)OCCN(CCOC(=O)c2ccc(OC3(F)C(C)(F)C(F)(F)C3(F)F)cc2)c2ccc(C=CC3=CC(=C(C#N)C#N)CC(C)(C)C3)cc2)cc1,,0.36168331,,,
1696331324,COc1ccc(S(=O)(=O)c2ccc(Oc3c(C)cc(-c4cc(C)c(C)c(C)c4)cc3C)cc2)cc1,,0.39339685,,,
1696343001,Cc1ccc(OCCCOc2ccc(N3C(=O)c4ccc(-c5cccc6c5C(=O)N(C)C6=O)cc4C3=O)cc2)cc1,,0.35291227,,,
1696594426,CNc1cc2c(cc1NC)[C@H]1CC[C@@H]2C1,,0.35993676,,,
1696699726,CCc1cc(COC(=O)Nc2ccc(Cc3ccc(NC(=O)OC)cc3)cc2)cc(C(C)(C)C)c1,,0.35650637,,,
1696944079,CCC(C)(CC(=O)OC1CCCCC1)C(=O)OC1CCCCC1,,0.39639923,0.1694999999999999,0.957033344,10.04778986
1696993963,CCC(C)c1ccc(C(=O)CC)cc1,,0.3774075,,,
1697131748,CNc1ccc(NC)c2c1C[C@@H](O)[C@H]2N,,0.32527801,,,
1697480499,Cc1ccc(C(=O)Oc2c(C)cc(C(c3cccnc3)c3cc(C)c(OC(=O)c4ccc(N5C(=O)CC(Nc6ccc(NC7CC(=O)N(C)C7=O)cc6)C5=O)cc4)c(C)c3)cc2C)cc1,,0.38079558,,,
1697683442,CCCCOCCCCOCCCN1C(=O)c2ccc(C(=O)Oc3ccc(C(C)(C)c4ccc(OC(=O)c5ccc6c(c5)C(=O)N(C)C6=O)cc4)cc3)cc2C1=O,,0.34615507,,,
1697824573,CNc1cc([N+](=O)[O-])c(NC(=O)CCCCCCCCCCC(C)=O)cc1C=Cc1ccc(N(C)C)cc1,,0.35455776,,,
1697849650,COc1ccc(NC(=O)Nc2cc(NC(=O)Nc3ccc(C)cc3)ccc2C)cc1,,0.34206534,,,
1697989359,Cc1ccc(-c2ccc(-c3nc4cc(Oc5ccc6nc(-c7ccccc7)c(C)nc6c5)ccc4nc3-c3ccccc3)cc2)cc1,,0.42387436,,,
1699061144,CNc1ccc(Cc2cccc(C(C)(C)c3ccc(NC)cc3)c2)cc1,,0.35256271,,,
1699412272,CCCCCCCOC(=O)OCCCCCCOC(=O)OCCCCCCOc1ccc(Oc2ccc(OC)cc2)cc1,,0.35593526,,,
1699735817,CNc1ccc(C2(c3ccc(NC)c(C(C)(C)C)c3)c3ccccc3-c3ccccc32)cc1C(C)(C)C,,0.39115319,,,
1699979757,CC(C)C(=O)OCCC,,0.38345076,,,
1700419938,Cc1c(C)cc(C(c2cc(C(F)(F)F)cc(C(F)(F)F)c2)c2cc(C)c(N3C(=O)c4ccc(-c5ccc6c(c5)C(=O)N(C)C6=O)cc4C3=O)c(C)c2)cc1C,,0.43003915,,,
1700578264,COc1ccc(NC(=O)CCCCCCCCC(=O)Nc2ccc(C)cc2)cc1,,0.34746438,,,
1700596879,Cc1c(C)cc(-c2cc(C)c(N3C(=O)c4cccc(Oc5c(C)cc(Cc6cc(C)c(Oc7cccc8c7C(=O)N(C)C8=O)c(C)c6)cc5C)c4C3=O)c(C)c2)cc1C,,0.39281003,,,
1700600089,CNc1ccc(C2(c3ccc(NC)c(CC)c3C)c3ccccc3-c3ccccc32)c(C)c1CC,,0.38884265,,,
1700861962,CCC1CCC(COC(C)OC(=O)c2ccc(C(=O)OC(C)OC)cc2)CC1,,0.36174353,,,
1700926472,Cc1cccc(-c2nc3ccc(Oc4ccc5nc(C)c(-c6ccccc6)nc5c4)cc3nc2-c2ccccc2)c1,,0.43473817,,,
1701051836,CNc1cc(C)c(Cc2ccc(CCCCCCCCCCCc3ccc(Cc4c(C)cc(NC)cc4C)cc3)cc2)c(C)c1,,0.36060547,,,
1701314200,CNc1ccc(C2(c3ccc(NC)cc3)C3=C(C=CCC=C3)c3ccccc32)cc1,,0.36502239,,,
1701467144,COc1ccc(CC(Cc2ccc(C)cc2)(C(=O)OCC)C(=O)OCC)cc1,,0.36224127,,,
1701555449,Cc1ccc(N(c2ccc(C#N)cc2)c2ccc(N3C(=O)c4ccc(Oc5ccc(C(C)(C)c6ccc(Oc7ccc8c(c7)C(=O)N(C)C8=O)cc6)cc5)cc4C3=O)cc2)cc1,,0.39244447,,,
1701689653,CNc1ccc([C@]23C[C@@H]4C[C@@H]5[C@H]2C[C@@H]2C[C@H]3[C@H](C4)[C@@]5(c3ccc(NC)cc3)C2)cc1,,0.36708387,,,
1701728451,COc1ccc(S(=O)(=O)c2ccc(Oc3ccc(C(C)(C)c4ccc(C)c(Cl)c4)cc3Cl)cc2)cc1,,0.38291342,,,
1701758700,CNC(c1ccccc1)C(C)(C)C(C)=O,154.3595069,,,,
1701768765,C/C=C/c1cc(OCCCCCCCC)c(C)cc1OC,,,0.31,0.939190483,17.48153992
1701867111,CC=CC1CC(C)C(C#N)(C[Si](C)(C)C)C1,,0.4252906,,,
1702325651,CNc1ccc(C(C)(C)c2cccc(C(C)(C)c3ccc(NC(=C(C#N)C#N)c4ccc(C(C)=C(C#N)C#N)cc4)cc3)c2)cc1,,0.40367737,,,
1702635264,CCC(O)COc1ccc(C(=O)c2ccc(OC)cc2)cc1,,0.3378744,,,
1702898348,COc1cccc(Oc2ccc(C(=O)Oc3cccc(OC(=O)c4ccc(C)cc4)c3)cc2)c1,,0.35286115,,,
1703438177,COc1ccc(C2(c3ccc(Oc4ccc(C(=O)Oc5ccc(C6(c7ccc(OC(=O)c8ccc(C)cc8)cc7)CCC(c7ccccc7)CC6)cc5)cc4)cc3)CCC(C(C)(C)C)CC2)cc1,,0.37255795,,,
1703477972,CNc1ccc2c3cccc4cccc(c5c(NC)c(N)c(N)c1c25)c43,,0.33109076,,,
1703879338,CNc1ccc([C@@H](CCCCCCCCC)c2ccc(C[C@H](CC)c3ccc([C@@H](CCCCCCCCC)c4ccc(NC)cc4)cc3)cc2)cc1,,0.36788809,,,
1704241791,COc1ccc2c(c1)nc1c3cc4c(=O)n5c6cc(C)ccc6nc5c4cc3c(=O)n21,416.53,,,,
1704546800,CNc1cc(NC(=O)c2cccc(C(C)=O)c2)cc(C(=O)Nc2ccccc2)c1,233.599405,,,,
1704728176,COC(COC(C)=O)COC(C)(C)C,,0.36210657,,,
1704846953,COc1ccc(OC(=O)c2ccc(C(C)=O)cc2Oc2ccc3ccccc3c2)cc1,,0.35356045,,,
1705151635,CCCCCCCCCOc1ccc(NC(=O)c2cccc(C(=O)Nc3ccc(OC)cc3)c2)cc1,,0.35153722,,,
1705359198,Cc1cc(-c2sc(-c3cc(CCCCCCCCCC)c(C)s3)cc2CCCCCCCCCC)c2cccccc1-2,,0.44266435,,,
1705636874,CCCCCCC(C)C,,0.39985278,,,
1705705134,Cc1cccc(Oc2cccc(Oc3cccc(N4C(=O)c5ccc(Oc6ccc7c(c6)C(=O)N(C)C7=O)cc5C4=O)c3)c2)c1,,0.35910287,,,
1705754093,CCCNC(=O)CCCCC(=O)NC,,0.31065959,,,
1706421625,Cc1ccc2c(c1)C(=O)N(c1c(C)cc(C(c3cc(C)c(N4C(=O)c5ccc(C(C)(C(F)(F)F)C(F)(F)F)cc5C4=O)c(C)c3)c3cccc4ccccc34)cc1C)C2=O,,0.42170039,,,
1706521131,COc1ccc(C(C)(C)c2ccc(OC(=O)c3cccc(C(C)=O)c3)c(C)c2)cc1C,,0.37521013,,,
1706553936,CNc1ccc(C(C)(CC([C@H]2CC[C@H](N)CC2)[C@H]2CC[C@H](NC)CC2)c2ccc(N)cc2)cc1,,0.35832784,,,
1706591309,CCC(C)(C)CSC,,0.40110169,,,
1706654876,CCCc1c(Cl)c(Cl)c(C)c(Cl)c1Cl,56.1987128,,,1.40293716,22.58883992
1706741208,CNc1ccc2c(-c3ccc(C)cc3)c3ccccc3c(-c3ccc(C)cc3)c2c1NC,,0.36448557,,,
1706907888,Cc1cccc(C(=O)Nc2ccc(Oc3ccc(S(=O)(=O)c4ccc(Oc5ccc(NC(=O)c6cccc(N7C(=O)c8ccc(-c9cccc%10c9C(=O)N(C)C%10=O)cc8C7=O)c6)cc5)cc4)cc3)cc2)c1,,0.35891264,,,
1706935597,Cc1cc(Br)c(Oc2c(Br)cc(N3C(=O)c4ccc(S(=O)(=O)c5ccc6c(c5)C(=O)N(C)C6=O)cc4C3=O)cc2Br)c(Br)c1,,0.4209618,,,
1706990929,CNc1ccc(CCC(CCc2ccc(N)cc2)CCc2ccc(NC)cc2)cc1,,0.34748423,,,
1707333225,CCC(C)CCc1ccccc1,,0.3743389,0.1803333333333333,,
1707392895,CCCOP(=O)(N=Nc1ccc(CCOC(=O)c2cc(C(=O)OCCc3ccc(N=NP(=O)(OC)OC)cc3)cc(C(C)(C)C)c2)cc1)OC,,0.36089138,,,
1707460536,CNc1ccc(-c2ccc(NC)c(-c3cccc4ccccc34)c2)cc1,,0.34848599,,,
1708403731,COc1ccc(S(=O)(=O)c2ccc(Oc3ccc(-c4ccc(-c5ccc(C)cc5)cc4)cc3)cc2)cc1,,0.36454739,,,
1708543289,COP(=O)(Oc1ccc(NC(=O)OCCCCCCOC(=O)Nc2ccc(C)cc2)cc1)c1ccccc1,,0.34447887,,,
1709391995,CCCOCCOC(=O)C=CC(=O)NCCCCCCNC(=O)C=CC(=O)OC,,0.32070713,,,
1710475458,Cc1ccc(-c2ccc(S(C)(=O)=O)cc2)cc1,229.0539301,,,,
1710724888,CNNC(=O)c1ccc(C(C)=O)cc1OCCCCC,,0.34962843,,,
1710766762,CCC(C)(C)C(=O)OCCCCCCOc1ccc(N=Nc2ccc(OCCCCCCCCCC)cc2)cc1,,0.37981521,,,
1711010706,Cc1cccc(C(=O)c2ccc(Oc3ccc(N4C(=O)c5ccc(Oc6ccc7c(c6)C(=O)N(C)C7=O)cc5C4=O)cc3)cc2)c1,,0.36734681,,,
1711102777,CCC(C)(C)C1C(=O)N(C(C)C)C(=O)C1C,,0.35984602,,,
1711422948,CC(F)C(C)(F)F,,0.29955763,,,
1711492844,CCC(C)(C)c1ccc2ccccc2c1,,0.37911502,,,
1711893868,COc1ccc(N=Cc2ccc(Oc3ccc(C(c4ccccc4)(c4ccccc4)c4ccc(Oc5ccc(C=Nc6ccc(C)cc6)cc5)cc4)cc3)cc2)cc1,,0.388023,,,
1712077769,Cc1cc(C(C)C)c(Oc2ccc(S(=O)(=O)c3ccc(Oc4cc(C)c(C5(C)OC(=O)c6ccccc65)cc4C(C)C)cc3)cc2)cc1C,,0.40334247,,,
1712598778,CNc1ccc(-c2cc(C)c(-c3c(C)cc(-c4ccc(NC)cc4)c4ccccc34)c3ccccc23)cc1,,0.37446309,,,
1712933557,CCC(C)(C#N)C(=O)OCCCCCC,,0.38064914,0.217,0.966634258,12.966416
1713382325,CCCCS(=O)(=O)CCCS(=O)(=O)CCCOC(=O)c1ccccc1C(=O)OC,,0.34598404,,,
1713436070,CC(=C(c1ccc(C)cc1)c1ccc(Oc2ccccc2)cc1)c1ccc(Oc2ccccc2)cc1,,0.39509432,,,
1713751559,CC(=O)c1ccc(N(C)CCCC)cc1,,0.39191799,,,
1714607104,CC(=O)Oc1ccc(C2(c3ccc(OC(=O)c4ccc5c(c4)C(=O)N(c4ccc(-c6ccc(N7C(=O)c8ccc(C)cc8C7=O)cc6C)c(C)c4)C5=O)cc3)C3CC4CC(C3)CC2C4)cc1,,0.37949599,,,
1715193116,Cc1ccc(OC(=O)c2ccc(C(=O)Oc3ccc(C4(C)OC(=O)c5ccccc54)cc3)cc2)cc1,,0.36083172,,,
1715294926,Cc1ccc([Si](c2ccccc2)(c2ccccc2)c2ccc(-c3nnc(-c4cncc(-c5nnc(C)o5)c4)o3)cc2)cc1,,0.44520609,,,
1715402105,Cc1cccc(C(=O)Nc2ccc(Oc3ccc(Oc4ccc(NC(=O)c5cccc(N6C(=O)c7ccc(-c8cccc9c8C(=O)N(C)C9=O)cc7C6=O)c5)cc4)cc3)cc2)c1,,0.35797628,,,
1715831147,Cc1ccc(Oc2ccc(-c3nc4cc(-c5ccc6nc(C)c(-c7ccccc7)nc6c5)ccc4nc3-c3ccccc3)cc2)cc1,,0.41936962,,,
1715878525,CCCCCOc1ccc(C=C2CCC(=Cc3ccc(OCCCCOP(=O)(OC)OCC)c(OC)c3)C2=O)cc1OC,,0.35140206,,,
1715886560,COc1ccc(C=C2CCCC(=Cc3ccc(OC(=O)c4ccc(C(C)=O)cc4)c(OC)c3)C2=O)cc1OC,105.2246285,,,,
1715966441,CCC(C)(C)C(=O)OCCCCl,,0.35991969,,,
1716148933,COc1ccc(C(=O)c2cccc(NC(=O)c3ccc(C(=O)Nc4cccc(C(=O)c5ccc(C)cc5)c4)cc3)c2)cc1,,0.35027261,,,
1717221182,CCCCCCCOc1ccc(CCc2ccc(OC)cc2C)cc1,,0.37289188,,,
1717592504,CCCCCCC(=O)Oc1ccc(OC(=O)c2ccc3c(c2)C(=O)N(C)C3=O)cc1,,0.33289133,,,
1718086689,Cc1ccc(C(=O)Nc2ccc(-c3ccccc3NC(=O)c3ccc(S(C)(=O)=O)cc3)cc2)cc1,,0.35178104,,,
1718233222,CNc1ccc2cc3c(cc2c1-c1c(NC)ccc2cc4c(cc12)CCCC4)CCCC3,,0.37579984,,,
1718354162,CCC1CCC(COC(=O)Nc2ccc(Cc3ccc(NC(=O)OC)cc3)cc2)CC1,,0.35905174,,,
1718419889,CNC(CO)C(C)=O,84.57547927,,,,
1718537835,CC(=O)C1=C(C)C2C=CC1C2,,0.35458952,,,
1718822131,CC=CC1CC(C)C2C(=O)N(c3cccc(Br)c3)C(=O)C12,,0.39327609,,,
1719173195,CNc1c(C)cc(C[C@H](c2cc(C)c(NC)c(C)c2)[C@@H](Cc2ccc(N)c(C(C)(C)C)c2)c2ccc(N)c(C(C)(C)C)c2)cc1C,,0.38595192,,,
1719193785,CCCCCCCNC(=O)CCCCCCCC(=O)NC,,0.35199351,,,
1719420059,COc1ccc(C(=O)c2ccc(C(=O)c3ccc(C)cc3)cc2)cc1,,0.37803494,,,
1719450087,COC(=O)C(CC(C)C)NC(=O)CCCCCCCCC(=O)NC(CC(C)C)C(=O)OC1COC2C(C)COC12,,0.35171013,,,
1719719052,CNc1ccc2cccc3c4c(NC)ccc5cccc(c1c23)c54,,0.34011693,,,
1720612082,CCCc1ccc(C)c(Cl)c1,,0.39148425,,,
1720647838,CCC1CC2CC1C1CCC(CN3C(=O)c4ccc(C(c5ccc6c(c5)C(=O)N(C)C6=O)(C(F)(F)F)C(F)(F)F)cc4C3=O)C21,,0.36864374,,,
1720677048,Cc1cccc(N2C(=O)C3CCC(C4CCC5C(=O)N(C)C(=O)C5C4)CC3C2=O)c1,,0.38218622,,,
1720848416,CNc1c(N)c(O)c(N)c(N2CCCCC2)c1NC,,0.33028423,,,
1720993259,CNc1ccc(Cc2ccccc2Cc2ccc(NC)cc2)cc1,,0.34535676,,,
1721092492,CC=Nc1ccc(C(=O)OCCCCOCCCCOCCCCOC(=O)c2ccc(N=Cc3ccc4c(c3)c3cc(C)ccc3n4CC(CC)CCCC)cc2)cc1,,0.36987967,,,
1721498000,Cc1ccc2c(c1)C(=O)N(c1ccc(Oc3ccc(N4C(=O)c5ccc(C(C)(C(F)(F)F)C(F)(F)F)cc5C4=O)cc3)c(O)c1)C2=O,,0.37996131,,,
1721517021,C=Cc1ccc(C2=CSC(=C)S2)cc1,105.3372816,,,,
1722126361,CCC(C)(C)C(=O)OCCCCn1c2ccccc2c2cc(N=Nc3ccc([N+](=O)[O-])cc3[N+](=O)[O-])ccc21,,0.36195293,,,
1722404544,CSSc1ccc(N=CNc2ccc(C)cc2)cc1,,0.41922647,,,
1722437751,Cc1ccc2c(c1)C(=O)N(c1ccc(OCCOc3ccc(N4C(=O)c5ccc(C(C)(C(F)(F)F)C(F)(F)F)cc5C4=O)cc3)cc1)C2=O,,0.36013194,,,
1722752192,Cc1ccc(Oc2ccc(N3C(=O)c4ccc(Oc5ccc(Oc6ccc7c(c6)C(=O)N(C)C7=O)cc5)cc4C3=O)cc2)cc1,,0.36428259,,,
1722899407,Cc1ccc2c(c1)C(=O)N(c1cc(C(=O)Oc3ccc(C(c4ccc(OC(=O)c5ccc(C)c(N6C(=O)c7ccc(C(C)(C(F)(F)F)C(F)(F)F)cc7C6=O)c5)cc4)(C(F)(F)F)C(F)(F)F)cc3)ccc1C)C2=O,,0.36997143,,,
1723039756,CCCCCOc1ccc(C(=O)Nc2cccc(P(=O)(c3ccccc3)c3cccc(NC(=O)c4ccc(OC)cc4)c3)c2)cc1,,0.35398022,,,
1723062866,CCC(C)(C)C(=O)OCCCCOc1ccc(OC(=O)c2ccc(-c3ccc(OC)cc3)cc2)cc1,,0.34182885,,,
1723225912,CNc1ccc(-c2ccc(NC)c(-c3ccccc3)c2C)c(C)c1-c1ccccc1,,0.37354711,,,
1723711090,CCC(C)(C)C(=O)OCC(F)(F)C(F)(F)C(F)(F)C(F)(F)C(F)(F)C(F)(F)C(F)(F)C(F)F,,0.32377425,0.09,,
1723857031,CCCCCCCOC(=O)OCCCCCCCCCCOC(=O)OCCCCCCOc1ccc(Oc2ccc(OC)cc2)cc1,,0.35910685,,,
1724528524,CCC(O)COc1ccc(C2CC(C(C)C)CCC2(C)c2ccc(OC)cc2)cc1,,0.36433734,,,
1724863374,COc1ccc(CNC(=O)c2cccc(C(=O)NCc3ccc(OC4COC5C(C)COC45)cc3)c2)cc1,,0.33419104,,,
1725180972,Cc1ccc(Oc2ccc(S(=O)(=O)c3ccc(Oc4ccc(-c5cc(C)n(-c6ccccc6)n5)cc4)cc3)cc2)cc1,,0.38538397,,,
1725259416,Cc1ccc(-c2c(-c3ccc(-c4ccccc4)cc3)cc(-c3ccc(-c4cc(-c5ccc(-c6ccccc6)cc5)c(-c5ccc(-n6c(=O)c7cc8c(=O)n(C)c(=O)c8cc7c6=O)cc5)c(-c5ccc(-c6ccccc6)cc5)c4)cc3)cc2-c2ccc(-c3ccccc3)cc2)cc1,435.0,,,,
1725823139,CCC(C)OC(=O)C(C)(C)C(C)C(C)C,,0.37195961,,,
1726139010,CCC(C)(C)C(=O)Oc1c(C)cccc1C,,0.35811982,,,
1726144568,COc1ccc(Oc2ccc(C(=Nc3ccc(Oc4ccc(N=C(c5ccccc5)c5ccc(C)cc5)cc4)cc3)c3ccccc3)cc2)cc1,,0.38246465,,,
1726627716,CNc1cccc(NC(=O)c2cc(NC(=O)c3ccccc3)cc(C(C)=O)c2)c1,,0.3335926,,,
1726926869,CNc1ccc2c(c1)-c1cc(NC)ccc1C2C#CC1c2ccc(N)cc2-c2cc(N)ccc21,,0.38806577,,,
1727053406,COc1cccc(Oc2ccc(-c3ccc(C)cc3)cc2)c1C#N,,0.37561604,,,
1727549471,CC(=O)c1ccc2c(c1)C(=O)N(c1ccc(Oc3ccc(C(=O)c4cccc(C(=O)c5ccc(Oc6ccc(N7C(=O)c8ccc(C)cc8C7=O)cc6)cc5)n4)cc3)cc1)C2=O,,0.35806566,,,
1727851724,CCC(C)C(=O)Nc1ccccc1,,0.3388664,,,
1727933263,COc1ccc(NC(=O)CCCCCCCCCC(=O)Nc2ccc(C)cc2)cc1,,0.349997,0.3745,1.073694962,27.22066116
1727988738,Cc1ccc(-c2nc3cc(-c4ccc5oc(C)nc5c4)ccc3o2)cc1,,0.43315781,,,
1728252484,CCC(C)C(=O)OCCCCCCCCCCOc1cnc(-c2ccc(OC(=O)C3COC(C)(C)O3)cc2)nc1,,0.36105777,,,
1728340477,CC(=O)Nc1ccc(S(=O)(=O)c2ccc(NC(=O)c3ccc4c(c3)C(=O)N(c3ccc(S(=O)(=O)c5ccc(N6C(=O)c7ccc(C)cc7C6=O)cc5)cc3)C4=O)cc2)cc1,,0.35936373,,,
1729263987,CCC(C)(C)C(=O)Oc1ccc(C(=O)O)cc1,,0.31218986,,,
1729640187,CCCCCCC(=O)Oc1ccc(C(C)(C)c2ccc(C(C)(C)c3ccc(OC(=O)c4ccc5c(c4)C(=O)N(C)C5=O)cc3)cc2)cc1,,0.35751263,,,
1729688245,CCC(O)COc1ccc(C(C)(C)c2ccc(OCC(O)COc3ccc(Oc4ccc(OC)cc4)cc3)cc2)cc1,,0.34329551,,,
1729742723,CCC(C)CCCCCCCC,,0.41042216,0.286,0.790932839,11.50351128
1730077255,CNc1ccc2cc3ccc(NC)cc3cc2c1,,0.34118592,,,
1730293187,CCC(C)(C)C(=O)OCc1ccc2c(c1)c1ccccc1n2CCCCCCCC,,0.36745632,,,
1730621528,CCC(C)C(C)C,,,0.1868,0.75714125,12.12922155
1731176824,Cc1ccc2c(c1)C(=O)N(c1ccc(Oc3ccc(N4C(=O)c5ccc(C(C)(C)CCCCC(C)(C)C)cc5C4=O)cc3)cc1)C2=O,,0.37011178,,,
1731224858,CCC(C)c1ccc(COCCCCO)cc1,,0.36446129,,,
1731329584,CN=P(C)(OCCC)OCCC,,0.40352288,,,
1731885131,CCC(C)c1ccc(COCCOCCCCCCCC)cc1,,0.38457352,0.282,0.931177736,11.54920484
1732473081,CCC(CC(C)(C#N)C#N)c1ccc(OC(C)=O)cc1,,0.35920992,,,
1732679124,CCCCCCCCCc1nnc(C)o1,-48.88416733,,0.324,,
1733327889,COCCCCCCCCCCC(=O)Oc1ccc(-c2ccc(C(=O)Oc3cccc(OC(=O)c4ccc(-c5ccc(OC(=O)CCCCCCCCC(C)COC)cc5)cc4)c3[N+](=O)[O-])cc2)cc1,,0.38046147,,,
1733763010,CNc1ccccc1-c1ccccc1-c1cccc(-c2ccccc2-c2ccccc2)c1NC,,0.36434103,,,
1734361691,CCc1ccc(COC(=O)CCCCC(=O)OC)cc1,-4.158432897,,,,
1734399308,CCCCCc1ccc(-c2c(-c3ccccc3)cc(-c3ccc(-c4cc(-c5ccccc5)c(-c5ccc(C)cc5)c(-c5ccccc5)c4-c4ccccc4)cc3)c(-c3ccccc3)c2-c2ccccc2)cc1,,0.39803512,,,
1734532283,CC1(C)CC(C)(C)C(=O)N(C)C1=O,,0.35709749,,,
1734712168,CC(c1ccc(N(C)C)cc1)C(C)c1ccc([N+](=O)[O-])cc1,,0.39669979,,,
1734866978,Cc1ccc2c(c1)C(=O)N(c1cccc(Oc3cccc(N4C(=O)c5ccc(C(F)(F)C(F)(F)C(C)(F)F)cc5C4=O)c3)c1)C2=O,,0.35680339,,,
1735118252,CCCCCCCCCCCCCOC(=O)CCCCCCCCCCC(=O)OC,,,0.297,,
1736400792,CCCCCCCCCCCCCCCCC(=O)OC,,,0.3954,,
1736906548,CNc1cccc(C2(c3cccc(NC)c3CC=C)c3ccccc3-c3ccccc32)c1CC=C,,0.37562104,,,
1737253601,Cc1ccc(Oc2ccc(-c3ccc(Oc4ccc(N5C(=O)C(c6ccccc6)=C(c6ccc(C7=C(c8ccccc8)C(=O)N(C)C7=O)cc6)C5=O)cc4)cc3)cc2)cc1,,0.38106993,,,
1737477599,CNc1ccc(-c2ccc(NC)c(-c3cccc4ccccc34)c2-c2ccccc2)cc1,,0.36849354,,,
1737643625,CNc1cccc(Cc2cccc3ccc(NC)cc23)c1,,0.34622731,,,
1737989724,CC(=O)c1ccc2c(c1)C(=O)N(c1cc(C(c3ccc(O)c(N4C(=O)c5ccc(C)cc5C4=O)c3)(C(F)(F)F)C(F)(F)F)ccc1O)C2=O,,0.36411476,,,
1738001334,COS(=O)(=O)c1cccc(S(=O)(=O)Oc2cccc(C)c2)c1,29.19231194,,,,
1738112244,CCC(C)(C)SC,,0.40403042,,,
1738468386,CC(=O)Oc1ccc2ccc(OC(=O)c3ccc4c(c3)C(=O)N(c3ccc(Oc5ccc(N6C(=O)c7ccc(C)cc7C6=O)cc5)cc3)C4=O)cc2c1,,0.35455535,,,
1738776210,CCC(C)P(=O)(N(C)C)N(C)C,,0.37118508,,,
1738997335,CCCN(CCCCOc1ccc(N=Nc2ccc(CCCCCC)cc2)cc1)CCOC(=O)c1ccc(C(=O)O)c(C(=O)Nc2ccc(C(C)(C)c3ccc(C(C)(C)c4ccc(NC(=O)c5ccc(C(=O)OC)cc5C(=O)O)cc4)cc3)cc2)c1,82.18427933,,,,
1740193535,CNc1cccc(NC(=O)CCCCC(=O)Nc2cccc(NC(=S)NC(=O)c3ccc(C(=O)NC(C)=S)cc3)c2)c1,,0.33679836,,,
1740911960,CNc1cccc(-c2cc(-c3ccccc3)c(NC)c(-c3ccccc3)c2)c1,,0.3551194,,,
1740942243,Cc1ccc2c(c1)C(=O)N(c1ccc(-c3ccc(N4C(=O)c5ccc(C(C)(C(F)(F)F)C(F)(F)F)cc5C4=O)cc3C(F)(F)F)c(C(F)(F)F)c1)C2=O,,0.4023531,,,
1740967529,CCC(C)(C)C(=O)OCCCCCCOc1ccc(C(=O)Oc2ccc(N=Nc3ccccc3)c3ccccc23)cc1,,0.35826257,,,
1740996788,Cc1ccc(Oc2ccc(C(=O)c3cccc(C(=O)c4ccc(Oc5ccc(-c6nc(-c7ccccc7)[nH]c6C)cc5)cc4)c3)cc2)cc1,,0.38321715,,,
1741015152,CNCCCCCCCCNC,,0.33689515,,,
1741494533,COc1ccc(Sc2ccc(Oc3ccc4c(=O)n5c6cc(-c7ccc8c(c7)nc7c9ccc(C)c%10cccc(c(=O)n87)c%109)ccc6nc5c5cccc3c45)cc2)cc1,,0.37801304,,,
1741924076,CCCCC(=O)Nc1ccc(NC(=O)CCCN2C(=O)c3ccc(C(=O)c4ccc5c(c4)C(=O)N(C)C5=O)cc3C2=O)cc1,,0.32616598,,,
1742146572,CNc1ccc(CC(Cc2ccc(N)cc2)c2ccc(NC)cc2)cc1,,0.35372758,,,
1742249499,CN=P(C)(Oc1ccc(F)cc1)Oc1ccc(F)cc1,,0.39101993,,,
1742353769,COC1CCCCC1C,,0.37752253,0.1694999999999999,0.931563064,14.6102827
1742360510,CNc1ccc2ccccc2c1-c1ccc(-c2c(NC)ccc3ccccc23)cc1,,0.35362502,,,
1742360572,CCC(C)c1cccc(F)c1,,0.39194172,0.1623333333333333,,
1743216271,COc1c([2H])c([2H])c(S(=O)(=O)c2c([2H])c([2H])c(Oc3c([2H])c([2H])c(C(c4c([2H])c([2H])c(C)c([2H])c4[2H])(C([2H])([2H])[2H])C([2H])([2H])[2H])c([2H])c3[2H])c([2H])c2[2H])c([2H])c1[2H],,0.37933974,,,
1744491015,CCC(O)COc1ccc(C(C)(C)c2ccc(OCC(O)COc3ccc(C4(c5ccc(OC)cc5)c5ccccc5-c5ccccc54)cc3)cc2)cc1,,0.35752228,,,
1744666695,CNc1cc(NC)c2cc3ccccc3cc2c1,,0.34003705,,,
1744915619,Cc1ccccc1C(=O)Oc1ccc2c(C)c3ccc(=O)cc-3oc2c1,,0.35798941,,,
1744939463,CCCN(Cc1ccccc1)C(=O)SC,,0.36007699,,,
1744997791,CO[Si](C)(CCC)CCC,,0.42983858,,,
1745103437,Cc1ccc(Sc2ccc(-c3nc4ccc(-c5ccc6nc(C)c(-c7ccccc7)nc6c5)cc4nc3-c3ccccc3)cc2)cc1,,0.43253891,,,
1745290374,CCCOCCOCCOc1ccc(C=Cc2ccc(C=Cc3ccc(OC)c4ccccc34)cc2)c2ccccc12,,0.36046358,,,
1745650366,CC=C(F)C(F)(F)CC,,0.35606714,,,
1746336965,Cc1cccc(S(=O)(=O)c2cccc(N3C(=O)c4ccc(Oc5ccc(S(=O)(=O)c6ccc(Oc7ccc8c(c7)C(=O)N(C)C8=O)cc6)cc5)cc4C3=O)c2)c1,,0.36342185,,,
1746379826,COc1ccc(Oc2ccc(C=NCCCCCCCCCCCCN=Cc3ccc(C)cc3)cc2)cc1,,0.37925907,,,
1746456403,CC(=O)OCCN(CCOC(=O)c1ccc2c(c1)C(=O)N(c1c(C)cc(Cc3cc(C)c(N4C(=O)c5ccc(C)cc5C4=O)c(C)c3)cc1C)C2=O)c1ccc(C(C#N)=C(C#N)C#N)cc1,,0.37808499,,,
1747354606,Cc1ccc(O)c(N2C(=O)c3ccc(Oc4ccc(C(C)(C)c5ccc(Oc6ccc7c(c6)C(=O)N(C)C7=O)cc5)cc4)cc3C2=O)c1,,0.36863924,,,
1747846009,CCCCCCCOC(=O)c1ccc(C(=O)OC)cc1,,0.34961914,,,
1748642050,Cc1ccc(Oc2ccc(-c3cc(-c4ccccc4)c4cc(Oc5ccc6nc(C)c(-c7ccccc7)c(-c7ccccc7)c6c5)ccc4n3)cc2)cc1,,0.40987104,,,
1748671851,CC(=C(C)c1ccc(CCCC)cc1)c1ccccc1,,0.42642935,,,
1748848667,Cc1cc(CC(=O)OCC)c(C)s1,,0.394744,,,
1748879320,CC(=O)c1ccc2c(c1)C(=O)N(c1ccc(C(=O)N(C)c3ccc(N4C(=O)c5ccc(C)cc5C4=O)cc3)cc1)C2=O,,0.37706698,,,
1749285601,CCC(C)C(=O)n1c2ccccc2c2ccccc21,,0.37111974,,,
1749666987,CNc1ccc(-c2ccc(-c3ccccc3NC)cc2)cc1,,0.343504,,,
1749688285,Cc1ccc2c(c1)-c1nc3cc(Oc4ccc5c(c4)nc4n5C(=O)c5cc(C(C)(C(F)(F)F)C(F)(F)F)ccc5-4)ccc3n1C2=O,395.15,,,,
1750306188,CCC(C)C(=O)NCCCCCCCCCCCCCCCCCCCCCC,,,0.3665,,
1750548820,CCC1(C)OCC(c2ccccc2)O1,,0.35076731,,,
1751325850,CCC(C)C(=O)Oc1ccc(OC)cc1,,0.33742314,0.208,1.117366408,14.44836262
1751332443,Cc1cc(C(c2ccc(OCCN(C)c3ccc(C=CC4=CC(=C(C#N)C(=O)OC)CC(C)(C)C4)cc3)c(N3C(=O)c4ccc(Oc5ccc6c(c5)C(=O)N(C)C6=O)cc4C3=O)c2)(C(F)(F)F)C(F)(F)F)ccc1OCCN(c1ccccc1)c1ccc(C=CC2=CC(=C(C#N)C(=O)OC)CC(C)(C)C2)cc1,,0.3775713,,,
1751447126,CCCCCCCCCCCCOc1ccc(CCc2ccc(OC)cc2C)cc1,,0.38003558,,,
1751469406,CCC(F)(F)C(F)(F)C(F)(F)CN(CC)C(=O)CCCCC(=O)N(C)CC,10.59395774,,,,
1751782566,CCCOCCOCCN1C(=O)c2ccc(C(=O)Oc3ccc(-c4ccc(OC(=O)c5ccc6c(c5)C(=O)N(C)C6=O)cc4)cc3)cc2C1=O,,0.33474357,,,
1751963173,CO[Si](C)(C)c1ccc([Si](C)(C)O[SiH](C)C)cc1,,0.43447128,,,
1752199076,COc1ccc(C=Cc2cc(OCCCCCCCC)c(C=Cc3ccc(Oc4cc5c6c(ccc7c8c(C)cc9c%10c(ccc(c4c67)c%108)C(=O)N(CCCCCCCC)C9=O)C(=O)N(CCCCCCCC)C5=O)cc3)cc2OCCCCCCCC)cc1,,0.37287608,,,
1752812344,CC(=O)c1cc(C(=O)c2ccc3c(c2)C(=O)N(c2cccc(N4C(=O)c5ccc(C)cc5C4=O)c2)C3=O)cc(-c2ccccc2)c1,,0.36476789,,,
1753150513,COP(=O)(Oc1ccc(NC(=O)Oc2ccc(-c3ccc(OC(=O)Nc4ccc(C)cc4)cc3)cc2)cc1)c1ccccc1,,0.34568614,,,
1753201911,COc1ccc(N(CC)c2ccc(/C=C(\C#N)C(=O)NC3CCCCC3NC(=O)/C(C#N)=C/c3ccc(N(CC)c4ccc(C)cc4)cc3)cc2)cc1,,0.37635189,,,
1753371685,CC(=Cc1cc(OC)c(C=C(c2ccc(C)cc2)c2ccc(C(F)(F)F)cc2)cc1OC)c1ccc(C(F)(F)F)cc1,,0.40216642,,,
1753717945,CCC(C)OC(=O)c1cccc([Si](C)(C)C)c1,,0.39879763,,,
1754228548,CCCN(CCN1C(=O)c2ccc(C(c3ccc4c(c3)C(=O)N(C)C4=O)(C(F)(F)F)C(F)(F)F)cc2C1=O)c1ccc(C=CC2=CC(=C(C#N)C#N)CC(C)(C)C2)cc1,,0.37248481,,,
1754638763,Cc1ccc(-c2nc3ccccc3o2)c(C)c1,,0.40450546,,,
1754839380,CCCCCCCOC(=O)C(CCCCP(=O)(OCC)OCC)C(=O)OCCCCCCOc1ccc(-n2on2-c2ccc(OC)cc2)cc1,,0.35900925,,,
1754909012,CNc1ccc(C2(c3ccc(NC)cc3)c3cc(N)ccc3-c3ccc(N)cc32)cc1,,0.3802377249999999,,,
1754987570,COCCCCCCCCCCCOc1ccc2nc(-c3ccc(OCCCCCCCCCCCOC(=O)c4cc(C(C)=O)cc(C(C)=O)c4)cc3)sc2c1,,0.36316614,,,
1754996829,CCC(COC)(CS(=O)(=O)CCC)CS(=O)(=O)CCC,,0.38361184,,,
1755097598,CNc1ccc(CCC)c2c(NC)cccc12,,0.34473863,,,
1755361106,CC(=O)Nc1ccc(Oc2cccc(NC(=O)c3ccc4c(c3)C(=O)N(c3ccc(Oc5cccc(N6C(=O)c7ccc(C)cc7C6=O)c5)cc3)C4=O)c2)cc1,,0.35225181,,,
1755371243,CCCN(CCOC(=O)c1cc(OCc2cc(OCc3ccccc3)cc(OCc3ccccc3)c2)cc(C(=O)OC)c1)c1ccc(C=Cc2ccc(C=CC3=C(C#N)C(=C(C#N)C#N)OC3(c3ccccc3)C(F)(F)F)s2)cc1,,0.36152186,,,
1755519343,Cc1ccc2c(c1)C(=O)N(c1cccc(C(=O)Nc3ccc(Oc4ccc(C(C)(C)c5ccc(Oc6ccc(NC(=O)c7cccc(N8C(=O)c9ccc(C(C)(C(F)(F)F)C(F)(F)F)cc9C8=O)c7)cc6)cc5)cc4)cc3)c1)C2=O,,0.36111327,,,
1755789541,CCCCOC(=O)c1ccc2cc(C(=O)OC)ccc2c1,,0.33616703,,,
1755924093,CNc1ccc2c(c1)-c1ccc(NC)cc1C21c2ccccc2-c2ccccc21,,0.38085413,,,
1756335423,CNc1ccc2cc3c(-c4ccccc4)c(NC)c(-c4ccccc4)cc3cc2c1,,0.36293464,,,
1756666691,CCCNC(=O)c1ccc(C(=O)NC)c(Sc2ccccc2)c1,,0.34276192,,,
1756941114,COCC(F)(F)C(F)(F)C(F)(F)COc1nc(F)c(F)c(OCC(F)(F)C(F)(F)C(F)(F)COc2c(F)c(C)nc(F)c2F)c1F,,0.33124109,,,
1757174370,CCCNC(=O)CCCCCCCCC(=O)NC,,,0.302,1.004989804,16.962466
1757237275,CCc1ccc(CSSSSC)cc1,,0.42976694,,,
1757460664,CCCCN(C)C(C)=O,,0.34005308,,,
1757862881,CCCCCCCOC(=O)C(CCCCCP(=O)(O)O)C(=O)OCCCCCCOc1ccc(-n2on2-c2ccc(OC)cc2)cc1,,0.3498874,,,
1758001941,CCCCP(=O)(CCCNC(=O)CCCCC(=O)NC)c1ccccc1,,0.34157753,,,
1758192044,COc1ccc(S(=O)(=O)c2ccc(Oc3ccc(C=Nc4ccc(Oc5ccc(-c6ccc(Oc7ccc(N=Cc8ccc(C)cc8)cc7)cc6)cc5)cc4)cc3)cc2)cc1,,0.3708493,,,
1758920260,CCC(OCCCC)C1(C)C(=O)OC(=O)C1(C)C,,0.34511671,,,
1759081904,Cc1ccc(Oc2ccc(N3C(=O)C(C)C(SCCOCCSC4C(=O)N(c5ccc(Oc6ccc(N7C(=O)CC(C)(SCCOCCSC8(C)CC(=O)N(C)C8=O)C7=O)cc6)cc5)C(=O)C4C)C3=O)cc2)cc1,,0.34413754,,,
1759526318,CCC(CCCCCCCCCC)C(CCCCCCCCCC)COC(=O)c1ccc(C(=O)OC)cc1,,0.37919414,,,
1760524706,Cc1sc(C)c(CCCCCCN(CC)c2ccc(N=Nc3ccc([N+](=O)[O-])cc3)cc2)c1CCCCCC,,0.38480348,,,
1761132878,CCC(C)CN,,0.36970834,,,
1761703329,CC=CC1CC(=CC)C(C)C1,,0.40651799,,,
1762139545,CNc1cc(C)c(NC)cc1C,,0.3453129649999999,,,
1762883597,COc1ccc(C=CC(=O)c2ccc(Oc3ccc(C(C)(C)c4ccc(C)c(C)c4)cc3C)cc2)cc1,,0.39205535,,,
1763751155,CCCOCCOCCOCCOCCOCCOC(=O)c1cccc(C(=O)OC)c1,,0.34081676,,,
1763893927,CNc1ccc(Cc2ccc(NC(=O)c3cc(C(C)=O)cc(N4C(=O)C=CC4=O)c3)cc2)cc1,,0.33700736,,,
1764253172,CNc1cc(-c2ccc3ccccc3c2)cc(-c2ccc3ccccc3c2)c1NC,,0.34590052,,,
1764580479,CC=Cc1ccc2c(c1)Sc1cc(-c3cc(CCCCCC)c(-c4sc(-c5ccc6c(c5)Sc5cc(C)ccc5N6c5ccc(OCCCCCCCCCCCC)cc5)cc4CCCCCC)s3)ccc1N2c1ccc(OCCCCCCCCCCCC)cc1,,0.39742745,,,
1764654755,CCC(c1ccccc1)C1C(=O)N(c2ccc(C(C)(C)C)cc2)C(=O)C1C,,0.40001561,,,
1765162399,CNc1ccc(CCCc2ccc(NC)c(-c3ccc(C)cc3)c2-c2ccc(C)cc2)c(-c2ccc(C)cc2)c1-c1ccc(C)cc1,,0.38190375,,,
1765350912,CCCOCCOC(=O)c1ccccc1C(=O)OC,,0.32806661,,,
1765460904,CCC(=O)c1ccc(Oc2ccc(C(=O)COc3ccc(C=C4CCCC(=Cc5ccc(OC)c(OC)c5)C4=O)cc3OC)cc2)cc1,,0.35837048,,,
1765837976,Cc1ccc(Oc2ccc(-c3ccc(Oc4ccc(N5C(=O)c6ccc(Oc7ccc(Oc8ccc(Oc9ccc%10c(c9)C(=O)N(C)C%10=O)cc8)cc7)cc6C5=O)cc4)cc3)cc2)cc1,,0.3631463,,,
1765927815,CCC(C)(C)C(=O)Oc1c(C(C)C)cccc1C(C)C,,0.3967853,,,
1766008027,CNc1c([2H])c([2H])c(C)c([2H])c1[2H],235.370823,,,,
1766205762,CNc1cc(NC(=O)c2cc(OCCN(C)c3ccc([N+](=O)[O-])cc3)cc(C(C)=O)c2)cc(C(=O)OC)c1,,0.33483978,,,
1766427036,Cc1ccc(Oc2ccc(-c3ccc(Oc4ccc(N5C(=O)c6ccc(Oc7cc(C(C)(C)C)c(Oc8ccc9c(c8)C(=O)N(C)C9=O)cc7C(C)(C)C)cc6C5=O)cc4)cc3)cc2)cc1,,0.39240961,,,
1768246998,CNc1ccc(-c2c(-c3ccccc3)c(-c3ccccc3)c(NC)c(-c3ccc(C)cc3)c2-c2ccc(C)cc2)cc1,,0.3804246,,,
1768426283,Cc1ccc2c(c1)C(=O)N(c1cccc(P(=O)(c3ccc(C(F)(F)F)cc3)c3cccc(N4C(=O)c5ccc(C(C)(C(F)(F)F)C(F)(F)F)cc5C4=O)c3)c1)C2=O,,0.38899686,,,
1769198640,CCC(C)(C)C(=O)OCCCCCCCC/C=C\CCCCCCCC,,0.38969165,,,
1769217359,CN=P(C)(Oc1ccc(CC)cc1)Oc1ccc(CC)cc1,,0.40095438,,,
1769343674,CNc1ccc2c(c1)C(c1ccccc1)(c1ccccc1)c1cc(NC)ccc1-2,,0.37169398,,,
1769579666,COc1ccc(Oc2ccc(C(=O)Nc3ccc(Oc4ccc(NC(=O)c5ccc(C)cc5)cc4)cc3)cc2)cc1-c1ccccc1,,0.35976749,,,
1769889494,CCC(C)(C)C1C(=O)N(c2c(CC)cccc2CC)C(=O)C1C,,0.36266864,,,
1770296397,CNc1ccc(C(C)(CC[C@](C)(c2ccc(NC)cc2)c2cccc(N)c2)c2ccc(N)cc2)cc1,,0.36112201,,,
1770973625,COc1ccc(C(c2ccc(Oc3ccc(C(=O)Nc4ccc(-c5ccc(NC(=O)c6ccc(C)cc6)cc5C(F)(F)F)c(C(F)(F)F)c4)cc3)cc2)(C(F)(F)F)C(F)(F)F)cc1,,0.36219263,,,
1771399222,CCCCCCOc1cccc(C(=O)OC(=O)c2cccc(OC)c2)c1,,0.3413806,,,
1771648139,CC=CC(C(=O)OCc1ccccc1)C(C)C(=O)OCc1ccccc1,,0.35713258,,,
1772221241,Cc1ccc(-c2ccc(Oc3ccc(C4(C)CC(C)(C)c5ccc(Oc6ccc(-c7ccc(N8C(=O)c9ccc(Oc%10ccc(C(C)(C)c%11ccc(Oc%12ccc%13c(c%12)C(=O)N(C)C%13=O)cc%11)cc%10)cc9C8=O)cc7)cc6C(F)(F)F)cc54)cc3)c(C(F)(F)F)c2)cc1,,0.37902457,,,
1773311444,CCCN(CCOC(=O)Nc1cccc(NC(=O)OC)c1C)c1ccc(N=Nc2ccc([N+](=O)[O-])cc2)cc1,,0.35215357,,,
1773383580,CCCCCCCOc1ccc(-c2ccc(OC)c3ccccc23)c2ccccc12,,0.36384128,,,
1773451274,CCC(C)c1cc(C(=O)Oc2ccc(OCCCCCCCCCCCCCCCC)cc2)ccc1C(=O)Oc1ccc(OCCCCCCCCCCCCCCCC)cc1,,0.38467794,,,
1773543795,CCCN(C)C(=O)c1cccc(F)c1,,0.34841899,,,
1773625763,CO[Si](C)(C)c1ccc2ccc3c([Si](C)(C)C)ccc4ccc1c2c43,,0.39894601,,,
1773759171,CCC(C)C(=O)c1ccc(C(C)C)cc1,,0.39294141,,,
1773982795,CCC(C)(C)C(=O)OCCCCCn1c2ccccc2c2ccccc21,,0.35157663,,,
1774773315,CC1C=CC(C)C1,,,0.2784999999999999,0.939550686,18.92440401
1775591199,COc1ccc(C(=O)c2ccc(C(=O)c3ccc(C)c(C(C)C)c3)cc2)cc1C,,0.39987425,,,
1775887847,COC(=O)Nc1ccc(C)c(NC(=O)OC2COC3C(C)COC23)c1,,0.33930504,,,
1776137292,Cc1ccc(Oc2ccc(Oc3ccc(Oc4ccc(-c5cnc6cc(-c7ccc8nc(C)cnc8c7)ccc6n5)cc4)cc3)cc2)cc1,,0.38383553,,,
1776297302,CCCCCCCCCCCCCCCCCCCOC(=O)c1ccc(C(=O)OC)cc1,,,0.304,,
1776629260,CO[Si](C)(C)COC(=O)CCCCCCCCC(=O)Oc1ccc(S(=O)(=O)c2ccc(Oc3ccc(C=C4CCCCC(=Cc5ccc(Oc6ccc(S(=O)(=O)c7ccc(OC(=O)CCCCCCCCC(=O)OC[Si](C)(C)C)cc7)cc6)cc5)C4=O)cc3)cc2)cc1,,0.36733579,,,
1777009355,CNC1CCC(CCC2CCC(NC(=O)CCCCCCCCC(C)=O)CC2)CC1,,0.36490438,,,
1777047790,CNSC1(NC)N=C(N)NC(N)=N1,,0.31058634,,,
1777341480,Cc1ccc2c(c1)C(=O)N(c1ccc(-c3ccc(N4C(=O)c5ccc(C(C)(C(F)(F)F)C(F)(F)F)cc5C4=O)c(O)c3)cc1O)C2=O,,0.37314442,,,
1777517337,CNc1cc2c(cc(NC)c3c(-c4ccc(C=C)cc4)c(-c4ccc(C=C)cc4)c(-c4ccc(C=C)cc4)c(-c4ccc(C=C)cc4)c32)c2ccccc12,,0.37091967,,,
1777622609,CCC(C)C(=O)OC(C)CC(C)C,11.47675289,,0.207,0.905312834,11.11375504
1777831717,COc1ccc(C(=O)c2ccc(Oc3ccc4c(=O)n5c6cc(-c7ccc8c(c7)nc7c9ccc(C)c%10cccc(c(=O)n87)c%109)ccc6nc5c5cccc3c45)cc2)cc1,,0.38178031,,,
1777861386,CNc1c(-c2ccccc2)cc(Cc2cc(-c3ccccc3)c(NC)c3ccccc23)c2ccccc12,,0.3626091,,,
1778072997,Cc1ccc(Oc2ccc(S(=O)(=O)c3ccc(Oc4ccc(C5(C)OC(=O)c6ccccc65)cc4C)cc3)cc2)c(C)c1,,0.38660473,,,
1778095789,COC(=O)c1cccc(OCCCCCCCCOc2cccc(C(=O)OC3COC4C(C)COC34)c2)c1,,0.34800981,,,
1778794604,CCC#CC(C#CCOC(=O)CCCCCCCCC(=O)OC)=Cc1ccc(C#Cc2ccc(C=C(C#Cc3ccccc3)C#Cc3ccccc3)cc2)cc1,,0.397984,,,
1778806349,COC(CCCCCC)CC(C)=O,,0.37673739,,,
1779122339,Cc1ccc(Oc2ccc(-c3nc4ccc(S(=O)(=O)c5ccc6nc(C)[nH]c6c5)cc4[nH]3)cc2)cc1,315.1120806,,,,
1779443972,CCC(C)(C)C(=O)OCc1ccc[se]1,,0.35173384,,,
1779551878,CCCCCCCN(C)C(=O)CCCCCCCCCCCCCCC(=O)N(C)C,,,0.33,,
1780220643,CCCCCCCCCCCC(=O)NCCCCCOCCCCCNC(=O)CCCCOC,,,0.3349999999999999,0.94573393,19.75537697
1780262446,CN=P(C)(Oc1cccc(C)c1)Oc1cccc(C)c1,,0.3884914,,,
1780443736,CNc1ccc(-c2c(CC)ccc(NC)c2-c2ccccc2)cc1,,0.3658892,,,
1781035787,Cc1ccc(Oc2ccc(C(C)(C)c3ccc(Oc4ccc(-c5nnc(C)n5-c5cccc(C(F)(F)F)c5)cc4)cc3)cc2)cc1,,0.38422628,,,
1781608309,COc1ccc(CC(NC(=O)CCc2ccc(OC(C)=O)cc2)C(=O)OCCCCCC)cc1,,0.35216726,,,
1781915086,CCC(C)CNC(=O)OC,,0.33053408,,,
1781926636,CCCCCCCOc1ccc(C=Cc2ccc(OC)cc2)cc1,,0.36660231,,,
1782813918,CNc1ccc(C(C)(C)c2ccc(C(C)(C)c3ccc(Nc4ccc(C(O)(c5ccccc5)c5ccc(C(O)(c6ccccc6)c6ccc(C)cc6)cc5)cc4)cc3)cc2)cc1,,0.39392951,,,
1782970907,Cc1ccc(Oc2ccc(C(C)(C)c3ccc(Oc4ccc(N5C(=O)C6CCC(C7CCC8C(=O)N(C)C(=O)C8C7)CC6C5=O)cc4)cc3)cc2)cc1,,0.37853273,,,
1783140001,CCCCC=C(C)c1ccc(Cl)cc1,,0.38684815,,,
1783164838,COc1c(C)cc(-c2cc(C)c(Oc3ccc(C(=O)c4ccc(C)cc4)cc3)c(CBr)c2)cc1CBr,,0.40843427,,,
1783173657,CCC(C)(CC(=O)OC(C)C)C(=O)OC12CC3CC(CC(C3)C1)C2,,0.39313368,,,
1783262113,COc1c(C)cc(C(C)(C)c2cc(C)c(OC(=O)c3cccc(C(C)=O)c3)c(C)c2)cc1C,,0.39532424,,,
1783614985,CCC(C)c1cc(OC)c(OC(C)=O)c(OC)c1,,0.34893966,,,
1784004493,CCC(COC)(CS(=O)(=O)CCCC)CS(=O)(=O)CCCC,,0.38553918,,,
1784137084,CCCCCCOC(=O)NCCCCCCNC(=O)OC,,0.33912475,,,
1784177503,COc1cccc(OC(=O)Oc2ccc(OC(C)=O)cc2)c1,-104.3379932,,,,
1784231547,COc1ccc(N=C(C)c2ccc(Oc3ccc(C(C)(C)c4ccc(Oc5ccc(C(C)=Nc6ccc(C)cc6)cc5)cc4)cc3)cc2)cc1,,0.37958544,,,
1784319633,CCC(C)C(=O)OC12CC3CC(C)(CC(C)(C3)C1)C2,,0.37551115,0.1635,0.949969923,9.767195327
1785002432,CNc1ccc(C(=O)c2ccc(Nc3ccc4c(c3)c3cc(C)ccc3n4CC(CC)CCCC)cc2)cc1,,0.38972953,,,
1785099361,CC(=O)c1ccc2c(c1)C(=O)N(c1cccc(Cc3ccc(C(=O)c4ccc(N5C(=O)c6ccc(C)cc6C5=O)cc4)cc3)c1)C2=O,,0.36964109,,,
1785446728,CNc1ccc(Cc2ccc(C3(c4ccc(Cc5ccc(NC)cc5)cc4)C=C[C@@H](CCCC)CC3)cc2)cc1,,0.36309112,,,
1785988282,CCCCCCCCCCCCCCCc1ccc(-c2c(-c3ccccc3)cc(-c3ccc(-c4cc(-c5ccccc5)c(-c5ccc(C)cc5)c(-c5ccccc5)c4-c4ccccc4)cc3)c(-c3ccccc3)c2-c2ccccc2)cc1,,0.40147903,,0.950245541,20.47027569
1786011241,CCC(C)(C)C(=O)OCCCCCCCCCCCCCCC(=O)NC1OC(CO)C(OC2OC(CO)C(O)C(O)C2O)C(O)C1O,,0.32366656,,,
1786063717,CCCC1C(=O)N(CCCCCCCCCCCCCCCC)C(=O)C1C,,0.3913188,,,
1786072112,COc1ccc(C(C)(c2ccccc2)c2ccc(Oc3ccc(C(=O)C(=O)c4ccc(C)cc4)cc3)cc2)cc1,,0.38132966,,,
1786149230,CCCCCC[Si](C)(C)c1ccccc1,,0.38579865,,,
1786272690,COc1ccc(NC(=O)c2ccc(C(c3ccc(C(=O)Nc4ccc(Oc5ccc(C6(c7ccc(C)cc7)C7CC8CC(C7)CC6C8)cc5)cc4)cc3)(C(F)(F)F)C(F)(F)F)cc2)cc1,,0.36728029,,,
1787334599,CCCOC(=O)CCCCC(=O)OCCOC(=O)c1ccc(C(=O)OC)cc1,,0.32710546,,,
1787342270,COc1cc(C(=O)c2ccccc2)c(Oc2ccc(C)cc2)cc1C(=O)c1ccccc1,,0.37661047,,,
1787772171,CCC(C)CCCCCCCCCCCCCC,,0.40318632,0.3409999999999999,0.795879987,11.75279889
1788116403,COc1ccc(-c2ccc(OC(=O)c3cc(OCCCCCC)c(C(C)=O)cc3OCCCCCC)cc2)cc1,,0.3630012,,,
1788310964,COc1cc(CCCCCC)cc(OC(=O)c2cccc(C(C)=O)c2)c1,,0.36594345,,,
1788326945,CCC(C)(C)C(=O)OCc1ccc(F)cc1F,,0.3435113,,,
1788446474,COC(=O)c1cccc(C(=O)Oc2ccc3c(c2)Oc2cc(C)ccc2C32OC(=O)c3ccccc32)c1,,0.35989808,,,
1788777860,CNc1cccc(CCc2ccc(NC(=O)c3ccc(C(C)=O)cc3)cc2)c1,,0.35224446,,,
1788955118,COc1ccc(C(c2ccc(Oc3c(F)c(F)c(COC(c4cccc(C(OCc5c(F)c(F)c(C)c(F)c5F)(C(F)(F)F)C(F)(F)F)c4)(C(F)(F)F)C(F)(F)F)c(F)c3F)cc2)(C(F)(F)F)C(F)(F)F)cc1,,0.34613414,,,
1789314864,CO[Si](C)(CCCOCCOCCOCCOCCOCCOCCOC)CCCOCCOCCOCCOCCOCCOCCOC,,0.36320309,,,
1789414981,CCCC1C(=O)N(CC)C(=O)C1C,,0.33175789,,,
1789644215,CNc1ccc([C@@H](CCCC)c2ccc(C3(c4ccc([C@H](CCCC)c5ccc(NC)cc5)cc4)CCC(CCCCC)CC3)cc2)cc1,,0.37086553,,,
1789925675,CCC(C)(C)C(=O)OCCCCCCCCCCCOc1ccc2cc(C(=O)Oc3ccccc3)ccc2c1,,0.35770288,,,
1790048084,CCCCCCCCCCCOCCCCCCOCCCCCCOC,,,0.36175,0.880404561,21.78044662
1790316910,CNc1ccc(Oc2ccccc2)cc1NC,,0.33227989,,,
1790362530,COC(=O)OCCOCCOCCOC(=O)OC1COC2C(C)COC12,,0.32153252,,,
1790709868,CNc1ccc([C@H](CC)c2ccc(CCc3ccc([C@@H](CC)c4ccc(NC)cc4)cc3)cc2)cc1,,0.36308628,,,
1791119608,CC(=O)N(C)CCCCCCCCCCCCCCCCCC,,,0.408,0.861970531,12.57201307
1791310539,Cc1ccc(OCCCCCCCCCCOc2ccc(N3C(=O)c4ccc(-c5ccc6c(c5)C(=O)N(C)C6=O)cc4C3=O)cc2)cc1,,0.35237938,,,
1791321384,CNc1ccc([C@]2(c3ccccc3C)C=C[C@](NC)(c3ccccc3)C=C2)cc1,,0.35212894,,,
1791454945,COc1c(-c2ccccc2)cc(C)cc1-c1cccc2ccccc12,,0.39947909,,,
1791486137,CCCCCCCOC(=O)CC(=O)OCCCCCCOc1ccc(-n2on2-c2ccc(OC)cc2)cc1,,0.35211181,,,
1791802492,CCCN(C)C(=O)c1c(F)c(F)cc(F)c1F,,0.34317631,,,
1792328384,CO[Si](C)(C)O[Si](C)(C)O[Si](C)(C)c1c(F)c(F)c(Cl)c(F)c1F,,0.40365353,,,
1792336093,CO[Si](C)(C)O[Si](C)(C)O[Si](C)(C)O[Si](C)(C)O[Si](C)(C)C#Cc1ccc(C#C[Si](C)(C)C)cc1,,0.46291081,,,
1792419504,CNC1CCC(NC)CC1,,0.335675645,,,
1792717166,CCCC1CC(C)C2C3CC(C)C(C3)C12,,0.38823486,,,
1792997917,COC(CC(C)=O)C(Cl)(Cl)Cl,,0.34337601,,,
1793024081,CCC(OC)C(C)(C(=O)OC)C(C)(C)C(=O)OC,,0.34091912,,,
1793643312,CCCOC(=O)CCC(=O)OCCOC(=O)c1ccc(C(=O)OC)cc1,,0.32181742,,,
1793714873,CO[Si](C)(CCC(F)(F)F)CCC(F)(F)CC[Si](C)(C)CCC(F)(F)F,,0.39640664,,,
1794681107,CC1C(C)C2CC1C(C(=O)OCc1ccccc1)C2C(=O)OCc1ccccc1,,0.34460081,,,
1794683515,CC(=O)c1ccc(Oc2ccc(C(C)(C)c3ccc(Oc4ccc(C(=O)c5ccc6c(c5)C(=O)N(c5ccc(Oc7ccc(N8C(=O)c9ccc(C)cc9C8=O)cc7)cc5)C6=O)cc4)cc3)cc2)cc1,,0.37594298,,,
1795125893,CCCCCCN1C(=O)c2ccc(C(=O)Oc3ccc(-c4ccc(OC(=O)c5ccc6c(c5)C(=O)N(C)C6=O)cc4)cc3)cc2C1=O,,0.34164586,,,
1795185770,CNc1ccc(-c2c(-c3ccccc3)c(-c3ccccc3)c(NC)c(-c3cccc4ccccc34)c2-c2cccc3ccccc23)cc1,,0.3785304,,,
1795208457,CCC/C=C(/C)C(C)C,,,0.21,,
1795274975,Cc1ccc(Oc2ccc(N3C(=O)c4ccc(Sc5ccc6c(c5)C(=O)N(C)C6=O)cc4C3=O)cc2)cc1,,0.37750321,,,
1795499344,Cc1ccc(-c2ccc(-c3cc(-c4ccccc4)c4cc(C5(c6ccc7nc(C)cc(-c8ccccc8)c7c6)c6ccccc6C(=O)c6ccccc65)ccc4n3)cc2)cc1,,0.42706611,,,
1795625722,CCC(C)c1ccc(C(=O)CCCCC)cc1,,0.38254246,,,
1795760270,CCC(C)CCC,,,0.2463333333333333,,12.33123131
1796091822,CC(=O)Nc1cccc(NC(=O)c2ccc3c(c2)C(=O)N(c2ccc(Oc4cccc5c(Oc6ccc(N7C(=O)c8ccc(C)cc8C7=O)cc6)cccc45)cc2)C3=O)c1,,0.35671803,,,
1796177259,Cc1ccc(C2(c3ccc(N4C(=O)c5ccc(-c6ccc7c(c6)C(=O)N(C)C7=O)cc5C4=O)cc3)c3ccccc3-c3ccccc32)cc1,,0.43011281,,,
1796439360,Cc1ccc(Oc2ccc(S(=O)(=O)c3ccc(Oc4ccc(N5C(=O)c6ccc(Oc7ccc(C(C)(C)c8ccc(Oc9ccc%10c(c9)C(=O)N(C)C%10=O)cc8)cc7)cc6C5=O)cc4)cc3)cc2)cc1,,0.36845813,,,
1796856353,CCC(C)(C)C(=O)OC(C)C(F)(F)F,,,0.1139999999999999,1.11386163,13.75326334
1796975944,CNc1ccc(NC(=O)c2cc(-c3ccc(C(=O)OCC)c(C(C)=O)c3)ccc2C(=O)OCC)cc1,,0.34355176,,,
1797111879,COc1c(C)cc(C2(c3cc(C)c(OC(=O)c4cccc(C(C)=O)c4)c(C)c3)CCC3CCCCC3C2)cc1C,,0.40660507,,,
1797127681,CCC(C)(C)C(=O)OCCCCCCN(C)c1ccc(N=Nc2ccc(S(C)(=O)=O)cc2)cc1,,0.37549174,,,
1797412842,CCCN(C)C(=O)CC12CC3CC(CC(C3)C1)C2,,0.35920026,,,
1797791168,CCCC(=O)NCc1cc(C)c(CNC(=O)CCOC)cc1C,,0.32886329,,,
1797950227,Cc1ccc(Oc2c(C)cc(C(c3cccnc3)c3cc(C)c(Oc4ccc(N5C(=O)CC(Nc6ccc(Cc7ccc(NC8CC(=O)N(C)C8=O)cc7)cc6)C5=O)cc4)c(C)c3)cc2C)cc1,,0.38103363,,,
1798703824,CC(=O)Nc1ccc(N2C(=O)CC(N3C(=O)c4ccc(C)cc4C3=O)C2=O)cc1,,0.34885907,,,
1798783963,Cc1ccc2c(c1)C(=O)N(c1ccc(S(=O)(=O)c3ccc(S(=O)(=O)c4ccc(N5C(=O)c6ccc(C(C)(C(F)(F)F)C(F)(F)F)cc6C5=O)cc4)cc3)cc1)C2=O,,0.37947284,,,
1798943055,CCC/C=C(/C)CCCCCCCCCC,,,,0.81139035,13.05800565
1799071483,CO[Si](C)(C)O[Si](C)(C)O[Si](C)(C)O[Si](C)(C)c1ccc(Oc2ccc([Si](C)(C)C)cc2)cc1,,0.41859746,,,
1799254140,COc1ccc(C2(c3ccc(OC(C)=O)cc3C)CC3CC2C2C4CCC(C4)C32)cc1C,,0.39110607,,,
1799502171,CC#CC(CCCCOC(=O)NCCCCCC)=C(C)CCCCOC(=O)NCCCCCC,5.219913288,,,,
1799759378,CCCCCCCS(=O)(=O)c1ccc(N=Nc2ccc(N(C)CCCCCC(=O)OC)cc2)cc1,,0.37402313,,,
1800029719,CNc1ccc2c(c1)C1(c3ccccc3-c3ccccc31)c1cc(NC)ccc1-2,,0.37700036,,,
1800644931,COc1c(C)cc(-c2cc(C)c(OC(=O)CCCCCC(C)=O)c(C)c2)cc1C,,0.36806189,,,
1801218015,CCCOCCOc1ccc(C(=O)OC(=O)c2ccc(OC)cc2)cc1,,0.33440308,,,
1801224003,CCCCC(C)CNC(=O)c1ccc(C(=O)NC)cc1,,0.33451946,,,
1801465428,COC(=O)c1cccc(OCCCCCCOc2cccc(C(=O)OC3COC4C(C)COC34)c2)c1,,0.34442932,,,
1801821900,CC=C(C#N)C(=O)OCCCCCCCCCCOC(=O)C(C#N)=Cc1ccc2c(c1)c1cc(C)ccc1n2CCCCCCC,,0.37650468,,,
1801990211,CNc1ccc(-c2ccc3c(c2)C(C)(C)C[C@@]3(C)c2ccc(NC)cc2)cc1,,0.36588438,,,
1802780820,Cc1ccc(C(c2ccc(N3C(=O)c4ccc(Oc5ccc6ccc(Oc7ccc8c(c7)C(=O)N(C)C8=O)cc6c5)cc4C3=O)cc2)(C(F)(F)F)C(F)(F)F)cc1,,0.37532506,,,
1802973320,CC=CC1CC(C)C2C(=O)N(CCCCC)C(=O)C12,,0.36388882,,,
1803088964,CNc1ccc2c(c1)-c1ccc(NC)cc1C21c2cc(N)ccc2-c2ccc(N)cc21,,0.38509104,,,
1804539920,Cc1ccc(Sc2cc3c(cc2Sc2ccc(N4C(=O)c5ccc(Oc6ccc7c(c6)C(=O)N(C)C7=O)cc5C4=O)cc2)C(=O)N(c2ccc(CC)cc2)C3=O)cc1,,0.38009761,,,
1804622774,COc1c(C)cc(C(C)(C)c2cc(C)c(ON3C(=O)c4ccc(Oc5ccc(C6(c7ccc(Oc8ccc9c(c8)C(=O)N(C)C9=O)cc7)CCC(C(C)(C)C)CC6)cc5)cc4C3=O)c(C)c2)cc1C,,0.38578028,,,
1804735174,Cc1cc(OC)c(C)cc1OC,63.90036252,,,,
1804758935,CCc1cc2cc(C(=O)Nc3cccc(NC(=O)c4cc5cc(C)c(OC(=O)COc6ccc7ccc(=O)oc7c6)cc5oc4=O)c3)c(=O)oc2cc1OC(=O)COc1ccc2ccc(=O)oc2c1,,0.32001904,,,
1804814245,CCC(C)CC(CC)CC,,,0.219,,
1804819295,CCC(C)(C)C(=O)Oc1ccc(C(=O)Oc2ccccc2)cc1,,0.34588936,,,
1804829075,CCCCCCCCN1C(=O)c2ccc(C(=O)Oc3ccc(-c4ccc(OC(=O)c5ccc6c(c5)C(=O)N(C)C6=O)cc4)cc3)cc2C1=O,,0.34124833,,,
1804836030,CC(=O)Nc1ccc(Oc2ccc(C3(c4ccc(Oc5ccc(NC(=O)c6ccc7c(c6)C(=O)N(c6ccc(Oc8ccc(C9(c%10ccc(Oc%11ccc(N%12C(=O)c%13ccc(C)cc%13C%12=O)cc%11)cc%10)NC(=O)c%10ccccc%109)cc8)cc6)C7=O)cc5)cc4)NC(=O)c4ccccc43)cc2)cc1,,0.37607232,,,
1805818890,CNc1ccc(C(=O)c2ccc(NC(=O)c3cccc(C(C)=O)c3)cc2)cc1,,0.34499015,,,
1805828893,C/C=C/c1cc(OCCCCCCCCCCCCCCCC)c(/C=C/c2ccc(C)cc2)cc1OCCCCCCCCCCCCCCCC,,,0.3329999999999999,0.88205721,15.92222857
1806252045,CCOc1ccc(C(=O)OC(=O)c2ccc(OC)cc2)cc1,,0.33358286,,,
1806255411,CCCCCCCCCOc1ccc(C=C2CCC(=Cc3ccc(OCCCCCCCCOP(=O)(OC)OC)c(OC)c3)C2=O)cc1OC,,0.36012749,,,
1806416444,CNc1ccc(-c2ccc(-c3ccc(NC)cc3)c(C(C)(C)C)c2)cc1,,0.36296603,,,
1806691588,CNc1cc(NC)c(/N=N/c2ccc(S(=O)(=O)O)cc2)c(N)c1C,,0.34174753,,,
1806857427,CCCc1ccc(CCNC(=O)CCCCCCCCCCCCCCC(=O)NC)cc1,65.25488595,,,,
1806961099,Cc1ccc(N(c2ccc(C#N)cc2)c2ccc(N3C(=O)c4ccc(Oc5ccc6c(c5)C(=O)N(C)C6=O)cc4C3=O)cc2)cc1,,0.41433043,,,
1807042238,CCCCCCC(=O)Oc1ccc(-c2ccc(OC(=O)CCCCCn3c(=O)c4cc5c(=O)n(C)c(=O)c5cc4c3=O)cc2)cc1,60.41501019,,,,
1807156052,CCCC[Si](C)(C[Si](C)(C)c1ccccc1)C[Si](C)(C)c1ccccc1,,0.37926161,,,
1807233855,CCCCCCCCCCCCOC(=O)c1cc(OCCCCCCCCCCOc2ccc(N=Nc3ccc(OC)cc3)cc2)cc(C(=O)OCCCCCCCCCCCOc2ccc(-c3ccc(OC)cc3)cc2)c1,,0.36806216,,,
1807732967,CCCCCCC(=O)Nc1ccc(Oc2ccc(NC(=O)CCCCCN3C(=O)c4ccc(C(=O)c5ccc6c(c5)C(=O)N(C)C6=O)cc4C3=O)cc2)cc1,,0.33700629,,,
1808141855,COc1ccc(CC(NC(=O)CCc2ccc(OC(=O)CCCCCCCCC(C)=O)cc2)C(=O)OC(C)CC)cc1,,0.35396317,,,
1808438148,CC(C)C(=O)OC(C)C,,0.38104788,,,
1808604040,COc1cccc(NC(=O)c2cccc(C(=O)Nc3ccc(C)cc3)c2)c1,,0.34287767,,,
1808750963,CN=P(N=P(N=S(C)(=O)NCCCC)(NCCCC)NCCCC)(NCCCC)NCCCC,,0.3991644,,,
1808991863,CCC(C)(Cl)C(=O)OCCCCCCOc1ccc(C(=O)Oc2ccc(OCCCC)cc2)cc1,,0.35349732,,,
1809093717,CCCP(Cl)(Cl)=Nc1ccc(N=P(C)(Cl)Cl)cc1,-27.34500252,,,,
1809334970,CCC(C)(C)C(=O)OCCCCC(F)(F)C(F)(F)C(F)(F)C(F)(F)F,,0.34226697,,,
1809372811,Cc1ccc2oc(-c3ccc(C(c4ccccc4)(c4ccc(-c5nc6cc(C(C)(c7ccccc7)C(F)(F)F)ccc6o5)cc4)C(F)(F)F)cc3)nc2c1,,0.43791406,,,
1809467126,C/C=C/c1ccc(Oc2ccc(-c3ccc(-c4ccc(-c5ccc(Oc6ccc(/C=C/c7ccc8c(c7)c7cc(C)ccc7n8CC(CC)CCCC)cc6)c(C(F)(F)F)c5)cc4)cc3)cc2C(F)(F)F)cc1,187.4626146,,,,
1809480718,CC(C)=C(C)[Si](C)(C)CC,157.1009863,,,,
1809618585,C/C=C/c1cc(OCCCCCCCCCCCC)c(C)cc1OC,,,0.251,0.902248035,20.35612021
1809672801,CCCCCCCCCCNC(=O)CCCCCCCCCCCC(=O)NC,,,0.348,,
1809695642,CCCN(CCN1C(=O)c2ccc(C(c3ccc4c(c3)C(=O)N(C)C4=O)(C(F)(F)F)C(F)(F)F)cc2C1=O)c1ccc(N=Nc2ccc(C3OCCO3)cc2)cc1,,0.35607146,,,
1809858457,CNc1cc(Cl)c(NC)cc1Cl,,0.34205564,,,
1809876113,CNC(CCC(=O)OCCCCCC)C(C)=O,,0.3561514,,,
1810490415,COc1ccc(CC(NC(=O)CCc2ccc(OC(=O)CCC(C)CC(C)=O)cc2)C(=O)OC)cc1,,0.33698176,,,
1810774375,CNc1ccc(-c2ccc(NC)c(-c3ccc(C(C)(C)C)cc3)c2-c2ccc(C(C)(C)C)cc2)cc1,,0.37953942,,,
1810979250,CC=Cc1cc(OC)c(C=Cc2ccc(C=C(Oc3ccccc3)c3ccc(C(=Cc4ccc(C)cc4)c4ccc(Oc5ccccc5)cc4)cc3)cc2)cc1OC,,0.37691892,,,
1811086141,CCC(F)(F)C(F)(F)C(F)(F)COC(=O)NCCCCCCNC(=O)OC,,0.32095446,,,
1811300122,COC(C)COC(=O)c1cccc(C(C)=O)c1,,0.34359034,,,
1811542913,COc1ccc(C(=O)c2ccc(C(=O)c3ccc(Oc4ccc(Cc5ccc(C)cc5)cc4)cc3)cc2)cc1,,0.3772016,,,
1812532838,CCCCCCOC(=O)OCCCCCN1C(=O)c2ccc(-c3ccc4c(c3)C(=O)N(C)C4=O)cc2C1=O,,0.33554608,,,
1812564153,CNc1ccc(CC(C)(C)c2ccc(N)c(C[C@@](C)(CC)c3ccc(NC)cc3)c2)cc1,,0.35226185,,,
1812700910,CCC(C)c1ccc(C(C)(O)CCCCC)cc1,,0.39339807,,,
1813031373,COC(COCC)COC(C)=O,,0.34611534,,,
1813310957,Cc1ccc(C(=O)c2ccc(N3C(=O)c4ccc(Oc5ccc(Oc6ccc7c(c6)C(=O)N(C)C7=O)cc5)cc4C3=O)cc2)cc1,,0.36363712,,,
1813912008,COC(COC(=O)c1c(F)c(F)c(-c2c(F)c(F)c(C(C)=O)c(F)c2F)c(F)c1F)COc1ccc(N=Nc2ccc(C#N)cc2)cc1,,0.35000272,,,
1813959998,Cc1ccc(Oc2ccc(-c3ccc(Oc4ccc(N5C(=O)CC(=O)N(C)C5=S)cc4)cc3)cc2)cc1,,0.37421708,,,
1814261052,CCCC(=O)NC,,0.28900346,,,
1814313694,COc1ccc(CC(NC(=O)CCc2ccc(OC(=O)COCC(C)=O)cc2)C(=O)OCCCC)cc1,,0.33911271,,,
1814513311,CCC(C)(C)C(=O)OCc1ccccc1,,0.34737998,0.1755,1.051885651,12.3992761
1814521184,CCC(C)(C)C(=O)OCCO[N+](=O)[O-],,0.49559463,,,
1814522046,COc1ccc(C(C)(C)c2ccc(OC(=O)c3ccc(C(C)=O)cc3)c(CCCC)c2)cc1CCCC,,0.39067771,,,
1814526307,Cc1ccc(Oc2ccc(N3C(=O)c4cccc(Oc5ccc(Oc6cccc7c6C(=O)N(C)C7=O)cc5)c4C3=O)cc2)cc1,,0.36618707,,,
1814705967,CCCCC1(C)CCN(C(=O)CCC(=O)N2CCC(C)(C)CC2)CC1,,0.34856982,,,
1814831585,CNc1cc(-c2ccccc2)c(-c2ccccc2)c(-c2ccccc2)c1NC,,0.36099506,,,
1814888987,CCCN(C)C(=O)c1cc(F)ccc1F,,0.34543558,,,
1815199784,COc1ccc(C2(c3ccc(OC(=O)CCC(C)=O)cc3)c3cc(OC)ccc3-c3ccc([N+](=O)[O-])cc32)cc1,,0.36261779,,,
1815220094,COc1ccc(S(=O)(=O)c2ccc(Oc3ccc(C(C)(C)c4ccc(C)cc4)cc3)cc2)c([N-][N+]#N)c1,196.3053138,,,,
1815368241,CNCCCNCCCCNCCCNC,,0.34373829,,,
1815372590,CNC1CCC(CCC2CCC(NC(=O)CCCCCCCCCCC(C)=O)CC2)CC1,,0.36845122,,,
1815391317,Cc1ccc(C2(c3ccc(-c4cc(-c5ccccc5)c5cc(-c6ccc7nc(C)cc(-c8ccccc8)c7c6)ccc5n4)cc3)c3ccccc3C(=O)c3ccccc32)cc1,,0.46820776,,,
1815514979,CNc1ccc(C2(c3cc(CC)c(NC)c(CC)c3)c3ccccc3-c3ccccc32)cc1C,,0.38779866,,,
1815907027,COP(=O)(Oc1ccccc1)Oc1ccc(C(C)(C)c2ccc(C)cc2)cc1,,0.35305401,,,
1816427508,CC(C#N)=Cc1cc(OCCCCCCCCCCCC)c(C=C(C#N)c2cc(OCCCCCCCCCCCC)c(C)cc2OC)cc1OC,,0.39567001,,,
1816536666,Cc1ccc(Oc2ccc(C(=O)c3ccc(Oc4ccc(C5(C)NC(=O)c6ccccc65)cc4)cc3)cc2)cc1,,0.37763456,,,
1816744100,Cc1ccc(Sc2cc3c(cc2Sc2ccc(N4C(=O)C5C6C=CC(C7C(=O)N(C)C(=O)C67)C5C4=O)cc2)C(=O)N(CCN(C)C)C3=O)cc1,,0.3795624,,,
1817213256,CNc1cccc(-c2cccc(-c3cccc(-c4cccc(-c5ccccc5)c4)c3)c2)c1NC,,0.34461865,,,
1817586753,CCCCCCCCCCNC(=O)c1ccc(C(=O)NC)cc1,,0.34919746,,,
1817646491,CCC(OOC)c1ccc(Br)cc1,,0.38242794,,,
1817835124,COC(F)(F)C(C)(F)F,,0.30466987,,,
1818051082,CNc1ccc(Cc2cc(Cc3ccc(NC)c(Cc4ccc(N)cc4)c3)ccc2N)cc1,,0.35357307,,,
1818615314,CCC1CCC(CNC(=O)CCCCC(=O)NC)CC1,,0.33681395,,,
1818810158,CCCCCCCCCOc1cccc(NC(=O)c2ccc(C(=O)Nc3cccc(OC)c3)cc2)c1,,0.34707685,,,
1819092687,COc1ccc(NC(=O)NCCCCCCNC(C)=O)cc1,122.4088725,,,,
1819263382,Cc1ccc(OC(=O)c2cc(C(=O)Oc3ccc(C4(C)OC(=O)c5ccccc54)cc3)cc(C(C)(C)C)c2)cc1,,0.37066817,,,
1819602456,CO[Si](C)(C)CCCC(=O)Oc1ccc(C=Nc2ccc(N=Cc3ccc(OC(=O)CCC[Si](C)(C)C)cc3)cc2)cc1,,0.38440001,,,
1820587217,COc1ccc(NC(=O)c2ccc3cc(C(=O)Nc4ccc(Oc5ccc(C6(c7ccc(C)cc7)CC7CCC6C7)cc5)cc4)ccc3c2)cc1,,0.37134443,,,
1820695762,Cc1cccc(OCCCCCCCCCCCCOc2cccc(N3C(=O)c4ccc(-c5ccc6c(c5)C(=O)N(C)C6=O)cc4C3=O)c2)c1,,0.35443636,,,
1820800881,CNc1ccc(C2(c3ccc(NC)c(C(C)C)c3)c3ccccc3-c3ccccc32)cc1C(C)C,,0.39538255,,,
1820965288,CCC(O)COc1ccc(S(=O)(=O)c2ccc(OC)cc2)cc1,,0.34218345,,,
1821594642,Cc1ccc(Oc2cccc(Oc3ccc(N4C(=O)c5ccc(Oc6ccc(C(C)(C)c7ccc(Oc8ccc9c(c8)C(=O)N(C)C9=O)cc7)cc6)cc5C4=O)cc3)c2)cc1,,0.36408469,,,
1821776890,COc1c(F)c(F)c(-c2c(F)c(F)c(Oc3ccc(Cc4ccc(C)c(C=O)c4)cc3C=O)c(F)c2F)c(F)c1F,,0.35996186,,,
1822483719,CCCCCCNC(=O)CCCCCCCCCCCC(=O)NC,,,0.3545,0.943380242,21.69094086
1822664278,CCC(C)c1ccc(O)c(OC)c1,,0.34066185,,1.031531368,14.62592281
1823153942,CC(=O)Nc1ccc(NC(=O)Nc2ccc(NC(=O)c3ccc4c(c3)C(=O)N(c3ccc(NC(=O)Nc5ccc(N6C(=O)c7ccc(C)cc7C6=O)cc5)cc3)C4=O)cc2)cc1,,0.33714284,,,
1823366229,COc1ccc(C(C)(CC)c2ccc(OC(=O)c3cccc(C(C)=O)c3)cc2)cc1,194.1629808,,,,
1823476334,CC(=O)c1ccc2c(c1)C(=O)N(c1cc(OCCCCCCCCCCCCCCCC)cc(N3C(=O)c4ccc(C)cc4C3=O)c1)C2=O,,0.37139047,,,
1823522189,CN=P(N=P(N=S(C)(=O)NCCCCCC)(NCCCCCC)NCCCCCC)(NCCCCCC)NCCCCCC,,0.40482375,,,
1823535687,CCCCCCCCOC(=O)c1ccc2cc(C(=O)OC)ccc2c1,,0.34954591,,,
1824329781,COc1ccc(-c2ccc(Oc3ccc(C(=O)c4ccc(C)cc4)cc3)cc2)cc1,,0.37378543,,,
1824700293,CCC(C)C(=O)OCCCCCCCCCCCCCCCCCC,,0.40921422,0.3795,0.864259855,13.46584828
1824932578,CNc1ccc(C(C)(CCc2ccccc2)c2ccc(NC)cc2)cc1,,0.35015139,,,
1825472814,CC(=O)Nc1ccc(Oc2ccccc2-c2ccccc2Oc2ccc(NC(=O)c3ccc4c(c3)C(=O)N(c3ccc(N5C(=O)c6ccc(C)cc6C5=O)cc3)C4=O)cc2)cc1,,0.36202552,,,
1826128756,CCC(C)OC(=O)CCCCCCCCCCCCCCCCC,,,0.305,0.856119988,12.48057398
1826423349,Cc1ccc(-c2ccc(-c3ccc(C(C)(CC)C(F)(F)F)cc3)cc2)cc1,,,0.236,0.989585625,22.38019563
1826581063,CNc1cccc(/C=C2\c3ccccc3-c3ccc(NC)cc32)c1,,0.352832805,,,
1826810455,CNc1cccc2c(C)c3c(NC)cccc3c(C)c12,,0.33227337,,,
1827057509,CCCCOCCCOC(=O)c1ccc(-c2ccc(C(=O)OC)cc2)cc1,,0.3420761,,,
1827233180,CCCCCCCNC(=O)CCCCCCCC1C(CCCCCCCC(=O)NC)C=CC(CCCCCC)C1CCCCCCCC,,0.38088319,,,
1827383703,CNc1ccc(C(c2ccc(NC(=O)c3ccc(-c4ccc(C(C)=O)c(C)c4)cc3C)cc2)(C(F)(F)F)C(F)(F)F)cc1,,0.36225344,,,
1827805083,CC(=O)Nc1ccc(Oc2ccc(NC(=O)c3ccc4c(c3)C(=O)N(c3ccc(Oc5cccc6c(N7C(=O)c8ccc(C)cc8C7=O)cccc56)cc3)C4=O)cc2)cc1,,0.35708671,,,
1828252932,CCc1ccccc1[Si](C)(c1ccccc1)c1ccccc1,,0.39224938,,,
1828453397,CC(=O)OCCN(CCOC(=O)c1ccc2c(c1)C(=O)N(c1ccc(N3C(=O)c4ccc(C)cc4C3=O)cc1)C2=O)c1ccc(N=Nc2ccc([N+](=O)[O-])cc2)cc1,145.3751112,,,,
1828496288,Cc1ccc(C(=O)NC(CC)COC(=O)c2ccc(N3C(=O)CC(SCCCCCSC4CC(=O)N(C)C4=O)C3=O)cc2)cc1,,0.34187681,,,
1828551601,COC1C(CO)OC(C)C(O)C1O,,0.29046872,,,
1828668618,CCCC(c1ccccc1)C(C)c1ccccc1,,0.40418065,,,
1828961126,COc1ccc(S(=O)(=O)c2ccc(Oc3ccc(C=C4CCCC(=Cc5ccc(Oc6ccc(S(=O)(=O)c7ccc(Oc8ccc(C(C)(C)c9ccc(C)cc9)cc8)cc7)cc6)cc5)C4=O)cc3)cc2)cc1,,0.37671926,,,
1828973221,Cc1cccc(P(=O)(c2ccccc2)c2cccc(N3C(=O)c4ccc(NC(=O)OCCOc5ccc(P(=O)(c6ccccc6)c6ccc(OCCOC(=O)Nc7ccc8c(c7)C(=O)N(C)C8=O)cc6)cc5)cc4C3=O)c2)c1,,0.35364817,,,
1828977072,CC(=O)c1ccc(N(C)CCCCC)cc1,,0.38487639,,,
1829411915,COc1ccc(C2(c3ccc(OC(C)=O)cc3)c3cc(OC)ccc3-c3ccc([N+](=O)[O-])cc32)cc1,,0.37589479,,,
1829654817,COc1ccc(C(=O)c2ccc(Oc3ccc(C(=O)c4ccc(Oc5cccc(Cc6cccc(C)c6)c5)cc4)cc3)cc2)cc1,,0.3678457,,,
1830100599,Cc1ccc(Oc2ccc(N3C(=O)C(Cl)=C(Oc4ccc(C(C)(C)c5ccc(OC6=C(Cl)C(=O)N(C)C6=O)cc5)cc4)C3=O)cc2)cc1,,0.36630147,,,
1830469159,CCCN(C)C(=O)c1c(F)ccc(F)c1F,,0.34269166,,,
1830893860,CCCCCCCCCCCCCCCNC(=O)CCCCCCCCCCC(=O)NC,,,0.346,0.906553684,23.16076788
1831743927,CC(=O)Nc1ccc(Oc2ccc(Oc3ccc(NC(=O)c4ccc5c(c4)C(=O)N(c4ccc(S(=O)(=O)c6ccc(N7C(=O)c8ccc(C)cc8C7=O)cc6)cc4)C5=O)cc3)cc2)cc1,,0.35854864,,,
1832371636,COc1ccc(OC(=O)c2ccc(-c3ccc(C(C)=O)cc3)cc2-c2ccccc2)cc1C(C)(C)c1ccccc1,,0.37013826,,,
1832963659,CNc1ccc(-c2ccc(NC)c(-c3ccccc3)c2-c2ccccc2)cc1,,0.36015628,,,
1832968600,CCC(C)(C)C(=O)OCCCCCCCCCCCCCCCC[n+]1ccc(N(C)C)cc1,,0.37909157,,,
1833216472,COc1ccc(Oc2ccc(C(=O)Nc3ccc(Oc4ccc(-c5ccc(Oc6ccc(NC(=O)c7ccc(C)cc7)cc6)cc5)cc4)cc3)cc2)cc1,165.0428244,,,,
1834039585,CCCCCN1C(=O)c2ccc(C(=O)Oc3ccc(-c4ccc(OC(=O)c5ccc6c(c5)C(=O)N(C)C6=O)cc4)cc3)cc2C1=O,,0.33870557,,,
1834169078,CC1C(C)C2CC1C(C(=O)OCC13CC4CC(CC(C4)C1)C3)C2C(=O)OCC12CC3CC(CC(C3)C1)C2,,0.37365813,,,
1834440826,CCCN(C)C(=O)c1ccc(F)c(F)c1,,0.34216811,,,
1834775911,CNc1ccc2c(c1)[C@@H]1c3ccccc3[C@H]2c2cc(NC)ccc21,,0.38083739,,,
1835012454,CCC(C)(CCCCCCCC)C(=O)OC,,0.38929213,,,
1835122928,CCCOCCOCCOCCOCCOCCOCCOCCOCCOCCOC(=O)c1ccc(-c2ccc(-c3ccc(C(=O)OC)cc3)cc2)cc1,,0.34589389,,,
1835485471,Cc1ccc(C(c2ccc(N3C(=O)c4cc(-c5ccc([Si](C)(C)C)cc5)c(-c5cc6c(cc5-c5ccc([Si](C)(C)C)cc5)C(=O)N(C)C6=O)cc4C3=O)cc2)(C(F)(F)F)C(F)(F)F)cc1,,0.43114374,,,
1835490672,COC(CC)C(C)=O,,0.35896412,,,
1835545898,CCCc1ccc(C)c2cccnc12,70.93028064,,,,
1835793920,CC(=O)Nc1ccc(Oc2ccccc2-c2ccccc2Oc2ccc(NC(=O)c3ccc4c(c3)C(=O)N(c3ccc(Oc5ccc(S(=O)(=O)c6ccc(Oc7ccc(N8C(=O)c9ccc(C)cc9C8=O)cc7)cc6)cc5)cc3)C4=O)cc2)cc1,,0.35981052,,,
1836092833,CCC(O)COc1c(C)cc(C(C)(C)c2cc(C)c(OCC(O)COc3ccc(S(=O)(=O)c4ccc(OC)cc4)cc3)c(C)c2)cc1C,,0.36142782,,,
1836401630,Cc1ccc(-c2ccc(-c3ccc4nc(Oc5cc(-c6ccccc6)c6cc(C)ccc6n5)cc(-c5ccccc5)c4c3)cc2)cc1,,0.39257783,,,
1836411379,Cc1cc(SCCCCCC)c(C)s1,,0.43728421,,,
1836445960,CNc1ccc(C2(c3ccc(NC)c(Cl)c3)c3ccccc3-c3ccccc32)cc1Cl,,0.37468924,,,
1837157915,COC(=O)c1cccc(OCCCCCCCCCCOc2cccc(C(=O)OC3COC4C(C)COC34)c2)c1,,0.34799982,,,
1837160865,COC(=O)CCCCCCCC(C)=O,-68.69432556,,,,
1837451686,CCc1ccc(C(C)(C)c2ccc(CN3C(=O)c4ccc(-c5ccc6c(c5)C(=O)N(C)C6=O)cc4C3=O)o2)o1,,0.35635169,,,
1837536238,CCC(C)(C)C(=O)OCc1ccc2c(c1)c1ccccc1n2CC,,0.3554716,,,
1837695049,CC(=O)N1C(=S)N(C(=O)c2ccc3c(c2)C(=O)N(c2ccc(Oc4ccc(N5C(=O)c6ccc(C)cc6C5=O)cc4)cc2)C3=O)C(C)=C(C(=O)OCC)C1c1ccccc1,,0.3735679,,,
1837695884,CNc1ccc(Cc2ccc(CC(CCCCCCC)Cc3ccc(Cc4ccc(NC)cc4)cc3)cc2)cc1,,0.35965572,,,
1837801743,COc1ccc(OC(=O)c2ccc(OC(=O)c3ccc(C(=O)Oc4ccc(C(C)=O)cc4)cc3)cc2)cc1C,81.15934241,,,,
1838148916,CNC(CCC(=O)OCCCCCCCCCCCC)C(C)=O,30.09586697,,,,
1838224579,CCCCC(O)CN(CCCC)c1ccc(C#Cc2ccc(S(C)(=O)=O)cc2)cc1,,0.38948294,,,
1838851947,CNC1=N[C@@H](O)NC(NC)=C1N,,0.2862332,,,
1839284190,COc1ccc(NC(=O)c2cccc(C(=O)Nc3ccc(OC4COC5C(C)COC45)cc3)c2)cc1,,0.34004989,,,
1839465675,CNc1ccc([C@]2(C)CC(C)(C)c3ccc(NC)cc32)cc1,,0.36097818,,,
1839521966,CCCOC(=O)NCCCCCCNC(=O)OCCOc1ccc(C2(c3ccc(OC)cc3)c3ccccc3-c3ccccc32)cc1,,0.34888968,,,
1840288311,C/C=C/c1ccc(C)c(-c2cc(OCCC(C)C)c(OCCC(C)C)cc2-c2ccc(OC)cc2)c1,,,0.308,0.925658948,17.48157569
1840821848,CCC(C)c1ccc(COCCC(F)(F)C(F)(F)C(F)(F)C(F)(F)C(F)(F)C(F)(F)F)cc1,,0.35405781,,,
1841717328,Cc1ccc(Cc2ccc(N3C(=O)C4CCC5C(=O)N(C)C(=O)C5C4C3=O)cc2)cc1,,0.37944453,,,
1841939316,CN[C@@H](C[C@@H](NC)[C@H](O)C[C@H](N)C(=O)O)C(=O)O,,0.28753507,,,
1841990330,CNC1=CC[C@](c2ccc(NC)cc2)(c2cccc3ccccc23)C=C1,,0.3503374,,,
1842093316,COc1ccc(C(C)(C)c2ccc(OC(=O)c3cccc(Oc4cccc(C(C)=O)c4)c3)cc2)cc1,,0.3604747,,,
1842577004,CC(=O)Nc1ccc(Oc2cccc(Oc3ccc(NC(=O)c4ccc5c(c4)C(=O)N(c4ccc(Oc6ccc(C7(c8ccc(Oc9ccc(N%10C(=O)c%11ccc(C)cc%11C%10=O)cc9)cc8)NC(=O)c8ccccc87)cc6)cc4)C5=O)cc3)c2)cc1,,0.36654721,,,
1842579493,CC(=O)c1ccc2c(c1)C(=O)N(c1ccc(OCC(C)(C)COc3ccc(N4C(=O)c5ccc(C)cc5C4=O)cc3)cc1)C2=O,,0.35788134,,,
1842592587,CO[Si](C)(CCCOCCOCCOCCOCCOCCOCCOCCOC)CCCOCCOCCOCCOCCOCCOCCOCCOC,,0.36679143,,,
1842699132,CNc1ccc(C(c2ccc(NC(=O)c3ccc4cc(C(C)=O)ccc4c3)cc2)(P2(=O)Oc3ccccc3-c3ccccc32)P2(=O)Oc3ccccc3-c3ccccc32)cc1,,0.36261641,,,
1843486758,CCC(C)OC(=O)C(F)(F)C(F)(F)F,,0.31968743,,,
1844365452,CCCNC(=O)c1cccc(C(=O)NCCOc2cccc3c(OC)cccc23)c1,,0.33080425,,,
1844848960,COc1ccc(Nc2ccc(N=Nc3ccc(Nc4ccc(C)cc4)cc3)cc2)cc1,,0.39236421,,,
1844857669,COc1ccc2c(c1)C(c1ccc(N(c3ccccc3)c3ccccc3)cc1)(c1ccc(N(c3ccccc3)c3ccccc3)cc1)c1cc(Oc3ccc(-c4c5ccccc5c(-c5ccc(C)cc5)c5ccc(CCC)cc45)cc3)ccc1-2,187.3941077,,,,
1845417873,Cc1cccc(P(C)(=O)c2cccc(N3C(=O)c4ccc(NC(=O)OCCOc5c(Br)cc(C(C)(C)c6cc(Br)c(OCCOC(=O)Nc7ccc8c(c7)C(=O)N(C)C8=O)c(Br)c6)cc5Br)cc4C3=O)c2)c1,,0.37581743,,,
1845492886,CCC(C)(C)C(=O)OCCCCCCN1CCN(c2ccc(N=Nc3ccc([N+](=O)[O-])cc3)cc2)CC1,,0.36331592,,,
1845526826,COC(c1ccccc1)C(C)(C)C(C)=O,65.42132156,,,,
1845530087,CCC(O)COc1ccc(S(=O)(=O)c2ccc(OCC(O)COc3cccc(OC)c3)cc2)cc1,,0.33700601,,,
1846095810,CCC(C)(C)C(=O)OCCCCCOc1ccc2cc(C(=O)Oc3ccccc3)ccc2c1,,0.34387832,,,
1846410609,COC(=O)c1ccc(SCCCCSc2ccc(C(C)=O)cc2)cc1,,0.36348377,,,
1846941939,COc1cccc(Oc2ccc(S(=O)(=O)c3ccc(C)cc3)cc2)c1,,0.3644213,,,
1847001719,CCC(OCCCC)C(C)(C(=O)OC)C(C)(C)C(=O)OC,,0.36338101,,,
1847105802,CCC(C)(CC(=O)Oc1ccccc1)C(=O)Oc1ccccc1,,0.34963263,0.154,1.099880838,11.69552442
1847970143,CCC(=O)NC(C)C(=O)OC,,0.30707299,,,
1848016305,Cc1ccc2oc(-c3ccc(C(c4ccc(-c5nc6cc(C(C)(C(F)(F)F)C(F)(F)F)ccc6o5)cc4)(C(F)(F)F)C(F)(F)F)cc3)nc2c1,,0.42121884,,,
1848203526,Cc1cc(C(=O)NCCCCCCCCCC)cc(N2C(=O)c3ccc(-c4ccc5c(c4)C(=O)N(C)C5=O)cc3C2=O)c1,,0.36805739,,,
1848234898,CCC(C)c1ccc(COCCCCCCOc2ccc(-c3ccc(OC)cc3)cc2)cc1,,,0.3,1.040782353,13.64379867
1848433590,CCCC[Si](C)(C)CCC[Si](C)(C)C,,0.41861838,,,
1848774287,CCCC=C(C)C(C)(C)C,,0.39811867,,,
1849021129,COc1ccc(C(c2ccc(Oc3ccc(C(=O)c4ccc(P(=O)(c5ccccc5)c5ccc(C(=O)c6ccc(C)cc6)cc5)cc4)cc3)cc2)(C(F)(F)F)C(F)(F)F)cc1,,0.38280626,,,
1849183324,CNc1ccc(C2(c3ccc(NC)cc3)c3ccccc3-c3c(CC)cccc32)cc1,,0.37018602,,,
1849374402,COc1cc(Br)cc(Br)c1C,,0.446758,,,
1849381724,CCC(C)OCCC,-17.16506937,,,,
1849606830,CCCCCCC(c1ccc(O)cc1)C(C)c1ccc(O)cc1C,,0.3564602,,,
1849651127,CCC=C(C)C(C)S(C)(=O)=O,,0.37393533,,,
1849868582,CCC(C)(CC)COC(=O)CCCCCCCCC(=O)OC,,0.35879786,,,
1850000817,COC(CCl)C(C)CCl,,0.38330248,,,
1850128396,CCCCCCOc1ccc(CCc2ccc(OC)cc2C)cc1,,0.37161152,,,
1851184285,COC(=O)CNC(=O)CNC(=O)CCCCCCCCC(=O)NCC(=O)NCC(=O)OC1COC2C(C)COC12,,0.31199652,,,
1851228821,Cc1ccc(-c2ccc3c(c2)C(CCCCCCCC)(CCCCCCCC)c2cc(C)ccc2-3)c(F)c1,,0.41077909,,,
1851430426,Cc1cccc(C(=O)Nc2ccc(Oc3ccc(C(C)(C)c4ccc(Oc5ccc(NC(=O)c6cccc(N7C(=O)c8ccc(-c9ccc%10c(c9)C(=O)N(C)C%10=O)cc8C7=O)c6)cc5)cc4)cc3)cc2)c1,,0.36210831,,,
1851457758,CCCC(C)(C)CC(C)CNC(=O)c1ccc(C(=O)NC)cc1,,0.33983259,,,
1851478305,CNc1ccc(NC(=O)c2ccc(NC(=O)c3cc(NC(=O)C45CC6CC(CC(C6)C4)C5)cc(C(C)=O)c3)cc2)cc1,,0.35065916,,,
1851842760,CCC(OCC)C(C(=O)OC)C(C)C(=O)OC,,0.35037859,,,
1852114421,CCCN(C)C(=O)CCCCCC,,0.37545125,,,
1852303181,CC=Cc1cc(OCCCCCCCCCCCC)c(C)cc1OC,,0.38572378,,,
1852392195,CC[Si](C)(C)c1ccccc1,,0.3722926,,,
1852502200,CCCN(CCN1C(=O)c2ccc(C(c3ccc4c(c3)C(=O)N(C)C4=O)(C(F)(F)F)C(F)(F)F)cc2C1=O)c1ccc(N=Nc2ccc([N+](=O)[O-])cc2)cc1,,0.36663762,,,
1852654693,CCCCCCOc1ccc(OCCCCCc2nnc(-c3ccc(-c4nnc(C)o4)cc3)o2)c(C)c1,,0.36383465,,,
1852734307,CNc1cc(NC)c(OC(=O)[C@H]2CC[C@@H](C(=O)Oc3cc(N)c(N)c(C)c3N)CC2)c(C)c1N,,0.33922468,,,
1853131327,CNc1ccc(Cc2ccc(Cc3ccc(Cc4ccc(NC)cc4)c(CC)c3)cc2CC)cc1,,0.35948061,,,
1853159363,CCc1ccc(CNC(=O)CCCCCCCCCCC(=O)NC)cc1,,0.34867284,,,
1853589021,CNc1ccc2c(c1)[C@@]1(C)c3ccc(N)cc3[C@]2(C)c2cc(NC)ccc21,,0.3829945,,,
1853676235,CC(F)(F)C(C)(OC(F)(F)F)OC(F)(F)F,,0.30939912,,,
1854475288,CNc1ccc(C(CCc2ccccc2)c2ccc(NC)cc2)cc1,,0.3465212,,,
1854554359,Cc1cc(C(c2ccc(OCc3cc(OCCN(C)c4ccc(C=CC5=CC(=C(C#N)C#N)CC(C)(C)C5)cc4)cc(OCCN(C)c4ccc(C=CC5=CC(=C(C#N)C#N)CC(C)(C)C5)cc4)c3)c(N3C(=O)c4ccc(Oc5ccc6c(c5)C(=O)N(C)C6=O)cc4C3=O)c2)(C(F)(F)F)C(F)(F)F)ccc1OCc1cc(OCCN(C)c2ccc(C=CC3=CC(=C(C#N)C#N)CC(C)(C)C3)cc2)cc(OCCN(C)c2ccc(C=CC3=CC(=C(C#N)C#N)CC(C)(C)C3)cc2)c1,,0.37745339,,,
1854822078,CCC(C)C(=O)Nc1ccc(C(=O)C=Cc2cccc(Br)c2)cc1,,0.36040488,,,
1854968322,Cc1ccc(Oc2ccc(S(=O)(=O)c3ccc(Oc4ccc(-c5c6c(c(C)c7ccccc57)C(=O)N(c5cccc(C(F)(F)F)c5)C6=O)cc4)cc3)cc2)cc1,,0.38089404,,,
1855068918,CNc1ccc2cc3ccccc3c(NC)c2c1,,0.33879068,,,
1855109187,COC(C)C#CC#CC(C)OC(=O)c1ccc(C(C)=O)cc1,,0.39611075,,,
1855247636,COc1cccc(N(c2ccccc2)c2ccc(-c3ccc(N(c4ccccc4)c4cccc(OC(=O)OCCOCCOC(C)=O)c4)cc3)cc2)c1,,0.37532958,,,
1855385483,Cc1ccc2c(c1)C(=O)N(c1ccc(Oc3ccc(N4C(=O)c5ccc(C(C)O[Si](C)(C)O[Si](C)(C)O[Si](C)(C)C)cc5C4=O)cc3)cc1)C2=O,,0.40224563,,,
1855457163,CNc1ccc(-c2ccc(C(=C(c3ccccc3)c3ccccc3)c3ccc(-c4ccc(NC)cc4)cc3)cc2)cc1,,0.37596721,,,
1856131378,CNS(N)(N)(NC)(c1ccccc1)c1ccccc1,,0.3467735,,,
1856962369,CC(=O)c1ccc2c(c1)C(=O)N(c1ccc(C(=O)Nc3cccc(N4C(=O)c5ccc(C)cc5C4=O)c3)cc1)C2=O,,0.35645832,,,
1857016044,Cc1c(C)cc(Cc2cc(C)c(N3C(=O)c4ccc(Oc5c(C)cc(-c6cc(C)c(Oc7ccc8c(c7)C(=O)N(C)C8=O)c(C)c6)cc5C)cc4C3=O)c(C)c2)cc1C,,0.41449337,,,
1857030958,Cc1ccc(C(C)(C)c2ccc(N3C(=O)c4ccc(Oc5ccc6ccc(Oc7ccc8c(c7)C(=O)N(C)C8=O)cc6c5)cc4C3=O)cc2)cc1,,0.37497844,,,
1857184942,CNc1cc2c(cc1NC)C1c3cc(N)c(N)cc3C2c2cc(N)c(N)cc21,,0.372622,,,
1857351068,Cc1ccc(Oc2ccc(Sc3ccc(Oc4ccc(-c5cccc(C)n5)cc4C(F)(F)F)cc3)cc2)c(C(F)(F)F)c1,,0.39151592,,,
1857599978,Cc1ccc2oc(-c3cccc(-c4nc5cc(C(C)(c6ccccc6)C(F)(F)F)ccc5o4)c3)nc2c1,,0.43815792,,,
1858324553,CNc1ccc2c(c1)C(CCCCCCCC)(CCCCCCCC)c1cc(NC)ccc1-2,,0.366300765,,,
1859484070,CCCCCCCOC(=O)CCCCCNC(=O)CCCCC(=O)NCCCCCC(=O)OC,,0.34745359,,,
1860210048,CC(=O)c1ccc2c(c1)C(=O)N(c1cccc(C(=O)c3ccc(Cc4ccc(C(=O)c5cccc(N6C(=O)c7ccc(C)cc7C6=O)c5)cc4)cc3)c1)C2=O,,0.36437785,,,
1860317687,CNc1ccc(NC(=O)CCCCCCCCC(C)=O)cc1,,0.34362682,,,
1860476282,COc1ccc(Oc2ccc(C=Nc3ccc(N=Cc4ccc(C)cc4)cc3)cc2)cc1,,0.37280796,,,
1860497514,CNc1ccc(-c2c(-c3ccc(-c4ccccc4)cc3)c(-c3ccc(-c4ccccc4)cc3)c(NC)c(-c3ccc(-c4ccccc4)cc3)c2-c2ccc(-c3ccccc3)cc2)cc1,,0.36269909,,,
1860569431,CCC(C)c1cccc(-c2ccc(-c3ccccc3)cc2)c1,,,0.1956666666666666,,
1860871285,Cc1ccc(Oc2ccc(S(=O)(=O)c3ccc(C)cc3)cc2)c(N2C(=O)c3ccc(-c4ccc5c(c4)C(=O)N(C)C5=O)cc3C2=O)c1,,0.38583152,,,
1861224717,CCCCCCCOC(=O)OCCCCCCCCOC(=O)OCCCCCCOc1ccc(Oc2ccc(OC)cc2)cc1,,0.35889601,,,
1861437880,COc1ccc(S(=O)(=O)c2ccc(Oc3c(C)cc(C(C)(C)c4cc(C)c(C)c(C)c4)cc3C)cc2)cc1,,0.39688711,,1.014775026,13.70570836
1861488768,COc1ccc(CC(NC(=O)CCc2ccc(OC(=O)COCCOCC(C)=O)cc2)C(=O)OC(C)CC)cc1,,0.3394136,,,
1861741928,Cc1c(-c2ccccc2)c(-c2ccccc2)c(C)c2cc(C3(c4ccc(C#Cc5ccccc5)c(C#Cc5ccccc5)c4)c4ccccc4-c4ccccc43)ccc12,,,,0.900037683,11.54976157
1861909022,CC(=O)OCC(C)(C)CSCC(C)(C)COC(=O)C1(C)CNC(C)(C)CN1,,0.36496974,,,
1862037558,CCC(C)C(=O)N(C)c1ccccc1,,,0.1775,1.036978669,11.67331343
1862323787,CCCCCCCCCOC(=O)c1ccc(C(=O)OC)cc1,,0.35607597,,,
1862970059,CNc1ccc(-c2ccc(NC(=O)c3ccc(C(C)=O)cc3)cc2)cc1,,0.34911211,,,
1863175243,CCCCNC(=O)C(OC)C(OC)C(=O)NC,,0.31506853,,,
1863577619,COc1cccc(NC(=O)c2cc(C(=O)Nc3ccc(C)cc3)cc(C(F)(F)C(F)(F)C(F)(F)C(F)(F)C(F)(F)C(F)(F)C(F)(F)C(F)(F)F)c2)c1,,0.33721798,,,
1863578660,CCCOCCOC(=O)C(CCCCC)C(=O)OC,,0.35852428,,,
1863583230,CCC(C)(C)C(=O)OC(F)(C(F)(F)F)C(F)(F)Cl,,,0.069,1.322806827,14.48982121
1863818535,CCCN(CCOC(=O)c1ccc(C(=O)OC)c(OCCC)c1)c1ccc(C=C(C#N)C#N)cc1,,0.35424563,,,
1863923314,CCC(O)COc1ccc(C(C)(C)c2ccc(OCC(O)COc3ccccc3C(=O)Nc3ccc(OC)cc3)cc2)cc1,,0.34086664,,,
1864041202,CC1C(=O)N(c2ccccc2C(=O)OCCCC)C(=O)C1C,,0.37158832,,,
1864197716,COc1c(C)cc(C(C)(C)c2cc(C)c(OC(=O)c3ccc(C(C)=O)cc3)c(C)c2)cc1C,,0.39431974,,,
1864288375,CNc1ccc(Br)cc1-c1ccc(NC(=O)c2cccc(C(C)=O)c2)cc1,,0.36146384,,,
1864402555,COc1ccc(Oc2ccc(NC(=O)c3ccc(-c4ccc(C(=O)Nc5ccc(C)cc5)c(C)c4)cc3C)cc2)cc1,,0.35817189,,,
1864430039,CCc1cc(C)c(CNC(=O)CCCCCCC(=O)NC)cc1C,,0.34359188,,,
1864529364,CC[Si](C)(CCC)CCC,,0.40187734,,,
1864581969,CCC(C)C(=O)N(C)C,,0.34373514,0.2125,0.999160184,14.4722603
1864702589,CCCN(CCOC(=O)NCCCCCCNC(=O)OC)c1ccccc1,,0.34103383,,,
1864783652,Cc1ccc(Oc2ccc(C(=O)c3ccc(Oc4ccc(C(=O)c5ccc(Oc6ccc(-c7cc(C)n(-c8ccccc8)n7)cc6)cc5)cc4)cc3)cc2)cc1,,0.3855566,,,
1864971169,Cc1ccc(Oc2ccc(C(=O)c3ccc(Oc4ccc(-c5cc(C)[nH]n5)cc4)cc3)cc2)cc1,,0.3828364,,,
1865123528,COc1ccc(C(C)(C)c2ccc(OC(=O)c3ccc(C(C)=O)cc3)c(C(C)CC)c2)cc1C(C)CC,,0.39963061,,,
1865362645,CCCCCCCCCCCOC(=O)CCCCS(=O)(=O)CCCCC(=O)OC,37.87494117,,0.278,,
1865534172,COc1ccc(OC(=O)c2ccc(C(C)=O)cc2Oc2ccc(C3CCCCC3)cc2)cc1,,0.36193603,,,
1865789709,CCOc1ccc(C(C)(C)c2ccc(Oc3ccc(C)n3-c3ccc(C#N)cc3)cc2)cc1,,0.3718604,,,
1865790148,Cc1c(C)cc(C)c(N2C(=O)c3cccc(Oc4c(C)cc(-c5cc(C)c(Oc6cccc7c6C(=O)N(C)C7=O)c(C)c5)cc4C)c3C2=O)c1C,,0.39910552,,,
1865960070,CCC(C[Si](C)(C)C)c1ccccc1,,0.38874361,,,
1866518598,COc1ccc(CC(NC(=O)CCc2ccc(OC(C)=O)cc2)C(=O)OCCCC)cc1,,0.34652373,,,
1866896884,CCC(C)(CC(=O)OCCOCCOCCOC)C(=O)OCCOCCOCCOC,,0.33995573,,,
1867066449,CCCOC(=O)c1ccc2ccc(C(=O)OC)cc2c1,,0.33503651,,,
1867844121,CNc1ccc(C2(c3ccc(NC)cc3)CCC(Cc3ccccc3)CC2)cc1,,0.35467906,,,
1867867984,Cc1c(C)cc(C)c(N2C(=O)c3cccc(Oc4ccc(C(C)(C)c5ccc(Oc6cccc7c6C(=O)N(C)C7=O)cc5)cc4)c3C2=O)c1C,,0.38678504,,,
1868095680,CCC(C)(C)C(=O)OCCCCc1ccc(N=Nc2ccc(OC(F)(F)F)cc2)cc1,,0.35542759,,,
1868650247,COc1ccccc1C(=O)Oc1ccc(OC(=O)c2ccccc2Oc2nc(C)nc(N(CC)c3ccccc3)n2)cc1,146.7365026,,,,
1868729394,Cc1ccc(NC(=O)CCCCCCCCC(=O)Nc2ccc(S(C)(=O)=O)cc2)cc1,,0.348619,,,
1869058141,CCC(O)COc1c(Cl)cc(C(C)(C)c2cc(Cl)c(OCC(O)COc3ccc(C(C)(C)c4ccc(OC)cc4)cc3)c(Cl)c2)cc1Cl,,0.36154236,,,
1869058674,CNc1ccc(C(C)(Cc2ccccc2)c2ccc(NC)cc2)cc1,,0.35508856,,,
1869415100,CCCCCCCOc1ccc(C(=O)Nc2ccc(-c3ccc(NC(=O)c4ccc(OC)cc4)c(Cl)c3)cc2Cl)cc1,133.9866306,,,,
1869493071,Cc1ccc(Oc2ccc(-c3c4ccccc4c(-c4ccc(Oc5ccc(-c6c7c(c(C)c8ccccc68)C(=O)N(c6ccccc6)C7=O)cc5)c(C(F)(F)F)c4)c4ccccc34)cc2C(F)(F)F)cc1,,0.3887442,,,
1869593647,CC(=O)c1ccc(N(C)C)cc1,,0.37772289,,,
1869660806,CNc1cc(C)c(Cc2ccc(CCCCCc3ccc(Cc4c(C)cc(NC)cc4C)cc3)cc2)c(C)c1,,0.36173822,,,
1870206037,CNc1c(S(=O)(=O)O)cc2cc(S(=O)(=O)O)c(N)c(O)c2c1NC,,0.32302544,,,
1870504474,CNc1ccc(C(C)(C)C(C)(C)c2ccc(NC)cc2)cc1,,0.35566412,,,
1870599069,CCC(C)C(=O)OC1CC2CCC1(C)C2(C)C,,0.38692751,,,
1870681436,CNc1ccc2cc(C(C)(C)C)ccc2c1-c1c(NC)ccc2cc(C(C)(C)C)ccc12,,0.38263341,,,
1870773223,CC(=O)c1ccc2c(c1)C(=O)N(c1cc(N3C(=O)c4ccc(C)cc4C3=O)c(C)cc1C)C2=O,,0.39477416,,,
1870860682,CCC(C)OC(=O)CCCCCCCCCCCCCCC,,,0.319,0.858717726,12.0896889
1871148344,CC(C)=C(C)SCCCCCC,,0.41450621,,,
1871161866,Cc1ccc(Oc2ccc(-c3ccc(Oc4ccc(N5C(=O)c6ccc(Oc7ccc(Oc8ccc9c(c8)C(=O)N(C)C9=O)cc7)cc6C5=O)cc4)cc3)cc2)cc1,,0.36844586,,,
1871349402,COc1ccc(S(=O)(=O)c2ccc(Oc3ccc(C=NN=Cc4ccc(C)cc4)cc3)cc2)cc1,,0.37217659,,,
1871484696,COc1ccc(C2(c3ccc(Oc4ccc(C(=O)c5ccccc5)c(-c5cc(C)ccc5C(=O)c5ccccc5)c4)cc3)c3ccccc3-c3ccccc32)cc1,,0.39595329,,,
1871505743,CC(=O)OCCN(CCOC(=O)c1ccc2c(c1)C(=O)N(c1ccc(N=Nc3ccc(C(C#N)=C(C#N)C#N)cc3)c(N3C(=O)c4ccc(C)cc4C3=O)c1)C2=O)c1ccc(C(C#N)=C(C#N)C#N)cc1,,0.36727055,,,
1871588823,Cc1ccc(Oc2ccc(N3C(=O)c4ccc(Oc5ccc(C(c6ccc(Oc7ccc8c(c7)C(=O)N(C)C8=O)cc6)(C(F)(F)F)C(F)(F)F)cc5)cc4C3=O)cc2)cc1,,0.37110373,,,
1871708716,CCC(C)C(=O)Oc1ccc(C(=O)c2ccc(Cl)cc2)cc1,,0.35501942,,,
1872303483,CC([2H])([2H])C(C)([2H])C([2H])=C([2H])[2H],,0.39062915,,,
1872457449,COc1cccc(NC(=O)c2cc(C(=O)Nc3ccc(C)cc3)cc(C(F)(F)C(F)(F)C(F)(F)C(F)(F)F)c2)c1,,0.34349195,,,
1872607825,Cc1ccc(OC(=O)c2ccc([Si](C)(C)c3ccc(C(=O)Oc4ccc(C5(C)c6ccccc6C(=O)N5c5ccccc5)cc4)cc3)cc2)cc1,,0.39364264,,,
1872649544,CCC(COC(=O)CCCCCN1C(=O)C2C3C=CC(C3)C2C1=O)OC,,0.33852716,,,
1872652115,CNc1ccc(C2(c3ccc(NC)cc3)C[C@H](C)CC(C)(C)C2)cc1,,0.36369292,,,
1873242473,CCC(C)(C)C(=O)OCCCCCCOc1ccc(C(=O)Oc2ccc(N=Nc3ccc(F)cc3)c3ccccc23)cc1,,0.35605621,,,
1873390978,CCC(OCC)C1(C)C(=O)OC(=O)C1(C)C,,0.32300959,,,
1873610912,Cc1ccc2c(c1)C(=O)N(c1ccc(S(=O)(=O)c3ccc(S(=O)(=O)c4ccc(S(=O)(=O)c5ccc(N6C(=O)c7ccc(C(C)(C(F)(F)F)C(F)(F)F)cc7C6=O)cc5)cc4)cc3)cc1)C2=O,,0.37485249,,,
1873714666,CNc1ccc2ccc3cccc4cc(NC)c1c2c34,,0.33162046,,,
1873866400,CCCN1C(=O)C(=CC=C2SC(=S)N(C)C2=O)SC1=S,164.0140939,,,,
1874165813,CNc1ccc(C2(c3ccc(NC)cc3)c3ccccc3-c3c(C)cccc32)cc1,,0.36740099,,,
1874299815,CNc1ccc(-c2cc(-c3ccccc3)c(NC)c(N)c2-c2ccccc2)cc1N,,0.35451477,,,
1874313702,CCCCC(C)(C)CNC(=O)C(=O)NC,,0.3260029,,,
1876018160,Cc1ccc(Oc2ccc(C(C)(C)c3ccc(Oc4ccc(-c5nnc(C)n5-c5ccccc5)cc4)cc3)cc2)cc1,,0.38502718,,,
1876711098,COc1ccc(Oc2ccc(Oc3ccc(C(=O)c4ccc(C)cc4)cc3)cc2)cc1,,0.37206623,,,
1876833893,CCC(C)c1ccc(CCCCCCCCCCCCCC)cc1,,0.40253381,0.3399999999999999,0.848186437,12.56559059
1877102749,CCC(F)(F)C(F)(F)C(F)(F)C(F)(F)COC(=O)NCC(F)(F)C(F)(F)C(F)(F)C(F)(F)CNC(=O)OC,,0.30099588,,,
1877161213,CCc1cc(C)c(O)cc1C,12.40187977,,,,
1877302307,CCC(C)(C)COC(=O)NC(=O)c1ccc(C(=O)NC(=O)OC)cc1,,0.31265064,,,
1877327739,CCC(C)(C)C(=O)OCCCCCCCC,,,0.2415,0.891484349,11.61104884
1877647340,CCCCCCCCCCNC(=O)NC,,0.35715169,,,
1877844504,CNc1ccc2c(-c3c(C)c(N)c(C)c(NC)c3C)c(N)ccc2c1,,0.36932958,,,
1877921112,CCC(C)(CC(=O)OCCCCl)C(=O)OCCCCl,,0.3535211,,,
1877965717,COc1ccc(S(=O)(=O)c2ccc(Oc3ccc(C(c4ccc(C)cc4)(C(F)(F)F)C(F)(F)F)cc3)cc2)cc1,,0.37375522,,,
1878179811,COc1ccc(CC(C)=O)cc1,,0.3454687,,,
1878617864,Cc1cccc(-c2nc3ccc(-c4ccc5nc(C)sc5c4)cc3s2)c1,,0.46119303,,,
1878660713,CC(=O)c1ccc2c(c1)C(=O)N(c1ccc(Oc3ccc(N4C(=O)c5ccc(C)cc5C4=O)cc3-c3cc(F)c(F)c(F)c3)c(-c3cc(F)c(F)c(F)c3)c1)C2=O,,0.38343995,,,
1878904563,CNCCCOCCOCCOCCCNC,,0.3255813199999999,,,
1879018576,CNC1=C(N)N[C@H](N)C(=O)[C@H](NC)N1,,0.29477936,,,
1879180798,CN[C@@]12CC(=C)[C@@](C)(NC)[C@@]1(N)Cc1cccc(O)c1C2,,0.33242571,,,
1879773381,COc1ccc(C=C2CCC(=Cc3ccc(OC(=O)c4ccc(N=Cc5ccc(C=Nc6ccc(C(C)=O)cc6)cc5)cc4)cc3)C2=O)cc1,,0.36680398,,,
1880766912,COc1ccc(CC(NC(=O)CCc2ccc(OC(=O)COCC(C)=O)cc2)C(=O)OCC(C)C)cc1,,0.33925962,,,
1881186822,CNc1ccc(C2(c3ccc(NC)cc3)c3ccc(C)cc3-c3ccc(C)cc32)cc1,,0.37924418,,,
1881349845,COc1ccc(C(C)(C)c2ccc(Oc3cncc(C)n3)cc2)cc1,,0.35753445,,,
1881434698,CNc1c2ccccc2c(-c2c3ccccc3c(NC)c3c(-c4ccc(C)cc4)c(-c4ccc(C)cc4)c(-c4ccc(C)cc4)c(-c4ccc(C)cc4)c23)c2ccccc12,,0.39299822,,,
1881628793,CCC(C)C(=O)Oc1ccccc1C(=O)OC,,0.33186429,,,
1881927203,CCCOC(=O)c1ccc(C(=O)OCCOc2ccc(C(C)(C)c3ccc(OC)cc3)cc2)cc1,,0.34444131,,,
1881954049,Cc1ccc2c(c1)-c1cc(-c3nc4cc(-c5ccc6[nH]c(C)nc6c5)ccc4[nH]3)ccc1S2(=O)=O,355.5073659,,,,
1882117628,COC1C(COC(=O)Nc2ccccc2)OC(C)C(OC(=O)Nc2ccccc2)C1OC(=O)Nc1ccccc1,,0.3414528,,,
1882780589,CCCN(C)C(=O)CCCC,,0.36217869,,,
1882791294,Cc1ccc(-c2cc(CCCCCCOC(=O)COc3ccccc3)c(C)s2)s1,,0.37333341,,,
1882863686,CC(=C([2H])C([2H])([2H])C(C)([2H])[2H])C([2H])([2H])[2H],,0.40600876,,,
1883003333,CCC(C)(C)c1ccc(C#N)cc1,,0.3935561,,,
1883635741,COc1ccc(-c2ccc(N=Nc3ccc(C(C)=O)cc3)cc2)cc1,,0.36731588,,,
1883833244,COc1ccc(C2(c3ccc(Oc4ccc(C(=O)c5cccc(-c6cccc(C(=O)c7ccc(C)cc7)c6)c5)cc4)cc3)c3ccccc3-c3ccccc32)cc1,,0.38241447,,,
1883909955,Cc1ccc(-c2cc(CCCCCCCC)c(-c3ccc(-c4ccc(-c5sc(-c6ccc([Si](C)(C)[Si](C)(C)C)s6)cc5CCCCCCCC)s4)s3)s2)s1,,0.44805866,,,
1884578116,CNCCC[C@@H](C)CNC,,0.32730151,,,
1885691849,CCC(C)OC(=O)c1cccc(OC)c1,,0.33959116,,,
1885797446,CCC(C)C(=O)OCC,,,0.2305,1.001646084,14.48303439
1885836114,CNc1ccc(Cc2ccc(NC(=O)c3cc(NC(=O)C(C(C)CC)N4C(=O)c5ccccc5C4=O)cc(C(C)=O)c3)cc2)cc1,,0.35394467,,,
1885883959,CNc1ccc(-c2cc(-c3ccccc3)c(NC)c(-c3ccccc3)c2-c2ccccc2)cc1,,0.36380664,,,
1886025191,Cc1ccc(-c2nc3ccc(S(=O)(=O)c4ccc5nc(C)c(-c6ccccc6)nc5c4)cc3nc2-c2ccccc2)cc1,,0.44809167,,,
1886122212,Cc1cccc(N2C(=O)c3c(c(-c4ccccc4)c(-c4ccc(-c5c(-c6ccccc6)c6c(c(-c7ccccc7)c5-c5ccccc5)C(=O)N(C)C6=O)cc4)c(-c4ccccc4)c3-c3ccccc3)C2=O)c1,,0.40285213,,,
1886386616,CCCCCCCNC(=O)CCCCC(=O)NCC(=O)NC,,0.32496558,,,
1887035673,COc1cc(C(C)(C)C)c(Oc2ccc(C(=O)Nc3c(C)cc(C(C)(C)c4cc(C)c(NC(=O)c5ccc(C)cc5)c(C)c4)cc3C)cc2)cc1C(C)(C)C,,0.39461572,,,
1887357028,CC=Cc1ccc(C)c(OCc2cc(OCCC(C)CCCC(C)C)cc(OCC(CC)CCCC)c2)c1,,0.38283188,,,
1887528434,CNc1ccccc1C1(c2ccccc2NC)CCCCC1,,0.3550744,,,
1887598982,CCC(C)C(=O)Nc1ccc(Cl)cc1,,0.35389835,,,
1887729559,COC(=O)C1CCC(C(=O)OC2COC3C(C)COC23)CC1,,0.3404303,,,
1887902393,CNc1cccc(NC(=O)c2ccc(C(=O)Nc3ccc(C(=O)NC(C)=S)cc3)cc2)c1,,0.33864713,,,
1887990999,CCC(COc1ccc(C(C)(C)c2ccc(OC)cc2)cc1)OC(=O)c1ccccc1Cl,,0.35506882,,,
1888278720,CCCC(=O)Nc1ccc(Oc2ccc(Oc3ccc(NC(=O)CCN4C(=O)c5ccc(C(=O)c6ccc7c(c6)C(=O)N(C)C7=O)cc5C4=O)cc3)cc2)cc1,,0.33989797,,,
1888293192,CNc1ccc(C(c2ccc(NC)cc2)c2ccc(C(C)(C)C)cc2)cc1,,0.36825917,,,
1888415409,Cc1cccc(N2C(=O)C(=O)N(c3ccc(Cc4ccc(N5C(=O)C(=O)N(C)C5=O)cc4)cc3)C2=O)n1,,0.36326196,,,
1888603184,COc1ccc(C(=O)c2ccc(NC(=O)c3cccc(C(=O)Nc4ccc(C(=O)c5ccc(C)cc5)cc4)c3)cc2)cc1,,0.35450759,,,
1888669156,CNc1ccc(-c2c3ccccc3c(-c3cccc(NC)c3)c3ccccc23)cc1,,0.36094997,,,
1888885498,CN=P(C)(OCC=Cc1ccccc1)OCC=Cc1ccccc1,,0.36094292,,,
1889214322,Cc1ccc2c(c1)C(CCCCCCCC)(CCCCCCCC)c1cc(-c3ccc4c(c3)C3(CC(C)(C)CC(C)(C)C3)c3cc(C)ccc3-4)ccc1-2,,0.41639141,,,
1889222328,CNc1cc(SCCC#N)c(NC(=O)c2ccc(C(C)=O)cc2)cc1SCCC#N,214.7483216,,,,
1889579812,COc1ccc(C(=O)O)c(C(=O)Nc2ccc(NC(=O)c3cc(C)ccc3C(=O)O)cc2)c1,,0.31304057,,,
1890198796,CCC(c1ccccc1)C1C(=O)N(CCCCNC(=O)C(F)(F)C(F)(F)C(F)(F)C(F)(F)C(F)(F)C(F)(F)C(F)(F)F)C(=O)C1C,,0.32992256,,,
1890222826,CCC(COc1ccc(C(C)(c2ccccc2)c2ccc(OC)cc2)cc1)OC(=O)c1ccccc1,,0.35693176,,,
1890528933,Cc1ccc2c(c1)C(=O)N(c1ccc(Oc3ccc(N4C(=O)c5ccc(C(C)(C(F)(F)F)C(F)(F)F)cc5C4=O)cc3Br)c(Br)c1)C2=O,,0.41164319,,,
1890730007,CC(=O)c1ccc2c(c1)C(=O)N(c1ccc(Oc3ccc(C(=O)c4ccc(Oc5ccc(N6C(=O)c7ccc(C)cc7C6=O)cc5)cc4)cc3)cc1)C2=O,,0.37306628,,,
1891219046,CNc1ccc(-c2cccc(-c3ccccc3NC)c2)cc1C1=CCCCC1,,0.35958468,,,
1891267124,CCCCCCCCC(=O)OC1COC(C)OC1,,0.35442774,,,
1891268046,CCCCCCCCCCCNC(=O)CCCCC(=O)NC,,0.35535197,,,
1891270134,CC(=O)Nc1ccc(C(c2ccc(NC(=O)c3ccc4c(c3)C(=O)N(c3c(C)cc(C)c(N5C(=O)c6ccc(C)cc6C5=O)c3C)C4=O)cc2)(C(F)(F)F)C(F)(F)F)cc1,,0.37180888,,,
1891991846,CC(=O)Nc1ccc(NC(=O)c2ccc3c(c2)C(=O)N(c2ccc(-c4sc(-c5ccc(N6C(=O)c7ccc(C)cc7C6=O)cc5)c(-c5ccccc5)c4-c4ccccc4)cc2)C3=O)cc1,,0.39311004,,,
1892436354,COP(=O)(Oc1ccc(Br)cc1)OC(CCl)COc1ccc(S(=O)(=O)c2ccc(OCC(C)CCl)cc2)cc1,,0.3602855,,,
1892438799,Cc1c(C)cc(-c2cc(C)c(N3C(=O)c4ccc(Oc5cc6ccccc6cc5Oc5ccc6c(c5)C(=O)N(C)C6=O)cc4C3=O)c(C)c2)cc1C,,0.38934069,,,
1892522189,CNc1ccc([C@]2(c3ccccc3)CC[C@H](NC)CC2)cc1,,0.34589131,,,
1892682102,CC(=O)Nc1ccc(Oc2ccccc2-c2ccccc2Oc2ccc(NC(=O)c3ccc4c(c3)C(=O)N(c3ccc(Oc5ccc(-c6ccc(Oc7ccc(N8C(=O)c9ccc(C)cc9C8=O)cc7)cc6)cc5)cc3)C4=O)cc2)cc1,,0.35822552,,,
1893126159,Cc1ccc(Oc2ccc(C(C)(C)c3ccccc3)cc2)c(N2C(=O)c3ccc(-c4ccc5c(c4)C(=O)N(C)C5=O)cc3C2=O)c1,,0.39256327,,,
1893396253,CCC(C)(C)C(=O)OCCCCCCCCCCCOc1ccc(C(=O)Oc2ccc(C#N)cc2)cc1,,0.3618429,,,
1893806393,Cc1ccc(Sc2ccc(Sc3ccc(Sc4ccc(N5C(=O)c6ccc(Oc7ccc8c(c7)C(=O)N(C)C8=O)cc6C5=O)cc4)cc3)cc2)cc1,,0.37860625,,,
1893896764,CCCCOC(=O)NCCCCCCNC(=O)OC,,0.33011168,,,
1894105114,Cc1ccc(Oc2ccc(C(C)(C)c3ccc(Oc4ccc(N5C(=O)c6ccc(Oc7ccccc7Oc7ccc8c(c7)C(=O)N(C)C8=O)cc6C5=O)cc4C(F)(F)F)cc3)cc2)c(C(F)(F)F)c1,,0.37120514,,,
1894241731,Cc1ccc(-c2ccc(-c3ccc4c(c3)C(=O)N(c3ccc(Oc5ccc(N6C(=O)c7ccc(C)cc7C6=O)cc5)cc3)C4=O)cc2)cc1,357.2965065,,,,
1894260096,CCCOC(=O)Nc1ccc(C)c(NC(=O)OCCOc2ccc(C3(c4ccc(OC)cc4)c4ccccc4-c4ccccc43)cc2)c1,,0.35870068,,,
1894298006,CCCCCOC(=O)OC,,0.33188575,,,
1894369854,CC(=O)c1ccc2c(c1)C(=O)N(c1ccccc1Cc1ccccc1N1C(=O)c3ccc(C)cc3C1=O)C2=O,,0.37730051,,,
1894651804,CCC/C=C\C[Si](C)(C)c1ccccc1,,0.37572557,,,
1894705136,CCC(C)(CC(=O)OCCCl)C(=O)OCCCl,,0.35304556,,,
1895063835,CCC(C)(C)C(=O)OCCCCCCOc1ccc(C(=O)Oc2ccc(OC)cc2)cc1,,0.34298576,,,
1895073862,CNN(NC)c1nc2nc(N)n(N)c2c(=O)n1N,,0.33967082,,,
1895904608,CCC(C)(C)C(=O)OCCCCC(F)(F)C(F)(F)C(F)(F)C(F)(F)C(F)(F)C(F)(F)F,,0.34149841,,,
1895946693,CNc1ccc(C2(c3ccc(NC)cc3)CCCCC2)cc1,,0.352691375,,,
1896402362,CNc1cccc(C2(c3cccc(NC)c3)c3cccc(N)c3-c3c(N)cccc32)c1,,0.36736588,,,
1896761463,CCC(C)(F)C(=O)OCC(Cl)(Cl)Cl,,0.36380773,,,
1896795195,CCC(C)(C)C(=O)OCc1ccc(Cl)c(Cl)c1,,0.35729851,,,
1896863943,CCC(C)C(=O)NCCCC,-84.72234668,,0.252,0.938352718,11.69729541
1897620577,CCC(CCCCCCOc1ccc(N=Nc2ccc(C#N)cc2)cc1)COC(=O)CCCCCCCCCCCCC(=O)OC,,0.37422275,,,
1897678696,CNc1ccc(-c2cc(-c3ccc(N)cc3C)cc(-c3ccc(NC)cc3C)c2)c(C)c1,,0.3665509,,,
1898005321,COc1ccc(OC(=O)c2cc(OCCCCCCCCCCOCC3CCCN3c3ccc([N+](=O)[O-])cc3)c(C(C)=O)cc2OCCCCCCCCCCOCC2CCCN2c2ccc([N+](=O)[O-])cc2)cc1,,0.35740991,,,
1898276477,CNc1c(C)c(C)c(NC)c(C)c1C,,0.358234115,,,
1898882612,Cc1ccc(Oc2ccc(C(c3ccc(Oc4ccc(-c5nnc(C)n5-c5ccc(S(=O)(=O)c6ccccc6)cc5)cc4)cc3)(C(F)(F)F)C(F)(F)F)cc2)cc1,,0.38778693,,,
1899186076,CCC(C)(C)C(=O)OCC#N,,0.34496113,,,
1899283335,CNc1ccc(C2(c3ccc(NC)cc3)CCC(c3ccccc3)CC2)cc1,,0.35979083,,,
1899317427,CNc1ccc(-c2ccc3c(c2)Cc2cc(-c4ccc(NC)cc4)ccc2-3)cc1,,0.35324332,,,
1899542074,CNc1ccc(Oc2ccc(Oc3ccc(NC)cc3)cc2)cc1,,0.34207479,,,
1899805345,Cc1ccc(S(=O)(=O)c2ccc(N3C(=O)c4ccc(Oc5ccc(Oc6ccc7c(c6)C(=O)N(C)C7=O)cc5)cc4C3=O)cc2)cc1,,0.37206613,,,
1899839615,CNc1ccc(-c2ccc(NC)c(O)c2)cc1O,,0.31809801,,,
1900067504,CCCCCOC(=O)c1ccc(NC=Nc2ccc(C(=O)OC)cc2)cc1,,0.35909112,,,
1900387245,COc1ccc(-c2ccc(-c3ccc(Oc4ccc(C(C)(C)c5ccc(C)cc5)cc4)c(C(F)(F)F)c3)cc2)cc1C(F)(F)F,,0.37983546,,,
1901476786,CC(=O)Nc1ccc(-c2ccc(NC(=O)c3ccc4c(c3)C(=O)N(c3ccc(Oc5cccc6c(N7C(=O)c8ccc(C)cc8C7=O)cccc56)cc3)C4=O)cc2)cc1,,0.36485895,,,
1901480658,CCCCCOC(=O)NCCCCCCNC(=O)OCCCCOc1ccc(N=Cc2ccc(C(=O)Oc3ccc(C=Nc4ccc(OC)cc4)cc3)cc2)cc1,-34.25655466,,,,
1901756978,CC(=O)Nc1ccc(-c2ccc(NC(=O)c3ccc4c(c3)C(=O)N(c3cccc(P(=O)(c5ccccc5)c5cccc(N6C(=O)c7ccc(C)cc7C6=O)c5)c3)C4=O)cc2)cc1,,0.36549109,,,
1901878899,CCCCCCCOC(=O)C(CCCCCCP(=O)(O)O)C(=O)OCCCCCCOc1ccc(-n2on2-c2ccc(OC)cc2)cc1,,0.35235981,,,
1902063591,CC(=O)OCCCCOC(=O)c1ccc(NC(=O)c2ccc(N3C(=O)c4ccc(C)cc4C3=O)cc2)cc1,,0.34037941,,,
1902122155,COc1ccc(S(=O)(=O)c2ccc3ccc(S(=O)(=O)c4ccc(C)cc4)cc3c2)cc1,,0.36906396,,,
1902160651,CNc1ccc(/C=C/c2cccc3c(/C=C/c4ccc(NC)cc4)cccc23)cc1,,0.353423605,,,
1903144609,CC(=O)c1ccc2c(c1)C(=O)N(c1cccc(C(c3cccc(N4C(=O)c5ccc(C)cc5C4=O)c3)(C(F)(F)F)C(F)(F)F)c1)C2=O,,0.37194181,,,
1903600886,CNc1ccc2cccc3c2c1C(CC)=C(CC)[C@@H]3NC,,0.35278804,,,
1903713432,CCC(C)C(C)COC(=O)c1ccc(C(=O)OC)cc1,,0.34746292,,,
1904729380,CNc1ccc2c(C)c3c(C)c(C)c(NC)c(C)c3cc2c1,,0.3506461,,,
1905028152,CNc1ccc(Cc2ccc(-c3ccccc3Cc3ccc(NC)cc3)cc2)cc1,,0.35309577,,,
1905216047,COc1ccc(Oc2ccc(NC(=O)c3ccc(C(=O)Nc4ccc(C)cc4)cc3)cc2)cc1,203.5999878,,,,
1905277968,CC(=O)Nc1ccc(Oc2ccccc2-c2ccccc2Oc2ccc(NC(=O)c3ccc4c(c3)C(=O)N(c3ccc(Cc5ccc(N6C(=O)c7ccc(C)cc7C6=O)cc5)cc3)C4=O)cc2)cc1,,0.36364595,,,
1905422493,Cc1ccc(Oc2ccc(C(C)(C)c3ccc(Oc4ccc(-c5ccc(C)s5)cc4C(F)(F)F)cc3)cc2)c(C(F)(F)F)c1,,0.41103531,,,
1905713032,CNc1ccc2c(-c3ccccc3)c(NC)c(-c3ccccc3)c(-c3ccccc3)c2c1-c1ccccc1,,0.37513122,,,
1906030698,Cc1cc(OCCCC)cc(N2C(=O)c3ccc(Oc4ccc5c(c4)C(=O)N(C)C5=O)cc3C2=O)c1,,0.37507763,,,
1906044444,Cc1ccc(Oc2ccc(C3(c4ccc(Oc5ccc(-c6nnc(C)c7c(-c8ccc(F)cc8)c(-c8ccc(F)cc8)c(-c8ccc(F)cc8)c(-c8ccc(F)cc8)c67)cc5)cc4)c4ccccc4-c4ccccc43)cc2)cc1,,0.41682374,,,
1906060970,CNc1c(-c2ccccc2)c(-c2ccccc2)c2ccccc2c1NC,,0.36229869,,,
1906506911,CNc1ccc(-c2cccc3cccc(-c4ccc(NC)cc4)c23)cc1,,0.3474253,,,
1906633153,CNc1ccc(NC(=O)CCCCCC(C)=O)cc1,,0.3281237,,,
1906906209,CNc1cc2c(-c3ccccc3)c3c(-c4ccccc4)c4cc(NC)c(N)cc4c(-c4ccccc4)c3c(-c3ccccc3)c2cc1N,,0.36326244,,,
1907401274,CCC(C)C(=O)Nc1ccc(C(=O)C=Cc2ccc(Br)cc2)cc1,,0.36262044,,,
1907558248,CCCC(=O)OC(=O)CCc1ccc(C)o1,,,0.216,,
1907646642,CC(=O)c1ccc2c(c1)C(=O)N(c1ccc(Sc3ccc(N4C(=O)c5ccc(C)cc5C4=O)cn3)nc1)C2=O,,0.3708683,,,
1907952467,CNc1ccc(NC(=O)c2ccc(NC(=O)CCCCCCCCCCC(=O)Nc3ccc(C(C)=O)cc3)cc2)cc1C(=O)OCCCCCCCCCCCCCCCCCC,,0.36305702,,,
1908228365,CCCCCCCC(=O)NCc1ccc(CNC(=O)CCCCCCSC)cc1,,0.36267887,,,
1908364684,CNc1ccc(-c2cccc3ccccc23)c(-c2ccccc2)c1NC,,0.35996757,,,
1908775119,Cc1ccc(Oc2ccc(Oc3ccc(-c4cnc5ccc(-c6ccc7ncc(C)nc7c6)cc5n4)cc3)cc2)cc1,,0.38500868,,,
1908941468,COc1ccc(CC(NC(=O)CCc2ccc(OC(=O)COCC(C)=O)cc2)C(=O)OCCCCCCCC)cc1,,0.34855736,,,
1910103715,CCCCCCCCCCNC(=O)CCCCCCCCCCCCCCCCCCC(=O)NC,,0.3795304,,,
1911086845,Cc1ccc2oc(-c3ccc(-c4nc5cc(C(C)(c6ccccc6)C(F)(F)F)ccc5o4)cc3)nc2c1,,0.45875481,,,
1911532586,COc1ccc(Oc2ccc(C(=O)c3ccc(C)c(S(=O)(=O)O)c3)cc2S(=O)(=O)O)cc1S(=O)(=O)O,,0.3508676,,,
1911905200,CC=CC1CC(C)C(C#N)C1,,0.39476009,,,
1911926467,CCC(CSC)OC,,0.41981356,,,
1911963342,CCC(C)C(=O)n1sc2ccccc2c1=O,48.67425788,,,,
1912017685,CCC(C)[Si](C)(C)Cc1ccccc1,,0.36754872,,,
1912083932,CCC(C)(C)C(=O)OCc1ccc2c(c1)c1ccccc1n2CCCCCCCCCCCC,,0.37677964,,,
1912147729,Cc1c(C)cc(C(c2cc(C(F)(F)F)cc(C(F)(F)F)c2)c2cc(C)c(N3C(=O)c4ccc(Oc5ccc6c(c5)C(=O)N(C)C6=O)cc4C3=O)c(C)c2)cc1C,,0.42214994,,,
1912251377,CCCCCCCCCCCCCCCNC(=O)CCCCCCCCCCCCCCCCCCCCC(=O)NC,,,0.3915714285714285,0.876856201,21.89554378
1912518216,CCCCCCCCCCCCCOC(=O)c1ccc2cc(C(=O)OC)ccc2c1,,0.361536,,,
1912601583,COC(=O)c1ccc(C(=O)OC2CC3CC(C)CC(C2)O3)cc1,,0.34801487,,,
1913033936,CCCC1CC(C)C2CCCC12,,0.37234991,,,
1913604664,CC(=O)OCCOC(=O)c1cccc(N2C(=O)c3ccc(C)cc3C2=O)c1,,0.33299939,,,
1914456185,CCC(C)(C)C(=O)NC1C(O)OC(CO)C(O)C1O,,0.28358,,,
1914838661,CCC(C)n1c2ccccc2c2ccccc21,,,0.147,1.05806832,11.82300548
1914886557,COc1ccc(Oc2ccc(S(=O)(=O)c3ccc(Oc4ccc(Oc5cccc(C)n5)cc4)cc3)cc2)cc1,,0.35681485,,,
1914920451,CCC(C)(C)C(=O)OCCCCC,,0.37286152,0.1895,0.917921435,11.58525278
1914954895,COc1ccc2ccc(Oc3ccc(C(=O)Nc4cccc(Oc5ccc(NC(=O)c6ccc(C)cc6)cc5)c4)cc3)cc2c1,,0.35277036,,,
1914982152,CC=Cc1ccc2c(c1)Sc1cc(C)ccc1N2c1ccc(OCCCCCCCCCCCC)cc1,,0.39567095,,,
1915263871,CNc1ccc(-c2cc(-c3ccc(N)c(CC)c3)cc(-c3ccc(NC)c(CC)c3)c2)cc1CC,,0.36495902,,,
1915755051,CNc1cccc(-c2cc(-c3ccc(C)cc3)c(-c3ccc(C)cc3)c(-c3ccc(C)cc3)c2-c2ccc(C)cc2)c1NC,,0.37998545,,,
1916198200,COP(=O)(Oc1ccc(Br)cc1)Oc1c(C)cc(S(=O)(=O)c2cc(C)c(C)c(C)c2)cc1C,,0.37734655,,,
1916680069,Cc1ccc(C(c2ccc(N3C(=O)c4ccc(Oc5ccc6cc(Oc7ccc8c(c7)C(=O)N(C)C8=O)ccc6c5)cc4C3=O)cc2)(C(F)(F)F)C(F)(F)F)cc1,,0.37815393,,,
1916735639,CNc1cc(NC)c2nc(-c3ccc(-c4nc5c(N)cc(N)c(N)c5c(=O)o4)cc3)oc(=O)c2c1N,,0.35583172,,,
1916892964,CCC(O)CN(CC(O)COc1ccc(C(C)(C)c2ccc(OC)cc2)cc1)c1ccc(C#N)cc1,,0.35785256,,,
1916979239,Cc1ccc(OCCN(C)c2ccc(C=CC3=CC(=C4C(=O)c5ccccc5C4=C(C#N)C#N)C=C(C=Cc4ccc(N(C)CCOc5ccc(-c6nc7ccc(Oc8ccc9nc(C)c(-c%10ccccc%10)nc9c8)cc7nc6-c6ccccc6)cc5)cc4)O3)cc2)cc1,,0.39171687,,,
1917029887,COC(=O)CNC(=O)CCCCCCCCC(=O)NCC(=O)OC1COC2C(C)COC12,,0.32250215,,,
1917189140,Cc1ccc([Si](c2ccccc2)(c2ccccc2)c2ccc(-c3nnc(-c4ccc(-c5nnc(C)o5)c5ccccc45)o3)cc2)cc1,,0.43988277,,,
1917298650,CCNC(=O)CCCCC(=O)NCC1COC(C)CO1,,0.31541925,,,
1917339697,CCC(C)(C)CS(=O)(=O)CC(C)(C)COC(=O)c1ccc(C(=O)OC)cc1,,0.3542055,,,
1917735870,Cc1ccc(-c2ccc(N(C)c3cc(C(F)(F)F)cc(C(F)(F)F)c3)cc2)cc1,,0.44831423,,,
1917756223,COc1ccc(C=NN=Cc2ccc(Oc3ccc(C(=O)c4ccc(C)cc4)cc3)cc2)cc1,,0.37285172,,,
1917841461,CCCC(=O)N(CCN(C(=O)CCN1CCN(C)CC1)C(C)C)C(C)C,-43.71593166,,,,
1917866361,Cc1ccc(Nc2ccc(C(c3ccc(Nc4ccc(S(C)(=O)=O)cc4)cc3)(C(F)(F)F)C(F)(F)F)cc2)cc1,,0.39098411,,,
1918165220,CON(C(F)(F)F)C(F)(C(C)(F)F)C(F)(F)F,,0.29794304,,,
1918242337,CC(=O)Nc1ccc(Oc2ccc(NC(=O)c3ccc4c(c3)C(=O)N(c3ccc(Oc5ccc(C6(c7ccc(Oc8ccc(N9C(=O)c%10ccc(C)cc%10C9=O)cc8)cc7)NC(=O)c7ccccc76)cc5)cc3)C4=O)cc2)cc1,,0.36308192,,,
1918548284,CNc1cc2c3ccc(-c4ccc(C(C)(C)C)cc4)c(-c4ccc(C(C)(C)C)cc4)c3c(NC)cc2c2ccccc12,,0.37420991,,,
1919323099,COc1ccc(NC(=O)NC2CC(C)(C)CC(C)(CNC(=O)Nc3ccc(C)c(-c4ccc(Oc5ccccc5)cc4)c3)C2)cc1-c1ccc(Oc2ccccc2)cc1,,0.35601929,,,
1919352729,CNc1cccc2c1c1cccc(N)c1c1cccc(NC)c12,,0.33957884,,,
1919555775,CCC(CCCC)OC,,0.40491209,,,
1919636162,CCCCCCCOc1ccc(OC(=O)c2ccc(C(=O)Oc3ccc(OC)cc3)cc2)cc1,,0.34461787,,,
1919652718,CCCCCCCCCCCCN1C(=O)c2ccc(C(=O)Oc3ccc(-c4ccc(OC(=O)c5ccc6c(c5)C(=O)N(C)C6=O)cc4)cc3)cc2C1=O,,0.34909001,,,
1919727869,COc1ccc(S(=O)(=O)c2ccc(Oc3ccc(NC(=O)c4cccc(C(=O)Nc5ccc(C)cc5)c4)cc3)cc2)cc1,,0.35823661,,,
1919732272,CCCCOC(=O)c1ccc(NC(=O)CCCCC(=O)Nc2ccc(C(=O)OC)cc2)cc1,83.99780359,,,,
1919768814,COc1ccc(C(c2ccc(OC(=O)Nc3ccc(Cc4ccc(NC(C)=O)cc4)cc3)cc2)(C(F)(F)F)C(F)(F)F)cc1,,0.3538727,,,
1920006010,COC1C(CO)OC(C)C(N)C1O,,0.30298041,,,
1920455411,Cc1ccc(OCCN(CC)c2ccc(-c3ccc(C(=C(C#N)C#N)c4ccc(N(CC)CC)cc4)s3)cc2)c(-c2cc(-c3ccccc3)c3cc(Oc4ccc5nc(C)cc(-c6ccccc6)c5c4)ccc3n2)c1,,0.40104761,,,
1920671231,CC(=O)Nc1ccccc1NC(=O)c1ccc(N2C(=O)c3ccc(C)cc3C2=O)cc1,,0.33896532,,,
1920918510,CCC(C)(C)C(=O)OCCCCCC(=O)Oc1ccc(OC(=O)c2ccc(OCCCC)cc2)cc1,,0.34676418,,,
1921035085,CCCCCCCN1C(=O)C(=O)N(c2ccc(CCc3ccccc3N3C(=O)C(=O)N(C)C3=O)cc2)C1=O,,0.33804418,,,
1921102507,CNc1ccc(C(C)(c2ccc(NC)cc2)C2C3=CC=CC2=C3)cc1,,0.35568458,,,
1921819978,CCCc1cc(Cl)c(C)c(Cl)c1,,0.39170288,,,
1921941311,COc1ccc(CC(NC(=O)CCc2ccc(OC(=O)CCCCC(C)=O)cc2)C(=O)OC(C)C)cc1,,0.34433228,,,
1922704516,Cc1cc(N=Nc2ccc([N+](=O)[O-])cc2)cc(C)c1O,165.6801535,,,,
1922733245,COS(=O)(=O)c1cc(C)c(C)c(C)c1,,0.36970865,,,
1922843556,CC(=O)OCCCCCCCCCCCCCCCCCCCCCCOC(=O)c1ccc(N2C(=O)c3ccc(C)cc3C2=O)cc1,,0.36802626,,,
1923557092,COc1ccc(C(c2ccc(Oc3ccc(C(=O)c4ccc(C(C)(C)c5ccc(C(=O)c6ccc(C)cc6)cc5)cc4)cc3)cc2)(C(F)(F)F)C(F)(F)F)cc1,,0.38148615,,,
1924314985,CC(=O)Nc1cccc(NC(=O)C=Cc2cccc(N3C(=O)c4ccc(C)cc4C3=O)c2)c1,,0.33727257,,,
1924725049,CCCOC(=O)Cc1ccc(C(=O)OC)cc1,,0.33698334,,,
1924892938,COc1ccc(NC(=O)c2ccc(S(=O)(=O)c3ccc(C(=O)Nc4ccc(Oc5ccc(C6(c7ccc(C)cc7)CC7CCC6C7)cc5)cc4)cc3)cc2)cc1,,0.37041679,,,
1925016072,Cc1ccc(Oc2cccc(Oc3ccc(N4C(=O)c5ccc(Oc6ccc(Oc7ccc8c(c7)C(=O)N(C)C8=O)cc6)cc5C4=O)cc3)c2)cc1,,0.35881945,,,
1925322729,CCC(CCl)(CCl)OC,,,0.1159999999999999,1.297944961,14.62361719
1926054747,CCCCN(C)C(=O)c1ccccc1,,0.35183326,,,
1926476264,C=c1cc2ccc3cc(=c4oc(=C)c5ccc6cccc7c8cccc9ccc4c(c98)c5c67)cc4ccc(c1)c2c34,432.43,,,,
1926928868,CCC(C)(C)C(=O)OCCCC,,,0.203,0.906003571,12.81294077
1926938420,CCC(O)CN(C)c1ccccc1,,0.36123033,,,
1927037390,COc1ccc(CC(NC(=O)CCc2ccc(OC(=O)COCC(C)=O)cc2)C(=O)OC(C)C)cc1,,0.33804671,,,
1927081299,CCCCCCCCCCCSSSC,,0.44700214,,,
1927128897,CC=CC1CC(C)C2C(=O)N(CCC)C(=O)C12,,0.35809659,,,
1927758769,CNc1c(CC=C)cc(C2(c3cc(CC=C)c(NC)c(C(C)C)c3)c3ccccc3-c3ccccc32)cc1C(C)C,,0.39746768,,,
1927827518,CCC(C)c1cccc(CC)c1,,,0.186,,
1927972099,CCC(C)(CC(=O)Oc1ccccc1C)C(=O)Oc1ccccc1C,,,0.1635,1.059872607,11.34414762
1928141683,CCCCCNC(=O)CCCCCCCCC(=O)NC,,,0.355,,
1928552042,COc1c(C)cc(C)cc1C(C)CCCCCCCC,,0.40648391,,,
1928832708,CCCCCCCCCCCOc1ccc(C=Nc2ccc(-c3ccc(N=Cc4ccc(OC)cc4O)c(OC)c3)cc2OC)c(O)c1,,0.36372258,,,
1928965066,CCCCCCCOC(=O)c1cc(OCCCCCCOc2ccc(N=Nc3ccc(C#N)cc3)cc2)cc(C(=O)OCCCCCCN2C(=O)c3ccc(-c4ccc(-c5ccc6c(c5)C(=O)N(C)C6=O)cc4)cc3C2=O)c1,,0.35328159,,,
1929156646,COC1CCC(OC(=O)OCCCCCOC(C)=O)CC1,,0.34122931,,,
1929935400,CCC(=O)NCCCCCCNC(=O)COC(=O)CCCCCCC(=O)OC,,0.32965374,,,
1930036664,CNc1ccc(C2=C(c3ccccc3)[C@@H](c3ccccc3)C(N)(NC)C=C2)cc1,,0.36629417,,,
1930079807,Cc1cc(CC(=O)OCCCCCCCC)c(C)[nH]1,-4.076963699,,,,
1930443303,CCCC=C(C)C,,0.40009241,,,
1930470217,CNc1ccc(NC(=O)c2cc(C(C)=O)c(C(=O)OCC)cc2C(=O)OCC)cc1,,0.33893458,,,
1930894863,CCCC1C(=O)N(C)C(=O)C1C,,0.32269623,,,
1930955815,CN=P(C)(OCCOCCOCCCC)OCCOCCOCCCC,,0.37867352,,,
1931091921,COc1ccc(-c2ccc(Oc3ccc4ccccc4c3-c3c(C)ccc4ccccc34)c3ccccc23)c2ccccc12,,0.39374699,,,
1931410833,CCC(C)(C)C(=O)Oc1ccc(-c2nnc(-c3ccc(C(C)(C)C)cc3)o2)cc1,,0.38550865,,,
1931637723,CNc1ccc(Oc2ccc(-c3ccc(Oc4ccc(NC)cc4)cc3)cc2)cc1,,0.34360821,,,
1931802720,COc1ccc(CC(NC(=O)CCc2ccc(OC(=O)CCCCC(C)=O)cc2)C(=O)OCCCCCC)cc1,,0.351413,,,
1931909120,CNc1ccc2c(NC)c3cc(N)ccc3c(N)c2c1,,0.34576723,,,
1932242031,Cc1ccc(Oc2ccc(Oc3ccc(Oc4ccc(N5C(=O)c6ccc(Oc7ccc(-c8ccc(Oc9ccc%10c(c9)C(=O)N(C)C%10=O)cc8)cc7)cc6C5=O)cc4)cc3)cc2)cc1,,0.36829952,,,
1932390500,CC(=O)NCCCCCCCCCCNC(=O)c1ccc(C)o1,,,0.217,,
1932564704,C=C=C=C(COC(=O)NCC)C(=C)COC(=O)NCC,172.0633872,,,,
1932637388,Cc1ccc(CC(=O)Nc2ccc(Oc3ccc(NC(=O)Cc4ccc(-c5sc(C)c(-c6ccccc6)c5-c5ccccc5)cc4)cc3)cc2)cc1,,0.37963807,,,
1932737205,CC(=O)Nc1ccc(Oc2ccc(NC(=O)c3ccc4c(c3)C(=O)N(c3ccc(Cc5ccc(N6C(=O)c7ccc(C)cc7C6=O)cc5)cc3)C4=O)cc2)cc1,,0.3580544,,,
1932802703,COc1ccc(C(c2ccc(OC(=O)OC3C(C)(C)C(OC(C)=O)C3(C)C)cc2)(C(F)(F)F)C(F)(F)F)cc1,,0.35070734,,,
1933004653,COS(=O)(=O)c1cc(S(=O)(=O)Oc2ccc(C3(c4ccc(C)cc4)CCCC3)cc2)ccc1C,,0.36404714,,,
1933066795,Cc1ccc(C(=O)OCCCCCCCCOc2ccc(C=C3CCCCC(=Cc4ccc(OCCCCCCCCOC(=O)c5ccc(-c6nnc(C)o6)cc5)cc4)C3=O)cc2)cc1,,0.36677031,,,
1933529441,CC=NCCN=Cc1ccc(Sc2ccc(C)o2)o1,95.6213855,,,,
1933712132,Cc1ccc([Si](C)(C)c2ccc([SiH](C)C)s2)s1,60.04219897,,,,
1933820661,CCCCCCCCCCNC(=O)CCCCCCCC(=O)NC,9.904824538,,0.361,0.944002177,22.95997032
1933889140,COc1ccc(OC(=O)c2cc(OCCCCCCCCCCCCCCCC)c(C(C)=O)cc2OCCCCCCCCCCCCCCCC)cc1,77.98044592,,,,
1933958092,CCCCCCCCCCCCCCCCCCCCCC(C)Cl,,,0.468,0.869388674,22.5555845
1934083726,CCC(C)(C)C(=O)OC(C)CC,,,0.182,0.898018787,12.66511883
1934582540,CCC(C)(C)C(=O)OCCCCc1ccccc1,,0.36056705,,,
1934851190,CNc1ccccc1CCc1ccc(NC(C)=O)cc1,,0.34964607,,,
1935091006,CCC(C)(C)C(=O)OCc1cc(Cl)cc(Cl)c1,,0.35906953,,,
1936130559,CNc1ccc(-c2ccc(-c3ccc(-c4ccc(NC)cc4)cc3)cc2)cc1,,0.34630699,,,
1936588352,CNc1ccc2c(c1)c(C)c(-c1ccccc1)c1cc(NC)ccc12,,0.35070087,,,
1937333990,CNc1c(CCC)c2cccc3c4cccc5cccc(c(c1NC)c23)c54,,0.35047005,,,
1938625249,CNc1ccc(C[C@](C)(CC)c2ccc(N)c(C[C@@](C)(CC)c3ccc(NC)cc3)c2)cc1,,0.3558969,,,
1938664551,CNc1cccc(-c2c(NC)cccc2-c2ccccc2)c1,,0.35005317,,,
1939398685,CCc1cc(C23CC4CC(CC(C4)C2)C3)cc(CN(C)c2ccccc2)c1O,,0.38557882,,,
1939581854,CC1CCC(CC2CCC(N3C(=O)c4ccc(Oc5ccc6c(c5)C(=O)N(C)C6=O)cc4C3=O)CC2)CC1,,0.36158829,,,
1939700854,CNc1ccc([C@H](CC)c2ccc(C3(c4ccc([C@@H](CC)c5ccc(NC)cc5)cc4)CCCCC3)cc2)cc1,,0.36956425,,,
1939922135,COc1ccc(C(c2ccc(OC(C)=S)cc2)c2cccc3ccccc23)cc1,,0.37286204,,,
1940131067,CCCCCCCCCCCSCCCCSC,,,0.282,,
1941096449,CNc1ccc2c(NC)c3cc(N)ccc3cc2c1,,0.34432404,,,
1941265933,CCC(C)C(C)(C)C,,,0.1363333333333333,,
1941356734,Cc1ccc(Oc2ccc(C(=O)c3ccc4cc(C(=O)c5ccc(Oc6ccc(-c7nc(-c8ccc(-c9nc(C)c(-c%10ccccc%10)[nH]9)cc8)[nH]c7-c7ccccc7)cc6)cc5)ccc4c3)cc2)cc1,,0.40364332,,,
1941491710,Cc1ccc(C(c2ccc(OCCCC)cc2)c2ccc(N(C)c3ccc(C)cc3)cc2)cc1,,0.42901003,,,
1941500497,CNC/C=C\C(=C/CC)[C@]1(c2ccc(NC)cc2)c2ccccc2[C@@]2(C)C=CC=C[C@@H]12,,0.36729671,,,
1941951841,Cc1cc(CCCCCCCCCCCCCCCC)c(C)s1,,,0.381,,
1942089131,Cc1ccc(-c2ccc(-c3ccc(-c4ccc([Si](CCCC)(CCCC)[Si](C)(CCCC)CCCC)s4)s3)s2)s1,,0.42782111,,,
1942247562,Cc1ccc2c(c1)C(=O)N(c1c(CC)cc(Cc3cc(CC)c(N4C(=O)c5ccc(C(C)(C(F)(F)F)C(F)(F)F)cc5C4=O)c(CC)c3)cc1CC)C2=O,,0.41266288,,,
1942353441,CC(=O)c1ccc2c(c1)C(=O)N(c1ccc(-c3cc(C(C)(C)C)c(Oc4ccc(N5C(=O)c6ccc(C)cc6C5=O)cc4C(F)(F)F)c(C(C)(C)C)c3)cc1)C2=O,,0.41039262,,,
1942367812,COc1ccc(CC(NC(=O)CCc2ccc(OC(=O)CCCCCCCCC(C)=O)cc2)C(=O)OC(C)C)cc1,,0.35066661,,,
1942693246,CCCC(=O)Nc1ccc(NC(=O)CCN2C(=O)c3ccc(C(=O)c4ccc5c(c4)C(=O)N(C)C5=O)cc3C2=O)cc1,,0.32686636,,,
1942916315,CNc1ccc2cc3cc(NC)ccc3cc2c1,,0.34349824,,,
1943060109,CC(=O)c1ccc2c(c1)C(=O)N(c1cccc(P(=O)(c3cccc(N4C(=O)c5ccc(C)cc5C4=O)c3)c3cc(C(F)(F)F)cc(C(F)(F)F)c3)c1)C2=O,,0.38603279,,,
1944234117,CC(C#N)=C(C#N)N1C(=O)c2ccc(C(=O)c3ccc(-c4ccc5c(c4)C(=O)N(C)C5=O)cc3)cc2C1=O,,0.37567368,,,
1944443208,CCCC1CC(C)C2C3CC(CC)C(C3)C12,,0.3847423,,,
1944562220,Cc1ccc(C2(c3ccc(-c4cc(-c5ccccc5)c5cc(Oc6ccc7nc(C)cc(-c8ccccc8)c7c6)ccc5n4)cc3)c3ccccc3C(=O)c3ccccc32)cc1,,0.41900126,,,
1944776345,CCC1CC(C)C(OC(=O)CCCCCCCCCCOc2ccc(-c3ccc(C#N)cc3)cc2)C1OC(=O)CCCCCCCCCCOc1ccc(-c2ccc(C#N)cc2)cc1,,0.36288651,,,
1945309092,COC(C)COCC(C)OC(=O)c1ccccc1C(C)=O,,0.3500213,,,
1945809152,CCC(OC1CCCCC1)C1C(=O)OC(=O)C1C,,0.33180155,,,
1946473006,CN=P(N=P(N=S(C)(=O)NCCC)(NCCC)NCCC)(NCCC)NCCC,,0.39552121,,,
1947203303,CNc1ccccc1-c1cccc(C2(c3ccc(NC)c(-c4ccccc4)c3)c3ccccc3-c3ccccc32)c1,,0.37486017,,,
1947367944,CCC(C)(C)C(=O)OCCCCOc1ccc(OC(=O)c2ccc(OCCCCCC)cc2)cc1,,0.35714893,,,
1947454451,CC(=O)Nc1cccc(C(=O)Nc2cccc(NC(=O)c3ccc4[nH]c(-c5ccc(-c6nc7cc(C)ccc7[nH]6)cc5)nc4c3)c2)c1,,0.36448737,,,
1947568782,CO[Si](C)(C)O[Si](C)(C)O[Si](C)(C)C#Cc1ccc(C#C[Si](C)(C)C)cc1,,0.46091949,,,
1947579859,COc1ccc(CC(NC(=O)CCc2ccc(OC(=O)CCCCCCC(C)=O)cc2)C(=O)OCC)cc1,,0.3461508,,,
1947586452,CCC(O)COc1ccc(C(C)(C)c2ccc(OCC(O)COc3cccc(NC(=O)CCCCCCCCCCC(=O)Nc4cccc(OC)c4)c3)cc2)cc1,,0.34635755,,,
1948010634,COc1ccc(OC(=O)c2ccc(Oc3ccc(C(C)=O)cc3)cc2)c2ccccc12,,0.35595045,,,
1948589234,COc1ccc(C2(c3ccc(OC(=O)OC4C(C)(C)C(OC(C)=O)C4(C)C)cc3)CCCCC2)cc1,,0.36225678,,,
1948698672,COC(COC(=O)C12CC3CC(CC(C(C)=O)(C3)C1)C2)COc1ccc(N=Nc2ccc(C#N)cc2)cc1,,0.35736369,,,
1949061676,CC(=O)Nc1ccc(C2(c3ccc(N4C(=O)c5ccc(C)cc5C4=O)cc3)CC(C)CC(C)(C)C2)cc1,,0.38283226,,,
1949190696,COc1ccc(Oc2ccc(NC(=O)c3cc(NC(=O)c4ccc(OC(C)=O)cc4)cc(C(=O)Nc4ccc(C)cc4)c3)cc2)cc1,,0.34312529,,,
1949212177,CC(=O)Nc1ccc(-c2sc(-c3ccc(NC(=O)c4ccc5c(c4)C(=O)N(c4ccc(Oc6ccc7ccc(Oc8ccc(N9C(=O)c%10ccc(C)cc%10C9=O)cc8)cc7c6)cc4)C5=O)cc3)c(-c3ccccc3)c2-c2ccccc2)cc1,,0.38350821,,,
1949333335,COc1ccc(Oc2ccc(C(=O)c3ccc(C)c(S(=O)(=O)O)c3)cc2S(=O)(=O)O)cc1,,0.35202663,,,
1949514946,CNc1ccc(NC(=O)C2CC(C(CC(=O)O)C(C)=O)C=C(C)C2C(=O)O)cc1,149.7687276,,,,
1949780423,CCCSSCCOC,,0.42239943,,,
1949823161,COc1ccc(C=Nc2ccc(N=Cc3ccc(OC(=O)CCCCC(C)=O)c(OC)c3)cc2)cc1OC,-41.85748469,,,,
1949953064,Cc1cccc(C)c1,,0.36874604,,0.992499014,20.5902314
1950021660,COc1ccc(Oc2ccc(C(=O)Nc3ccc(Oc4ccc(-c5ccc(Oc6ccc(NC(=O)c7ccc(C)cc7)cc6)cc5)cc4)cc3)cc2)cc1-c1ccccc1,,0.36433591,,,
1950339356,CCCCOC(=O)CCC(=O)OC,,0.31978583,,,
1950809751,CNC(O)(CC(N)(N)C(=O)O)NC,,0.2981499,,,
1950874064,CCC(C)C(=O)N(CC)CC,56.77009786,,,,
1951077384,COc1ccc(-c2ccc(Oc3ccc(-c4ccc(-c5ccc(C)c(C(F)(F)F)c5)cc4)cc3C(F)(F)F)cc2)cc1,,0.37694175,,,
1951160334,Cc1ccc(Oc2ccc(N3C(=O)c4c(c(-c5ccccc5)c(-c5ccc(Oc6ccc(-c7c(-c8ccccc8)c8c(c(-c9ccccc9)c7-c7ccccc7)C(=O)N(C)C8=O)cc6)cc5)c(-c5ccccc5)c4-c4ccccc4)C3=O)cc2)cc1,,0.40870638,,,
1951638627,COc1ccc(CC(C#N)(Cc2ccc(C)cc2)c2ccccc2)cc1,,0.38378545,,,
1951901460,CC=C(C#N)C(=O)OCCCCCCCCCCOC(=O)C(C#N)=Cc1ccc2c(c1)c1cc(C)ccc1n2CCCCCCCCCCCCCC,,0.38039745,,,
1952301542,CCC(C)(CC(=O)OCCOC)C(=O)OCCOC,,0.33066892,,,
1952404953,CC(=O)c1ccc2c(c1)C(=Nc1cccc(N=C3OC(=O)c4ccc(C)cc43)c1)OC2=O,246.6584182,,,,
1952508895,Cc1ccc(Oc2ccc(C3(c4ccc(Oc5ccc(N6C(=O)c7ccc(Oc8c(C)cc(C(C)(C)c9cc(C)c(Oc%10ccc%11c(c%10)C(=O)N(C)C%11=O)c(C)c9)cc8C)cc7C6=O)cc5)cc4)C4CC5CC(C4)CC3C5)cc2)cc1,,0.39410093,,,
1952671139,CCC(C)C(=O)OCCCCCC,,,0.2565,0.915149553,11.92379481
1953033868,CNc1c(C)c2cccc3c4cccc5cccc(c(c1NC)c23)c54,,0.34334157,,,
1953349565,C/C=C/c1sc(/C=C/c2cc(CCCCCCCCCCCC)c(C)s2)cc1CCCCCCCCCCCC,,,0.291,,
1953482672,Cc1cccc(P(=O)(c2ccccc2)c2cccc(N3C(=O)c4ccc(NC(=O)OCCOc5ccc(C(c6ccc(OCCOC(=O)Nc7ccc8c(c7)C(=O)N(C)C8=O)cc6)(C(F)(F)F)C(F)(F)F)cc5)cc4C3=O)c2)c1,,0.35336102,,,
1953803634,CC(=O)Nc1ccc(Cc2ccc(NC(=O)c3ccc4c(c3)C(=O)N(c3ccc(NC(=O)Nc5ccc(N6C(=O)c7ccc(C)cc7C6=O)cc5)cc3)C4=O)cc2)cc1,,0.34861514,,,
1954306622,CNc1cc2c(c(NC)c1N)-c1ccccc1C21c2ccccc2-c2ccccc21,,0.37629547,,,
1954721166,CCC(C)C(=O)OCCOC(=O)c1cc([N+](=O)[O-])cc([N+](=O)[O-])c1,,0.42097644,,,
1954861096,COc1ccc(C(C)(C)c2ccc(OC(=O)CN(CC(C)=O)c3ccc(N=Nc4ccc([N+](=O)[O-])cc4)cc3)cc2)cc1,,0.36235076,,,
1955776885,CNc1ccc(-c2cccc3c2[C@@H](c2ccc(NC)cc2)c2ccccc2-3)cc1,,0.357501605,,,
1956029718,CCCCCCCCCCCCCCCCCCCCCC(C)COCCOCCOCCOCCOCc1ccc2ccc3cccc4ccc1c2c34,,0.37669905,,,
1956150521,CCC(C)(C)C(=O)OCCN(C)C,,0.36516646,0.2005,0.981910387,12.3457196
1956367813,CC(=O)c1cc2c(cc1Cl)C(=O)N(c1cc(C(=O)O)cc(N3C(=O)c4cc(C)c(Cl)cc4C3=O)c1)C2=O,,0.37662267,,,
1956396424,CCC(C)(C)C(=O)OCCCCCCCCCCOc1ccc(OC(=O)c2ccc(OCCCCCC)cc2)cc1,,0.36422964,,,
1956587899,CCC(C)(C)C(=O)OCCN(CC)c1ccc(N=Nc2ccc([N+](=O)[O-])cc2)cc1,,0.36616331,,,
1956666408,CNc1ccc([C@@]2(C)CC(C)(C)c3ccc(NC)cc32)cc1,,0.36492797,,,
1956893558,Cc1ccc(Oc2ccc(-c3nnc(C)o3)cc2)cc1,,0.40011627,,,
1957426818,Cc1c(C)cc(C(c2cccnc2)c2cc(C)c(N3C(=O)CC(Nc4ccc(Cc5ccc(NC6CC(=O)N(C)C6=O)cc5)cc4)C3=O)c(C)c2)cc1C,,0.3862315,,,
1957470383,CCC(F)(F)C(F)(F)C(F)(F)COC(=O)c1cccc(C(F)(F)C(F)(F)C(F)(F)c2cccc(C(=O)OC)c2)c1,,0.33466722,,,
1958192948,Cc1ccc2c(c1)C(=O)N(c1ccc(-c3cc(-c4ccc(OCCCC#N)cc4)cc(-c4ccc(N5C(=O)c6ccc(C(C)(C(F)(F)F)C(F)(F)F)cc6C5=O)cc4)n3)cc1)C2=O,,0.39133561,,,
1958473963,COc1cccc2ccc(Oc3ccc(NC(=O)c4ccc(Oc5ccc(C(=O)Nc6ccc(C)cc6)cc5)cc4)cc3)cc12,,0.35386288,,,
1958487458,COC1CCCCC1OC(C)=O,,0.34928658,,,
1958554605,CCC(C[Si](C)(C)C)c1cccc2ccccc12,,0.37751563,,,
1958618966,CCC(C)(C)OC,,0.39662664,0.1995,0.861163598,13.695157
1958858448,CC=CC1CC(C)C([Si](C)(C)C)C1,,0.41756193,,,
1959224488,Cc1ccc(N(c2ccc(C#N)cc2)c2ccc(N3C(=O)c4ccc(Oc5ccc(C6(c7ccc(Oc8ccc9c(c8)C(=O)N(C)C9=O)cc7)c7ccccc7-c7ccccc76)cc5)cc4C3=O)cc2)cc1,,0.41325752,,,
1959489258,CNc1ccc(C(c2ccc(CC)cc2)c2ccc(NC)cc2)cc1,,0.36039896,,,
1960180963,Cc1ccc(Oc2ccc(N3C(=O)CC(Oc4ccc(C=Nc5ccc(OC6CC(=O)N(C)C6=O)cc5)cc4)C3=O)cc2)cc1,154.6342574,,,,
1960232404,CCCCCCCCCCCCCOc1ccc(OCc2ccc(COc3ccc(OC)cc3)cc2)cc1,,0.36434601,,,
1960719660,CCCCCCCNC(=O)Cc1ccc(C(=O)NC)cc1,,0.3389375,,,
1960875010,Cc1ccc(-c2cnc3cc4nc(C)cnc4cc3n2)cc1,,0.49831615,,,
1960968082,Cc1ccc(C(=O)OCCCCCCOc2ccc(C=CC(=O)C=Cc3ccc(OCCCCCCOC(=O)c4ccc(-c5nnc(C)o5)cc4)cc3)cc2)cc1,,0.35964696,,,
1961009790,CNc1ccc(C(=C(CC)c2ccccc2)c2ccc(NC)cc2)cc1,,0.36784102,,,
1961333233,CCCN(CCOC(=O)Nc1cccc(NC(=O)OC)c1C)c1ccc(C=Cc2ccc([N+](=O)[O-])cc2)cc1,,0.34593177,,,
1961335797,Cc1ccc(Oc2ccc(C3(c4ccc(Oc5ccc(-c6nnc(C)c7c(-c8ccccc8)c(-c8ccc9ccccc9c8)c(-c8ccc9ccccc9c8)c(-c8ccccc8)c67)cc5)cc4)c4ccccc4-c4ccccc43)cc2)cc1,,0.41100116,,,
1962617217,CNc1cc(C)c(Cc2ccc(CCCCc3ccc(Cc4c(C)cc(NC)cc4C)cc3)cc2)c(C)c1,,0.36087708,,,
1962650861,CCCCCC(=O)NNC(=O)c1ccc(C(=O)NNC(=O)CCCCOc2ccc(OC)c(C)c2)cc1,,0.33967136,,,
1962833245,Cc1ccc(NC2CC(=O)N(c3ccc(Cc4ccc(N5C(=O)CC(Nc6ccc(-c7nc(-c8ccc(N=Nc9ccc([N+](=O)[O-])cc9)cc8)[nH]c7C)cc6)C5=O)cc4)cc3)C2=O)cc1,,0.37673487,,,
1963304401,CCCCCCCCCCCOC(=O)CC/C=C/CCC(=O)OC,,0.3650855,,,
1963751846,CC=CC1CC(C)C(C2CC=CCC2)C1,,0.39319144,,,
1964367064,COc1c(C)c(C)c(NC(=O)c2ccc(C(=O)Nc3ccc(C)cc3)cc2)c(C)c1C,,0.37041365,,,
1964385683,CC(=O)c1ccc2c(c1)C(=O)N(c1ccccc1C(=O)c1ccccc1N1C(=O)c3ccc(C)cc3C1=O)C2=O,,0.38153591,,,
1964501919,Cc1ccc(Oc2ccc(C(c3ccc(Oc4ccc(-c5nnc(C)n5-c5ccc(S(C)(=O)=O)cc5)cc4)cc3)(C(F)(F)F)C(F)(F)F)cc2)cc1,,0.38547657,,,
1964666760,CCCCCCCOC(=O)NCCCCNC(=O)OC,,0.33568423,,,
1964792280,Cc1ccc(OCCN(CCOc2ccc(-c3cc(-c4ccccc4)c4cc(Oc5ccc6nc(C)cc(-c7ccccc7)c6c5)ccc4n3)cc2)c2ccc(C(C#N)=C(C#N)C#N)cc2)cc1,,0.38278631,,,
1964948297,CC(=O)c1ccc2c(c1)C(=O)N(c1ccc(Oc3ccc(C(c4ccc(Oc5ccc(N6C(=O)c7ccc(C)cc7C6=O)cc5)cc4)(C(F)(F)F)C(F)(F)F)cc3)cc1)C2=O,,0.37124661,,,
1965550017,CCC(C)C(=O)OCCSC,,0.38690329,0.181,1.110954584,15.7280871
1965690727,CCCCCCCCCCCOC(=O)c1cccc(NC(=O)OC)c1,45.09440244,,,,
1965799831,CCCCCCCNC(=O)C(CCCCCCCCCCCCCCCCCC)C(=O)NC,,,0.354,,
1965906081,CO[Si](C)(C)CCCOc1ccc(N=Nc2ccc(S(=O)(=O)O)cc2)cc1,,0.3616266,,,
1965969714,COc1ccc(CC(NC(=O)CCc2ccc(OC(=O)CC(C)CCC(C)=O)cc2)C(=O)OCCCC)cc1,,0.3483824,,,
1966018498,CSC1CCCC(C)C1,,0.39301912,,,
1966201897,CCC(C)c1ccc(COCCC(F)(F)C(F)(F)C(F)(F)C(F)(F)F)cc1,,0.35487318,,,
1966629557,CCCCCCCOC(=O)OCCCCOC(=O)OCCCCCCOc1ccc(Oc2ccc(OC)cc2)cc1,,0.35116404,,,
1966848887,CCCCCCCCCNC(=O)CCCCCCCCCCCCCCCCC(=O)NC,,0.37735264,0.3725,0.901851851,21.13049646
1967479741,COc1ccc(S(=O)(=O)c2ccc(Oc3c(C)cc(C(c4cc(C)c(C)c(C)c4)(C(F)(F)F)C(F)(F)F)cc3C)c(Br)c2)cc1Br,,0.41274823,,,
1967596895,CNc1c(CCCC)cc(C2(c3cc(CCCC)c(NC)c(CCCC)c3)c3ccccc3-c3ccccc32)cc1CCCC,,0.39180486,,,
1967679061,CCC(OCC(C)C)C1C(=O)OC(=O)C1C,,0.33696178,,,
1967860241,CCC(C)(CC(=O)Oc1ccc(OCCC)cc1)C(=O)Oc1ccc(OCCC)cc1,,0.35583828,,,
1968301845,CCCN(C)CCOCCOC,,0.35963141,,,
1968819662,COc1ccc(S(=O)(=O)c2ccc(Oc3ccc(C=C4CCCCC(=Cc5ccc(Oc6ccc(S(=O)(=O)c7ccc(Oc8ccc(C(C)(C)c9ccc(C)cc9)cc8)cc7)cc6)cc5)C4=O)cc3)cc2)cc1,,0.37593554,,,
1968997516,CCC(COC)(CS(=O)(=O)CCCCC)CS(=O)(=O)CCCCC,,0.3851805,,,
1969004591,Cc1ccc(OCCN(CCOc2ccc(-c3nc4ccc(Oc5ccc6nc(C)c(-c7ccccc7)nc6c5)cc4nc3-c3ccccc3)cc2)c2ccc(C=Cc3ccc([N+](=O)[O-])cc3)cc2)cc1,,0.37700388,,,
1969083594,CCCOC(=O)NCCNC(=O)OC,5.896093021,,,,
1969287325,COc1ccc(OC(=O)c2ccccc2C=Cc2ccc(C=Cc3ccccc3C(C)=O)cc2)cc1,86.85824281,,,,
1969520077,COc1ccc(NC(=O)c2ccc(Oc3ccc(C(=O)Nc4ccc(Oc5ccc(C6(c7ccc(C)cc7)C7CC8CC(C7)CC6C8)cc5)cc4)cc3)cc2)cc1,,0.36901705,,,
1969822510,CCCc1ccc(C)c(CCCC)c1,,0.39722229,,,
1969835968,CC(=O)Nc1ccc(C2(c3ccc(N4C(=O)c5ccc(C)cc5C4=O)cc3)CCC(C(C)(C)C)CC2)cc1,,0.38391661,,,
1970056455,CNc1cc2c3cccc(-c4ccc(C)cc4)c3c3c(-c4ccc(C)cc4)c(NC)c4ccccc4c3c2c2ccccc12,,0.38290568,,,
1970556387,COc1cccc(NC(=O)c2ccc(C(=O)Nc3ccc(Oc4ccc(C(=O)c5ccc(C)cc5)cc4)cc3)cc2)c1,,0.35216883,,,
1970744006,COc1ccc(C2(c3ccc(OC(C)=O)cc3)CC3CC2C2C4CCC(C4)C32)cc1,,0.37460046,,,
1971561670,CCCCCCCNC(=O)CCCCC(=O)NC,,0.33903345,,,
1971686624,COc1ccc(S(=O)(=O)c2ccc(Oc3ccc(C(=O)c4ccc(-c5ccc(C(=O)c6ccc(C)cc6)cc5)cc4)cc3)cc2)cc1,,0.37362004,,,
1971749373,COc1ccc(C(C)=O)cc1CCCCCC,85.05865655,,,,
1971998855,CCc1cccc(COC(=O)Nc2ccc(Cc3ccc(NC(=O)OC)cc3)cc2)c1,,0.34243796,,,
1972024406,CCC(COC(=O)OC)OCCCCCCOc1ccc(C=Cc2ccc([N+](=O)[O-])cc2)cc1,,0.3517257,,,
1972032416,Cc1ccc(C(=O)OCCCCCCCCOc2ccc(C=C3CCC(=Cc4ccc(OCCCCCCCCOC(=O)c5ccc(-c6nnc(C)o6)cc5)cc4)C3=O)cc2)cc1,,0.3617754,,,
1972109782,Cc1ccc(C(=O)Oc2ccc(OC(=O)c3ccc(N4C(=O)CC(SCCOCCSC5CC(=O)N(C)C5=O)C4=O)cc3)cc2)cc1,,0.33390562,,,
1972780662,CCC(C)C(=O)OCCOCC,,0.35976017,,,
1973157365,COc1cc(Oc2ccc(C(C)(C)c3ccc(C)cc3)cc2)cc([N+](=O)[O-])c1,,0.37041921,,,
1973279343,CCCCCCCCCCOC(=O)c1ccc(-c2ccc(C(=O)OC)cc2)cc1,,0.35672203,,,
1973417069,CC=CC1CC(C)C2C(=O)N(c3ccc(F)cc3)C(=O)C12,,0.37471023,,,
1973609313,CNc1cccc(C2(c3cccc(NC)c3N)c3ccccc3-c3ccccc32)c1N,,0.37482883,,,
1974222133,COc1ccc(S(=O)(=O)c2ccc(Oc3c(C)cc(-c4cc(C)c(C)c(C)c4Br)c(Br)c3C)cc2)cc1,,0.41770931,,,
1974242688,Cc1ccc(C)c(N2C(=O)c3ccc(-c4ccc5c(c4)C(=O)N(C)C5=O)cc3C2=O)c1,,0.39299942,,,
1974258183,CCCCOCCCCOCCCN1C(=O)c2ccc(C(=O)Oc3ccc(OC(=O)c4ccc5c(c4)C(=O)N(C)C5=O)c(-c4ccccc4)c3)cc2C1=O,,0.34408624,,,
1974383215,CCCCCCCCCCCCOC(=O)c1ccc2cc(C(=O)OC)ccc2c1,,0.35929701,,,
1974978740,CC=C(C)c1c(C)cc(C(C)(C)C)cc1C,,0.44377353,,,
1975082239,Cc1nc(-c2ccccc2)nc(N(c2ccccc2)c2ncnc(N(C)c3ccccc3)n2)n1,,0.41510699,0.185,1.133996819,15.96371163
1975447756,CCCOC(=O)c1ccc(NC(=O)CCCCCCCCCCC(=O)Nc2ccc(C(=O)OC)cc2)cc1,14.08686284,,,,
1975514366,Cc1cccc(OCCCCOc2cccc(N3C(=O)c4ccc(-c5ccc6c(c5)C(=O)N(C)C6=O)cc4C3=O)c2)c1,,0.34563212,,,
1975880565,COc1ccc(Oc2ccc(NC(=O)c3ccc(Oc4ccc(Oc5ccc(C(=O)Nc6ccc(C)cc6)cc5)cc4-c4ccccc4)cc3)cc2)cc1-c1ccccc1,,0.36793579,,,
1976024514,CNc1ccc(C(c2ccc(NC)cc2)C2CCCCC2)cc1,,0.36335791,,,
1976774043,CCCCCCCOc1ccc(C(=O)N(C(=O)c2ccc(OC)cc2)c2cccc3ccccc23)cc1,,0.37512174,,,
1977447931,CNc1cccc(C2(c3cccc(NC)c3)c3cc(N)ccc3-c3ccc(N)cc32)c1,,0.36514594,,,
1978316297,CNc1ccc(-c2cc(NC)cc(-c3cccc(N)c3)c2)cc1,,0.34498231,,,
1978540220,CC(=O)OCCCCCCOC(=O)c1ccc(N2C(=O)c3ccc(C)cc3C2=O)cc1,,0.34266185,,,
1978620404,CCC(C)CCCCCCCCCCCCCCCCCC,,0.40805705,0.381,,
1978702733,COc1ccc(S(=O)(=O)c2ccc(Oc3ccc(C(C)(C)c4ccc(C)c(C(OC)(C(F)(F)F)C(F)(F)F)c4)cc3C(OC)(C(F)(F)F)C(F)(F)F)cc2)cc1,,0.37975399,,,
1978759933,CCCC1C(=O)N(CCCCCCCCCCCCCC)C(=O)C1C,,0.38602412,,,
1978914025,Cc1ccc2c(c1)C(=O)N(c1ccc(N3C(=O)c4ccc(-c5c(-c6ccccc6)c(-c6ccccc6)c(-c6ccc(Oc7ccc(-c8c(-c9ccccc9)c(-c9ccccc9)c(C)c(-c9ccccc9)c8-c8ccccc8)cc7)cc6)c(-c6ccccc6)c5-c5ccccc5)cc4C3=O)cc1)C2=O,,0.40149442,,,
1978930507,CC(=C(C)c1ccc([Si](C(C)C)(C(C)C)C(C)C)cc1)c1ccccc1,,0.45051401,,,
1979011181,Cc1ccc(Oc2ccc(-c3nc(-c4cccc(-c5nnc(-c6ccccc6)c(C)n5)n4)nnc3-c3ccccc3)cc2)cc1,,0.41817078,,,
1979505726,Cc1cccc(S(=O)(=O)NCCCCCCNS(C)(=O)=O)c1,,0.34906326,,,
1979525193,COC1CCC(OC(=O)C(C)=O)CC1,,0.33792482,,,
1979934753,Cc1nnc(-c2ccc(Oc3ccc(C=Cc4ccc(Oc5ccc(C)c6ccccc56)cc4)c4ccccc34)c3ccccc23)o1,,0.38836559,,,
1979939370,CNc1ccc(C2(c3ccc(NC)cc3)c3cc(C#CCCCC)ccc3-c3ccc(C#CCCCC)c(C#C)c32)cc1,,0.39588749,,,
1980536603,CCCc1ccc(-n2on2-c2ccc(CCOC(=O)CCCCCCC(=O)OC)cc2)cc1,17.91289325,,,,
1981136743,COC(COCCOC)COC(C)=O,,0.33674194,,,
1981457097,COc1cccc(Oc2ccc(C(=O)c3ccc(NC(=O)c4cccc(C(=O)Nc5ccc(C(=O)c6ccc(C)cc6)cc5)c4)cc3)cc2)c1,,0.35415935,,,
1981691204,CNc1ccc(/C=C(/c2ccc(NC)cc2)c2cccc(C)c2)cc1,,0.3641488,,,
1981721677,CNC(CCC(=O)OCc1ccc([N+](=O)[O-])cc1)C(C)=O,,0.33486234,,,
1981870695,CNc1nc(=S)[nH]c(NC)c1N,,0.30575132,,,
1981886524,Cc1ccc(Oc2ccc(C=Cc3ccc(Oc4ccc(-c5nnc(C)o5)cc4)c4ccccc34)cc2)cc1,,0.38751411,,,
1982249582,CC#CC(CCCCOC(=O)NCCC)=C(C)CCCCOC(=O)NCCC,40.70123878,,,,
1982444634,COc1ccc(P(C)(=O)c2ccc(Oc3ccc(C(c4ccccc4)(c4ccc(C)cc4)C(F)(F)F)cc3)cc2)cc1,,0.38583407,,,
1982948729,CCCOCCOCCOc1ccc(C=Cc2cc(OC)c(C=Cc3ccc(OC)c4ccccc34)cc2OC)c2ccccc12,,0.35883,,,
1983222428,Cc1ccc(NC(=O)c2ccc(OCCOc3ccc(C(=O)Nc4ccc5[nH]c(C)nc5c4)cc3)cc2)cc1,,0.35057029,,,
1984190839,CCCC=C(C)Cl,,0.39969952,,,
1984350149,CCCN(CCOC(=O)Nc1ccc(C)c(NC(=O)OC)c1)c1ccc(N=Nc2ccc([N+](=O)[O-])cc2C)c(C)c1,,0.35034244,,,
1984402033,CCCCCCCCCCCOc1ccc(-c2cc(-c3ccccc3)c(-c3ccc(NC(=O)c4ccc(C(=O)Nc5ccc(-c6c(-c7ccccc7)cc(-c7ccc(OC)cc7)cc6-c6ccccc6)cc5)cc4)cc3)c(-c3ccccc3)c2)cc1,,0.37093746,,,
1984563739,COc1cccc(NC(=O)c2ccc(Oc3ccc(C(C)(C)c4ccc(C(C)(C)c5ccc(Oc6ccc(C(=O)Nc7ccc(C)cc7)cc6)cc5)cc4)cc3)cc2)c1,,0.3657163,,,
1984715605,CCC(OC)C(C)(C)C,,0.38045208,,,
1985260994,Cc1cc(CCCCCCCCCCCC)c(C)cc1CCCCCCCCCCCC,,,0.356,0.832338804,11.74161872
1985598557,CCCCCCCCCCCCCCCOC(=O)CC/C=C/CCC(=O)OC,,,0.318,,
1985922935,CO[Si](Oc1ccc(C2(c3ccc(C)c(C)c3)c3ccccc3-c3ccccc32)cc1C)(c1ccccc1)c1ccccc1,,0.42654959,,,
1986596083,COc1ccc(C(=O)c2ccc(Oc3ccc(C(=O)c4cccc(C(=O)c5ccc(C)cc5)c4)cc3)cc2)cc1,,0.37091034,,,
1986643136,Cc1ccc2c(c1)C(CCCCCCCC)(CCCCCCCC)c1cc(C)ccc1-2,,0.4176963,,,
1986951321,COc1ccc(NC(=O)c2ccc(C(=O)Nc3ccc(Oc4ccc(C(c5ccc(C)cc5)(C(F)(F)F)C(F)(F)F)cc4)cc3)cc2)cc1,,0.35696671,,,
1987297108,CCC(C)(C)C(=O)Oc1ccc(C(=O)OC)cc1,,0.33216316,,,
1987380350,CCCCCCCCCCCCCCNC(=O)CCCCCCCCCCCC(=O)NC,,0.37680906,0.3835,0.900220523,22.20373128
1987420560,COc1ccc(Oc2ccc(C(=O)c3cccc(C(=O)c4ccc(C)cc4)c3)cc2)cc1S(=O)(=O)O,,0.36037958,,,
1987532740,CNc1cc2c3ccccc3c(NC)cc2c2ccccc12,,0.3388047,,,
1987791441,CC=CC1CC(C)C2C(=O)N(CCCCCC)C(=O)C12,,0.36643423,,,
1987932881,COc1c(OC)cc(-c2cc(OC)c(OC(=O)CCCCCCCCC(C)=O)c(OC)c2)cc1OC,,0.35167826,,,
1988065987,CCCCCCCOP(=O)(N=Nc1ccc(-c2ccc(N=NP(=O)(OC)OC)cc2)cc1)OC,,0.36135767,,,
1988157490,CC(=O)c1ccc(Oc2ccc(C3(c4ccc(Oc5ccc(C(=O)c6ccc7c(c6)C(=O)N(c6ccc(Cc8ccc(N9C(=O)c%10ccc(C)cc%10C9=O)cc8)cc6)C7=O)cc5)cc4)OC(=O)c4ccccc43)cc2)cc1,,0.38151091,,,
1988158741,CNC1=C(c2c(NC)ccc3ccccc23)[C@@H]2C=CC=CC2=CC1,,0.35485105,,,
1988515420,CC(=O)Nc1ccc(Cc2ccc(NC(=O)c3ccc4c(c3)C(=O)N(c3ccc(Oc5ccc(N6C(=O)c7ccc(C)cc7C6=O)cc5)cc3)C4=O)cc2)cc1,,0.3587615,,,
1988563349,CCCCCCCOP(=O)(N=Nc1ccc(CCOC(=O)c2cc(C(=O)OCCc3ccc(N=NP(=O)(OC)OC)cc3)cc(C(C)(C)C)c2)cc1)OC,,0.36086299,,,
1988613729,Cc1ccc(Nc2cccc(Nc3ccc(S(C)(=O)=O)cc3)c2)cc1,,0.38606656,,,
1988695621,CC=Cc1cc(OCCCC)c(C)cc1OC,,0.38141349,,,
1989009104,CNc1ccc(Cc2ccc(NC(=O)c3cccc(C(C)=O)c3)cc2)cc1,,0.35067325,,,
1989599237,Cc1ccc2c(c1)C(=O)N(c1cc(C(c3ccc(OC(=O)C45CC6CC(CC(C6)C4)C5)c(N4C(=O)c5ccc(C(C)(C(F)(F)F)C(F)(F)F)cc5C4=O)c3)(C(F)(F)F)C(F)(F)F)ccc1OC(=O)C13CC4CC(CC(C4)C1)C3)C2=O,,0.39735492,,,
1991040777,CC(OC(F)(F)F)C(C)(F)F,,0.31744193,,,
1991510657,COc1ccc(Oc2ccc(C(=O)c3ccc(C)cc3)cc2)cc1C(C)(C)C,,0.38863246,,,
1991701752,CC1C(C)C2CC1C(C(=O)OCCCc1ccccc1)C2C(=O)OCCCc1ccccc1,,0.35924036,,,
1991992647,CCC(CC)(CO)COC,,0.3383421,,,
1992818207,COc1ccc(C(C)(C)c2ccc(OC(=O)OCC3CCC(COC(C)=O)CC3)cc2)cc1,,0.35273302,,,
1992987283,CCC(=O)NNC(=O)c1ccc(C(=O)NNC(=O)CN2C(=O)c3ccc(C(c4ccc5c(c4)C(=O)N(C)C5=O)(C(F)(F)F)C(F)(F)F)cc3C2=O)cc1,226.7602549,,,,
1993503133,COc1ccc(C=C2CCCC(=Cc3ccc(OC(=O)c4cccc(C(C)=O)c4)c(OC)c3)C2=O)cc1OC,,0.35590759,,,
1994005610,Cc1cccc(C(F)(F)C(F)(F)C(C)(F)F)c1,,0.35942273,,,
1995309810,CNNC(=O)c1ccccc1C(=O)Nc1cccc(C=C2CCC(=Cc3cccc(NC(=O)c4ccccc4C(C)=O)c3)C2=O)c1,,0.3556635,,,
1995487445,CCC(C)(C)C(=O)OCCO[Si](C)(C)C,,0.40711704,,,
1995567642,CCC(C)c1ccc(C(=O)CCN2CCOCC2)cc1,,0.35976341,,,
1995858685,CNC(C)CNC(=O)NCCCCCCNC(C)=O,55.35434565,,,,
1995899423,COc1ccc(CC(NC(=O)Cc2ccc(OC(=O)COCCOCC(C)=O)cc2)C(=O)OCC)cc1,,0.33327297,,,
1997329694,CCCCCCCCCCCCCCCCCOC(=O)C/C=C/CC(=O)OC,,0.37864549,0.315,,
1997475828,CCC(C)CCCCCC,,0.40777595,0.238,,
1997665708,CNc1ccc2c(c1)[C@]1(c3ccccc3-2)c2ccccc2-c2ccc(NC)c(-c3ccccc3)c21,,0.377512415,,,
1997781379,COP(=O)(Oc1ccccc1)Oc1c(C)cc(S(=O)(=O)c2cc(C)c(C)c(C)c2)cc1C,,0.3661802,,,
1998038943,Cc1ccc(N2C(=O)CC(C3C=C(C)C4C(=O)N(C)C(=O)C4C3)C2=O)cc1,,0.38067827,,,
1998309406,Cc1ccc(N2C(=O)c3ccc(C(=O)c4ccc5c(c4)C(=O)N(c4ccc(-c6nc7cc(S(=O)(=O)c8ccc9nc(-c%10ccccc%10)c(C)nc9c8)ccc7nc6-c6ccccc6)cc4)C5=O)cc3C2=O)cc1,,0.41300079,,,
1998608102,CCC(C)(C)C(=O)OCCCCCCCCCCOc1ccc(C#Cc2cc(C)c(C=Cc3ccncc3)cc2C)cc1,,0.38135827,,,
1999110043,CCC(C)(C#N)C(=O)OCC(C)C,,0.37373522,,,
1999630530,COc1ccc(S(=O)(=O)c2ccc(Oc3ccc(C4(c5ccc(C)cc5)CCCC4)cc3)cc2)cc1,,0.37454618,,,
1999832779,COc1ccc(S(=O)(=O)c2cccc3c(S(=O)(=O)c4ccc(Oc5c(C)cc(-c6cc(C)c(C)c(C)c6C)c(C)c5C)cc4)cccc23)cc1,300.6954413,,,,
2000269306,CC/C=C\C[Si](C)(C)CCCOc1ccccc1,,0.37468563,,,
2000354912,CNc1ccc([C@@]2(C)CC(C)(C)c3ccc(NC)c(C)c32)cc1C,,0.37566233,,,
2000390968,CCC(C)(C)C(=O)OC1CCC1,,0.36717327,,,
2000404932,CCC(C)(C)C(=O)OCCCCCCOc1ccc2cc(C(=O)Oc3ccccc3)ccc2c1,,0.35117887,,,
2001829595,CNc1ccc([C@@H](C)CC(C)(C)c2ccc(NC)cc2)cc1,,0.35096863,,,
2001832914,COc1ccc(C(C)(C)c2ccc(OC(=O)CN(CC(C)=O)c3ccc(/N=N/c4ccc([N+](=O)[O-])cc4)cc3)cc2)cc1,,,0.244,1.157411669,16.76101041
2002181530,Cc1cccc(N2C(=O)c3ccc(Oc4cccc(Oc5ccc6c(c5)C(=O)N(C)C6=O)c4)cc3C2=O)c1,,0.35648085,,,
2002293555,CCCCCCCCCCCCSCCCCCCCCCCSC,,,0.352,,
2002425196,CCC(C)(C)C(=O)OCCCCCCCCCCn1c2ccccc2c2cc(C=C(C#N)c3ccc([N+](=O)[O-])cc3)ccc21,,0.3617365,,,
2002464485,CNc1ccc(-c2c(NC)ccc3ccccc23)cc1,,0.34543683,,,
2002874744,CCCCCCCCCCCCc1nc2ccc(-c3ccc4nc(C)oc4c3)cc2o1,,0.37454114,,,
2002898366,CNc1ccc2c(-c3ccccc3)c(NC)ccc2c1-c1ccccc1,,0.35542966,,,
2002993449,CCC(C)NC(=O)OC(C)(C)C,,0.36612133,,,
2003072511,CNc1ccc(NC(=O)c2cc(C(C)=O)cc(C(F)(F)C(F)(F)C(F)(F)C(F)(F)F)c2)cc1,235.6895845,,,,
2003251624,COc1ccc(OC(=O)c2ccc(OC(=O)c3ccc(C(=O)Oc4ccc(C(=O)Oc5ccc(OC(=O)c6cccc(C(C)=O)c6)cc5)cc4)cc3)cc2)cc1,119.4238893,,,,
2003333074,CCCCCCCCCCCNC(=O)CCCCCCCCCCCCCCCCC(=O)NC,,0.37842036,0.381,,
2003821691,CC1C(=O)N(c2cc(Br)c(O[Si](CC)(CC)CC)c(Br)c2)C(=O)C1C,,0.42330372,,,
2004147185,CCC(C)(CC(=O)OCCCCCCC)C(=O)OCCCCCCC,,0.38365749,,,
2004174775,CC=Cc1ccc2c(c1)C(CCCCCCOc1ccc3ccc(=O)oc3c1)(CCCCCCOc1ccc3ccc(=O)oc3c1)c1cc(C=Cc3ccc4c(c3)C(CCCCCC)(CCCCCC)c3cc(C)ccc3-4)ccc1-2,,0.3721787,,,
2004281729,CCC(C)c1cc(C)ccc1C,,,0.173,0.907377009,13.45177375
2004522316,CC(=O)Oc1ccc(OC(=O)c2ccc3c(c2)C(=O)N(c2ccc(S(=O)(=O)c4ccc(N5C(=O)c6ccc(C)cc6C5=O)cc4)cc2)C3=O)c(C(C)(C)C)c1,,0.37267294,,,
2004781454,CNc1ccc(C2CCCCC2)c(C2CCCCC2)c1NC,,0.37629915,,,
2004817978,CCCCCCCCCCCCCNC(=O)CCP(C)(=O)CCC(=O)NC,,0.35766138,,,
2004822166,CCC1CCCC(CN2C(=O)c3ccc(C(c4ccc5c(c4)C(=O)N(C)C5=O)(C(F)(F)F)C(F)(F)F)cc3C2=O)C1,,0.36224817,,,
2005210923,Cc1ccc(Oc2ccc(C(=O)c3cccc(C(=O)c4ccc(Oc5ccc(N6C(=O)c7ccc(Oc8ccc(Oc9ccc(Oc%10ccc%11c(c%10)C(=O)N(C)C%11=O)cc9)cc8)cc7C6=O)cc5)cc4)c3)cc2)cc1,,0.36312657,,,
2005402308,CCC(C)(C)COC(=O)CCCCCCCC(=O)OC,17.01342593,,,,
2005457521,CCCCC(=O)OC,,0.32557378,,,
2005551662,CC1C2CC(CCCCc3ccccc3)C(C2)C1C,,0.36435732,,,
2005844572,CNC1=Cc2c(c3ccc(NC)cc3c3ccccc23)C[C@@H]1c1ccccc1,,0.34384971,,,
2006295259,CSc1cc(C)c(C)cc1C,,0.42409378,,,
2006448599,Cc1ccc2c(c1)C(=O)N(c1c(C)cc(C3(c4cc(C)c(N5C(=O)c6ccc(C(C)(C(F)(F)F)C(F)(F)F)cc6C5=O)c(C)c4)c4ccccc4-c4ccccc43)cc1C)C2=O,,0.44643789,,,
2006513781,CNc1ccc(C(c2ccc(NC)cc2)[C@@H](CCC)[C@H]2CC[C@H](/C=C/[C@H]3CC[C@H](C(C)C)CC3)CC2)cc1,,0.37803401,,,
2006683718,CCC(C)C(=O)c1ccc(C)cc1,,0.38303868,0.1975,1.017121715,11.41539018
2006821254,COc1ccc(OC(C)=O)cc1,105.0499992,,,,
2006996474,CCCCCCCCCCCOC(=O)NCc1ccc(CNC(=O)OC)cc1,,0.34727776,,,
2007281733,Cc1cc(CCCCCCCCCC)c(C)s1,,0.41339329,,,
2007312638,COc1ccc(C(c2ccc(Oc3ccc(C(=O)c4ccc(C)cc4)cc3)cc2)(C(F)(F)F)C(F)(F)F)cc1,,0.37573653,,,
2007560490,Cc1ccc2oc(-c3ccc(-c4nc5cc(C(C)(C(F)(F)F)C(F)(F)F)ccc5o4)cc3)nc2c1,,0.45097253,,,
2007665966,COCC(F)(F)C(F)(F)C(F)(F)COc1nc(F)nc(C)c1F,,0.34008549,,,
2007994317,CCC(C)(C)COC(=O)Cc1ccc(C(=O)OC)cc1,,0.35161343,,,
2008537603,CC=C(C)c1ccccc1,66.12991425,,,,
2008605500,CCC(C)(COC)COCCC#N,,0.38263098,,,
2008709540,CNc1cc(-c2c(NC)ccc3ccccc23)c(N)cc1[C@@H]1c2ccccc2C=C[C@H]1N,,0.34308661,,,
2009603005,CNc1cccc(-c2cccc3ccccc23)c1NC,,0.34900624,,,
2009816260,CNc1ccc2ccc3c(NC)c(-c4ccccc4)c(-c4ccccc4)c4ccc1c2c34,,0.36314793,,,
2010311547,COc1ccc(C(C)(C)c2ccc(OC(=O)c3ccc(C(=O)c4ccc(C(C)=O)cc4)cc3)cc2)cc1,,0.36073846,,,
2010970125,CNCC(C)(C)NC,,0.32677864,,,
2011509747,Cc1ccc(C=C2CCCC(=Cc3ccc(-c4csc(NC(=O)NCCCCCCNC(=O)Nc5nc(C)cs5)n4)cc3)C2=O)cc1,47.02441211,,,,
2011999310,COC(COCCCC)COC(C)=O,,0.35933677,,,
2012503945,CCC(C)OCCOc1ccc(C=C(C#N)C(=O)OC)cc1,,0.34910915,,,
2012816779,COP(=O)(Oc1ccccc1)Oc1ccc(S(=O)(=O)c2ccc(C)cc2)cc1,,0.34868252,,,
2013254124,CCC(O)COc1ccc(C(C)(c2ccccc2)c2ccc(OC)cc2)cc1,,0.35423156,,,
2013412684,CNc1ccc(NC(=O)c2cc(SCCCCCCCC)c(C(C)=O)cc2SCCCCCCCC)cc1,69.67482713,,,,
2014114432,Cc1ccc(Oc2ccc(C(=O)c3cccc(C(=O)c4ccc(Oc5ccc(-c6c7c(c(C)c8ccccc68)C(=O)N(C)C7=O)cc5)cc4)c3)cc2)cc1,,0.37310295,,,
2014263245,COC(F)(F)C(F)(F)C(F)(F)C(C)(F)F,,0.3276198,,,
2014301760,CCCOCCOCCOc1cccc(NC(=O)c2cccc(C(=O)Nc3cccc(OC)c3)c2)c1,,0.33785763,,,
2014418725,Cc1cc(CCCCCCCCCCCCCCCC)c(C)[nH]1,,,0.4075,0.866052711,14.71408344
2014622631,CCC(C)c1cccc(Cl)c1,,,0.14175,1.095935741,14.9638119
2014653068,CCC1CCC(COC(=O)NCCSCCCCCCSCCNC(=O)OC)CC1,,,0.24,,
2014740524,CCC(C)OC(=O)c1ccc(CC)cc1,,0.37318074,,,
2015016927,COc1ccc(S(=O)(=O)c2ccc(OC(=O)OC3C(C)(C)C(OC(C)=O)C3(C)C)cc2)cc1,,0.3572516,,,
2015176684,CCCCCCCNC(=O)c1ccc(C(=O)NC)c(Oc2ccc(-c3ccccc3)cc2)c1,,0.35011454,,,
2015484909,CCCCCCCOC(=O)OCCCCCCCCCOC(=O)OCCCCCCOc1ccc(Oc2ccc(OC)cc2)cc1,,0.35651223,,,
2015550348,CC(=O)c1ccc(C(=O)N(CC)c2ccc(-c3ccc(N(C)CC)cc3)cc2)cc1,62.56896406,,,,
2015619350,CC(=O)OCCCCCOC(=O)c1ccc(N2C(=O)c3ccc(C)cc3C2=O)cc1,,0.33665398,,,
2015647676,CCCCCCCCCCCCCOC(=O)c1ccc(NC(=O)CCCCCCCCCCC(=O)Nc2ccc(C(=O)OC)cc2)cc1,-26.12929226,,,,
2015742836,CC(=O)NCCCCCCNC(=O)c1ccc(N2C(=O)c3ccc(C)cc3C2=O)cc1,,0.33363359,,,
2016514618,Cc1cccc(CCCOc2cccc(N3C(=O)c4cccc(-c5ccc6c(c5)C(=O)N(C)C6=O)c4C3=O)c2)c1,,0.35569719,,,
2016694996,CN=P(C)(OCCCCCCCCCC)OCCCCCCCCCC,,0.40515813,,,
2016828093,CO[Si](C)(C)CCCOc1ccc(C(=O)Oc2ccc(-c3ccc(OC(=O)c4cc(OCCCCC)c(OCCCCC)c(OCCCCC)c4)cc3)cc2)cc1,,0.36863152,,,
2017537150,CCC(F)(F)C(F)(F)COC(=O)NCCCCCCNC(=O)OC,,0.32427748,,,
2017623024,CCCCCCCCCCCc1nc2ccc(-c3ccc4nc(C)oc4c3)cc2o1,,0.37701196,,,
2018770254,Cc1ccc(OC(=O)c2ccc([Si](C)(C)c3ccc(C(=O)Oc4ccc(C5(C)OC(=O)c6ccccc65)cc4)cc3)cc2)cc1,,0.37413124,,,
2019089439,COc1ccc(Oc2ccc(Oc3cccc(C(=O)Oc4ccc(-c5ccc(OC(=O)c6cccc(C)c6)cc5)cc4)c3)cc2)cc1,,0.35465002,,,
2019160480,Cc1cccc(C(c2cccc(N3C(=O)c4ccc(-c5ccc6c(c5)C(=O)N(C)C6=O)cc4C3=O)c2)(C(F)(F)F)C(F)(F)F)c1,,0.37386438,,,
2019662589,CCC(C)c1ccc(COc2ccc(-c3ccc(-c4ccc(-c5ccc(CCCCCC)s5)s4)c4nsnc34)cc2)cc1,,0.38938672,,,
2019749596,CNc1ccc2cccc3c2c1C=C[C@@H]3NC,,0.32848339,,,
2020299176,COc1ccc(C(=O)Nc2ccc(Cc3ccc(NC(=O)c4ccc(Oc5ccc(C(=O)c6ccc(S(=O)(=O)c7ccc(C(=O)c8ccc(C)cc8)cc7)cc6)cc5)cc4)cc3)cc2)cc1,,0.36431498,,,
2020359190,CSC1CCCCC1C,,0.39542833,,,
2020708371,CCCCCCCCCCCOC(=O)CCCCCCCCCCC(=O)OC,,,0.319,,
2020818351,COP(=O)(Oc1ccc(Cl)cc1)Oc1ccc(C(C)(C)c2ccc(C)cc2)cc1,,0.36942228,,,
2020857359,CC1C(C)C2CC1C(C(=O)OCC1CC3CCC1C3)C2C(=O)OCC1CC2CCC1C2,,0.3915968,,,
2020969412,CNc1ccc(Cc2ccc(NC(=O)c3cc(NC(=O)CCN4C(=O)c5ccccc5C4=O)cc(C(C)=O)c3)cc2)cc1,,0.33946762,,,
2021130143,CNc1ccc([C@]2(C)CC(C)(C)c3cc(NC)c(N)c(N)c32)c(N)c1N,,0.35556128,,,
2021290286,CC(=O)c1ccc2c(c1)C(=O)N(c1ccc(Oc3ccc(C(=O)c4ccc5cc(C(=O)c6ccc(Oc7ccc(N8C(=O)c9ccc(C)cc9C8=O)cc7)cc6)ccc5c4)cc3)cc1)C2=O,,0.3742742,,,
2021383868,Cc1ccc2c(c1)C(=O)N(c1ccc(Oc3cccc(-c4cc(-c5ccccc5)cc(-c5cccc(Oc6ccc(N7C(=O)c8ccc(C(C)(C(F)(F)F)C(F)(F)F)cc8C7=O)cc6)c5)n4)c3)cc1)C2=O,,0.3772372,,,
2021473660,CCCOC(=O)CCCCCCCCCCC(=O)OCCOC(=O)c1ccc(C(=O)OC)cc1,,0.34409739,,,
2021478343,CCCC1C(=O)N(CCCCNC(=O)C(F)(F)C(F)(F)C(F)(F)C(F)(F)C(F)(F)C(F)(F)C(F)(F)F)C(=O)C1C,,0.31483442,,,
2022011396,COc1ccc(Oc2ccc(Nc3ccc(S(=O)(=O)c4ccc(Nc5ccc(C)cc5)cc4)cc3)cc2)cc1,,0.39625118,,,
2022159696,CCCNC(=O)c1ccc(C(=O)NCCOc2ccc3c(OC)cccc3c2)cc1,,0.33252314,,,
2022505233,CCC(C)C(=O)OCC(F)(F)C(F)(F)C(F)(F)C(F)(F)F,,0.32766063,,,
2023609610,CNc1ccc2ccc(NC)c3c4cccc5cccc(c1c23)c54,,0.33884923,,,
2023841912,Cc1ccc2c(c1)C(=O)N(c1ccc(Cc3ccc(N4C(=O)c5ccc(C(F)(F)C(F)(F)C(C)(F)F)cc5C4=O)cc3)cc1)C2=O,,0.3587456,,,
2024518785,CNc1ccc2c3ccc(NC)c4cccc(c5cccc1c52)c43,,0.33265387,,,
2024524302,CCC(C)c1cc(OC)c(O)c(OC)c1,,0.32962822,,,
2024808471,CCC(F)(F)C(F)(F)C(F)(F)COC(=O)c1cccc(-c2cccc(C(=O)OC)c2)c1,,0.33493908,,,
2024926859,CNc1ccc(C2(c3ccc(NC)cc3)Cc3ccc(cc3)C2)cc1,,0.34766302,,,
2025206311,CNC1=C2C=CC=C[C@@H]2[C@@](NC)(c2c(C)cc(N)c3ccccc23)C(C)=C1,,0.36137025,,,
2025276311,CC/C=C\C[Si](C)(C)CCCOc1ccc(-c2ccccc2)cc1,,0.36376356,,,
2025508516,COc1cccc(C(C)=O)c1,,0.34146211,,,
2025809998,COC(Cc1ccccc1)C(C)=O,,0.35974569,,,
2025970688,CCCCCCCCCCCCCNC(=O)C(OC)C(OC)C(=O)NC,,0.36064464,,,
2026398041,Cc1cccc(N2C(=O)c3cccc(Oc4ccc(Oc5cccc6c5C(=O)N(C)C6=O)cc4)c3C2=O)c1,,0.35986411,,,
2026422493,Cc1ccc(Oc2cc3ccccc3cc2Oc2ccc(N3C(=O)c4ccc(S(=O)(=O)c5ccc6c(c5)C(=O)N(C)C6=O)cc4C3=O)cc2)cc1,,0.37064659,,,
2026602715,COc1ccc(CC2(Cc3ccc(C)cc3)c3ccccc3-c3ccccc32)cc1,,0.38673574,,,
2026869258,Cc1ccc(Oc2ccc(N3C(=O)c4ccc(-c5cccc6c5C(=O)N(C)C6=O)cc4C3=O)cc2)cc1,,0.37709986,,,
2026975698,CCC(C)(C)C(=O)OCCCN(CCO)c1ccc(N=Nc2ccc([N+](=O)[O-])cc2)cc1,,0.35100241,,,
2027806037,CC[Si](C)(C)CCCn1c2ccccc2c2ccccc21,,0.36146235,,,
2028307602,CNc1cc2c(cc1NC)C1(CC1)CC2(C)C,,0.36330601,,,
2028500149,CCC(C)CCC1CCCCC1,,,0.2176666666666666,,
2028527037,CCc1ccc(CSSC)cc1,,0.40158924,,,
2028683291,CCC(=O)Nc1ccc(C2(c3ccc(NC(=O)c4ccc5c(c4)C(=O)N(C)C5=O)cc3)c3ccccc3-c3ccccc32)cc1,,0.36284889,,,
2029399840,CCCOC(=O)c1ccc2cc(C(=O)OC)ccc2c1,,0.3346262,,,
2030056583,CCC(C)C(=O)N(C(C)C)C(C)C,,,0.1865,0.844059103,11.58798505
2030717926,CCCCCCCC(=O)NCCCCCCNC(=O)CCCOC,1.467345964,,,,
2030734021,COc1ccc(NC(=O)c2c(F)c(F)c(C(=O)Nc3ccc(C)cc3)c(F)c2F)cc1,168.6168885,,,,
2031010727,CCC(C)c1ccc(C(=O)OCCCCCC)cc1,,0.37921152,,,
2031068763,COc1ccc(Oc2ccc(C(=O)c3ccc(C(=O)c4ccc(C)cc4)cc3)cc2)cc1-c1ccccc1,,0.38107447,,,
2031096142,COc1ccc(Oc2ccc(OC(=O)c3cccc(Oc4ccc(Oc5cccc(C(C)=O)c5)cc4)c3)cc2)cc1,,0.35436946,,,
2031152163,Cc1ccc(N2C(=O)c3ccc(Oc4ccc(C(C)(C)c5cccc(Oc6ccc7c(c6)C(=O)N(C)C7=O)c5)cc4)cc3C2=O)cc1,,0.37049123,,,
2031378457,CCC(C)CCC(C)CC,,,0.229,0.791153015,11.37248496
2031413397,CCCN(CCOC(=O)c1cc(OC2CCN(c3ccc(S(=O)(=O)C(F)(F)C(F)(F)C(F)(F)C(F)(F)C(F)(F)C(F)(F)C(F)(F)C(F)(F)F)cc3)CC2)cc(C(=O)OC)c1)c1ccc(S(=O)(=O)C(F)(F)C(F)(F)C(F)(F)C(F)(F)C(F)(F)C(F)(F)C(F)(F)C(F)(F)F)cc1,,0.34244923,,,
2031789072,CCC(C)CNc1ccc([N+](=O)[O-])cn1,,0.37295814,0.192,1.22830711,12.89532483
2032432464,CCCC(C(=O)OC)C(C)C(=O)OC,,0.33473342,,,
2032438783,CNc1ccc2c(c1)[C@@]1(c3ccccc3-2)c2ccccc2-c2cccc(-c3ccccc3NC)c21,,0.3737942,,,
2033020840,CCC(C)(C)CS(=O)(=O)CC(C)(C)COC(=O)NCCCCCCNC(=O)OC,,0.3457558,,,
2033581658,CC1C(C)C2CC1C(C(=O)OCCC1CC3CCC1C3)C2C(=O)OCCC1CC2CCC1C2,,0.38027867,,,
2033646210,CNc1cccc(-c2cc(-c3ccccc3C)c(-c3ccccc3C)c(-c3ccccc3)c2-c2ccccc2)c1NC,,0.3749928,,,
2033898259,CCc1ccc(CNC(=O)CCCCCCCCCCCCCCCCC(=O)NC)cc1,,0.36245212,0.3299999999999999,0.962041851,19.70952259
2034204725,CCCCCCCCCCCNC(=O)CCCCCCCCCCCCCCCCCCC(=O)NC,,,0.3873333333333333,0.892460081,24.81577292
2034484019,COc1ccc(OC(=O)c2ccc(OCCCCCCCCCCCCOc3ccc(C(C)=O)cc3)cc2)cc1S(=O)(=O)c1ccccc1,,0.36220577,,,
2035254874,CCCCCCCCCCCNC(=O)C=C(C)C(=O)NC,,0.35574403,,,
2035543497,CCCCCNC(=O)c1cccc(C(=O)NC)c1,,0.32480195,,,
2035696631,CNc1ccccc1C1(c2cc(C(C)(C)C)ccc2NC)CCCCC1,,0.37402396,,,
2035735306,COc1ccc(P(C)(=O)c2ccc(C)cc2)cc1,,0.38176997,,,
2035749307,CCC(C)OC(=O)c1ccc(OC(=O)CC)cc1,,0.34337593,,,
2035906358,Cc1ccc(Oc2ccc(C(C)(C)c3ccc(Oc4ccc(-c5nnc(C)c6c(-c7ccc(F)cc7)c(-c7ccc(F)cc7)c(-c7ccc(F)cc7)c(-c7ccc(F)cc7)c56)cc4)cc3)cc2)cc1,,0.4058732,,,
2036221295,CNc1ccc(C(c2ccc(N)cc2)c2ccc(NC)cc2)cc1,,0.35715159,,,
2036690814,CC(CC)=C(C)c1ccccc1,,0.40534286,,,
2036937559,CNc1ccc(-c2ccc(NC)cc2-c2ccc(C(C)(C)C)cc2)cc1,,0.3670132,,,
2036966102,CC(C)O,,0.24565388,,,
2037050348,CNCc1ccc(CNC)cc1,,0.320806375,,,
2037235529,CNc1nc(NC)nc(N(C)C)n1,,0.33908484,,,
2037427343,CNc1ccc(-c2c(-c3ccc4ccccc4c3)c(-c3ccc4ccccc4c3)c(NC)c(-c3ccc4ccccc4c3)c2-c2ccc3ccccc3c2)cc1,,0.36989415,,,
2037755126,COc1ccc(S(=O)(=O)c2ccc(Oc3c(C)cc(C(c4cc(C)c(C)c(C)c4)(C(F)(F)F)C(F)(F)F)cc3C)cc2[Si](C)(C)C)c([Si](C)(C)C)c1,,0.41286543,,,
2038032102,CCc1ccc(COC(=O)Cc2ccc(C(=O)OC)cc2)cc1,,0.34236476,,,
2038593828,CCCCCCCCCCCOC(=O)NCCCCCCCCCCNC(=O)OC,,,0.316,,
2038600003,CCC(C)(C)C(=O)OCc1cccc(Cl)c1,,0.3685976,,,
2038692066,CC=C(C)c1ccccc1[Ge](C)(C)C,,0.44377353,,,
2038784698,CNc1ccc(C)cc1CC,162.1855704,,,,
2038813510,CC(=O)c1ccc2c(c1)C(=O)N(c1ccc(Cc3ccc(N4C(=O)c5ccc(C)cc5C4=O)c(C(C)(C)C)c3)cc1C(C)(C)C)C2=O,,0.4037542,,,
2039137441,CC(C)CC,,,0.206,,
2039185015,CC1OCOC(C(C)(F)F)C1(F)F,,0.31802359,,,
2039265517,CNCC1=Cc2c(NC)ccc3cccc(c23)C1,,0.33495644,,,
2039296323,Cc1ccc(Oc2ccc(-c3ccc(Oc4ccc(-c5nnc(C)c6c(-c7ccccc7)c(-c7ccc8ccccc8c7)c(-c7ccc8ccccc8c7)c(-c7ccccc7)c56)cc4)cc3)cc2)cc1,,0.40570846,,,
2039689406,CCC(C)(C)c1nc(N(CCOCCOCCOC)CCOCCOCCOC)nc(N(CCOCCOCCOC)c2ccccc2)n1,,0.35963207,,,
2040418137,Cc1c(C)cc(Cc2cc(C)c(N3C(=O)c4ccc(Oc5ccc(C(C)(C)c6ccc(Oc7ccc8c(c7)C(=O)N(C)C8=O)cc6)cc5)cc4C3=O)c(C)c2)cc1C,,0.39213223,,,
2040580299,COc1ccc(Oc2ccc(Oc3ccc(C(C)(C)c4ccc(C)cc4)cc3)cc2)cc1,,0.37740838,,,
2040837596,CCCCCCCCCCCCCCCCCCCCCCCOC(=O)CCCCC(=O)OC,,,0.376,0.893790404,19.43446517
2040930933,CNc1ccc2ccc3c(NC)c(-c4cccc(C)c4)cc4ccc1c2c43,,0.34832984,,,
2041026757,Cc1cc(CCCC)c(C)s1,,0.4491673,,,
2041864294,Cc1ccc(OCCCCCCCCCCCOC(=O)c2ccc(C(=O)OCCCCCCCCCCCOc3cccc(-c4nnc(C)s4)c3)cc2)cc1,,0.37179476,,,
2041930704,Cc1ccc(Oc2ccc(C(=O)c3ccc(C(=O)c4ccc(Oc5ccc(N6C(=O)c7ccc(-c8ccc9c(c8)C(=O)N(C)C9=O)cc7C6=O)cc5)cc4)cc3)cc2)cc1,,0.37294801,,,
2042324873,CC=C(C)c1nc2ccccc2n1C,-6.104199835,,,,
2042618640,CC=Cc1ccc2c3ccc(C)cc3n(-c3ccc(OCCCCCCCCCC)c(OCCCCCCCCCC)c3)c2c1,,0.38669468,,,
2042805767,Cc1ccc(Oc2ccc(-c3ccc(-c4ccc(-c5ccc(Oc6ccc(-c7c8c(c(C)c9ccccc79)C(=O)N(c7ccccc7)C8=O)cc6)c(C(F)(F)F)c5)cc4)cc3)cc2C(F)(F)F)cc1,,0.38592112,,,
2042962957,CCC(C)c1cc(Br)ccc1OCCC,,0.4104551,0.136,,
2042985265,CNCCc1c(NC)ccc2ccccc12,,0.33294897,,,
2043343589,Cc1ccc(-c2ccc(N3C(=O)c4ccc(-c5cccc6c5C(=O)N(C)C6=O)cc4C3=O)c(C)c2)cc1C,,0.38576498,,,
2043894726,Cc1ccc(Oc2ccc(NC(=O)c3ccc(C(=O)Nc4ccc(Oc5ccc(-c6nnc(C)o6)cc5)cc4)c(Oc4ccccc4)c3)cc2)cc1,,0.36628379,,,
2044319304,Cc1ccc(Oc2ccc(S(=O)(=O)c3ccc(Oc4ccc(-c5c6c(c(C)c7ccccc57)C(=O)N(c5ccccc5-c5ccccc5)C6=O)cc4)cc3)cc2)cc1,,0.38414881,,,
2044554925,CNc1ccc2c(c1)[C@H]1CC[C@@H]2c2ccc(NC)cc21,,0.3658294,,,
2044694871,CCC(CCCCCC)C(CCCCCC)COC(=O)c1ccc(C(=O)OC)cc1,,0.37457172,,,
2044966386,CNc1ccc([C@H](CC)c2ccc([C@@](CCC)(c3ccc([C@H](CC)c4ccc(NC)cc4C)cc3)C3CCCCC3)cc2)c(C)c1,,0.38839084,,,
2045712230,CNc1ccc2cccc3c2c1C(c1ccc(CCCC)cc1)=C(c1ccc(CCCC)cc1)[C@H]3NC,,0.3682026,,,
2046153733,CNc1ccc(C[C@@H](c2ccc(NC)cc2)C(c2cccc(N)c2)c2cccc(N)c2)cc1,,0.35616115,,,
2046167476,CCCCCCCSCCCCCSC,,,0.241,,
2046736007,CNC1=C(CC=C)[C@H](CC=C)c2cccc3ccc(NC)c1c23,,0.33818589,,,
2046892348,CCCCCOc1ccc(C(=O)OC(=O)c2ccc(OC)cc2)cc1,,0.33643184,,,
2046956333,CNc1ccc(-c2ccc(NC)c(C(c3cc(-c4ccc(N)cc4)ccc3N)(c3cc(-c4ccc(N)cc4)ccc3N)c3cc(-c4ccc(N)cc4)ccc3N)c2)cc1,,0.34585373,,,
2047082921,CNc1cccc(NC(=O)c2cc(NC(=O)C34CC5CC(CC(C5)C3)C4)cc(C(C)=O)c2)c1,,0.3518154,,,
2047303918,Cc1ccc(Oc2ccc(-c3ccc(Oc4ccc(N5C(=O)c6cccc(Oc7c(Oc8cccc9c8C(=O)N(C)C9=O)cc(C(C)(C)C)cc7C(C)(C)C)c6C5=O)cc4)cc3)cc2)cc1,,0.3876841,,,
2047470696,CNc1ccc2c(c1)C1c3cc(N)ccc3C2c2ccc(NC)cc21,,0.38546708,,,
2047526312,CCC(O)COc1ccc(C(C)(C)c2ccc(OCC(O)COc3cccc(NC(=O)CCCC(=O)Nc4cccc(OC)c4)c3)cc2)cc1,,0.33823192,,,
2047662238,CC=CC(COCc1ccccc1)C(C)COCc1ccccc1,,0.36790087,,,
2047820714,CCC(C)(C)C(=O)OCCCCCCCCOc1ccc(N=Nc2ccc(C#N)cc2)cc1,,0.37032483,,,
2047965728,CCCCCCOC(=O)OC,,0.3428874,,,
2048401412,CCC(C)c1ccc([Si](C)(O[Si](C)(C)C)O[Si](C)(C)C)cc1,,0.46187463,,,
2048601766,Cc1ccc(Sc2ccc(Sc3ccc(Sc4ccc(S(C)=O)cc4)cc3)cc2)cc1,,0.38833103,,,
2049016668,CCCCCCCCCC(Cl)C(C)Cl,,0.39594162,,,
2049074412,CO[Si](C)(C)CC[Si](C)(C)O[Si](C)(C)C,,0.47403099,,,
2049185141,CNC(CC(C)=O)c1ccccc1,-30.79261317,,,,
2049372451,CCCC([2H])C(C)([2H])C,,0.40087335,,0.8045306,19.33954208
2049646481,CNNC(=O)c1cc(NC(=O)c2ccc3c(c2)C(=O)N(c2ccc(C)cn2)C3=O)cc(C(=O)NNC(=O)CC(C)=O)c1,,0.33031505,,,
2049675087,COCCOC(=O)CCCC(=O)OCCOc1nc(-c2ccc(OCCCC)cc2)nc(C)c1-c1ccc(OC)cc1,,0.35340123,,,
2049722638,Cc1ccc(-c2ccc(-c3nc4cc5sc(C)nc5cc4s3)cc2)cc1,343.9030515,,,,
2049724174,CNc1cc2ccc3cc(NC)c(-c4ccccc4N)c4ccc(c1-c1ccccc1N)c2c34,,0.3574156,,,
2050460955,CCC(C)(C)C(=O)OCCCCCCCCCCCOc1ccc(N=Nc2ccc(OC(=O)c3ccc4c(c3)OCCOCCOCCOCCO4)cc2)cc1,,0.35856938,,,
2050550943,CC#CC(CCCCOC(=O)NCC(=O)OCCCC)=C(C)c1cncnc1,73.99227071,,,,
2051195531,Cc1ccc2nc(C)cc(-c3ccccc3)c2c1,,0.44585296,,,
2051477971,CCCCCCCCCCCOC(=O)c1ccc2cc(C(=O)OC)ccc2c1,,0.36034305,,,
2052142146,CNC(NC)(C(=O)O)[C@@](N)(CC)[C@H](C)CC,,0.32721584,,,
2052261609,CNc1c(CC)cc2ccccc2c1-c1c(NC)c(CC)cc2ccccc12,,0.36951998,,,
2052739724,CCC(C)(C)C(=O)OCCn1c2ccccc2c2cc(N=Nc3ccc([N+](=O)[O-])cc3)ccc21,,0.36133223,,,
2053050930,CCC(=O)OC(=O)COc1ccc(OC)cc1,,0.31004011,,,
2053127764,CC(=O)NCCC[Si](C)(C)O[Si](C)(C)CCCNC(=O)c1ccc2c(c1)C(=O)N(c1ccc(Oc3ccc(N4C(=O)c5ccc(C)cc5C4=O)cc3)cc1)C2=O,143.0502256,,,,
2053139068,CCCC1C(=O)N(CCCCCC)C(=O)C1C,,0.35708568,,,
2053145171,CNc1cc(NC(=O)c2ccc(C(C)=O)cc2)cc(C(=O)OC(c2ccccc2)c2ccccc2)c1,,0.35378729,,,
2053208810,Cc1ccc(N2C(=O)c3ccc(C(=O)c4ccc5c(c4)C(=O)N(c4ccc(-c6nc7cc(Oc8ccc9nc(-c%10ccccc%10)c(C)nc9c8)ccc7nc6-c6ccccc6)cc4)C5=O)cc3C2=O)cc1,,0.41165056,,,
2053534445,CCC(CC(C)C)S(C)(=O)=O,,0.37757511,,,
2053664112,CNCCNC,,0.30366476,,,
2053842039,CC=Nc1ccc(N=Cc2cccc(C)n2)cc1,139.1234551,,,,
2053942851,CCCCCCCCCCCCCNC(=O)CCCCCCCCCCCCCCCCC(=O)NC,,0.37997569,,,
2054944349,COc1ccc(CC(NC(=O)CCc2ccc(OC(=O)CCCCCCC(C)=O)cc2)C(=O)OCCOCCOCC)cc1,,0.34633358,,,
2055026518,COc1ccc(S(=O)(=O)c2ccc(-c3ccc(S(=O)(=O)c4ccc(Oc5ccc(-c6ccc(-c7ccc(C)cc7)cc6)cc5)cc4)cc3)cc2)cc1,,0.37441268,,,
2055219346,COc1ccc(-c2ccc(OC(=O)c3ccc(C(C)=O)cc3Oc3ccc(C(C)(C)c4ccccc4)cc3)cc2)cc1,135.0490958,,,,
2055251139,CCC(C)(C)C(=O)OCCCCOc1ccc(C(=O)Oc2ccc(OC)cc2)cc1,,0.33838791,,,
2055325406,CC#CC(OS(=O)(=O)c1ccc(C)cc1)=C(C)OS(=O)(=O)c1ccc(C)cc1,164.1018919,,,,
2056311741,CC(=O)c1ccc2c(c1)C(=O)N(c1cccc(P(=O)(c3ccccc3)c3cccc(N4C(=O)c5ccc(C)cc5C4=O)c3)c1)C2=O,,0.38469129,,,
2057063340,Cc1ccc(Oc2cccc(Oc3ccc(N4C(=O)c5cccc(Oc6ccc(-c7ccc(Oc8cccc9c8C(=O)N(C)C9=O)cc7)cc6)c5C4=O)cc3)c2)cc1,,0.361259,,,
2057209972,COc1ccc(S(=O)(=O)c2ccc(Oc3ccc(C4(c5ccc(C)cc5)C5CC6CC(C5)CC4C6)cc3)cc2)cc1,,0.38601547,,,
2057275568,CCC(C)(C#N)C(=O)OCC,,0.35400751,0.1805,1.034280592,15.74241811
2057370661,Cc1ccc(OCCCCCCN(CC)c2ccc(C(C#N)=C(C#N)C#N)cc2)c(-c2cc(-c3ccccc3)c3cc(Oc4ccc5nc(C)cc(-c6ccccc6)c5c4)ccc3n2)c1,,0.38886127,,,
2057806483,CCC(=O)OC,,0.29139366,,,
2058153586,CNc1ccc(-c2ccc(NC)cc2-c2ccccc2C(C)(C)C)cc1,,0.35895204,,,
2058169887,Cc1ccc(OC(=O)c2ccc(C(=O)Oc3ccc(-c4nc5ccccc5nc4C)cc3)cc2)cc1,,0.36797942,,,
2058537463,Cc1ccc(Oc2ccc(C(=O)c3ccc(Oc4ccc(C5(C)OC(=O)c6ccccc65)cc4)cc3)cc2)cc1,,0.38030093,,,
2058722180,CNc1ccc2c(c1)C(/C(C)=C/C(=C)C(=C)c1ccccc1)(C(/C=C(\C)C(=C)c1ccccc1C)=C/C)c1cc(NC)ccc1-2,,0.359086085,,,
2058912273,Cc1cccc(C(=O)c2c(C)cc(C)c(N3C(=O)c4ccc(-c5ccc6c(c5)C(=O)N(C)C6=O)cc4C3=O)c2C)c1,,0.3935505,,,
2059069732,COc1cccc(Oc2ccc(C(=O)c3ccc(NC(=O)c4ccc(C(=O)Nc5ccc(C(=O)c6ccc(C)cc6)cc5)cc4)cc3)cc2)c1,,0.35539719,,,
2059156449,CNC[C@@H](CC(O)(COCCO)C[C@@H](N)CN)NC,,0.29619414,,,
2059422357,CCCCCCCNC(=O)C(CCCCCCCCCCCCCCCC)C(=O)NC,,,0.3235,0.89124948,13.96037752
2059649155,CCCN(C)C(=O)CCCCCCCCCCCCCCCCC,,0.39935287,0.4005,0.856888696,12.96507874
2059802205,Cc1ccc(Oc2ccc(C(C)(C)c3ccc(Oc4ccc(N5C(=O)c6ccc(-c7ccc8c(c7)C(=O)N(C)C8=O)cc6C5=O)cc4)cc3)cc2)cc1,,0.37114536,,,
2060308564,CCCCCCCN1C(=O)C(=O)N(c2ccc(Cc3ccc(N4C(=O)C(=O)N(C)C4=O)cc3)cc2)C1=O,,0.33818344,,,
2061363511,CO[Si](C)(C)c1ccc(-c2ccc([Si](C)(C)C)cc2)cc1,,0.40778557,,,
2061931988,CNc1cccc(-c2ccc(NC)c(-c3ccccc3)c2-c2ccccc2)c1-c1ccccc1,,0.36810011,,,
2062389305,CC(=O)c1ccc2c(c1)C(=O)N(c1c(C)cc(C(c3cccc(C(F)(F)F)c3)c3cc(C)c(N4C(=O)c5ccc(C)cc5C4=O)c(C)c3)cc1C)C2=O,,0.42825804,,,
2062460228,COC(C)CCOC(=O)C(CCCCCCOc1ccc(N=Cc2ccc([N+](=O)[O-])cc2)cc1)C(C)=O,,0.3535486,,,
2062588877,CC/C=C\C[Si](C)(c1ccccc1)c1ccccc1,,0.36746772,,,
2062611807,CCC(C)OC(=O)CCCCCCCCCCC,,,0.261,0.878322012,11.53444859
2062868312,COc1ccc(NC(=O)Nc2cc(NC(=O)Nc3ccc(C)c(-c4ccc(Oc5ccccc5)cc4)c3)ccc2C)cc1-c1ccc(Oc2ccccc2)cc1,,0.35573638,,,
2062933383,CNc1ccc(-c2ccc(NC)c(-c3cccc4ccccc34)c2-c2cccc3ccccc23)cc1,,0.36652016,,,
2063026043,Cc1ccc(-c2ccc(C(C)(C)C)cc2)cc1,210.9469969,,0.247,0.952850626,21.2582938
2063396498,CNc1cc2ccc3cc4ccccc4cc3c2cc1NC,,0.33601961,,,
2063473981,CCC(C)C(=O)NCCCCCCCCCCCCCCCCCC,,,0.383,0.856385762,12.90114502
2063616676,CC(=O)c1ccc2c(c1)C(=O)N(c1c(-c3ccccc3)cc(-c3ccc(-c4cc(-c5ccccc5)c(N5C(=O)c6ccc(C)cc6C5=O)c(-c5ccccc5)c4)cc3)cc1-c1ccccc1)C2=O,,0.41151687,,,
2063798200,CNc1ccc(-c2cc(-c3ccccc3)cc(-c3ccc(NC)cc3)c2)cc1,,0.34830668,,,
2064196181,CCc1ccc(C(C)(C)c2ccc(CN3C(=O)c4ccc(Oc5ccc6c(c5)C(=O)N(C)C6=O)cc4C3=O)o2)o1,,0.35498107,,,
2064758203,CCCCCCCNC(=O)c1cccc(C(=O)NC)c1,,0.33764857,,,
2065005983,CNc1cc(NC(=O)C(C)=O)ccc1C,,0.3160157,,,
2065007908,CC(=O)Nc1cccc(NC(=O)c2ccc3c(c2)C(=O)N(c2ccc(-c4sc(-c5ccc(N6C(=O)c7ccc(C)cc7C6=O)cc5)c(-c5ccccc5)c4-c4ccccc4)cc2)C3=O)c1,,0.38895508,,,
2065090283,CCCOCCOC(=O)C(CCCCCCCCC)C(=O)OC,,0.37130804,0.224,,
2065153152,CNc1cc(OC)c(C)cc1OC,168.2573371,,,,
2065252291,CCCCCCCC(=O)NCCCCCCNC(=O)CCCCCCOC,,,0.3215,0.964171286,21.61972619
2065279499,Cc1cc(C(=O)NCCCCCC)cc(N2C(=O)c3ccc(-c4ccc5c(c4)C(=O)N(C)C5=O)cc3C2=O)c1,,0.37249776,,,
2065383771,COc1ccc(C2(c3ccc(OC(=O)c4cccc(C(C)=O)c4)cc3)c3ccccc3-c3ccccc32)cc1,,0.37279646,,,
2065621883,Cc1ccc2c(c1)C(=O)N(c1c(C)cc(C(c3cccc(C(F)(F)F)c3)c3cc(C)c(N4C(=O)c5ccc(C(C)(C(F)(F)F)C(F)(F)F)cc5C4=O)c(C)c3)cc1C)C2=O,,0.42381981,,,
2066065208,CCC(O)COc1ccc(C(C)(C)c2ccc(OCC(O)COc3c(C)cc(C(C)(C)c4cc(C)c(OC)c(C)c4)cc3C)cc2)cc1,,0.36071143,,,
2066192425,CCC(C)(CC(=O)OC(C)C)C(=O)OC(C)C,,0.37215507,,,
2066262373,CCC1CCCC(CNC(=O)CCCCCCCCCCC(=O)NC)C1,26.18556129,,,,
2066820207,Cc1ccc(Oc2ccc(Oc3ccc(N4C(=O)c5ccc(Oc6ccc(Oc7ccc8c(c7)C(=O)N(C)C8=O)cc6)cc5C4=O)cc3)cc2)cc1,191.2304459,,,,
2066955666,Cc1ccc(Oc2ccc(N3C(=O)c4ccc(Oc5c(C)cc(Cc6cc(C)c(Oc7ccc8c(c7)C(=O)N(C)C8=O)c(C)c6)cc5C)cc4C3=O)cc2)cc1,,0.38651077,,,
2067168064,CCOC(=O)c1ccc(C(C#N)=C(c2ccc(OC)cc2)N2CCCC(C)C2)cc1,,0.37236843,,,
2067238428,CCC(C)(C)COC(=O)c1ccc(C(=O)OC)cc1,,0.351598,,,
2067309904,Cc1ccc2c(c1)C(=O)N(c1ccc(OC(CCC)COc3ccc(N4C(=O)c5ccc(C(C)(C(F)(F)F)C(F)(F)F)cc5C4=O)cc3)cc1)C2=O,,0.36517902,,,
2067484299,CCC(C)C(=O)NCCCCCCCCCCCC,21.73577755,,0.3435,0.870895681,11.87004823
2068061676,CNc1ccc(-c2ccc(-c3ccc(NC)c(-c4ccccc4C)c3-c3ccccc3C)cc2)cc1,,0.37174868,,,
2068076576,CNc1ccc(C2c3ccc(N)cc3-c3cc(NC)ccc32)cc1,,0.36276266,,,
2068084714,CC(=O)NCC(C)(C)CNC(=O)c1ncn(C)c1C,,0.33746625,,,
2068351519,COc1ccc(C(=O)CCCCCCCCC(=O)c2ccc(OC(C)=O)cc2)cc1,6.568396994,,,,
2068477355,CCc1ccc(CNC(=O)CCCCCCCCCCCC(=O)NC)cc1,,0.35427449,,,
2068736249,COc1ccc(OC(=O)c2cc(OCCCCCCCCOCC3CCCN3c3ccc([N+](=O)[O-])cc3)c(C(C)=O)cc2OCCCCCCCCOCC2CCCN2c2ccc([N+](=O)[O-])cc2)cc1,,0.35365329,,,
2069332669,CCc1ccccc1[Si](C)(C)c1ccccc1,,0.38506793,,,
2069899879,CC(=O)c1ccc2c(c1)C(=O)N(c1cc(C=NC(=S)Nc3ccc(N4C(=O)c5ccc(C)cc5C4=O)cc3)ccc1Cl)C2=O,,0.36685025,,,
2070158798,COc1ccc(OC(=O)c2ccc(C(C)=O)cc2Oc2ccc(Br)cc2)cc1,,0.36519909,,,
2070291544,CCC(C)C(C)CC,,,0.1897499999999999,0.768938442,10.88423334
2070641529,Cc1ccc(C(=O)Oc2c(C)cc(C(c3cccnc3)c3cc(C)c(OC(=O)c4ccc(N5C(=O)CC(Nc6ccc(Cc7ccc(NC8CC(=O)N(C)C8=O)cc7)cc6)C5=O)cc4)c(C)c3)cc2C)cc1,,0.3762598,,,
2070649419,COc1ccc(C2(c3ccc(OC(=O)c4ccc(C(C)=O)cc4)cc3)CCC(C(C)(C)C)CC2)cc1,,0.37035787,,,
2070663964,CCC(F)(F)C(F)(F)C(F)(F)COC(=O)c1cc(C(=O)OC)cc(C(F)(F)C(F)(F)C(F)(F)C(F)(F)C(F)(F)C(F)(F)C(F)(F)F)c1,,0.32423467,,,
2070820503,CC(=O)c1ccc(Oc2ccc(Oc3ccc(C(=O)c4ccc5c(c4)C(=O)N(c4ccc(Oc6ccc(N7C(=O)c8ccc(C)cc8C7=O)cc6)cc4)C5=O)cc3)cc2)cc1,,0.37017356,,,
2071087091,COc1ccc(C(C)(c2ccccc2)c2ccc(Oc3c(F)c(F)c(C(=O)c4c(F)c(F)c(C)c(F)c4F)c(F)c3F)cc2)cc1,,0.37735643,,,
2071088939,Cc1ccc(Oc2cccc(-n3c(=O)c4cc5c(=O)n(-c6cccc(Oc7ccc(-c8nc9cc%10sc(C)nc%10cc9s8)cc7)c6)c(=O)c5cc4c3=O)c2)cc1,,0.40063451,,,
2071134178,CNc1ccccc1/C(=C(\c1ccccc1)c1ccccc1NC)c1ccccc1,,0.37548101,,,
2071365385,CCC(C)c1ccccc1C(F)(F)F,,0.37373278,,,
2071704186,Cc1ccc(Oc2ccc(-c3ccc(Oc4ccc(N5C(=O)c6ccc(Oc7ccccc7Oc7ccc8c(c7)C(=O)N(C)C8=O)cc6C5=O)cc4C(F)(F)F)cc3)cc2)c(C(F)(F)F)c1,,0.36566702,,,
2071844706,CN1CCOC1(C)CC,,0.35941583,,,
2071858672,CNc1cc(C)c(Cc2ccc(CCCCCCCCCCCCCCCCCCc3ccc(Cc4c(C)cc(NC)cc4C)cc3)cc2)c(C)c1,,0.36539585,,,
2072168111,CNc1ccc(-c2ccc(NC)c([C@H]3C[C@H](C)CC[C@H]3C(C)C)c2[C@@H]2C[C@@H](C)CC[C@@H]2C(C)C)cc1,,0.3809251,,,
2072452393,Cc1ccc2c(c1)C(=O)N(c1ccc(OCCOCCOCCOc3ccc(N4C(=O)c5ccc(C(C)(C(F)(F)F)C(F)(F)F)cc5C4=O)cc3)cc1)C2=O,,0.34535563,,,
2072866385,CCCCCCCNC(=O)CCCCCCCCCCCCCCCCC(=O)NC,,0.37538316,0.3955,0.910662796,20.51606091
2072955704,CCC(C)(C)OC,,0.34572991,,,
2073349658,Cc1ccc(OCCCCCCCCCCCOC(=O)c2cccc(C(=O)OCCCCCCCCCCCOc3ccc(-c4nnc(C)s4)cc3)c2)cc1,,0.36776086,,,
2073433279,COP(=O)(Oc1ccc(OC)cc1)Oc1c(Br)cc(C(c2cc(Br)c(C)c(Br)c2)(C(F)(F)F)C(F)(F)F)cc1Br,,0.38658695,,,
2073505666,Cc1ccc(Oc2ccc(C(=O)c3ccc(Oc4ccc(-c5nc6ccccc6n5-c5ccc(-n6c(C)nc7ccccc76)cc5)cc4)cc3)cc2)cc1,,0.3799322,,,
2074001151,Cc1ccc(Oc2ccc(-c3ccc(Oc4ccc(N5C(=O)c6ccc(Oc7ccc(C(C)(C)c8ccc(Oc9ccc%10c(c9)C(=O)N(C)C%10=O)cc8)cc7)cc6C5=O)cc4)cc3)cc2)cc1,,0.36490013,,,
2074006647,CNc1ccc(NC(=O)c2ccc(C(c3ccc(C(C)=O)c(C(=O)OCC)c3)(C(F)(F)F)C(F)(F)F)cc2C(=O)OCC)cc1,,0.34977204,,,
2074158001,CCC(F)(F)C(F)(F)C(F)(F)C(F)(F)COC(=O)OC,,0.31456225,,,
2074267479,COc1ccc(CC(NC(=O)CCc2ccc(OC(=O)COCCOCC(C)=O)cc2)C(=O)OCCCCCC)cc1,,0.34629979,,,
2074410152,CCC(C)(C)C(=O)OC1CCCCC1C,,0.37813807,0.153,0.85282857,10.922036
2074469442,CCC(C)(C)C(=O)OCCCCCCCCCCCn1c2ccccc2c2ccccc21,,0.36342293,,,
2074481050,CC=CC(C)C(C)C,78.17880502,,,,
2074575987,CCCCCCN1C(=O)c2ccc(C(c3ccc4c(c3)C(=O)N(C)C4=O)(C(F)(F)F)C(F)(F)F)cc2C1=O,,0.34397494,,,
2075083572,C/C=C/c1cc(OCC(CC)CCCC)c(C)cc1-c1ccc(F)c(C(F)(F)F)c1,,,0.185,1.037733826,22.21132757
2075349566,Cc1ccc2c(c1)C(=O)N(c1ccc(Oc3ccc(Oc4ccc(N5C(=O)c6ccc(C(C)(C(F)(F)F)C(F)(F)F)cc6C5=O)cc4)cc3)cc1)C2=O,,0.37826811,,,
2075610197,CCC(OOC)c1ccc(C)cc1,,0.3659097,,,
2076091344,CCC(C)CC[Si](C)(C)C,,0.42654899,,,
2076186789,CNc1ccc(C)cc1OC,,0.38337049,,,
2076683779,CCC(C)(C)COC(=O)C1CCC(C(=O)OC)CC1,,0.35306926,,,
2076949860,CCC(C)(CC(=O)O)C(=O)O,,0.2269924,,,
2077226118,CC(=O)c1ccc2c(c1)C(=O)N(c1ccc(Oc3ccc(Oc4ccc(Oc5ccc(N6C(=O)c7ccc(C)cc7C6=O)cc5)cc4)cc3)cc1)C2=O,126.2551791,,,,
2077350791,CN=P(N=P(N=S(C)(=O)NCC)(NCC)NCC)(NCC)NCC,,0.37475847,,,
2078434455,Cc1c(C)cc(C)c(N2C(=O)c3ccc(Sc4ccc5c(c4)C(=O)N(C)C5=O)cc3C2=O)c1C,,0.41533211,,,
2078494815,CCC(C)(Cl)C(=O)OCCOc1ccc(C(=O)Oc2ccc(OCCCC)cc2)cc1,,0.34720014,,,
2078520197,CCCN(C)C(=O)c1cc(F)cc(F)c1,,0.34415412,,,
2078647419,CCCCCCCC1CC(CCC2CC(C)OC2=O)C(=O)O1,,0.33989367,,,
2079303447,CCCCCCCCCCCCCCCC(C)Cl,,,0.3735,0.886561889,21.91642918
2079401317,CCC(C)C(=O)Oc1ccc(Cl)cc1,,0.35839079,0.158,1.211730555,14.07962276
2079617222,CNc1ccc2c(c1)CCC21CCc2cc(NC)ccc21,,0.359460575,,,
2079708609,CCC(C)OC(=O)CC(C)(C)c1ccccc1,,0.35480602,,,
2079820575,CCCC1CC(C)C2C3CC(C12)C(C)(C(=O)OC)C3,,0.3681131,,,
2080041266,C=Nc1cccc(Oc2cccc(Oc3cccc(N=C4OC(=O)c5ccc(-c6ccc7c(c6)C(=O)OC7=C)cc54)c3)c2)c1,193.7356518,,,,
2080614685,CNc1ccc(C2(c3ccc(NC)cc3)c3ccc(N)cc3-c3cc(N)ccc32)cc1,,0.37760376,,,
2080644160,CNc1cc2c3ccc(-c4ccc(C(C)C)cc4)c(-c4ccc(C(C)C)cc4)c3c(NC)cc2c2ccccc12,,0.37311633,,,
2081117789,CNc1ccc([C@H](C)Cc2ccc(C[C@@H](C)c3ccc(NC)cc3)cc2)cc1,,0.36158847,,,
2081485306,CCC(C)C(=O)OCCOc1ccc(C(=O)Oc2ccc(OC)cc2)cc1,,0.33434555,,,
2081569182,CCCCNC(=O)c1ccc(C(=O)NC)cc1,,0.31568914,,,
2081754132,CNc1ccc([C@]2(c3ccccc3)c3ccccc3-c3cccc(NC)c32)cc1,,0.36468241,,,
2081766771,CCC(C)OC(=O)CC1CCCCC1,,0.3629501,,,
2081786405,COc1ccc(C2(c3ccc(Oc4ccc(C(=O)c5ccc(C)cc5)cc4)cc3)c3ccccc3-c3ccccc32)cc1,,0.39990412,,,
2082251214,CCCCCCCCCCCCCCCCCCCNC(=O)CCCCCCCCCCCCCCCCC(=O)NC,,0.38491292,0.4533333333333333,0.880970816,22.40951609
2082516558,CNc1ccc([C@H]2C[C@H]3CC[C@@H]2CC[C@@H]2CC[C@H](CC3)[C@H](c3ccc(NC)c(N)c3)C2)cc1N,,0.35134124,,,
2082878937,CON(C(F)(F)F)C(F)(F)C(C)(F)SC(F)(F)F,,0.3185822,,,
2083351176,CO[Si](C)(C)O[Si](C)(C)O[Si](C)(C)O[Si](C)(C)OC1=C(C)c2cccc3cccc1c23,,0.40558784,,,
2083399085,CC(=O)c1ccc2c(c1)C(=O)N(c1cc(OCCCCCCCCCCCC)cc(N3C(=O)c4ccc(C)cc4C3=O)c1)C2=O,,0.36928432,,,
2083473001,COc1ccc(C(C)(C)c2ccc(Oc3ccc(C(=O)c4ccc(-c5ccc(C(=O)c6ccc(C)cc6)cc5)cc4)cc3)cc2)cc1,,0.37583933,,,
2084095989,CC(=O)Nc1ccc(Oc2ccc(S(=O)(=O)c3ccc(Oc4ccc(NC(=O)c5ccc6c(c5)C(=O)N(c5ccc(Oc7ccc8ccc(Oc9ccc(N%10C(=O)c%11ccc(C)cc%11C%10=O)cc9)cc8c7)cc5)C6=O)cc4)cc3)cc2)cc1,,0.35762799,,,
2084277972,CNc1ccc(-c2ccc(-c3ccc(NC)cc3)c3c2[C@@H]2CC[C@H]3C2)cc1,,0.36155112,,,
2085027374,CNc1ccc(-c2ccc3c(c2)C(CCCCCC)(CCCCCC)c2cc(-c4ccc(NC)cc4)ccc2-3)cc1,,0.37055299,,,
2085033079,CC(=O)Oc1ccc(-c2ccc(OC(=O)c3ccc4c(c3)C(=O)N(c3ccc(-c5ccc(N6C(=O)c7ccc(C)cc7C6=O)cc5C)c(C)c3)C4=O)cc2C)c(C)c1,,0.37394713,,,
2085100639,CCc1ccccc1CN(CC)c1ccc(/C=C(\C#N)C(=O)Nc2cccc(NC(=O)/C(C#N)=C/c3ccc(N(C)CC)cc3)c2)cc1,,0.36570128,,,
2085613609,CC=Cc1ccc(-c2ccc(C(C#N)=Cc3ccc4c(c3)C(CC)(CC)c3cc(C=C(C#N)c5ccc(-c6ccc(C=CC7=CC(=C(C#N)C#N)C=C(C)O7)s6)cc5)ccc3-4)cc2)s1,,0.40560476,,,
2086500241,CCCC(C)OC,,0.3787093,,,
2086671305,CCC(C)c1ccccc1C,,,0.1903333333333333,0.876818696,11.81194142
2087529784,CC(=O)c1ccc2c(c1)C(=Nc1cccc(Oc3cccc(Oc4cccc(N=C5OC(=O)c6ccc(C)cc65)c4)c3)c1)OC2=O,,0.35278937,,,
2087902310,Cc1ccc(-c2ccc(-c3c(-c4ccccc4)nc4ccc(-c5ccc6nc(-c7ccccc7)c(C)c(-c7ccccc7)c6c5)cc4c3-c3ccccc3)cc2)cc1,,0.41084325,,,
2087962619,COc1ccc(C(C)(C)c2cccc(C(C)(C)c3ccc(Oc4ccc(C(=O)Nc5ccc(Cc6ccc(NC(=O)c7ccc(C)cc7)cc6)cc5)cc4)cc3)c2)cc1,,0.36716736,,,
2088540616,COc1ccc(C2(c3ccc(OC(=O)c4ccc(C(C)=O)cc4)c(C)c3)CCC3CCCCC3C2)cc1C,,0.38501147,,,
2088836138,CNc1cc(NC(=O)c2ccc(C(C)=O)cc2)cc(C(=O)OCCOc2ccc(C=CC(=O)c3ccccc3)cc2)c1,,0.33943135,,,
2088992800,CCCCCCCOC(=O)c1cc(N=Nc2ccc(OCC)cc2)ccc1-c1ccc(N=Nc2ccc(OCC)cc2)cc1C(=O)OC,,0.36903817,,,
2089130160,C/C=C/C(C)CCCCCC,,,0.2486666666666666,,
2089319482,CCC(C)C(=O)OCCOCCOC(F)(F)C(F)F,,0.33433583,,,
2089653204,COC(=O)c1ccc(CCCCCc2ccc(C(C)=O)cc2)cc1,,0.35615105,,,
2089703645,CNC(CCC(=O)OCc1ccccc1)C(C)=O,,0.32872163,,,
2089849247,COc1cc(C(C)(C)C)c(Oc2ccc(C(=O)Nc3ccc(C(C)(C)c4ccc(NC(=O)c5ccc(C)cc5)c(C)c4)cc3C)cc2)cc1C(C)(C)C,,0.38910548,,,
2089875346,CCCC/C=C(/C)c1ccc(Cl)cc1,,,0.184,1.085646157,16.28575806
2090259325,CNc1ccc(C(C)(C)c2cccc(C(C)(C)c3ccc(Nc4ccc(C(=O)c5ccc(C(=O)c6ccc(C)cc6)cc5)cc4)cc3)c2)cc1,,0.38954498,,,
2090445254,CCCCCCCCCCCCCCCCCCCOCOC,,,0.406,0.865128678,20.46039767
2090672547,CC(=O)c1ccc2c(c1)C(=O)N(c1cccc(Oc3cccc(Oc4cccc(N5C(=O)c6ccc(C)cc6C5=O)c4)c3)c1)C2=O,,0.35973284,,,
2090987332,CC(F)(F)C1(C)OC(F)(F)C(F)(C(F)(F)F)O1,,0.35247357,,,
2091289727,Cc1nc(-c2ccccc2)nc(N(CCCCCCN(C)c2ccccc2)c2ccccc2)n1,,0.38631278,,,
2091496127,CCC1CC(C)C(OC(=O)CCCCCCCCCCOc2ccc(-c3ccc(C#N)cc3)cc2)C1,,0.36711221,,,
2091819408,CC(C)=C(C)CCC,,0.40232091,,,
2092024077,COc1ccc(C2(c3ccc(Oc4ccc(C(=O)C(=O)c5ccc(C)cc5)cc4)cc3)c3ccccc3-c3ccccc32)cc1,,0.3923538,,,
2092061977,CCC(C)(CCCCC)C(=O)OC,,0.38074638,,,
2092067263,CNc1ccc(C[C@@H](c2ccc(NC)cc2)[C@@H](C)c2ccc(N)cc2)cc1,,0.35733643,,,
2092210478,Cc1ccc(-c2sc(-c3cc(CCCCCCCCCCCC)c(C)s3)cc2CCCCCCCCCCCC)cc1,,0.41997349,0.413,0.941065148,19.30135388
2092278480,COc1ccc(C(=O)Nc2ccccc2-c2ccc(NC(=O)c3ccc(C)cc3)cc2)cc1,,0.34957751,,,
2092674324,CCC(F)(F)C(F)(F)C(F)(F)COC(=O)c1cccc(C(=O)OC)c1OCCCCC,,0.34076472,,,
2092935211,CC(=O)c1ccc2c(c1)C(=O)N(c1ccc(-c3ccc(Oc4ccc(C5(C)CC(C)(C)c6ccc(Oc7ccc(-c8ccc(N9C(=O)c%10ccc(C)cc%10C9=O)cc8)cc7C(F)(F)F)cc65)cc4)c(C(F)(F)F)c3)cc1)C2=O,,0.38328824,,,
2093130856,CCCCCCCCCCCNC(=O)CCCCCCCCC(=O)NC,,0.36935846,0.408,0.92195685,22.1235356
2093549092,Cc1ccc(Oc2ccc(C(c3ccccc3)(c3ccccc3)c3ccc(Oc4ccc(-c5nc(C)nc(-c6ccccc6)n5)cc4)cc3)cc2)cc1,,0.42256432,,,
2093679226,CCCCCC(=O)NCc1ccc(CNC(=O)CCCCSC)cc1,,0.35168032,,,
2094132157,CCC(C)c1ccccc1OC(C)=O,,0.35684736,,,
2094564559,COc1c(Br)cc(C2(c3cc(Br)c(OC(C)=O)c(Br)c3)CC3CCC2C3)cc1Br,,0.43211216,,,
2094965474,COc1ccc(C(C)(C)c2ccc(OC(=O)c3ccccc3-c3ccccc3C(C)=O)cc2)cc1,,0.35835285,,,
2095077077,CCCCCC(=O)NCCCCCCNC(=O)CCCCOC,-56.49395983,,,,
2095656240,Cc1ccc(Nc2ccc(Nc3ccc(S(C)(=O)=O)cc3)cc2)cc1,,0.38954826,,,
2096099449,COc1ccc(C2(c3ccc(OC(=O)OC4C(C)(C)C(OC(C)=O)C4(C)C)cc3)c3ccccc3-c3ccccc32)cc1,,0.37809726,,,
2097065173,CNC1CCC(CC2CCC(NC)C(C)C2)CC1C,,0.36266838,,,
2097105908,CNc1ccc(C2(c3ccc(NC)cc3)C(C(C)C)=CC=C[C@H]2C(C)C)cc1,,0.36819096,,,
2097907422,Cc1ccc2c(c1)C(=O)N(c1ccc(Sc3ccc(Oc4ccc(Sc5ccc(N6C(=O)c7ccc(C(C)(C(F)(F)F)C(F)(F)F)cc7C6=O)cc5)cc4)cc3)cc1)C2=O,,0.37984664,,,
2098139319,CCCCCNC(=O)CCCCCCCCCCCCCCC(=O)NC,,,0.3735,0.924969057,22.41096002
2098169121,COc1ccc(-c2ccc(Oc3ccc(C(=Nc4ccc(N=C(c5ccccc5)c5ccc(C)cc5)cc4)c4ccccc4)cc3)cc2)cc1,,0.37996197,,,
2098235605,Cc1ccc(OCCCCCCCCCCCCCCCC)c(N2C(=O)CC(C3C=C(C)C4C(=O)N(C)C(=O)C4C3)C2=O)c1,,0.36937049,,,
2098276804,CCCCCCCCCOc1c(OC)cc(C=Cc2cc(C(C)C)c(C=Cc3cc(OC)c(OC)c(OC)c3)cc2C(C)C)cc1OC,,0.3769967,,,
2098860245,CNc1ccc(C(c2ccccc2)(c2ccccc2)c2ccc(N)c(NC)c2)cc1N,,0.36426991,,,
2098949434,CCCCCCCCCCNC(=O)CCCCCCCCC(=O)NCCCCCCCCCNC(=O)C(=O)NC,,,0.312,0.96452094,18.37068887
2098983815,Cc1ccc2c(c1)C(=O)N(c1cc(N3C(=O)c4ccc(C(C)(C(F)(F)F)C(F)(F)F)cc4C3=O)c(O)cc1O)C2=O,,0.37827714,,,
2099106036,CCCCCCCCCCCCN1C(=O)c2ccc(-c3ccc(-c4ccc5c(c4)C(=O)N(C)C5=O)cc3)cc2C1=O,,0.35197017,,,
2099208394,COc1ccc(S(=O)(=O)c2ccc(Oc3ccc(NC(=O)c4ccc(Oc5ccc(C(C)(C)c6cccc(C(C)(C)c7ccc(Oc8ccc(C(=O)Nc9ccc(C)cc9)cc8)cc7)c6)cc5)cc4)cc3)cc2)cc1,,0.36584283,,,
2099643847,Cc1ccc2c(c1)C(=O)N(c1cc(C(=O)Nc3cccc4c(NC(=O)c5ccc(C)c(N6C(=O)c7ccc(C(C)(C(F)(F)F)C(F)(F)F)cc7C6=O)c5)cccc34)ccc1C)C2=O,,0.36752651,,,
2099648126,CNc1c(C)cc(C2(c3cc(C)c(NC)c(C(C)C)c3)c3ccccc3-c3ccccc32)cc1C(C)C,,0.40331022,,,
2100810597,Cc1ccc(-c2nc3cc(C)ccc3o2)c(C)c1,,0.42938572,,,
2101703893,CN=P(C)(OCCCCC)OCCCCC,,0.4064028,,,
2101723306,CO[Si](C)(Oc1ccc(C(C)(C)c2ccc(C)cc2)cc1)c1ccccc1,,0.39715022,,,
2102034218,Cc1ccc2c(c1)C(=O)N(c1ccc(NC(=S)N=Cc3ccc(Cl)c(N4C(=O)c5ccc(C(C)(C(F)(F)F)C(F)(F)F)cc5C4=O)c3)cc1)C2=O,,0.37564087,,,
2102039309,COc1ccc(Oc2ccc(C(=O)c3ccc(NC(=O)c4cccc(C(=O)Nc5ccc(C(=O)c6ccc(C)cc6)cc5)c4)cc3)cc2)cc1,,0.36086621,,,
2102048266,CCC(C)(C)C1C(=O)OC(=O)C1C,,0.29898887,,,
2102097019,CNc1ccc([C@H](CCCCCC)c2ccc(CCc3ccc([C@@H](CCCCCC)c4ccc(NC)cc4)cc3)cc2)cc1,,0.36359418,,,
2102135850,CCCC(C)=O,,0.32553925,,1.073855453,22.19638383
2102234224,CCC(C)(C#N)C(=O)OCCCCCCC,,0.38098493,,,
2102406766,CCC(C)c1ccccc1Br,,0.40945525,,,
2102601525,C/C=C/CCCCCCCCC,,,0.3688333333333332,0.822061556,19.34707652
2102738323,COc1ccc(C(=O)c2ccc(OC(=O)c3ccc(C(C)(C)c4ccc(C(C)=O)cc4)cc3)cc2)cc1,,0.35881201,,,
2102908349,CC1=C(c2ccc(-c3ccc4c(c3)C(CCCCCC)(CCCCCC)c3cc(-c5ccc(C)cc5)ccc3-4)cc2)C(=O)N(CCCC)C1=O,,0.39850334,,,
2103171558,CNc1cc(NC(=O)c2cc(OCCN(C)c3ccc([N+](=O)[O-])cc3)cc(C(C)=O)c2)cc(C(=O)OC2CC(C)CCC2C(C)C)c1,,0.35015329,,,
2103300246,Cc1cc(C(=O)OCC(F)(F)C(F)(F)C(F)(F)F)c(C)s1,,0.3741336,,,
2103389743,CCC(C)(C)C(=O)OCCCCCCCCCCCCOc1ccc2cc(C(=O)Oc3ccccc3)ccc2c1,,0.35950718,,,
2103408562,CSC(C)(F)F,,0.37718963,0.114,1.840998909,24.17920498
2103439506,CCCC[Si](C)(C)C[Si](C)(C)C,,0.40507893,,,
2103456476,CCC(C)c1ccc(CCCCCCCCC)cc1,,0.39955076,0.277,0.87039516,11.44773012
2103595659,CCCOCCOCCOC(=O)CCCCC(=O)OC,,0.33678464,,,
2103648490,CNc1ccc2c(-c3ccccc3)c3ccccc3c(-c3ccccc3)c2c1NC,,0.35655362,,,
2104121723,CNc1ccc(-c2ccc(C[C@@H](C)c3ccc(NC)cc3)cc2)cc1,,0.35318823,,,
2104215335,COc1ccc2cc(Oc3ccc4c(=O)n5c6cc(-c7ccc8c(c7)nc7c9ccc(C)c%10cccc(c(=O)n87)c%109)ccc6nc5c5cccc3c45)ccc2c1,,0.37975728,,,
2104280105,COC(F)(F)COC(=O)c1cccc(C(F)(F)C(F)(F)C(F)(F)c2cccc(C(=O)OCC(C)(F)F)c2)c1,,0.33058531,,,
2104394110,CNc1ccc(-c2ccc(NC)c(C/C=C/c3ccccc3)c2C/C=C/c2ccccc2)cc1,,0.35337188,,,
2104615575,CNc1ccc(CC(CC)(CC)c2ccc(N)c(CC(CC)(CC)c3ccc(NC)cc3)c2)cc1,,0.35803867,,,
2104808505,CNC1CC(C)(C)CC(C)(CNC(=O)CCCCC(C)=O)C1,,0.3442808,,,
2104822360,Cc1ccc(Oc2ccc(-c3nc4cc(Oc5ccc(NC(=O)c6ccc7c(c6)C(=O)N(c6ccc(C(c8ccc(N9C(=O)c%10ccc(C(=O)Nc%11ccc(Oc%12ccc%13nc(-c%14ccccc%14)c(C)nc%13c%12)cc%11)cc%10C9=O)cc8)(C(F)(F)F)C(F)(F)F)cc6)C7=O)cc5)ccc4nc3-c3ccccc3)cc2)cc1,,0.38083913,,,
2105181780,Cc1ccc2c(c1)C(=O)N(c1c(C)cc(C3(c4cc(C)c(N5C(=O)c6ccc(C(C)(C(F)(F)F)C(F)(F)F)cc6C5=O)c(C(C)C)c4)c4ccccc4-c4ccccc43)cc1C(C)C)C2=O,,0.44640545,,,
2105271867,CNc1ccc(C(c2ccc(N)c(C)c2C)c2ccc(NC)c(C)c2C)c(C)c1C,,0.38011149,,,
2105289986,CCC(C)c1ccc(OC(C)(C)C)cc1,,0.38657315,,,
2105342564,CNc1cccc(C2=C(c3ccccc3)C=C[C@@H](c3ccccc3)[C@]2(c2ccccc2)c2cccc(NC)c2)c1,,0.37740484,,,
2105808752,CNc1ccc(/C=C/[C@H]2[C@@H]3C[C@H]4C[C@@H](C3)C[C@@H]2C4)cc1NC,,0.35587947,,,
2106014739,CCC(C)(CC(=O)OC1CCC1)C(=O)OC1CCC1,,0.38532463,,,
2106275080,CCCCCCCCCCCC(=O)Nc1ccc(Oc2ccc(NC(=O)CCCCCCCCCCN3C(=O)c4ccc(C(=O)c5ccc6c(c5)C(=O)N(C)C6=O)cc4C3=O)cc2)cc1,,0.35025785,,,
2107302149,CCC(C)c1cc(Br)ccc1OC,,0.39846668,0.132,,
2107491529,CCC(C)(C)C(=O)OCC(F)(F)F,,0.33930857,,,
2107706475,CCCCCCCCCCOCOC,,,0.277,,
2107751440,CNc1ccc2c(c1)C1(c3cc(C)ccc3-2)c2cc(N)ccc2-c2ccc(NC)cc21,,0.38616703,,,
2108285261,CCCCCCNC(=O)Cc1ccc(C(=O)NC)cc1,,0.33164611,,,
2108373019,CCC(C)C(=O)OCCCCCCCCCCOC(=O)c1ccc(OC(=O)c2ccc(C#N)cc2)cc1,,0.35628363,,,
2109042008,CCC(C)c1ccc(S(=O)(=O)O)cc1,,,,1.219503167,14.50652497
2109143268,CCC(C)(CC(=O)OCCC)C(=O)OCCC,,0.36758128,0.1845,0.95089128,11.16357076
2109376187,Cc1ccc(C(=O)OCCCCCCCCOc2ccc(C=CC(=O)C=Cc3ccc(OCCCCCCCCOC(=O)c4ccc(-c5nnc(C)o5)cc4)cc3)cc2)cc1,,0.36096728,,,
2110077418,CCCCC1(CCCNC(=O)CCCCCCCCC(=O)NC)c2ccccc2-c2ccccc21,,0.35257757,,,
2111187299,CC(=Cc1ccc(C=C(c2ccccc2)c2ccc(-c3ccc(C)cc3)cc2)cc1)c1ccccc1,,0.39715192,,,
2111235464,CCC(C)c1ccccc1COCC,,0.37386236,0.1846666666666666,,
2111449660,CNc1ccc(-c2ccc(-c3ccc(NC)c(-c4cc(C)ccc4C)c3-c3cc(C)ccc3C)cc2)cc1,,0.37917526,,,
2111641058,CCC(C)C(=O)OCCCCC,,0.37816739,,,
2111688362,CNN(NC)[C@](CC)(CCC)C[C@@](C)(CC)N(N)N,,0.33398342,,,
2112106908,COc1c(C)cc(C)cc1C(C)CCCCC,,0.41074836,,,
2112160292,CCC(C)(OC(C)=O)c1ccc(OC(C)=O)cc1,74.85696518,,,,
2112420491,CNc1ccc(C)cc1,,0.39788166,,,
2112498322,Cc1nnc(-c2sc(-c3nnc(-c4cc(OCCCCCCCC)c(C)cc4OCCCCCCCC)o3)cc2CCCCCCCC)o1,,0.41777055,,,
2112731378,CCCOCCOc1cccc(NC(=O)c2cccc(C(=O)Nc3cccc(OC)c3)c2)c1,,0.3366937,,,
2112734421,CCC(c1ccccc1)C1C(=O)N(CCCN(CC)c2ccc(N=Nc3ccc([N+](=O)[O-])cc3)c(C)c2)C(=O)C1C,,0.37385822,,,
2112770434,CC1=C(c2ccc(-c3ccc4c(c3)C(CCCCCC)(CCCCCC)c3cc(-c5ccc(C)cc5)ccc3-4)cc2)C(=O)N(CCCCCCCC)C1=O,,0.39556672,,,
2112796549,Cc1ccc(-c2cc(-c3ccc(-c4ccccc4)cc3)cc(-c3ccc(N4C(=O)c5ccc(NC(=O)Nc6cccc(NC(=O)Nc7ccc8c(c7)C(=O)N(C)C8=O)n6)cc5C4=O)cc3)n2)cc1,,0.35158971,,,
2112814629,CCC(COC)C(C)(C)C,,0.37336489,,,
2113232814,CCC(O)CN(C)c1ccc(N=Nc2ccc([N+](=O)[O-])cc2C)cc1,,0.36561272,,,
2113271620,CCC(C)(CC(=O)OC)C(=O)OC,,0.32193525,0.152,,
2113327142,CC(=O)c1ccc2c(c1)C(=O)N(c1ccc(C(c3ccc(N4C(=O)c5ccc(C)cc5C4=O)cc3)(C(F)(F)F)C(F)(F)F)cc1)C2=O,,0.39124786,,,
2113413468,COc1ccc(S(=O)(=O)c2ccc(Oc3ccc(C(c4ccc(C)c([Si](C)(C)C)c4)(C(F)(F)F)C(F)(F)F)cc3[Si](C)(C)C)cc2)cc1,,0.40476699,,,
2113953037,COc1ccc2cc(OC(=O)c3cccc(Oc4ccc(Oc5cccc(C(C)=O)c5)cc4)c3)ccc2c1,,0.34970341,,,
2113988141,CC(=O)Nc1ccc(NC(=O)c2ccc(N3C(=O)c4ccc(C)cc4C3=O)cc2)cc1,,0.34372152,,,
2114154599,CO[Si](C)(C)c1cccc([Si](C)(C)C)c1,,0.42523073,,,
2114560231,Cc1ccc(CCc2ccccc2N2C(=O)C(=O)N(c3ccc(Oc4ccc(N5C(=O)C(=O)N(C)C5=O)cc4)cc3)C2=O)cc1,,0.35389023,,,
2114893562,Cc1ccc(C(C)(C)c2ccc(-n3c(=O)c4cc5c(=O)n(C)c(=O)c5cc4c3=O)cc2)cc1,,,,1.146465554,25.11101976
2115270537,CCC(C)C(=O)OCC(F)(F)C(F)(F)OC(F)(F)C(F)(F)F,,0.31915236,,,
2115445958,CC(=O)Nc1cccc(NC(=O)c2ccc3c(c2)C(=O)N(c2cccc(N4C(=O)c5ccc(C)cc5C4=O)c2)C3=O)n1,,0.34115453,,,
2115845960,CNc1cc(NC(=O)c2ccc(C(C)=O)cc2)cc(-c2nc3ccccc3oc2=O)c1,,0.33876246,,,
2116023272,CO[Si](C)(C=C)O[Si](C)(C)c1ccc([Si](C)(C)C)cc1,,0.42501353,,,
2116043723,Cc1cccc(Oc2cccc(Oc3cccc(N4C(=O)c5ccc(-c6ccc7c(c6)C(=O)N(C)C7=O)cc5C4=O)c3)c2)c1,,0.35854556,,,
2116336179,CNc1ccc(-c2ccc(NC)cc2-c2ccccc2)cc1,,0.3506411,,,
2116365788,CNc1cc(SCCC#N)c(NC(=O)c2cccc(C(C)=O)c2)cc1SCCC#N,38.16065966,,,,
2116457345,CCN1C(=O)c2ccc(C(c3ccc4c(c3)C(=O)N(Cc3nc5ccc(Cc6ccc7nc(C)oc(=O)c7c6)cc5c(=O)o3)C4=O)(C(F)(F)F)C(F)(F)F)cc2C1=O,,0.36193236,,,
2116593356,Cc1cc(CCCCCC)c(-c2ccc3c4ccc(-c5sc(-c6sc(C)c7nc(CC)c(CC)nc67)cc5CCCCCC)cc4n(CCCCCCCCCCCC)c3c2)s1,,0.43100315,,,
2117478348,C/C=C/c1ccc(C)c(-c2cc(OCC(CC)CCCC)c(-c3ccccc3)cc2OCC(CC)CCCC)c1,,,0.237,0.947690837,13.74155321
2117609308,COc1ccc(P(C)(=O)c2ccc(Oc3ccc(P(=O)(c4ccccc4)c4ccc(C)cc4)cc3)cc2)cc1,,0.38699983,,,
2117950580,Cc1ccc(C2C(C(=O)OCC)C(C)C2C(=O)OCC)cc1,164.3224631,,,1.011107838,16.56532099
2118544879,Cc1ccc(Oc2ccc(-c3ccc(Oc4ccc(N5C(=O)c6cccc(Oc7ccc(C(c8ccc(Oc9cccc%10c9C(=O)N(C)C%10=O)cc8)(C(F)(F)F)C(F)(F)F)cc7)c6C5=O)cc4)cc3)cc2)cc1,,0.36630102,,,
2118719720,CO[Si](C)(C)CC(C)(C)COC(=O)c1cccc(C(=O)OCC(C)(C)C[Si](C)(C)C)c1,,0.3817269,,,
2118723389,COc1ccc(CC(NC(=O)CCc2ccc(OC(=O)COCCOCC(C)=O)cc2)C(=O)OCc2ccccc2)cc1,,0.33524164,,,
2118767527,Cc1cccc(N2C(=O)c3ccc(Oc4ccc5cc(Oc6ccc7c(c6)C(=O)N(C)C7=O)ccc5c4)cc3C2=O)c1,,0.3713948,,,
2118906166,CCC(C)CNc1ccc([N+](=O)[O-])cc1,,0.3745043,,,
2119541663,CC=CC1CC(C)C2C(=O)N(c3ccccc3F)C(=O)C12,,0.35885634,,,
2119800195,CC=C(C)CCCOc1ccc(OC(=O)c2ccc(OCCCCCCCC)cc2)cc1,,0.36337472,,,
2119910769,CCC(C)(Cl)C(=O)OCC,,,0.1985,1.162819805,16.552184
2120362276,CNc1ccc2c(c1)[C@]1(CCC)c3ccc(NC)cc3[C@]3(CCC)c4ccc(N)cc4[C@@]2(CCC)C31C,,0.39344519,,,
2120569877,Cc1cccc(OCCCCCCCCCCCOC(=O)c2cccc(C(=O)OCCCCCCCCCCCOc3cccc(-c4nnc(C)s4)c3)c2)c1,,0.36865264,,,
2120715373,CCCCCCCCCCCCCOc1c(OC)cc(/C=C/c2ccc(/C=C/c3cc(OC)c(OC)c(OC)c3)cc2)cc1OC,,0.36749274,,,
2120990962,COc1ccc(NC(=O)CCCCCCCCCCC(=O)Nc2ccc(C)cc2)cc1,,0.35479832,,,
2121376176,CNc1ccc(-c2c3cc(NC)c(N)cc3c(-c3ccc(N)cc3)c3c(-c4ccc(N)cc4)c4cc(N)c(N)cc4c(-c4ccc(N)cc4)c23)cc1,,0.35674675,,,
2121841286,CCC(C)c1ccc([Si](C)(C)O)cc1,,0.41238443,,,
2122013892,CCC(OC(=O)C(CC(C)C)NC(=O)OCc1ccccc1)C(COC(=O)OC)OC(=O)C(CC(C)C)NC(=O)OCc1ccccc1,,0.34504989,,,
2122531737,Cc1ccc(N2C(=O)c3ccc(P(=O)(c4ccccc4)c4ccc5c(c4)C(=O)N(C)C5=O)cc3C2=O)cc1,,0.40605491,,,
2123056342,CNc1ccc(C2(c3ccc(NC)cc3)CCC(C(C)(C)C)CC2)cc1,,0.36342823,,,
2123073246,CCC(C)OC(=O)OC([2H])([2H])[2H],,0.32119753,,,
2123232751,Cc1nc(-c2ccccc2)nc(N(CCCCN(C)c2ccccc2)c2ccccc2)n1,,0.38631994,,,
2124031511,Cc1ncnc(N(CCCCCCN(C)c2ccccc2)c2ccccc2)n1,,0.38019427,,,
2124040823,COc1ccc(C=Cc2ccc(C=Cc3ccc(OC(=O)CCCCCCCCC(C)=O)c(C)c3)cc2)cc1C,35.47523522,,,,
2124483443,CCC(C)(C)C(=O)OCc1ccc2c(c1)c1ccccc1n2CCCCCC,,0.36971613,,,
2124605218,COc1ccc(S(=O)(=O)c2ccc(Oc3ccc(C(=O)c4cccc(C(=O)c5ccc(C)cc5)c4)cc3)cc2)cc1,,0.36722758,,,
2124727719,CCCN(CCOC(=O)CCC#CC#CCCC(=O)OC)c1ccc([N+](=O)[O-])cc1,,0.36177609,,,
2125797590,CNc1ccc(NC(=O)c2cccc(C(=O)c3ccc(C(C)=O)cc3)c2)cc1,,0.34473646,,,
2125841447,CNc1ccc(C2(c3ccc(NC)cc3[C@]34C[C@H]5C[C@H](C[C@H](C5)C3)C4)c3ccccc3-c3ccccc32)c([C@]23C[C@H]4C[C@H](C[C@H](C4)C2)C3)c1,,0.39009071,,,
2126001551,CNc1c(F)c(F)c(F)c(NC)c1F,,0.32142208,,,
2126142504,CCCCCCCN(CC)C(=O)CCCCCCCCCCCCCCCCC(=O)N(C)CC,,,0.333,,
2127024895,COC(=CCC)C(CC)C(C)=O,,0.37690028,,,
2127124600,Cc1ccc(Oc2ccc(S(=O)(=O)c3ccc(Oc4ccc(N5C(=O)C6CCC(C7CCC8C(=O)N(C)C(=O)C8C7)CC6C5=O)cc4)cc3)cc2)cc1,,0.37305974,,,
2127233037,CCCN(C)C(=O)CCCCCCCCCCCCCCC,,,0.3359999999999999,0.870810763,12.67666102
2127356325,Cc1cc(CCCCCCCCCCCC)c(C)s1,,0.41022463,,,
2127384896,CC(=O)OCCCCCCCOC(=O)c1ccc(N2C(=O)c3ccc(C)cc3C2=O)cc1,,0.34264115,,,
2127609495,CCCCCCCc1nc2cc(NC(=O)CCCCCCC(=O)Nc3ccc4oc(C)nc4c3)ccc2o1,,0.35267308,,,
2127644258,Cc1ccc2c(c1)C(=O)N(c1cccc(NC(=O)C(F)(F)C(F)(F)C(F)(F)C(F)(F)C(F)(F)C(F)(F)C(=O)Nc3cccc(N4C(=O)c5ccc(C(C)(C(F)(F)F)C(F)(F)F)cc5C4=O)c3)c1)C2=O,,0.34082447,,,
2127806896,CCCCCCCCCCCCCCCNC(=O)NCc1ccc(CNC(=O)NC)cc1,,0.35745185,,,
2128237869,CCC(C)c1ccccc1F,,,0.1746666666666666,,
2128329222,CCCN(C)C(=O)CSC,,0.36204137,,,
2128364241,CC(=O)c1ccc2c(c1)C(=O)N(c1ccc(C(c3ccccc3)c3ccc(N4C(=O)c5ccc(C)cc5C4=O)cc3)cc1)C2=O,,0.39846881,,,
2128965450,CCCCCCCCCNC(=O)c1ccc(C(=O)NC)cc1,,0.34767798,,,
2129332781,CCCCCCCNC(=O)CCCCCCCCC(=O)NC,,0.35371267,,,
2129403327,CNc1ccc(C(Cc2ccccc2)c2ccc(NC)c(C)c2C)c(C)c1C,,0.36251454,,,
2130807414,CCC(C)C(=O)OCC1(C)COC(C)(C)OC1,95.74104893,,,,
2130816588,COC(=O)c1ccc(C(=O)OC2COC3C(C)COC23)o1,,0.35695181,,,
2130846532,CNc1cc([C@]2(C)CC(C)(C)c3cc(NC)c(N)cc32)ccc1N,,0.36873621,,,
2131450394,CNc1ccccc1-c1ccc2cc3ccccc3cc2c1-c1ccccc1NC,,0.35945408,,,
2131565375,CNc1cc2ccccc2c(Cc2c(NC)c(N)cc3ccccc23)c1N,,0.34344352,,,
2132236820,COC1CCC(OC(=O)CCCCC(C)=O)CC1,,0.34360259,,,
2132602127,CNc1ccc(Cc2cc(C)cc(Cc3ccc(NC)cc3)c2)cc1,,0.35392035,,,
2132630814,Cc1ccc([Si](c2ccccc2)(c2ccccc2)c2ccc(-c3nnc(-c4cccc(-c5nnc(C)o5)n4)o3)cc2)cc1,,0.49159892,,,
2132767837,CNc1ccc(C2(c3ccc(NC)cc3)c3ccccc3-c3ccccc32)cc1,,0.36811921,,,
2132825345,CO[Si](C)(C)O[Si](C)(C)O[Si](C)(C)O[Si](C)(C)O[Si](C)(C)OC(C)CCCCC(C)C,,0.43542054,,,
2133999177,CNc1ccccc1-c1c(NC)c(-c2ccccc2)c(-c2ccccc2)c(-c2ccccc2)c1-c1ccccc1,,0.3746419,,,
2134272821,CCC(C)(C)COC(=O)Nc1ccc(C)c(NC(=O)OC)c1,,0.3446265,,,
2134740083,CO[Si](C)(C)O[Si](C)(C)c1c(F)c(F)c(F)c([Si](C)(C)C)c1F,,0.41170032,,,
2135550018,CC(=O)Nc1ccc(Oc2ccccc2-c2ccccc2Oc2ccc(NC(=O)c3ccc4c(c3)C(=O)N(c3ccc(Oc5ccc(Oc6ccc(N7C(=O)c8ccc(C)cc8C7=O)cc6)cc5)cc3)C4=O)cc2)cc1,,0.3631707,,,
2135749372,CCCCCCCCCCCCCNC(=O)c1ccc(C(=O)NC)cc1,,0.35898892,,,
2135907142,CC(=O)c1ccc2c(c1)C(=O)N(CC1(C)CC(N3C(=O)c4ccc(C)cc4C3=O)CC(C)(C)C1)C2=O,,0.37151766,,,
2136380644,COc1ccc(CC(NC(=O)CCc2ccc(OC(=O)COCC(C)=O)cc2)C(=O)OCC)cc1,,0.33546601,,,
2136556254,COc1ccc(C(c2ccccc2)(c2ccccc2)c2ccc(OC(=O)c3cccc(C(C)=O)c3)cc2)cc1,,0.37842734,,,
2136774388,CC(=O)c1ccc2c(c1)C(=O)N(c1cccc(Cc3ccc(Cc4cccc(N5C(=O)c6ccc(C)cc6C5=O)c4)cc3)c1)C2=O,,0.36986106,,,
2136777400,COc1ccc(C(C)(C)c2ccc(Oc3ccc(C(=O)c4ccc(C)c(S(=O)(=O)O)c4)cc3S(=O)(=O)O)cc2)cc1,,0.36520818,,,
2136833669,CNc1ccc([C@H](C)c2ccc(C3(c4ccc([C@@H](C)c5ccc(NC)cc5)cc4)CCC(C)CC3)cc2)cc1,,0.36603759,,,
2137189788,CCCCCCCOC(=O)Nc1ccc(NC(=O)OCCCCCCOc2ccc(-c3ccc(OC)cc3)cc2)c(C)c1,,0.34994782,,,
2137510659,Cc1cccc(N/C=C\C(=O)c2cccc(C(=O)/C=C\Nc3cccc(S(C)(=O)=O)c3)c2)c1,,0.37814125,,,
2137901854,CO[Si](C)(C)c1c(F)c(F)c(F)c([Si](C)(C)C)c1F,,0.39677257,,,
2138950642,CNc1c2ccccc2c(-c2c3ccccc3c(NC)c3c(-c4ccccc4)c(-c4ccccc4)c(-c4ccccc4)c(-c4ccccc4)c23)c2ccccc12,,0.38138687,,,
2139033638,Cc1ccc2c(c1)C(=O)N(c1ccc(Oc3ccc(N4C(=O)c5ccc(C(C)(C(F)(F)F)C(F)(F)F)cc5C4=O)cc3)c(OCCN(CC)c3ccc(N=Nc4ccc([N+](=O)[O-])cc4)cc3)c1)C2=O,,0.37475004,,,
2139220347,COc1ccc(Oc2ccc(Oc3cccc(C(=O)Oc4ccc(OC(=O)c5cccc(C)c5)cc4)c3)cc2)cc1,,0.35258751,,,
2139752461,CNc1ccc([C@](C)(CC)c2cccc([C@](C)(CC)c3ccc(NC)cc3)c2)cc1,,0.36284184,,,
2139764431,Cc1ccc(Oc2ccc(Oc3ccc(Oc4ccc(-c5cnc6ccc(-c7ccc8nc(C)cnc8c7)cc6n5)cc4)cc3)cc2)cc1,,0.38627985,,,
2140175803,CCC(COC)(CS(=O)(=O)C(C)C)CS(=O)(=O)C(C)C,,0.38031514,,,
2140329869,CNc1ccc2c(c1)C1(C3=C(C=C[C@@H](NC)C3)C2)c2ccccc2-c2ccccc21,,0.36640776,,,
2140546586,CC(=O)Oc1c(C)cc(C(C)(C)c2cc(C)c(OC(=O)c3ccc4c(c3)C(=O)N(c3ccc(-c5ccc(N6C(=O)c7ccc(C)cc7C6=O)cc5C)c(C)c3)C4=O)c(C)c2)cc1C,,0.39302078,,,
2141222333,CCC(C)C1CC=CCC1,,,0.18075,0.84208322,12.70353444
2141227349,CCC(C)Cl,,,0.139,1.263489368,21.12197193
2141673799,CCCCCCC(=O)OC,,0.34897959,,1.002695727,18.83367597
2141743526,CC=Cc1ccc2c(c1)Sc1cc(-c3ccc(-c4ccc(-c5ccc6c(c5)Sc5cc(C)ccc5N6c5ccc(OCCCCCCCCCCCC)cc5)s4)s3)ccc1N2c1ccc(OCCCCCCCCCCCC)cc1,,0.42062022,,,
2141765674,CNc1cc2cc3ccc4cc5cc6ccccc6cc5cc4c3cc2c(-c2ccccc2)c1NC,,0.35825873,,,
2142082158,CCC(C)C(=O)OCCOCC1(CC)COC1,,0.35230889,,,
2142258643,CON(C(F)(F)C(C)(F)F)C(F)(F)C(F)(F)Br,,0.34925007,,,
2142436702,CCC(C)OCCOc1ccc(C=C(C#N)C#N)cc1,,0.36175051,,,
2142712159,COc1ccc(CC(NC(=O)CCc2ccc(OC(=O)CCCCCCCCC(C)=O)cc2)C(=O)OC)cc1,,0.34491037,,,
2142796643,CCCCC(=O)NCc1ccc(CNC(=O)CCCOC)cc1,,,0.259,1.107946409,20.18778178
2143562639,Cc1ccc(-c2nc3cc(-c4ccc5nc(C)c(-c6ccc7ccccc7c6)nc5c4)ccc3nc2-c2ccc3ccccc3c2)cc1,,0.43086415,,,
2143661007,Cc1cccc(P(=O)(c2ccccc2)c2cccc(N3C(=O)c4ccc(Oc5ccc6c(c5)C(=O)N(C)C6=O)cc4C3=O)c2)c1,,0.38226791,,,
2143712913,CNNC(=O)c1ccc(C(=O)NNC(=O)c2ccc([Si](c3ccccc3)(c3ccccc3)c3ccc(C(C)=O)cc3)cc2)c2ccccc12,,0.36644642,,,
2143907277,COc1ccc(S(=O)(=O)c2ccc(Oc3ccc(C(c4ccc(C)c([Si](C)(C)C)c4)(C(F)(F)F)C(F)(F)F)cc3[Si](C)(C)C)cc2[Si](C)(C)C)c([Si](C)(C)C)c1,,0.41875754,,,
2144004917,COc1ccc(C2(c3ccc(OC(C)=O)cc3)CC(C)CC(C)(C)C2)cc1,,0.37154633,,0.982602482,17.75581966
2144112404,Cc1ccc(Nc2ccc(C3(c4ccc(Nc5ccc(S(C)(=O)=O)cc5)cc4)c4ccccc4-c4ccccc43)cc2)cc1,,0.40928842,,,
2144122430,CCC(OOC)c1ccc(C(C)(C)C)cc1,,0.37482971,,,
2144407419,CNC1=C2C=Cc3ccc(NC)c4c3[C@@H]2C(=CC1)C=C4,,0.33652131,,,
2144585137,CC=CCCCCCCCCCC(Cl)CCCCCCCCCC,,0.40465306,,,
2144833176,CNc1cccc(-c2cc(NC)ccc2-c2ccccc2)c1,,0.35055049,,,
2144885299,COc1ccc(Oc2ccc(C(=O)c3ccc(C(=O)c4ccc(C)cc4)c4ccccc34)cc2)cc1,,0.37892993,,,
2145754904,Cc1ccc(OCCOCCOc2cccc(N3C(=O)c4ccc(Oc5ccc6c(c5)C(=O)N(C)C6=O)cc4C3=O)c2)cc1,,0.34463858,,,
2145995824,Cc1ccc(C)c(N2C(=O)c3ccc(S(=O)(=O)c4ccc5c(c4)C(=O)N(C)C5=O)cc3C2=O)c1,,0.38486808,,,
2146083613,CCC(C)(C)COC(=O)CCCCC(=O)OC,,0.34752544,,,
2146213237,CCCOC(=O)c1ccc(C(C#N)=C(c2ccc(OC)cc2)N2CCC(C)CC2)cc1,,0.38560753,,,
2146592435,COc1cc(CCCCCCCC)cc(OC(=O)c2cccc(C(C)=O)c2)c1,,0.36749796,,,
2146810552,CC(=O)OCCN(CCOC(=O)c1ccc2c(c1)C(=O)N(c1cccc(N3C(=O)c4ccc(C)cc4C3=O)c1)C2=O)c1ccc(N=Nc2ccc([N+](=O)[O-])cc2)cc1,,0.35327976,,,
2147191531,Cc1cc(C(=O)NCCCCCCCC)cc(N2C(=O)c3ccc(-c4ccc5c(c4)C(=O)N(C)C5=O)cc3C2=O)c1,,0.36941098,,,
2147435020,CC=C(C)c1ccccc1C,261.6623551,,,,
2147438299,Cc1ccc(OCCCCCCCCCCCOC(=O)CCCCC(=O)OCCCCCCCCCCCOc2ccc(-c3nnc(C)s3)cc2)cc1,,0.37404941,,,
